BS_B,BS_G,BS_R,AE_BG,AE_BR,AE_GR,BBS_B,BBS_G,BBS_R,BSF_B,BSF_G,BSF_R,SSA_B,SSA_G,SSA_R,BA_B,BA_G,BA_R
29.446883029822825,1.3222215993980018,-10.0042863921408,-26.567239570955365,1.0258544958731706,-11.159165631786669,277.6617354444165,-7.69477499686406,21.28042858998294,-106.7494756834598,-39.588497241877725,7.1823661181577085,-7.487776406019987,3.2778894140412733,6.442025972696203,56.34031858268262,48.113639968579974,42.63605933404355
9.849993874729222,2.4137007482822916,-7.123933692888217,130.3268904359038,-5.889169040530339,-2.9058669212383292,313.18153889673323,25.341573390926488,9.694387441715183,72.45133550789792,37.19501123691265,9.23249011801481,9.220171454466904,-9.061993125610256,-31.34145636381376,145.09865466405955,49.79254254788796,-31.836513221890186
36.773289588194565,3.0678408237774795,-18.366163562639237,-193.18714401282944,-31.251092209927684,-54.93178588640638,278.3270602017402,24.20688171356371,4.1467275099784855,8.399330489674815,-19.09778244323957,3.4131013920767312,4.338583196013652,3.9707473144969656,16.763329070493324,140.69068590416785,43.243380149884594,-24.38839233401515
3.8013832613146987,-3.4636958523110146,5.627526711924361,31.44105876692831,-21.2361108870913,-10.635405106852259,154.9203983057204,16.14381845437313,8.52587470631936,0.0,-30.76085410129318,-0.06333939702126976,-16.819973538666893,-16.450442094812903,-9.770658524668832,69.43176196202491,24.935034217237966,-22.823869760858486
44.93175567436472,-2.901399010473929,5.336964334854185,-183.20019828613988,-23.501371500144014,-41.55780652717878,242.1069073644236,33.946847736326866,8.138841409428526,4.904130983678159,-11.256072795280476,3.993052916003426,37.29498516387566,1.0804688133114195,7.979585878458596,122.676980356419,55.9025792519693,34.71557557369135
11.063173703632131,4.322897607778454,15.763770157108956,54.71912620905344,1.8432296286541148,17.472856174761034,0.5142159537540263,-0.6446808865158267,0.0,-14.614121073054323,17.766235087588292,4.355062267058274,-56.69051868752246,27.358402560884894,3.696559688801716,-41.8475518059796,-13.573565155767724,-2.35263834191138
10.13607084555618,0.0,6.824911401651334,19.50889360687615,16.093648675540408,32.7120203559553,60.28439425392574,2.74065526590329,2.7632051178029924,45.30827801854308,18.48141205408053,1.3479596097574547,0.0,-14.8414620540756,-26.929063986994812,17.987627764475892,-11.986527653964519,-26.839665976082586
10.10147885111033,3.4968336508860585,4.090765349330273,136.87331825940637,20.902570467437346,-6.512710574384693,43.66721540669164,2.077638720585561,0.0,70.4868748889684,59.74294919146953,0.0,16.85226544221692,-7.026541265526369,-24.811384087299718,45.597736786110445,-18.806349094007853,-18.396747685011917
5.650899210411965,3.8526366707138022,11.477359556471018,85.49505564040757,15.267921215310398,13.373211932568022,15.150297513505652,4.9047447071365005,8.753380454949335,-60.59521803488432,-47.37993237118508,8.24550830789709,23.7785884545235,-19.49204297120873,-1.0732158967920558,71.15893516868518,30.155217596853742,12.098325985184772
-2.9095683745444982,9.813049609136064,-1.7479184079553183,-10.912562717321588,-7.579519612726868,-15.024954742568232,25.66964297750712,0.0,5.129759603831201,-52.87655714089248,-46.71911466391242,23.21206372297633,-16.521692884050836,25.992755241078786,22.10508387964054,-70.90869667631485,1.2545131358910948,-34.00121508717281
0.0,-13.425721151409043,-10.6930108656549,-107.37497799632418,-26.985822224270812,-43.990525491314884,160.03663709308395,17.590361154254502,0.9212019538914101,-2.704189043086475,1.9790716173754235,0.0,-62.15625825470526,22.584335985429334,-3.060455227760632,-47.503012950500924,24.307670672228976,-30.777919239242507
-4.731286958514278,0.0,-7.379709119189029,2.198571639785745,-8.330455250690179,-11.432087490195256,-206.58387295811468,-25.54290492783326,-5.013611965618844,73.10685334133944,34.8803274422038,7.34662644055034,-14.668610966034885,7.373843830935854,8.646235152773112,-93.95980147295238,-29.767173647769848,-25.810598617033747
5.7118907662035765,6.674996045143856,0.4763807236655616,-4.000042025345841,4.383268514344231,19.817124974454646,-86.29867927302153,-31.836713083993338,-3.9904050761842047,-30.781756883328207,-44.0493483472697,-11.63877072616827,17.136180851186882,-15.90107772261017,3.744053047370265,70.49869614877066,10.878320096798875,-13.030485714685227
0.0,-7.1596630979715,0.0,160.64491936315864,19.690280958093968,14.71987695652077,73.87803177460869,27.06424853591291,-3.9299779607144862,-82.39841835479021,-1.785937860979881,-30.05749038896686,-31.954507427534747,-15.30599488360008,-16.993070614729344,30.7037428941807,12.297365379013316,-28.245653123286502
9.505487329574667,-1.0743244184413547,3.100825178223154,134.5522248868325,17.190713453964392,4.713142899175246,56.33231127274562,21.409380588046716,3.8426015844471575,1.4583066219861516,29.53524616905586,6.00013680710482,18.070592417082914,-10.148550020653566,-26.329963670346032,66.30485811319926,14.573792903364778,13.67846580895963
4.565584659973457,-8.693315904321391,2.077793937556802,164.32444623473543,28.18007820387902,-4.119406086373489,25.931445597465427,-5.93460288941866,2.8250238860973593,53.74294015929581,60.88374303887017,7.570098952437576,-46.37230956442376,0.0,-19.53034106381275,-80.1005093318222,-32.12248341582445,22.84411501198531
-8.601512510019138,5.448027151712208,-0.03667545322133875,19.597116611624685,-1.5025390288640676,0.0,-136.8007688561714,-19.084062471572807,10.49162499730971,28.35048308930087,39.56687083921367,-3.666171150825288,55.7092683603902,-19.505573084077525,-32.78623798235302,102.3533354448116,19.406648257764225,4.943511725054165
26.921614098674297,-3.4427276880226185,0.0,-27.744608605335163,-4.789372724141115,-15.084523086558328,288.71222700721773,-4.08846493786955,6.964842338299713,-112.58464780908899,-12.178058602777858,6.014230360431238,2.0924025349620674,16.482905385519896,-5.917170758700182,62.557283400637886,31.986878935436856,24.36327563253812
-50.810039825070845,11.728211650272662,0.0,-59.82090417442161,15.750768227317277,25.85229372093314,-240.67272431024645,-17.61219880004983,-4.454962794335767,-59.89505089057428,-5.848407961255155,7.0430115080858755,29.3678391533104,-4.328444343409932,-8.682826884104957,-108.41910101826612,-14.353502529507864,26.16627385264229
0.0,-6.197085048969336,-1.9567018866647035,-137.49384274175918,-35.40137706887538,-73.77351094190662,16.14802393321487,7.634479009359344,2.2489406492193376,-95.27893559661389,-21.574746852855657,-4.9619639981249595,-5.376791824733716,0.0,0.0,59.09555598845991,18.411184171808305,-19.116734371261316
11.412721711995482,-17.23829802464074,-4.188255179068153,-277.24450937889355,-29.54231643927458,1.9707068248575472,230.125731588315,11.817301831645821,0.8330030234678477,83.81564626682015,21.16604287024641,2.134420792861289,-3.52521767343526,-11.64950821646168,-2.769703068596847,47.863878260806345,-9.255346488322136,-23.941206799416307
-4.614002000420864,-3.913389800274069,4.047855306317029,144.30926612228242,18.716413957913446,12.40285677503957,170.30314795125489,12.415667986185658,-5.402155756024377,33.13681021844551,23.412695259249997,-11.902421284550877,1.0495068154784462,-5.900066536364932,-25.498119299402248,78.5984423208272,13.91444252698566,-43.858486920387804
7.754901655703591,0.0,-4.97661792419904,-101.70189703140866,-15.530045426330886,-17.359335226955785,66.05293521962014,0.0,0.874798567864079,114.55189102940587,10.697302342079732,-4.615657271731137,24.83274806348668,-7.965663620307256,-15.67610047391869,48.492678763359756,39.69053052870186,53.429468945958604
-46.34302329763458,-6.140686551554945,-26.870230491725,36.75560982804971,-8.04578609943437,0.11328092315631152,-329.2942433573918,-16.58873606206182,-9.11117234083176,87.05476712883707,35.074208754185015,-0.818450737953479,16.545270423316232,-9.569802702174517,-5.527776474882094,-185.080910963381,-43.70243457144756,4.53586359504817
7.698545735587153,-3.9074474298836126,-4.61175049632617,-7.978836361014884,-11.548030033710818,-11.450398894701411,203.8327612940806,-29.426790356878332,4.634677624173367,-142.23517219794894,-30.445706740941816,5.9617192311754055,-26.632427745458855,-6.320860518823793,-2.5390802439072098,39.80328002155348,24.554553403610633,10.043330056471888
0.0,-10.000965339417155,0.0,117.26550808765252,17.202392635395825,17.957452660494322,-25.901690849731935,-18.215174601672054,2.8388617452554032,-50.955688148587825,-14.796774467604065,11.925256284855777,-67.49590760262413,13.65901055265891,2.1548228470573805,-63.716980063344,-39.07887239734216,-11.716647669111609
16.651321905638337,1.506783216293371,4.700831533840934,94.48005734058354,-8.258509864128365,-26.512807115768016,421.07851447251187,43.11046772063372,12.08391157889316,56.191404599610095,49.95986577727496,3.2264890460246956,1.4655972127004222,3.403039341191657,5.801773723291251,136.8993833883273,89.74605386320358,-32.81762448335792
13.944540886928886,5.417258129471431,-13.762958888041915,-64.93711642992633,-16.108068211931876,-20.882190581540755,284.2690352357229,33.4819038909397,12.381593593068878,-108.83801520112803,-38.3689696905855,-6.804152097620724,-40.21892394132923,22.387528204028175,2.985836875776011,61.41744802154247,13.77681300170235,-14.569559907725704
11.514367781433224,14.147949086901647,3.2435110800523153,32.29464124682253,6.710963208118819,15.762355163601347,-72.87656591968425,-15.499259939505125,-15.741606662994284,-28.297106866529884,-2.8358046538954698,-13.36815702953108,1.6561527057047738,14.130432804726405,8.84887279624435,-26.280847365118376,-11.095786185982998,-5.1722506901463845
8.492898900156414,-0.34800820275306094,5.66238927133787,-23.602095783244035,-12.86256236356818,-8.858723770748924,-16.86813559979453,4.244696036966304,0.0,26.257734653480384,21.755314975661065,1.9704126070826613,23.185552729271187,-8.831410840737329,-3.915069357639157,56.57923115406785,-14.885129300936208,-10.616109648920123
-27.046830573307126,7.048544422027983,2.2536381633934215,-133.87075861511295,-18.557438808114163,-8.32770005835764,-205.57163525345374,-21.42632159677525,-4.128946243474963,13.888536231631496,34.57382866281024,-1.1092673988145068,-19.94238681990545,18.078496029700965,16.412961329473074,-124.88855292981282,-38.575407221314926,-0.6921792414796641
8.737690291098879,5.059886324602373,7.2190665712717115,-64.70062457085582,4.042111936888232,2.9203488097140036,-80.72933597976447,-25.83263907156118,-1.1630099586049065,-76.2598715742344,-148.63545602866216,-14.50380907510259,-18.130144110135824,17.109154148747496,-7.674573896315722,-70.93335746158284,-46.17162876745274,-53.950985404721905
10.503853076998086,20.93804759571981,10.677918521379036,-101.11775372320015,-28.033068827379967,4.014175782766268,-118.9175226236406,-3.8808296331158885,0.7530837862456616,55.18096614599915,2.430676357153446,-6.337720513944894,15.920728128637375,-10.149029771275599,29.51140142946235,67.55807652826036,30.459658727314878,14.070854894371262
-20.01602597880988,-28.175535733179277,-41.70290890806459,120.0703959593777,-14.632652262892746,15.900318899989369,-409.3819509362993,-34.44151861470598,-29.72420582695915,86.64072617307959,37.236652046668766,-2.5836939090983813,-11.403639265943932,-11.52809597235909,13.167374103582853,-197.31306954147306,-115.6531947315102,-64.97741346998828
16.271003182164318,-6.918976267286553,-1.529271570085166,-84.88370696038854,-0.11446822954970304,-1.1938071136341277,5.820929248064723,-0.5665394690939642,7.129072952789913,-213.82910745209833,-51.881858334146976,-20.97890499181054,-6.376083713629832,-2.603914004931882,-4.195375648454005,46.295230217809426,-10.707136095092007,-21.866602518494858
0.0,-16.499335467164254,-4.305939852663683,34.013876447853235,-2.905207310506817,5.692368282620595,-379.4362803381503,-23.416195065271662,-5.566811566418077,85.74728286659666,39.470280095906325,-9.417823641358112,8.698982763383587,45.3104206089869,22.577610853450345,-172.16871379874678,-87.28460780635733,-56.2132693381032
-6.205343874415524,-7.907549631177767,2.7869799926886314,81.2351449649533,17.414518064011567,12.405256152671775,-31.594825309045316,-13.526639084454992,0.0,-37.16280248410985,-80.73762141885993,6.3295687943958985,-65.93291475452789,4.285906211102131,2.6292779401511073,-41.43180772838767,-49.14754940928438,0.0
6.33652002120505,-5.776826775918227,-5.961416202237576,-134.6447822577341,-21.43896754074953,-33.84831043397771,105.11053283043152,8.21754591622197,6.865046562055262,97.83588280494206,20.443737486752116,-7.14649786669518,14.745716552944826,-3.7538700047255364,5.852792152422627,83.82844034608054,37.61335176675903,70.62368677798864
20.024113612975498,9.519548782630462,11.516659211166914,110.9199284458353,-6.367467560906888,-4.49462863390416,401.33711527277364,77.9119374448782,12.092260122176997,7.612914777253312,4.689251987624348,9.6438506366631,-16.182510817851362,25.23543200333551,20.19839096025777,47.82762949226338,81.50792667987211,59.45587644112834
-2.117558014920379,2.002626371376189,-2.6732568077549193,193.0856591056204,16.674353051084942,-2.252668108660196,-28.58379361042749,-7.488461823833869,7.997797145547691,107.35419109966818,93.76435632253975,-1.0161131771485172,51.3127629638892,-21.09783261152087,6.89180241061054,-19.936978305819046,21.814175133076674,15.819516424704148
29.462964275857253,8.364489581512917,14.915248239963317,99.97406944755811,29.571972241462184,10.348683744352277,215.60922433092264,41.478435121859455,16.179150901256737,-4.572811862934241,38.50706063238652,15.62915573786948,0.0,-2.921065149994054,16.00193810038329,-37.69667129337174,-9.317984605188256,-25.935574814705546
-2.5414106768892446,4.878078149397303,0.0,55.955885025043216,-6.447009571821573,-10.449299296616102,70.48187942465972,16.849524352052505,-6.5880418840126795,41.662355927660954,14.175104776182364,-10.107345115471722,22.41500731524754,-16.323958865923544,-15.68645663280735,79.09451870013706,29.395993056726315,17.66957774655026
7.439353695568371,-7.025385067606743,2.2667894403100246,73.32179364796156,-0.8782135491036079,4.009304343534899,-16.733565462421065,-14.150131435380855,-1.7733185918346508,-41.10263183083116,-64.44727532004262,-5.184055551090197,33.16612739352087,-25.968602362687644,-5.056503465839318,83.36498445054741,32.25187636238925,10.783726524469373
-35.393332494730984,8.604892080977,1.3003889702083498,-64.5398825656,-3.2015029661831593,10.068870537921041,-296.7119054338447,-23.297614565792415,2.963834065277869,66.16388825793618,50.47946409583171,0.0,-6.686055313493798,40.45286923346783,-1.3106687303902618,-102.58305556144484,-47.62525208977014,-100.11302663059928
-4.024482561607925,8.806114898445049,-2.9041804039250145,158.9912761603647,13.51679625696448,-29.20917344334855,-140.11570572685355,-31.190671158631627,-6.7596117239738795,51.593007066267305,61.65494494366886,-6.872415099822908,-15.16684818350356,0.4724826230593271,-10.737095652382479,-118.82393063260409,-71.65239533344479,-6.367395245400928
-2.644523001985467,-0.5292984577803946,-15.126095679031012,0.9504975399356664,-2.1656005394005318,28.155888132189546,172.88656591960006,14.595379529848149,0.0,-88.22529294859301,-83.31280385367313,5.895040450742282,-33.093863188164285,17.791002574540286,13.453112899864546,-28.85726085850635,-49.06341070578292,5.00094922639817
10.290416195305458,-5.5699196408478935,2.8693906372725975,34.49635658261844,7.326828287252362,19.61582406663701,-53.92629846314696,-21.665517758437648,-0.7803207644774933,-81.46479527731894,-51.587726716676784,3.58943372927113,-10.920925771462025,-4.374233705803628,-3.4793842035123976,2.538119212992276,9.094886355627375,-9.052490568450821
-3.320696827430478,-16.722900605554155,6.391558073597017,-90.3587936375421,-4.662915510687524,21.4357606805814,200.20494238264644,24.08265635946942,19.034772404232406,-236.70313500094426,-71.4629342845091,-5.83848229462359,-66.18397993723252,-4.590512820623237,-0.6601811976306586,22.729473285891913,6.781916674532041,6.1786836874302935
-17.305057104357076,14.63284914441324,3.9688903408656353,102.33679050782285,11.467439758650368,-7.288061651978974,-186.0177572798054,-19.79859734620958,1.9303387646006323,51.53880644278515,67.52384847039987,-6.669220086895195,-38.77330832034365,0.20207725642698132,-0.9696697736276131,-177.6265953375762,-52.5995174375832,4.318889282394309
2.270824203361693,-6.358850792237873,3.5622060311196138,9.941961101390072,-5.540479299721282,0.0,-130.6381271168705,-53.054329257120806,-12.939533346890727,-105.24163770787236,-80.44474580100959,-13.120759122921445,-50.498044098747854,20.804700772348006,8.95438254029027,-78.78795162094059,-16.81114539120988,-25.543600476858273
9.756932879928499,6.624435551007362,3.7644260840882486,-12.925505325282082,-9.249417626919065,7.180347173116524,-178.90847753058034,-4.4332481085508695,-4.858612333091298,98.60253848467059,40.89754825210727,5.667863826316935,50.80711124568392,-3.8599649002505876,7.537121803365801,-45.18381838337574,-27.384324816924245,8.873762933240187
10.205893769538367,-7.490565201455506,-9.79848964689948,-120.93806698314225,-19.435271466126537,-58.46590555535699,215.31433926269074,38.529343818534585,-13.90825705680032,-285.83570654844107,-68.04873306758911,-9.00819037181591,-6.532818529399786,30.789634504887616,-6.4863901547362515,29.432404123177854,7.06783823872756,-18.74152752176815
14.862212100411606,11.857229594806945,8.560635436701123,96.70297156910067,0.0,1.8354254850132876,118.46288664607317,18.761901245720715,5.234306366302705,61.56096159224142,37.022709211791316,9.043075077096058,36.16193958722861,-7.694907591249694,2.9541685489750473,73.03458904759616,-12.28819655312631,-0.046787162450584674
-20.679029094321827,-2.888252820946931,11.348077315877601,-103.54254117117452,-7.851623985819644,25.681724390549977,-124.85983268790787,-16.417517726908557,-4.098130195997752,35.95581891870838,46.16643621796522,0.9586474784776435,-21.661350860239086,-4.453826902665647,8.326617123065752,-65.16421087504627,9.297281005838105,-10.939820333172463
-19.015952323296883,3.1326998678478803,6.987130911841291,59.233993963986634,-4.496883717053929,4.7672089681435255,-87.93131577486102,-28.89778022279673,19.580320939138183,87.09064952269097,42.60987325132458,2.6297190391965213,24.231166579244135,-18.27236507202385,8.818260499063324,-12.759517581389277,23.48743745724122,19.27867043892263
-8.01293506800692,0.0,11.620423220251272,65.09135086427328,6.756477916258467,-8.569889104007707,40.01772858015476,-10.448562444523963,-4.470984059974446,0.3675619691265723,24.261515391401456,6.189930832294772,-59.61576350097449,-21.149768288803905,-2.1516083725403297,-106.19459540551945,-80.16183241503786,15.457297240575826
6.868568066792992,6.265887379396833,-3.425896943578171,82.05726298350797,0.0,-3.370755530055145,9.163739251070275,-12.984878938686538,2.4972904796812347,-100.89857125840585,-147.80672572904825,-6.924882112519768,-39.757065358572405,-20.00288764490437,6.754513302690117,-98.4425690336647,-64.72588328260188,-55.826957674350524
0.0,-23.592887682949872,-13.009701760649284,34.88120288873859,16.146963313485248,30.332158789575765,196.26645228880338,15.246254241951831,16.22239557964145,-108.43680398689823,-146.59588993498218,4.318134122741546,-35.520828268531254,-16.39381906799381,3.4228356217301696,-20.160487770332438,-70.40569151100415,-15.331672452551217
-9.703257130933665,2.203197498007715,0.008326900581367102,65.72596864794836,16.788934153218793,7.793369555035548,-195.00927490737183,-37.10601055565259,9.589817390213316,39.521841903313145,19.179758469077814,7.887242413710625,36.23879728328353,-49.60360736971652,-33.95157677900175,69.82171563605151,0.0,-30.326994105165525
4.941633894967976,0.0,-0.5623567957355643,106.86791576485649,16.942785207501124,8.445796874744461,-63.119741686404375,-18.785449193365842,-3.0423342493315095,65.71857093681587,34.91991842459458,5.661648152040845,35.08350211635525,-29.774416312666926,-30.16413563204838,74.23624327031601,13.680453351035503,-19.21090725019684
12.508352129823045,-14.97503886563962,11.748962646582383,43.85308281427545,13.732078040786584,28.422295903180242,247.7783015956757,-17.425573734584017,13.710100906232515,-144.16374670479263,16.496887459463593,0.0,27.14358781820233,9.519364070654646,-3.7051234206576087,28.891719500492695,69.88237943587522,61.02684067298367
-11.684973260106043,26.681341066317923,-4.522027614862332,-149.55935770171598,-10.807492529446707,31.44837449683965,-240.02985582292922,1.164752993217381,-6.54810534085887,83.05071636416982,40.88926091154029,1.660553847763675,22.71017943465046,-8.769995533610016,0.0,-39.27664463042452,-42.37762266613414,-25.772292991076313
5.863652401027042,-1.545113894373544,6.650133838403702,-87.0255767002884,-8.541716306715069,-14.809491933063722,10.738288248319952,-7.06258915469866,5.911655664035337,122.70502888471103,-0.133342064376967,1.9880268649181527,25.47090241839096,-5.442566823190798,-2.8172379904908964,29.985310507818134,9.207684898744645,7.895371969447439
9.477140188432475,7.142605377904532,17.764768481091778,-50.73430670546517,-4.038821553569679,7.567348973964504,230.87002838701218,30.141590659724102,6.256277088752918,128.08825312233134,80.28073710959818,16.40508982517178,20.108308545397293,15.132368105270329,4.212557316800562,95.8350418210245,87.542741581483,66.78937113051825
-24.491938849131103,23.025815633073698,5.347841663670659,59.96337925861534,-0.9399169221610604,0.721048677775652,-215.98140439468114,-30.44397726276697,-15.289623476953418,3.4291991899599585,-33.472800526301036,2.613869298180728,20.29854151948094,-21.21277665762561,-24.545569334687038,-121.55763925074905,-38.59265318268275,20.33023675788013
0.8434732185769787,9.531543920205628,-2.526809246524714,-38.32433139795353,-7.053661974435182,1.5913059238978025,-113.62837779790976,-24.584567975967172,1.689801481160579,43.34433438285387,8.459647175522854,1.9039614625417263,27.205968038947734,-15.913708513737607,4.810946203625975,71.6324098563187,-1.328835128052371,-19.225121074628852
-15.201011072489935,3.093749238370811,0.0,95.35679046034284,12.896973581443714,7.569489808957964,-285.0074290222162,-36.75744924700783,0.0,-72.91492419205473,-25.248261738558533,11.626792269412684,-33.22942392718602,19.07756175486969,0.7489979795758639,-171.08481010567564,-83.13530652150484,-45.06979547330434
5.790144385815579,-7.724260516372296,0.0,-158.64472893830808,-30.984920135518557,-46.46494494278318,2.4422117096004796,5.579369747662006,1.6644337257106199,-72.18869296607247,-25.00721456160364,-10.450176714017685,17.249196958807975,0.0,-7.317672612283602,52.459669471162016,12.711049873014854,-19.9801567710241
-12.108496616328095,7.033214246351896,5.0870601473770565,-26.181275256292313,-3.8885018032929,1.3093975382669638,-181.5246364638784,-34.451996709580044,-4.944694692768902,16.667321746014693,-13.64682100162628,4.015792114997953,32.77237409756094,-13.63564804680682,0.6316871904865505,59.700270560783636,-11.088706145145421,-33.92151300194422
-3.171652284582644,-4.262821236101524,6.932948488580296,-25.469468999675037,-11.01490859774443,-7.97264288116944,-61.15764731079842,-17.598486117372182,-9.613703866634888,-99.54215323702421,-121.61595120829453,-10.019035012960591,-14.060293953057469,4.326041575688429,-2.52886641939907,-46.26012213026443,-5.706084318386831,-49.48738567189764
4.941342147780522,1.569666682818162,-14.467678864026984,-54.681105366679674,-2.3658874424320624,0.0,266.0528022769039,31.828407175683022,10.779718779151805,98.70197132880955,37.49986643315432,13.206642347345978,-5.845914191583198,7.0088745745563585,-7.8561894396612795,79.57744221105006,59.28192416841055,25.602041405942487
-8.87479419632022,-3.9976339389925553,4.330880635817265,-105.45944321046355,-11.654549782044628,0.0,-140.29554563809313,-25.785461933192735,-9.098945203561168,-42.03901881392399,-67.51076943203563,-27.30698273615542,-14.550816041008014,2.781619058679211,-12.99795281529894,-103.53957837891784,-45.04683671913944,-22.930763932140962
2.667692017868681,0.0,-1.7676373791826507,-79.6451839925389,4.6776019557914665,0.0,15.696654228195714,-12.220191671094188,-2.3795725703484054,-75.87102509092166,-179.53060666335926,-24.213418697772795,-27.28882210073675,6.035857144172451,22.01297911317727,-38.007350621939125,-8.40530651220746,0.0
2.0844388773691556,3.063371669684206,-11.260704065357274,-46.363484765582456,-19.699838445004882,-42.002421705474184,43.11865464778632,4.331042378933612,0.2245508683544148,-1.3169363165476098,-69.09346995909036,-3.9831982652004876,-39.78836296555449,6.536475538468786,7.971663677868805,-31.864627331958808,-60.779655632528176,9.057837578739395
14.749075497483547,2.4985269733448963,7.432004587929075,133.39035606498993,5.481508174504986,-7.720455896626803,-78.11050599864431,-10.032668567349898,7.748986676711173,101.54162683494387,54.95990964302755,-10.23728777117441,37.95894455977154,-23.747246885027035,-24.045706121642638,45.92131742769579,37.333694784561615,-40.533405907526515
9.789513511161166,-8.274326199510673,3.6192868988320317,95.68930953289271,27.39918609021233,19.045169657649062,-13.160978155837022,-14.37700687217327,4.665762981578972,-62.296476910520965,-29.934355315180973,7.721213820658239,-23.212722957793776,10.161131737633045,8.220552378673181,-23.585656888744538,-43.385112990240906,9.028469937217224
8.666228298454593,8.963087870895016,6.80907242384321,21.121124554686862,0.0,2.3053156153215695,-109.01725509847611,-33.84973975644475,-9.914454505650406,1.8237902375316961,-68.7059173477334,-5.269851424347227,-42.37417368035184,8.18217485076734,12.410992757467838,-89.38076494074748,-23.546998991504818,-6.335035811928265
18.893035732098493,-4.261186648404999,-12.07033740448673,-47.0044733935044,0.3873154825527645,-16.14684552195533,85.83282877086737,5.9784843902461,13.899726194744801,-129.884554503723,-43.93267747801337,-14.932622268794827,-16.43086118451664,8.650292640908772,9.972423279081038,40.961858185021754,12.675015321335271,-6.673261674869295
-8.289501612736258,-1.4089986542729216,-1.457323820557016,53.29713208531967,-9.962480722956697,20.91968004801171,80.04432202070232,-9.211915591453474,3.216444713295225,201.42409165200388,58.81716669642413,5.183340867655032,36.39330713203932,-10.614057823509485,-10.497182370707623,66.59791843777236,24.732598918668867,-38.49344645438009
20.115792658741896,-16.19955786887676,5.63841427517807,-35.739888738682595,-8.541396550224583,-14.08006728474559,178.6188201239429,29.64647866480842,8.55205284509761,-183.07221676644164,-65.74281016504717,6.957462121225459,-34.27908098289728,22.61689452000509,2.3321235070186606,27.344877660451356,17.701622637416758,-16.38755132063092
19.67503182155384,0.0,0.0,67.58150629604764,25.241731792840916,37.58719655597429,111.63575368645408,22.420359320412647,14.1310495116658,-28.607609936940587,-24.727104411379088,6.441044381336171,-18.0513676092428,0.0,-7.331774038477422,58.36923714195549,38.262277833247154,22.72141345186418
31.55138609796764,9.627364794779433,-16.272819011763488,-41.94744474354346,-7.92800842994648,-15.337419283530352,330.4190994743102,31.58229804978851,-2.292619020978891,15.224301076176655,3.2175032158010395,-2.0389384517967013,-8.766687606271187,-3.9751850984296278,4.760130447174114,107.12354853451112,33.80414004274432,-42.95653499096744
27.67149632756386,-3.4003134677756495,15.13935914056742,97.91944483465268,-8.42922114297358,-10.040516829869626,148.08765861851538,38.99340640076797,8.13632933012229,279.7336621448433,199.97275402995487,-1.5780462893265188,64.0403148296301,-6.549184951663775,-12.959938627792042,2.255277087787306,50.12172616914321,15.413741439613204
2.7724247083925437,-0.668685360629047,4.807476041121297,-11.486558530285977,-9.225036558898793,27.98442416462664,22.08601241644114,-2.2196319563388305,6.980754173927581,119.58562913842273,38.69760882562077,8.694779429364457,20.748288722610102,-8.557029090173845,-8.725309561770999,51.95914617356533,6.592096870664159,-4.878135875066505
11.672228433936258,-0.33994765328670457,-13.854039617629125,80.56657843121549,8.816902261168899,17.119677623927195,103.5678257643095,20.31688003212625,12.638697034869413,-167.4074262895853,-42.52575542838818,3.0161297046514255,-21.451369746745865,5.119631832410424,5.669276822871698,58.48686945669817,33.10942943481771,32.9831331198386
-12.138421280076185,0.0,0.0,57.71994306668737,6.078188498079133,-5.303482619249101,-108.38691339669778,-24.697893866342024,-5.0006514588160815,45.58779552324262,61.851961679776764,-11.184461307112848,-39.12694834658764,-0.3415981054090754,-6.1655400668914,-111.09624765125135,-25.167029631041608,-22.10331477475819
8.580848722421306,-11.51935323558422,-4.901147790212644,-54.618222714065034,-6.751946104568212,-43.101131269176236,34.22887008711174,6.9047189704784095,10.205858012667338,-46.85956680171972,1.497587729334537,1.5071248924307101,-17.422849043097024,-1.193232875671019,19.6914327307021,26.33944640559478,-13.73147342093773,-15.448317658025317
-4.169111808751166,11.728455637191525,9.774996119594913,-71.37261158428345,-12.21849548036634,0.007023390986795637,-199.45516197977685,-14.25041781625469,-4.101094225791172,33.58780736010903,-10.834810072947219,2.947719165863233,-13.795084001631503,33.66150491977697,19.975770620545205,-148.71041625355437,-57.90613447805774,-63.211662785423414
-9.055519675902033,-6.4835839906751405,-1.492413976456281,4.839596589667912,-9.397358927775175,-14.359210664371984,314.1030204049167,32.02109558891638,13.43146238540529,-26.2993109355675,-25.057826596282247,9.11769267514274,-60.570774392694865,8.21444620585357,17.645904172285928,52.95136023537146,40.922520600746054,-17.26596610149818
12.775709244644872,0.0,4.86884278161443,81.32912762893581,12.769653477477942,12.551821062971635,35.26801228715339,16.255932254039237,0.0,-11.608838993073759,31.81867161311252,-11.006392025042203,-35.315193833368596,-12.944402002865719,-18.3544360108286,-15.02767246978086,-8.610671526622724,-45.71819323621736
10.719308958580658,-1.8606072781718328,-3.395104405966245,-38.01028070487723,-11.361276942750843,-48.345399519742976,175.46529900862694,25.93774843311988,0.9227768117646729,-60.59145712674775,-19.453001216655803,5.557721407267558,-40.9417676560633,17.351121010654026,23.06623748406974,-13.664573567544622,20.0288909520599,-19.315620373596033
10.94978320577226,-6.879343617800075,3.309443921239272,39.75510126542198,4.797112085824705,12.375824179724015,43.11160372591807,-18.188419052256943,0.0,-147.09811407241102,-166.60722351114933,-14.841750218054498,-12.457100279392089,-6.9305952564825475,6.598045490580181,-79.80709670102976,0.0,24.94746178165451
-50.76849496973217,9.187918098848387,5.402098714298975,-275.1993916370919,-22.463961116644356,8.035409605909873,-294.07516683385956,-5.964554530187543,-3.2833815287617774,69.42612224652531,36.945399885270454,-0.14239415251416124,11.304590440709571,-8.596380764143449,-8.812147050668212,-118.30101132310739,-63.22191491192073,-52.57827914352197
-1.586325321666224,-6.399332118889035,-0.23949911210036612,54.03263000363381,18.479632144795772,37.17177820405451,93.43348034325099,22.15004341851597,0.7620698155064318,-86.7987906179562,-56.25450849366185,2.7359756103303665,-58.93429718860177,9.425897869951283,2.702900027605999,-13.975547147677938,9.28622009790614,-10.96211293735768
-2.1328094661571577,-5.953927602367775,0.0,186.73620434626142,16.247621807985393,13.044468684233733,-64.32530756179337,-15.517667193263087,1.9510826187568047,29.848783086970126,60.87366086924345,17.088060722396293,-10.156347399519916,3.819878298841279,-16.35815883219699,-30.019126515715893,-32.6455661284641,21.274370085366627
13.469492590923249,6.732269847860057,13.941317506513228,97.6307700452784,32.84388135292641,20.567569848724737,-8.823904959942139,-2.6685936975026054,8.988012895607966,65.59312706495074,98.47459016343782,-17.65815640260806,32.8522508661083,5.7967852740021915,6.554888723171913,-14.88435352190413,-20.191042709057797,68.4198147490165
0.0,-11.21987971900882,-15.433508095625761,-49.437489617819445,0.0,-6.1134547225402365,40.57234086053084,3.7865275405401735,6.131898295290962,-140.2541629851801,-152.39594906484277,-15.56530500834419,-60.21984332419664,0.0,11.628776990920434,-28.728863597428884,-14.35303447113693,4.919913226589188
-1.6000441599109234,-7.383142044967373,-2.086149949497288,-46.95494002816962,-6.71071461440916,-4.520679609539864,193.36221292423008,12.175742025893728,15.602210843131088,128.7802328632336,50.76052579030321,8.365102285690126,12.717910019605453,-7.509388379626219,-1.632867059149176,122.59276326659709,41.617948566828254,24.729938993830842
8.389534979304663,-1.3283320255153546,4.8601533483403845,84.28569448650771,24.768252690975675,21.52003022866761,43.99547384385065,22.32878005283024,9.644319963935372,-90.13613000934691,-9.436691454897666,5.606942006519436,3.180620040867836,-11.652937443016778,-9.458255914580109,46.48576705256622,25.63554832791467,13.052659279251685
-9.29330501004644,3.193481390565211,3.5977728468915853,115.17296679300951,7.91708922072634,17.072531197892527,-168.53508554419028,-42.78598827947625,-20.90259597449962,-5.098477869764573,-19.71926064516159,-10.23502897834476,-18.597296193151745,-11.579375429212936,-7.719728900163227,-45.2806077826056,-55.560753051484916,10.402409643545695
-30.580090006104417,25.83443683144345,0.0,66.77748424447032,-22.632484809627613,4.648538276476926,-269.5013417879434,-34.794364453491845,-20.44142922342724,70.63349847601634,15.807619022991958,9.923985499990076,33.73886891167352,-14.664564398521991,-15.848143709297306,-100.32958377852364,-24.711794615863923,6.268051693376606
4.002169595343808,5.107028741879084,1.365889866504622,-24.79687817523024,-8.869303793279638,9.061625748267735,18.215342939265124,0.9753683861938686,-20.409643872641986,-88.39285123936514,-138.2321461481852,-25.786268729899916,14.093557169008765,15.546482412826794,14.897499908181622,-19.82848134594558,20.5124492063224,-27.68072058456397
9.45323507339498,-4.553539821989178,-0.14110887432729627,2.128046141420164,-7.597244180351814,-8.626455960043977,30.69172204750773,2.2979210925324556,2.3339111263986885,-50.55169432866656,-30.63951570613392,9.057146390630383,24.597397281230574,-10.62774229845397,-6.015885892879184,72.3285060021929,22.25074894324461,17.351261003595205
13.611393297753892,4.6561665312871465,14.832477050268434,-125.31117711574825,0.0,19.512742596202887,149.08799936960963,3.9407318493872756,17.631313012283368,242.9382015522927,75.50171390770899,0.0,28.08605313426425,40.786735211962984,6.787637389787848,122.09167447273893,46.45553053473647,71.43625178189211
-1.2020626440373043,-6.262735072947656,2.0125907299599546,-97.84168373031554,-15.776765958696865,9.591102986029144,-153.54836545310164,-23.641537738033016,-10.41302698268907,-88.92849720863056,-70.40614595600861,-12.418003117423046,15.684723808922335,10.101309008509782,0.0,5.3152921489585045,-36.541622750526145,-14.059585010632645
-3.6627386992535165,-7.318229295636627,-14.781096063461217,66.75488337107062,26.42451025776824,9.700403241241432,-185.01265901473843,-25.05305469776484,-7.0761700290210765,73.02802735654409,0.4067931652056774,1.7285366884679132,55.32045576975171,-12.585888092088762,-46.981174324344444,-123.36153902766232,-25.525895609985163,4.635644370105979
5.8331471115983975,5.2371721408218885,11.671002232542122,-73.21027448006764,2.3230693317170874,-0.5805620877336372,-27.5969563301603,-11.506372282588549,-1.7206894301562266,131.55599769581536,34.70322030980867,11.87576768746936,27.907194019553785,-9.602420178176743,9.922218737538794,58.78714312012628,17.838660677344354,-14.274341458056767
-24.290755170121074,17.651986765034984,0.8131236727331532,-85.89624838949658,-15.335192566355838,-1.7321217333178391,-227.36616860859434,-7.132879279802194,-68.1993027461185,49.15456987167189,31.24382799479166,-3.351797385862838,36.48505197193871,-16.246425813897098,5.524529306230019,-121.79527994850662,10.553387274454916,-4.947828106038628
6.893625636255708,-1.797771236573597,0.0,-73.54310961536206,-15.694085441304006,-40.7087332384221,-12.440842459363195,2.288306265442872,2.6591687613501063,-99.85534128960492,-39.82872842952939,-2.569554391330737,-16.692815753683202,9.312451331580624,14.752656592870583,11.884255217140858,16.618561597927815,-10.641787606125945
-16.343976444200965,5.582950883630034,1.8642086262456254,-3.789004567533499,-7.759587774593117,-5.5235752217853165,-147.35713981583734,-33.333948438238345,-2.8742107823284013,26.038438404913975,-33.60533403656842,5.071681976854635,26.23731449735286,-11.378935243997885,4.285165000021262,0.0,-43.049087096596615,-2.4843237397587927
-21.400407438414145,7.9511347316353636,7.656668291419504,-7.968235937185691,-1.0582482668934017,-1.6037069598305962,-146.13920758323087,-24.26423632255949,0.0,59.64698209626149,41.23030317615795,-2.9608380596987502,-25.3625786293049,3.0434887286753263,5.107615899591973,-122.49286028953976,-35.16074659744483,14.074243725024644
17.058008322675683,4.467108340626743,0.17803828267637295,218.80299688236687,17.43948787487184,8.406503457888942,291.61858938244654,23.85833602849733,4.860452317262581,20.265051843257357,34.295887252116295,-8.6161499294367,11.21585480552622,0.0,-21.363970923921453,113.96818499894353,72.09714121849476,-24.64803553450963
2.1338634206149583,4.644011800150836,-1.3689658442647459,89.61211113045138,8.196934522426124,7.843785610690506,108.4171196347537,36.78623539827934,14.881585363561317,-56.221242032881456,2.856674708345843,10.950690936986696,-65.8499889601365,14.889773904893023,0.0,10.437648588812777,3.481686229875071,-19.166799295654016
12.946088173038396,-5.184974599172974,-0.6820289622872038,52.924326598520096,12.18378745975923,12.75690076634865,117.20602271387942,24.680614305030286,4.841975775028204,-26.810736501217292,-2.5097138878306304,2.590815987589189,3.466465083032176,-16.280521700892546,-27.228567884145974,76.89953755354018,31.55976711173174,-24.85034469569115
10.923584941164235,-2.710232010079844,-1.786199048589144,64.63070819786866,-6.538807627911025,-18.689804954649958,294.2853988998926,13.710945342058624,21.487604915637792,56.74339112270353,28.91677442925605,23.1015090359011,-6.286792725120961,-13.218910863855726,-6.870271911357711,91.69732836507005,32.35123687278166,-51.47037083836403
32.28051345027526,-4.117796386144304,-31.22065713218148,-296.88659749512436,-43.911339151265,-68.77788371241287,223.98638997115856,20.027225027692847,3.6704042722916292,-9.954687216647963,-26.424561343438864,-1.2050286432067205,43.91988827773936,9.735442209739624,16.143928942601658,82.33415292105674,39.36458225975952,4.971498516574577
-42.99640910613075,-5.651132353600789,-10.454342723855806,12.096139912398513,-5.298306506845091,-1.7657845369633691,-283.702185526298,-9.17081029156337,-15.003579373657693,49.862444457343834,26.525854416933914,2.6962483731040905,9.652433870882426,8.638382224525458,-8.405559966972246,-193.978860355138,-52.67276618049131,9.772285495515007
-12.966657453798133,8.53187214410749,4.621856066446555,-58.88730074935075,-11.63220356053438,0.049616668091157314,-240.71078437243244,-14.803017278475135,8.28671219698038,-11.238024005441376,31.3946354033284,15.96757935336263,-10.330732017394283,2.7590535412822894,13.155803252835662,-104.95861162204942,-14.736348040386451,-27.84143992529164
27.247532034303635,-8.758876775102987,-6.149402331667417,-79.27023195546752,-7.978768473744821,-37.86457565117635,216.7785661693062,17.272413418842515,-12.50202948239957,-120.24370487037679,-34.69015475694256,-0.31188507749268646,9.941930970955324,4.0569260321680085,7.278810407252983,92.37985091044335,47.51505959100345,9.093639716732895
28.3582719774035,-7.7192130455366605,-1.3211407005434959,-23.621925445177858,6.4305985130347745,29.015185020775906,220.53167702426157,40.185403785589266,4.922974767277172,-262.3462346298643,-76.56412641343508,-3.30182698007502,3.2588068566321615,0.29425507591779304,-2.162569172372022,65.36425063679374,29.582066361977294,-2.4994064225929975
3.021360926096733,-2.5577404079442574,-10.888248678733424,-48.81941186952071,-10.82910788605108,-10.529320292546947,186.9527620081342,27.834034176048124,16.463538321416575,-22.765884042027242,-9.392364056940536,6.919876329304738,9.946428000054873,-4.314127156540697,-9.38313557349462,74.3866451462032,40.77193595498027,-11.183124255798333
2.5596874968060064,-3.994489635415731,-9.042227402122162,-32.90797937712648,-11.817359270106822,-48.54197827239225,100.02653541830632,7.073880187711411,4.764987353203526,-135.63189687006653,-122.76472288974325,-6.690696663363316,-40.07342441602879,10.982047414949678,0.5437659309079387,8.195892151669838,-38.78200454002692,3.4330859727951974
2.6864039001276057,-10.646489597353103,1.1010880894476103,2.8973177861962154,3.6648364264166102,12.46659150148073,22.149517949974328,-5.011101724737116,-2.70874942748801,-102.33576158808133,-131.93942525473383,-23.044625980329847,-7.1132388085266545,-2.569761552152923,15.519311082894266,-26.15032497596304,-5.774041040598252,-24.35341387220302
-16.34209497977671,11.073998800695323,-0.09960573455821511,-49.57925718779739,1.3212996978119311,23.00033254558061,-192.561611160825,-24.123066254852453,-6.009901314961684,-38.01328107831829,-19.297055107737584,-0.558642200335911,-25.03483287605824,6.240384108353913,6.43172128895347,-137.34759568204203,-13.456616927029888,5.037612205132518
-24.363123050637576,5.22505004678497,-1.0077216830598648,-119.33752542749185,-9.136138943042036,-4.08375220326154,-145.42768768683675,-16.311162569409486,-5.054673106729828,68.64748448762512,54.24460700499483,10.076941877625247,14.524209792352961,3.8170888154347433,5.884645209650772,-42.37365121185236,-33.743570374391545,2.559766394554572
4.588178471924323,-2.659495229528011,-10.405825326431463,90.84795286058464,9.6584492315836,-8.093750897637427,-0.5432921268887594,-11.215968243436816,10.832923544872244,117.08998336450219,51.26065668826558,10.9003337925675,20.20844884985193,-10.477724805923785,-19.587908262749668,59.62510855246815,10.991879912889631,-45.24472809734357
-24.458695539812602,18.32990674404462,-10.77673263320561,-117.20351496474743,-11.855409647873094,8.580394895058928,-205.22431641875528,-12.498675914642513,-3.660045035493477,95.04270759037456,28.62189657423926,4.805519423308733,30.248188148534208,-9.883520464250143,-5.835666812503882,32.99943518566297,-12.412822633644351,-37.72603759101085
12.512184861984288,0.0,-1.5083917116913175,18.999427206207795,-2.6909851115373566,8.365990070266696,237.20131488066033,2.739304128199114,16.615654776790315,-16.682450867884473,0.5531414054866903,10.891953596640318,-8.117451867287734,-11.239197489476965,-9.965840259377524,77.64054681080545,43.2096647280981,-46.05895846195074
6.386332087039674,-3.5331088754053623,0.057763792239832266,3.7824463145409637,0.0,-5.29740755531246,58.706987536699486,-7.264806205037731,0.0,-92.41648672535378,-154.1845913853495,-13.851617219157092,-56.54895815386399,-24.093130712921752,9.603376622996478,-78.66792656430539,-89.09227965201313,-28.260225808850976
37.21371455080936,2.1013695138183253,-3.95306079768838,-15.99545118306762,-10.691388871368337,-16.287141918906457,337.3144492368124,31.816859577301585,19.565026002833786,39.11311581830461,12.909875549566168,15.845939126700387,-18.367360245228266,-2.7077218874216387,2.9569564051116273,79.56242266506955,40.854916463108424,-25.061000591620996
17.28157999853027,13.056650681239013,15.653262641301941,53.22759804511537,30.45476065287283,38.24056205697995,43.86592391151921,6.565702003966306,12.97505987365848,49.5794550470221,46.14858198446307,9.213812322784403,-57.205647984931396,40.999187683831636,40.60106179133783,-82.46295731098868,13.311275044558556,0.0
3.9886982077619444,6.117005639538517,1.8312643917247182,136.17006212071334,20.320914422698774,2.4383603787538566,31.277389413513987,22.199534859450946,7.438953252001047,-8.270334184568826,36.39149923350622,8.345135853429916,-10.610097024216298,-16.265015124099985,-36.15838035572676,5.2676141748199745,-25.364851120190934,-31.088580264033254
9.534230275172517,9.779478859035638,9.148687836491725,242.83856273317144,29.41750017799842,-19.222719678360814,189.4698430175306,19.10261997544399,11.383210825787309,102.1015010554211,63.41987096574921,9.957812488225912,44.41407374352095,12.00871640375598,-33.938859798419216,107.25281848117129,50.34754418659489,-25.659938970119924
-5.989726325346015,-9.988024035104562,2.6248435194431496,21.577605988358176,-5.566261542595138,-0.48753261522144636,280.13197807538074,15.025133221898896,12.142135517286944,-154.03755752928208,-24.294701055611128,9.493922235505162,-73.50658024499873,3.0380707816683428,13.764615573297746,20.651629417201793,33.07458786741864,13.973010794999254
0.5561736444031785,3.8688516917555384,0.0,195.91062618981903,20.892203698280017,-3.5953311084990225,23.323852639947642,-2.3984139027205,11.07373303046906,91.83117461789877,80.20289982201889,1.3869530879812892,20.485888605220353,-2.350467312167875,19.4557515337002,49.79106946795939,31.170405831174048,-15.751752080405254
30.637702313338725,4.875331823903297,-8.259467871800215,2.8901145993245647,-6.785109140137841,-9.035177079407077,243.12361158939697,32.01931031627165,-9.34458656862699,-82.4666861923165,-27.824610590915338,10.132006229777097,10.088206768422522,-5.920739626943452,-6.00833424785105,121.48144157128887,37.24489149131742,-25.108217499053694
-2.4484393839432173,29.58808184164622,5.33712307311666,-101.60747775163274,-12.529813038875876,-3.2271532793913145,-223.6329100715396,-10.972028263305134,-8.808614339216652,-42.96452916239322,10.591680911604518,-8.034096119829044,19.23555900256059,-1.1467651139522381,0.0,-104.26768298237702,10.869820418865183,-11.483160381003415
0.0,-2.582933042262171,-0.954191714170082,132.7471680565003,-1.8403875548852036,-8.357111494645874,195.02765833435888,13.01342952862955,0.0,32.33402424207601,25.990728384816446,12.67987850266226,-3.1556675989343255,-3.6199855353554007,-25.558991102581707,67.6113127652737,24.61166152082346,-22.621445993826796
25.34016780024858,8.531086490892028,1.6073690015437165,245.45561401065376,6.606106247806459,4.30783593827496,281.46835557809686,21.582163100927342,14.9646481677341,20.058218664110264,20.556598019491464,0.0,-6.427381326857599,-10.280280800305428,-12.031820394982455,103.93775469405949,74.28675210320853,-9.522152849976806
3.9546406813171724,4.279954045981329,6.505299837199531,-61.206135861436024,-2.843696335042384,-0.821008775631311,-9.600605915632979,5.7360426434936995,-2.3565993932999336,99.6499409755003,81.15133375569242,-2.480838973078001,32.05467067848155,7.3785137333606725,3.173032532237097,-14.428755100971102,-42.72044862721766,24.97404910747599
-2.769531002793466,12.204640284428175,6.345406480632768,49.32527096871351,-1.441790083732438,3.401465413010736,-189.7557522626946,-41.927950708893086,-4.220847507485538,35.97263760499154,6.778712582024809,0.0,23.950095274383166,-27.020670848778636,-24.528568919553567,19.1562668127654,-14.720716844678632,-24.13077457295296
-21.17137359962637,13.000945167130377,9.59701431055131,-174.66216220511964,-18.805842737329005,-10.883076115387624,-185.39658835269984,-12.366082512573628,-4.56387469653036,27.79249790087054,34.41776961820303,-2.955236720587659,18.110862624944957,4.7136506992188645,5.2585226184680245,-22.59908461977514,-20.963832059183602,-9.818234759753864
-11.05556591472212,13.656662892661636,-0.9566311245506057,101.8734717909249,-3.8668324951201485,7.192970697023839,-220.89493964310864,-49.889809381663675,3.4891399908732357,17.66971763821848,20.342644957084783,7.515175839457175,47.889287493483764,-63.863981859560646,-39.22960959328665,73.82958080473308,-19.03921936918413,-20.737071136083046
14.954284833648225,-12.203424498740139,0.0,16.762017281068704,6.243996500022773,13.840174640733258,216.1738250945114,1.0764847122396501,5.099911871877756,-130.68798705453722,-140.46537360670655,0.0,-71.28599749169823,0.0,7.016703691941944,7.053650539887261,-51.46732332677737,-2.795183729013843
1.4286336547496878,-3.4876986005773345,2.8771528642019266,60.66016032958241,33.23418839654001,16.694501403660837,-22.80386443777692,-0.9324421492034383,6.77633892116877,-26.49848986667442,0.9140691929431064,10.291473918362268,30.444921343862,-25.614939332154734,-8.171933220063513,84.17268576660256,12.950635843449433,-2.357206023686274
4.650474330653246,-2.4925209843284257,5.441892805693703,-23.14989012988092,-4.6470145176335516,31.00740234198072,3.5595046280755422,15.747596360877473,2.6958318920216477,-110.27827589523834,-17.47858208849139,6.4782012184340525,16.995258446431237,-7.816431687908504,-12.773425058598498,61.50702592327672,32.18917212742175,26.043876200361964
-2.6794087923484025,-12.703887884095657,11.98639607523744,118.88643459890545,26.267758395050326,-11.282366327940458,-27.2051720300619,-8.751286078881582,0.0,-6.711937302221862,5.185096612228943,4.484541727166691,-0.7612006049076044,-15.525158257405145,-38.72267567254977,40.33702397870426,8.442369264958218,-8.96329661418389
26.26214572417437,-4.475329546622145,-8.988636099637374,-111.0597471584806,-20.582092598059585,-63.944446377930745,99.1404963345442,15.178936064469003,17.791168742477872,-73.04935080632225,-24.733103319024764,-11.782269193308888,18.021470407412426,14.043909808914535,9.936724191617337,63.11250108855306,11.242635561668212,-5.8748654022359545
6.107952117332615,-13.468103672798383,6.227691574335511,-4.465653614694987,-5.071176123229521,0.0,273.11757869942625,22.926507598975633,17.341071989319648,-177.3150929921709,-33.19525079725451,7.866211029851486,-68.16986355132853,18.29790141474832,14.585527138927677,27.621346092141028,35.80284032596234,43.00504436922165
2.5946933656048254,-11.836404344387294,-3.224050436198972,-83.66914344434716,0.044470979752080066,-21.08606963559213,78.76652700009133,14.052966341632365,20.365549475891182,-197.901056689928,-99.74072004193458,-15.477500524147825,-13.6541325502335,3.951743992394426,-0.9830065838777013,40.66331818497688,3.784919814941097,-23.643861136728276
8.067352234649052,-7.816678413920519,0.0,48.15333538752868,-5.194955691622017,11.181499469978794,244.6286914846871,-5.944621771152263,6.196966487670991,-50.353028118963366,-19.372233534403595,9.680565645056966,-15.587872398412475,4.075354487070428,5.0834749783502335,44.12382992984479,36.67087857602245,-12.307878175316887
6.831294645240936,-10.050354334153678,-3.330050457703854,6.197856230971792,10.720893869123469,30.828209137754172,30.552874184957304,-4.378125175556585,8.539041628221932,-214.92221062521816,-65.56744854488828,1.2033671100902374,-25.618329255698573,-2.453086069478936,2.158401062822492,25.775596301117606,-2.797789313899608,-19.34698360954991
18.415329060222422,9.358580135289163,2.1543009849130144,236.0957059715539,31.278550123149486,11.859443252975149,387.4412406833256,43.03222689853367,30.468834692106153,20.072424529667458,19.279729368390512,20.033942577395553,-19.05506757628194,0.0,-2.41423064663292,114.81839292952829,92.60088841448108,-13.152255911125053
19.32443252121306,20.491469130551128,10.668998438926751,28.632347623585098,0.0,-18.64527604880892,100.68535045031975,2.1913410748650044,-1.5052276305173349,83.63421380217525,88.50601158068726,2.4618047865816552,-9.302083847307573,19.40000357094989,26.6175068912819,-45.0965908861054,-36.97048169805836,-31.199705741017738
10.506923355869361,-0.8275370401775544,-27.8133953736545,-109.65876928017647,-26.746886719945838,-24.77869188469702,130.4775352092783,5.3778892191926,15.055310161254077,-108.0880483868659,-154.2082459116027,0.8751130042630663,-26.91817945888687,-9.86922886265493,-4.786296295290777,-1.501653198947274,-26.11161212534105,-2.418434612494707
19.18817181885312,0.8004673487594488,2.3081029374759545,116.78541438635642,25.71625631565863,40.04686987082025,245.12663585030356,24.96168563138015,9.490172664526908,67.91397273655313,36.01030332293438,9.729003010827464,28.488827944119706,-9.887374763827749,-21.94652121691242,165.5190008164249,51.41049535956135,-12.961789248935247
10.743782630575652,-4.707779594652987,0.0,-36.39303741322245,-13.194711344881998,-7.10583395715721,34.73678453518034,-3.6022020786946247,1.7298556093477784,-117.59089830278577,-19.1988147336552,0.0,-0.23825317063223733,-14.232059540296584,-5.280019112170219,30.148488224403845,12.060306541667956,0.0
11.622727587296453,9.204947701737108,-5.037632788658046,136.42995879215988,18.159735143521328,19.596957434127624,148.97047976687733,28.943277586249927,21.105228242823127,-58.846387376614,-23.950277426007066,3.8639313309878833,-48.763571020426596,15.95185033469725,7.396148981518975,18.870717201223442,15.819262983680602,-7.052738407465313
-6.409443274729944,6.4809576173251475,0.0,99.772204197727,-8.182469297095922,20.897534589902143,-252.92711186617484,-60.24784727371973,-9.250416295593983,-105.11403657501617,-39.351668762291915,-1.6387243449802327,-18.368585159031017,34.87785325193236,6.7212281963109035,-175.08947167268585,-82.33431382002352,-53.03909832904594
-6.9663832938925445,13.667961068550438,-6.08849498246494,127.34992124128519,7.518836032245704,-27.92309045965441,-217.93188307545685,-29.593192991727154,-6.274705548535487,64.2007186570302,89.00972118824275,11.713031922798184,-40.20972447640196,22.79902455896831,-2.1531443725938297,-146.67917447482645,-76.41418656830352,-25.8206500209173
11.894421040311936,-4.18580206884286,1.3158062395067824,-67.73025693983695,-3.964909609359502,-10.539730944026937,108.34909739283074,-13.374378276051402,0.0,112.89461719220162,41.97140077633104,-0.9097732145029221,14.454252219031362,-2.1946842510229945,7.444330329268438,66.22711901546275,46.48214368614042,70.13711512190673
-20.083287640409537,0.0,2.6175328328454275,39.33570950414669,0.4321791508829262,18.16413058871197,-179.93387460580306,-35.74928785716717,-8.560711072057016,-38.034211219841936,-27.3574747288429,8.348488686324444,-14.167914685563858,3.329991695046632,-8.776626071496809,-43.32611589610615,-47.70473481852496,3.2738862642075333
-10.319149650370488,-13.061443730292122,-3.647906162809841,65.47957534034214,0.8578322140923882,7.285575946295341,208.8467444032123,5.231879450430839,17.934663757365488,-182.1826659301219,-43.31560837445831,2.5305083165701894,-33.268798165534676,-29.864380458318013,-4.5573832523583055,27.439470661891914,54.74976472635978,29.376516414350547
-0.12424286613226054,2.407501210818875,-5.624625163210312,151.08745018858278,18.121161445829635,-21.61828769053973,45.03493932350114,16.10209022334057,8.535698575223458,81.59448601236173,79.88136658851161,3.7299602934811094,18.136636764913025,2.2130129479285348,-11.428391691471296,72.64808714437514,13.207667449796153,62.093375128897776
-1.6727455646441889,-8.460851111165915,7.0742898085347,-150.43652981720106,-34.68817721084521,-51.15685789600635,-56.60504328417359,-15.037674102012623,-5.35905410612256,22.48070906256494,-39.816995497609916,0.10172683163572688,5.789554773211442,0.0,8.178870916319221,-19.305660871360523,-37.36243706302031,0.0
8.726864670799387,-9.518998591165976,3.716020791643367,-50.69439191511194,-14.969060629862229,-25.67767360403717,203.48200822773939,36.01906559893205,7.121352094577249,-191.70841262528288,-58.374542832445485,-4.104279932303122,-26.48290111233977,17.42002420473388,-10.984309814597589,13.229871717506704,24.639966800386997,-26.332146748149754
10.788168235890167,-16.210847496735244,4.00240049881645,-32.240843201350785,0.0,23.472592025821772,210.20920988509715,24.92609946913852,15.537573986804782,-212.13341069712985,-40.308446520678615,-2.7698712748388923,-30.841256694186793,-13.604095818522483,-7.807720063472553,34.79239369162447,32.386067484492884,18.551203410302648
-5.355738285880258,-1.920180630634715,-3.373738944578279,127.55111195949131,9.976660436235687,9.323361132741542,-158.1967051695171,-27.6044775053508,-8.104424575895598,-73.97581884259424,29.559686840821882,4.111183204169389,-2.087380534671098,-8.780482451492915,0.7303159250841832,-22.98214567794355,-28.559240466013016,2.254683989517787
-4.886780294193317,11.807755982421467,-7.77762962476874,-16.006456603783306,-10.180198093081064,0.3977434958010849,-113.94637737284064,-26.913667414839054,-3.267559607833135,140.18095232930605,37.94086313312722,0.0,47.3627169176678,-25.951756952505583,-13.530408219575301,55.881165622263815,8.730835327104929,-38.639585707908594
-4.223938498552091,24.98998388347561,18.318025021381587,-8.518402535269294,3.366139553673047,2.5909084342056024,-150.08129223414312,-1.917248893492657,1.210002314047262,50.94687167141062,75.75308102530106,4.9183526943620555,6.544826618460274,18.797906227066083,13.127338205837436,-65.92911651312963,17.80874711023812,25.91417384821231
6.2746992817169955,-1.1950731711661366,-17.25792482766048,-80.02566258802753,-19.722158492387067,-25.193386053042865,112.41196828293128,3.1254203878380586,13.430817238209096,-123.03850011112927,-147.13663978350962,-3.0645374827919905,-46.84774056600636,-1.5856758375858215,-1.8169027017259936,-2.3022338041228156,-25.213208951187134,-6.2078008729016005
12.331764331422319,0.0,6.6708932019800224,100.6295684688203,-1.749285550608233,0.8010082223836839,35.391020102397995,-8.486070948602407,4.0959580987844015,145.62287308549716,93.95472848230526,11.16821121986025,77.70656883247123,-15.946322488973532,4.1847880742784165,77.48577285664672,20.848245124364976,17.681156236460993
7.200052712317147,3.9585406365972324,11.50144389767857,-77.82320512068344,-5.803972745654597,-1.7313484300742272,-83.11608740001813,-28.880506233132117,-7.156795364644495,-60.42725659714026,-117.89981137805347,-13.038893222076121,-51.43369147796248,10.922334056481683,3.658413252925451,-120.77666502534485,-103.54312477373982,-65.77379805378803
-13.711124487382868,9.15562421970007,-2.470999082756222,39.05940768488974,-7.335981517832815,0.0,-283.4578516320511,-22.89105467488283,-12.51465906626209,11.848637735178597,18.591439633072323,-6.105738305645349,52.916837017483125,-27.009395944377925,-19.416280466823117,-154.22168414688016,-13.99909558490234,20.4589148993511
-7.937047275128907,-2.599425389408446,8.246936248234443,133.13042791963863,9.694931492061643,4.647608442526323,0.0,0.5258116142803678,2.0811171165850464,58.433596904274154,36.89805302457252,-6.878591677073464,0.5603452344177665,-15.30842330997915,-27.79146868982036,-37.46443111444131,12.966053335380355,1.6126551034778345
-10.205222661403681,1.0999140345508431,-4.566849995454551,-31.244022054655016,-5.519849312153294,-9.003011858980804,-168.61143174476518,-33.382647131352144,0.0,-28.34598472990158,-6.151643453290575,-2.5750562571717124,-39.296626936280965,44.686447832181564,20.76194566937021,-127.55221237367445,3.645762484134216,-4.507460036199916
13.156293947523906,-1.4798117546382763,3.8140702548663623,-41.56174135440682,-3.2286318972875256,-24.628633709136604,10.637710261224925,-3.1533044923627913,3.1444617048239483,-158.82239744552479,-38.389792164722934,-11.489758559913707,11.388445776285273,-2.2359115137566334,9.726723537885812,43.4373576265277,23.539390188481395,40.75517911536011
13.291131522184857,-0.302649730384738,3.512366951487452,5.7943775261169925,-7.654206987570374,-3.796676414028291,-72.30541653001454,-23.160469178202163,-8.283300773800802,-76.90469252268646,-128.7636448133792,-9.510571947790076,-7.14326022120586,0.0,3.742831858855556,-4.089839484028703,-53.209193339833945,-13.91121456053736
1.8146536863698721,-5.473241931925415,-4.993801152467572,30.474319564745922,9.44971308209059,32.27260564291583,90.3373727765648,5.1556909720774025,7.299888187114904,-35.56164154198406,-71.80054618093479,4.960942247210708,-53.938610456017045,6.724961927905364,6.097618400105916,-16.82665772480213,-12.37934142888585,-42.65520837266584
6.217647275480283,3.18246734122375,-4.80282573458045,-49.27364773269122,-7.952029009820694,-27.43592531740275,-4.21964369438564,8.944832874898589,0.798299650056951,-56.13806655891846,0.43502868878946915,-1.1733745359251069,16.946959768508894,-16.081874380033145,-5.192017434780027,57.12316507096761,11.217496213669556,14.71731826114609
6.06838052600153,-7.7776626420145885,-12.30040054432258,-100.63886566887611,-12.766522955683408,-24.728244816581206,230.42129133793895,29.378381539903778,8.819581787381006,30.291448334000354,15.96226262403567,5.670917586748803,37.6724207486527,2.716401976237175,-5.342872172407342,121.69906719165758,73.08352861410329,34.45236704005748
-5.499913119882629,-2.7967596782290856,5.677605964217669,104.53113132585145,6.6792597337125645,7.761232301487715,-55.61566804696988,-16.706917431669762,-1.4680138285894213,14.641882893007129,23.645135209447233,-1.8412242060504407,-14.799224956568183,-9.208559147872258,-27.593094526221098,-24.10994256325046,-31.227406883561585,0.0
0.9520631608143044,10.488421598339745,2.9989830289980826,142.01257539632437,10.095505614629767,5.663699062056325,-146.09574472819557,-67.092851958265,-5.141110303981972,14.064124055989858,0.0,4.601421015778364,23.61475349256423,-11.332721949427059,-7.082453693756068,2.5141022872054375,0.47081436206823757,-8.527632146423947
8.226695129492885,4.906688852891425,0.0,34.28753510188866,-3.007883704358059,24.040699149147656,-90.65878218715714,-28.532671383412733,-3.602574470510879,-52.966824251025415,-131.99772692576673,3.9571795672064756,-36.28695827249257,23.697101937497887,11.307046531473668,-63.241739044701006,-16.70821193001022,-3.628488524493207
11.056880018565485,5.180708188762225,4.374897797275092,65.40287293723722,6.9235388055554195,-1.1647920209168372,-61.25982392750057,-10.4993592639273,-11.658322659178664,-173.4399904028613,-75.82694068102558,-10.44078142429883,4.887043967664158,-16.695619794735705,-0.2572014875428506,45.97087550515254,25.561948216286204,13.167984019814156
0.0,-1.060945312396317,0.0,-25.619363401292492,-10.645300020590982,-4.988670114046426,-26.87467277195764,-12.799250878137245,-11.028303082495615,-78.77780674748054,-153.73645831903724,-20.52169717148871,-18.69885859190438,17.773362209916588,10.072431384907077,-8.090032441702872,-53.38210600598319,0.0
-0.5359682735778624,-6.343777182240944,7.53830368356996,164.57754345072436,15.333461950232223,19.24274717884451,74.79636792493397,1.7841612756129066,4.422701843068878,87.5263672876117,36.5325887172856,0.18274289865828097,13.945605201995939,-23.520675647997983,-31.52366833090458,32.959534387008596,-12.006878558277162,-4.301221769255562
3.550212043665531,-10.34445228124935,9.682215216759086,160.0191173735708,27.64975309727101,-17.482871971570717,65.28602646383895,4.216305058830215,4.254050182839961,71.11242652205489,49.33107717438517,12.343755427781591,30.736149041868906,-14.065213161413071,-22.31436942747619,46.93705630879556,11.97894903547254,0.8335988070078315
4.606315706047553,-7.394797006527284,4.03345151887667,-122.97618323656097,-29.89507720693367,-20.98436592639438,20.333258895993335,5.9671449385387065,2.0435474532507016,39.81337202984027,33.459761538561686,-1.937417311030241,-12.206513569449548,14.697947302210688,16.486160889210854,-59.6697889772183,0.4781744776614822,10.081663230868713
32.99946113248835,-3.7457693088954094,2.4407631127196665,-65.86488005077754,-6.619183149898471,-20.39721219651779,266.65009300359935,22.224188487238074,16.05576203986963,-59.648427435814675,-47.80898623718791,-7.846870226594625,-41.19105788271512,34.73128674947563,39.157432934750716,50.49286364930698,42.135646876839665,4.604626914403781
34.55594596443488,-5.271787803941969,18.489545159756613,-1.6722140020893985,-5.929631868394741,6.627575022581824,255.81301183455065,32.305469391510435,0.0,-82.72084745102384,-34.8566788411085,-5.743247787897374,-46.715158218024,54.47676011283127,45.193420247218214,52.58873882036195,48.735789032272926,11.674541047982927
0.0,0.9238913871136176,-3.1933468044011653,82.37007989340924,7.577370201152584,-14.507363860151315,33.982579473034534,0.0,7.0469061789610965,96.78957822273674,53.52749870158171,-12.168670718296285,28.73364460832956,-4.584525400312389,-25.100340220790702,14.327901160229676,7.62990710941278,-20.32798545157516
-13.4573743719972,16.07091948118541,3.284999801739603,-62.08971515135394,-2.0537290890127995,5.159611246298338,-246.08706631677526,-19.76416772951216,-15.219297220609304,-60.22795582660564,-34.346711843532404,-6.579905267217324,-13.291366198105203,10.1457681115604,2.0141627778602804,-158.32950376298302,-44.98899017799619,-5.111604048126992
-43.45984185644572,22.683021040712173,0.9901256110205964,-197.57708230437004,-23.44955932716568,0.2969027282011851,-308.5499807403797,-18.001128707663508,-6.551169335048122,60.287825873479505,20.64256956399496,-16.34672056067055,5.68227504673855,-1.15015867056176,0.0,-82.19793888100911,-61.88344246926193,-22.39163160411283
-26.942574412523165,-20.203518452279358,-14.568650588221645,-21.20437114186905,0.730148444356362,10.888774132837032,-243.6376222497413,-23.48230955257492,-21.14918289968866,108.18804477715187,51.89049727944214,-4.442121543111132,51.3115716851046,-19.36632104745889,-9.378248530454592,-58.8371165587348,-41.10298399874411,-10.53797127529964
9.547220686580895,2.485565155628055,-2.0570701664536997,35.82135540080918,-18.339169307734267,-3.6626568585757946,145.72740080672912,12.514372592091968,1.0132042097444753,-69.92669778439426,-2.2570961981226967,2.556553192016515,15.61999610677967,-3.1891449163974275,-0.4946218152344723,87.28270491264594,33.806836893829505,12.140809224323931
-40.59869155533897,-6.473719667279421,-18.318367235407386,40.08042516555301,-3.179779298612266,1.0581185602870413,-328.4178677542458,-9.057548185486594,-1.7791737045435772,74.38558270511277,41.66982284785001,3.3321680424813502,24.332201652463148,-3.9433647630828896,2.2958014779509113,-205.34500126984517,-40.80935787707987,-2.798818145973712
3.440547972688489,2.107910081509776,5.155559135123847,93.20625427954361,19.19932372053904,15.345876821736098,69.98149083857444,13.740389800168002,7.470101438581268,51.91317337237679,23.346530780573445,5.838556513174336,30.313047749242635,-16.852531876656922,-22.3956133851299,91.77172221164217,28.378695514878995,31.350377191937298
9.588209073071106,4.548895776771202,4.802178182342627,134.87908231242633,2.1711931366144483,7.547298347915778,-98.48411270609093,-9.450382482240446,-5.9014824135266055,-35.20246212437566,24.062060156299875,3.1928191546841225,-18.687510062584007,1.886943602747577,16.2715840144012,-65.07809420183177,-8.618393630718789,-11.399355433506969
-14.387881292023248,13.482632223545634,12.723222777353138,154.97170078299806,23.790303081816358,14.766501281304693,-180.135259566636,-50.64751097868132,9.469457335280973,10.029058825266148,62.389445199254276,1.6129327880463011,37.6976169818452,-11.818206958477736,6.599575040084538,2.0578039687884027,-34.03586323868132,23.819417172097324
12.338920340901979,4.515991529113325,2.5329881856817993,154.60418411411305,15.70567590017998,14.465523052835318,-71.25390288647749,-25.3467674237984,-11.949161338487116,-8.476935249608708,-40.5492143802732,-11.321723040625537,2.4345176795075183,-4.9562897166032185,-31.543905454461566,74.71428474194902,46.583010571992205,-2.442948879746595
-8.651363648741958,-12.098354277185608,-4.654367402357628,-56.61081510737272,-6.160016860766287,2.9865960037792996,159.1327830252376,10.358442828194521,4.486051883325468,147.70330325512188,52.001617502901105,4.644651006671408,16.694431705189515,4.956854062301043,8.087636031863829,86.61025382142897,65.15325371922629,53.227129836909285
4.625970558905545,-3.0415149203021583,-4.942505557449098,-42.11139387075262,-7.854398412576889,-11.066759443128069,191.12981518089023,16.913989703027905,5.176793490756487,41.02707541955057,17.544014980994515,1.9486616507048413,-5.834606154101673,-14.674875921660636,-9.980607922448728,52.8005326071704,-4.281978644623525,-12.203660878194398
-12.61543922530297,-9.725528694283224,-10.606786306084604,59.44301845666505,30.95855451405841,53.99109844183136,74.16807908402842,12.837821744596718,5.556160428923879,-89.8801115179714,-93.64997159189295,-7.742615551898444,-47.08718864533228,27.572024241088393,19.69954117523724,-33.50539274151091,-19.628687660922857,15.179144338762697
-4.165842329836228,-11.036269481927478,2.7282965885566206,116.35009888531788,22.23160954274828,21.032795276304487,222.9593731550054,23.972525501054058,13.729123942405273,22.519990418340658,40.190719736968376,5.79932376352716,-37.80296733284004,35.20295426040902,0.2900192356923069,-29.27039745183601,-43.61764924211664,11.475810559178171
12.26567499273291,3.8656171073087946,5.352806498324459,77.25773975523893,9.938148124403375,6.040190579277097,-99.77371237869885,-21.38047195970538,6.841888369682057,-31.162876712788183,-25.98621790375535,13.94113738709588,-18.640219504370062,2.809186237166952,7.714778820566909,-33.45438208106558,-30.676929527616654,11.303058722091393
11.28872102170767,2.6426411058989827,0.0,-2.004175461771042,-7.740438703980146,-10.170027318469598,-94.37512390994561,-28.865823053204497,-2.3726856384660864,-42.95583054016851,-53.59960409915859,-6.082983904189263,-24.566080484771913,0.0,4.155660498942338,-60.324930797025544,-38.191646882808925,-15.968843193144949
-5.144633771622359,1.8348815769067632,8.357966579643117,146.8369217080827,19.72176610097182,8.380604907583137,-116.13175901282338,-42.31650402793424,7.3961927547569015,42.3883282145523,17.310482845096534,9.665273344502385,29.753648928658308,-28.259884032072296,0.0,27.297801529021655,2.7251987945263902,-2.1158761423535566
1.4143043589187956,-2.9005352901624954,6.835269255225909,83.15658868814594,-7.103791131810883,12.006866211067909,-22.208708255687387,-17.34443781959994,4.3085544807921465,75.65875399082304,-7.148690604176409,2.9047390037811334,43.483285576913296,-22.22931540592412,-20.88752326577511,35.90564854299643,-1.571814792789579,-25.831795741650723
-1.7681767290509443,-6.855030587183745,-3.874116934494645,57.9389633964771,-13.272921841529401,8.356066923092872,186.51494895126683,27.470301937801352,19.997889595881897,-58.64751836315001,-44.17684181074125,11.274018850247929,-71.05716037986853,1.9179157635819624,8.833075150220393,20.741558036478718,19.89614031036354,-26.34964275274959
11.242359368278157,-0.6883318824432245,0.0,-4.986323987469776,4.251634119533204,35.88614364545652,66.55885773331816,15.70542446569276,12.370338705001252,-46.49999325200871,-26.167699714920236,6.238180064412659,-6.830216067392095,-3.2040939513508957,-11.458468353270337,58.41612142482561,18.68109229600265,-0.029895596708371386
15.045745942515744,2.5601565235109423,5.992809805484569,86.54022341759368,12.18847351975943,1.3001473017776026,-127.700597102159,-58.589888760042065,-6.468149322905081,-73.47744992470864,-153.94781983055893,-9.15802122985107,-55.467274647964,20.06938640736501,-0.4935985674065484,-79.12708371550082,-8.141887707847072,-8.105836616266402
5.837653554966673,-1.2526869699320897,1.2209003384551593,88.69959330035317,3.6701231956118794,11.739707546452285,-66.13173238998876,-26.245883939382686,-7.168113597489954,-135.70309600486928,-79.9033120116137,-10.264112303063062,-3.031571406539718,-4.177043277601634,-5.179914748966727,34.373221187241015,5.26734048821519,-11.429088754566948
4.959776398129156,-3.9504360390018394,-3.0554433590181542,-230.60952554315745,-24.641959723157647,-15.174443322518188,-10.249685170848533,-4.606137311307657,-2.045076671417715,79.3926163727215,22.926122370107628,3.2101367649275203,0.9579964032149649,11.160632347387573,-7.622941326088746,6.231612496921903,2.588256945496913,9.643011793575994
3.411959164493809,-0.6997707660781399,7.197724734074724,32.855131189189954,0.0,12.88633722965467,8.260167410947078,-6.686290130056454,-5.926500090400475,11.417671028619468,-97.87868388788537,10.837507333242874,-50.87981298387107,37.69039685073862,15.107871274613343,-97.37794273940415,-45.27069322789886,9.225822056289786
34.90109319120802,-4.189940153650306,-2.1914909685941377,-60.621333055052006,-7.324186682594831,-9.384727030109635,321.1119127407723,32.90997873646014,3.8181416786347033,-7.547228260073844,-47.05601208691762,-0.9215882375292724,-12.074134598329763,-4.752498642012436,6.004275616153801,72.90003884874639,52.53303608209156,19.823744048935225
8.040591698519872,9.996401588579781,-2.693770412559644,-60.845594244533906,-8.874814601486822,-22.426080587112633,39.662400326113186,18.187742954814833,10.899513483961783,30.671955800156482,42.41523646375228,13.261729105270044,12.89820679317814,-4.2599181620731175,-5.865244900296777,93.17943936242115,19.77219675246554,27.42576666572674
-32.92709155219906,15.51276116916684,11.486700780317548,-181.1064012522064,-22.215788318466966,-5.310171119847184,-285.209925328608,-21.394160384247595,-2.147125729615848,0.0,-9.390631740382382,-5.4494078368997165,9.911403046334055,-7.400952133788651,0.0,-141.52800717936546,-58.176194593125636,-22.312322794659394
1.1201776306833622,0.4604655504004126,6.159832241127402,125.7544647677948,5.8117464201821,9.283119917349676,-21.150230066439814,-4.4696379117396265,7.880060085931635,-111.62953811872153,-135.2649538988117,0.0,-33.73453247288129,7.225935136836594,7.919834241199741,0.0,-53.0358368578678,-8.308324659132182
8.305947896529489,2.013127381028105,7.627148649043634,26.93672766877102,-19.421805142056826,-19.312150667569078,175.1976943455715,20.69329731648014,5.756735943271887,19.45145526468779,-10.389464565677983,13.001444504380895,-14.74052724156991,7.648662316680721,15.9901164844313,61.976206825608735,0.7308461938331302,11.671163119733194
-11.584229684374039,11.60475223656217,0.0,84.04452280260614,3.130326148568656,-16.34785097328333,-269.4026789977066,-40.1797327586858,0.0,6.762937030590874,35.06565520089835,8.949443893528676,3.067516060293995,24.48844465145905,2.401989492870019,-192.27227313539782,-111.69952390359114,-111.15487818751319
-21.501385686017876,-20.088971076356664,-14.24614446346972,99.33637458275646,20.299652474232836,0.0,-249.06798246591495,-19.8147046745462,-4.720037457325168,59.23609778212384,52.36042591435218,-2.059447576537096,6.640264339438368,-37.86279437490323,-38.10057557908933,-34.60410414268064,-47.774767031233836,26.078060261156935
-0.3096315920505915,4.759935771587626,4.643230300661606,-344.55462207989723,-36.30948718363655,-21.66938201000626,-69.62404750360089,-6.886171106462438,0.0,81.74762968193448,41.5849165804337,5.394686532220537,-2.9797557034136393,-16.472180103182495,0.0,79.942946298107,49.11918270732904,26.740145975898116
11.84393894196642,-6.743693246755095,-3.6928205628600317,60.75000025172336,16.89873459792143,22.081146050591826,130.86722173539897,25.463033961555706,6.517096747512728,-172.33764526139566,-60.7175236567332,-4.374147498282588,4.502277907930035,-4.401508785421915,-10.388120183843544,53.659942109170174,19.16003669661123,7.702952009894204
4.267048955079045,-10.819194933472449,5.903128065616327,66.84164220084556,17.365082146148314,21.0729693159441,36.10320568572861,18.73761188062214,1.437466537235713,-141.79824322025098,-33.91290460591578,-13.45977806061661,-9.765400576967858,-12.327256840685434,-2.9779531645324715,47.9928431230737,27.80051537888887,-5.130738849278959
0.0,1.96766254395744,0.0,120.77141039931062,22.47126250587263,13.35580656596762,190.3038280136001,32.46949056503344,17.581477624215875,-112.08398762339205,-10.927448061835294,12.045897307330025,-24.510746865796936,5.964062090514089,3.7233929619780763,53.02367686684855,35.9397112397227,-24.320478754550436
-10.65500693385377,-13.744643736660958,-3.100139962980652,65.05341204068866,3.828480197482401,7.7231680539692995,163.1693605569598,29.922826189762482,8.855684254259588,-151.55596021580473,-77.30190278859848,5.658465548793183,-58.12935374859476,-15.03607409934912,-11.227884963269439,21.368143057875944,14.721662675756903,-31.061055881884528
11.904519872772056,4.144709874134838,12.909519917833933,69.92881449894081,0.0,5.456995706243173,248.7652073656244,25.027666657643397,16.545416253315864,26.248983308858133,19.59899689196597,10.393606544937718,-8.006546586886914,12.731621800645176,23.924835323963496,-79.08648763100085,30.700885189508014,-4.34858395131846
-3.68770189590727,-2.8074425850638405,-4.0024246473618765,60.28518081611449,-7.8875989590072235,-13.179828862585946,237.0329698696352,16.101634267927494,9.848878724613394,48.35798296133477,20.512474646690396,12.352336808631721,7.796171383781478,-9.870674445089398,-25.765345336420577,96.41653006621827,28.450001660454777,-17.25401657860641
-25.148007149254642,-15.397205437206239,-11.869828775183535,132.94695975737557,-7.034618437091947,11.154445682439267,-294.80464070571844,-19.48786146552193,-12.032920191941738,63.24817839510371,38.47365074441653,5.839581142494018,-13.355696270118544,-3.5366933191806154,0.0,-190.27888567620502,-76.85606695707499,-23.842643212861958
8.445660313685186,6.1405475915430054,-8.339897523558749,13.463828976096691,-17.07091950903248,-18.989924201823566,85.25553561687099,11.287750907621845,6.72967025766626,40.67925334911288,25.933618532670817,10.718878562030161,-50.78373583809896,38.534955503487815,24.9228459077614,-96.79715005643881,-7.235260642483139,31.27301012814661
16.825892085791654,0.0,-4.775871268974859,112.92572881301433,3.6079261672458514,-6.414615528792727,339.19958135860514,25.540206227817315,11.384296760685874,24.05457371439274,12.960073334161386,21.696749363461137,0.0,0.0,-25.28297124128513,139.05951572342042,54.40801613704916,-66.78537660514667
-16.71806900988521,6.67797697808557,-3.763746111104239,-13.068308592634045,-7.139664010067967,-1.7199256833673908,-122.76435090707653,-34.406390652871785,-11.238804033335727,89.22849917317319,3.436983090201074,-3.38570987393479,38.754400658846215,-29.020405915649253,-14.277339049725668,77.15740685568501,0.0,-39.19176644027846
29.67002327562817,-14.087836338063514,4.1500924128861145,-4.381500611511354,-9.163525409156966,-6.248097796256613,321.0460872523802,36.18130306424646,13.623787100111128,8.929781231401435,19.661051368367456,-6.830890812188674,-67.22754403819721,7.768635951752723,13.361817490704299,62.93623791562988,28.919703709837187,-41.54573209230966
5.5176443206943375,4.311304196559329,-0.8000541955239889,94.53718667969672,15.34194152260968,5.188239111048744,-18.777962120015342,-9.645860461790825,4.434702663410448,-142.20833038464295,-69.52375161601606,10.973128421376225,11.71071344083125,-17.309465093336243,-0.6776685932412475,48.34240449578076,25.02709181325741,6.848654712035099
-11.373299771159813,14.034444984157235,2.960421751464513,-67.70753621949922,-29.139122924531204,2.1557441734686367,-173.81874211547503,-30.919970357897387,-1.5148889110687123,20.47953172135566,-51.354762515687185,0.7839912096331044,-24.318013764347896,11.271007465093474,-1.1268613547589494,-116.28991428588502,-10.269835068854775,5.044675487939685
-0.8926028692103471,-4.035033528178528,0.0,121.33463855998826,20.617589505760055,6.776026463036199,-44.478980339343416,-27.84612406896959,4.6415056348474115,-22.57885645877981,-73.1625736264965,7.405822271355952,-82.908310603348,3.8129155695950034,-5.6244855328614305,-52.60661152026283,-39.43568025498908,3.0441995651560774
-14.690706513057576,-3.3025104272170602,11.65611483898556,51.44168740959857,-0.41325317517755744,11.75957485155946,-108.4185093621343,-29.307472014084183,8.93380478323917,67.84383446961712,31.04090571693281,5.405679720004444,19.169986985080307,-21.72990962983593,-14.139271548265762,48.90646481333295,3.8551091260653747,-20.179766197489528
-3.7518054638736436,-6.045968026610042,9.14946610355955,-74.57855024964803,-9.837935172352603,0.25387138584931784,-11.078052053436464,2.1562426921286906,8.63601166795794,24.61980245248449,64.02438644019409,5.800031944974311,-33.78906394944007,3.9703984243032058,5.179464344546902,-79.68718130646292,-30.299727446940157,6.559237148842357
-3.192837270116866,-7.562171676041205,-1.5793524710767233,109.89212103170564,26.44981714864056,18.050710275561308,131.73165678245735,26.12789080370791,6.885484111221343,-2.699590665363596,-6.807626983380656,2.6066565532237886,-61.117373504389896,1.5250812333133936,-11.776960002447534,-28.263606817158905,5.939166218780378,-29.91328896022989
5.037345920147817,-9.20165578177456,11.122125822681193,39.39442975437077,-8.635387935626145,-1.883654218048337,242.5032592852067,11.810242364541738,3.353695942960182,-5.503099547715889,-24.676699145022766,-5.782781906269277,-63.340616158701465,-5.333253109064106,3.2394416995615956,38.66099964224015,23.661552740981854,-24.980294967729492
0.0,-21.625264059213578,-15.85258202582729,-114.65501488460133,-25.222223486046957,-16.890362859065693,127.0262114106095,-5.45310493721864,6.031639186015444,-122.0809039553435,-179.64503199682025,-28.153124985578057,-92.7834517366539,-8.952455064384681,-5.632767730376574,-81.9487823643111,-58.138555145804176,-25.448293746560466
2.7223755141135033,-3.7145936515055307,0.0,-81.37183467545931,-0.6747681629441372,-11.988172654201176,133.191622495164,11.822285062198155,7.150040579331791,-278.51508047746506,-98.12071802514481,-14.765110028932066,-32.41838422408085,12.025644567875558,-3.6093835602676116,20.110291568128517,36.16296963046604,54.07865980483302
-49.061696617784634,5.996706299051154,6.557032640800064,-115.55558885529851,-9.36448126502995,-1.540658998755121,-261.96262432215843,-22.260368897283684,-7.382449668003728,0.0,-26.8075069153333,-13.37124970047047,47.44056010099353,-6.3150823661468385,-8.31002865946877,-108.21305753792089,-26.956179817069472,16.262301307943858
12.29924822955961,3.1884876026055324,0.0,146.26309539891167,-5.6989529649255735,0.0,232.85673159404175,2.462060778132315,0.0,109.7595388053639,45.67301673009792,3.2491273856503584,40.86098392778006,-23.475718510675144,-26.504063907284213,117.16528999357999,35.773266015114146,-12.576542051573028
0.0,-8.779151426409054,5.048464629369853,47.20028646095626,0.0,17.921701332680385,30.81612129852,6.747506538894443,5.395778702201822,-130.86494452775355,-49.86521009270229,-7.061252942952157,-31.231584509637905,7.175050861012535,2.012466792489656,17.66709714743882,-3.5800916285588897,-22.333041038674864
2.3550985937706113,-19.52088586872911,0.0,-1.9313014364903731,7.581491344788864,18.810533966405337,227.65347510140055,47.53831477389969,13.147548231875938,-263.49104809407123,-71.42921957070396,6.112515672791918,-53.510508034229545,0.0,-4.898321519452262,27.261863062874593,41.51655498542124,21.648380013916096
-5.532925839512607,-3.796490462575958,-1.1249479550334327,88.14274351029658,11.873924923531167,9.068646227774366,-100.20298437895967,-74.01465965461607,-3.311089014521449,-20.50171312763893,-23.906172072183374,-8.564982379348816,39.04956556697244,-12.893096957597422,-2.601655354929746,29.205662880866196,2.725465444964346,4.056971611865521
-6.42245442357874,-7.541117375222211,-10.235878173141073,52.03886452529108,5.042852370001002,9.500968495722109,207.38880275649305,30.929660627085497,13.641785187741693,-75.22557123469161,-43.443935975445115,0.0759508118235543,-9.01136720795674,-5.282890493228277,-10.968124574362744,33.59049715014789,49.62262513768602,-11.61981631615626
-27.319268175899566,-1.387986921416198,-31.94108328862567,81.9752985320238,-3.853119039474888,0.0,-165.74647190666158,-15.758727834988107,2.599576565274446,89.28139280074843,15.752251258925114,0.0,66.20578136542399,-18.188780130178092,-31.08626934819789,-116.96039236803695,-48.17275116189674,-0.5602690804988981
11.663045165735415,-2.35980220874645,5.398555683816881,79.58021740589962,16.629702572681005,11.262415729174608,9.029324242148661,-0.16801587944931465,7.704514907721186,-22.709542869315282,-22.298175666025173,-2.4242013064486287,-9.347116177635863,-4.000411051853918,-24.895458645034555,24.514472034867048,-0.9661312925972148,-31.496937156431173
3.752681801315969,0.0,-0.9160470853062711,146.6634081776544,23.867982517149436,15.198667461379038,-57.55209555781581,-4.064674360678045,0.0,32.24518593509512,85.77755719446417,3.8661472154826217,-13.573684953096837,0.7002507042652796,-15.037088027994605,-25.30803177531885,-35.8402284791349,9.924657835115568
5.083750919381459,0.0,-7.13586437779636,63.806761326483546,-23.310784013172277,-1.0462165342560121,320.2395941089157,18.086202334158788,23.733797583257306,-74.28624677669102,-3.635455897169632,17.684615472408883,-60.47726882937087,-8.58820489976371,9.776930802187977,60.868174155130795,32.464137156380055,0.038488582799118376
-1.4508359305652647,-8.645193457570986,0.0,37.380450861873825,-18.032441745133912,-10.341034845893411,180.43593184306337,20.022434752411993,6.280194879470063,-64.4272197917446,-3.3234026961352057,2.953913280601405,12.23224355760748,-14.623403564863565,-24.941652412359236,78.99464303063618,39.62122771543601,-35.97982746090116
-6.234813665467515,14.886086005036574,5.596177435655893,36.498578328045575,25.844486901864848,10.700582188356739,-266.29450929943715,-40.04034089972762,-3.2737241204326133,-60.48985052103882,-54.64394614975296,-6.622723296474798,-27.734160351713996,4.0423322994859054,3.071589412455696,-209.44131758361956,-54.30269205410565,20.533995164461885
-1.8785759503463704,1.1243417882701436,2.921306796704021,6.210618169222549,13.348425637734946,23.469056238812648,-30.128166515656247,-1.4734384980364426,6.5618058348040265,-111.28900716439307,-100.02054423187349,12.73056331925389,-29.13395569731089,-7.505507459346692,5.185677971487231,-9.641848580478138,-27.386763688485868,-17.96602142827703
10.115662593363348,7.752836340961608,9.089990111206577,-56.118512331314776,-5.943018182631938,-6.361860830406877,-24.90483198371197,-18.224260652265222,-2.6896144465111695,-33.98119702420166,-107.66529709937477,-2.5284653140871156,-13.044911930801149,72.85849366778564,4.271202094682394,-67.60962638363863,8.38770543601195,-26.36729370235608
8.482794726833951,9.088010702457474,15.048193135105315,106.51833309584606,13.572600616884387,0.39260704487885656,159.55065058486784,6.934428810394655,13.165142331832586,56.62184438220499,89.27898217700704,2.8889635968371388,-61.90990132040401,6.036899775350886,4.860059943414487,-91.17362055218473,-20.734820897374455,35.25050165010515
-4.039658550609015,0.0,6.0214000677221975,-4.329381757859636,-16.0120087754681,0.0,-32.49099208794435,-32.533333644875654,0.0,71.80973071233974,73.97232154616381,0.0,22.509163138144668,-9.897151970973006,-7.674906887108263,-18.06661262430951,-29.06746545640312,22.33258697997045
7.24883547843937,-5.177678633924371,-3.5340292383137935,-33.017724409983984,-5.110906165150952,-11.6857830879821,165.1680115168916,18.00509801083842,6.983298445605089,-134.17858388820108,-43.75432237781431,0.0,-29.93370958306487,-4.5094916927691155,-1.5745789851418577,25.28701493403254,23.973454694146568,38.420262478765906
5.251777968255593,2.0081392449731603,0.0,11.66068395527742,-6.510431929383923,-9.143841929831103,-7.853693577727218,-12.071703279881861,0.0,-136.38816304235587,-142.4572178311016,-9.984877116181451,-32.56542062046469,13.481897731629205,21.998168206614935,-48.75174233600774,0.0,0.0
-3.9714250032223584,-0.6683885066349854,0.0,-64.77887418288101,-12.5186972799287,-22.924199100901518,-13.968406517565942,3.824642275678151,-5.200639919588435,-75.44717578813487,-77.3968255346373,-4.609959986670903,-15.025545583817781,-1.5954619787962472,0.0,13.850457599459338,-33.03238561217284,-11.202339256122457
-31.683997185664605,-6.707794283762456,-3.456276295196076,112.37354630832493,-6.19572530761464,8.345225242893148,-283.7464232367817,-26.159295146474776,-20.617190593050243,20.36855914591981,24.07208935533071,15.367271847312363,26.180156576710974,-24.337547712780164,-12.085539317679755,-139.909107445592,-25.125086081161523,16.397213055163206
-10.760209811814486,9.325695496729862,10.935361952333245,-99.64288173374476,-8.945560062254245,2.304303528999385,-158.12836126083877,-20.36039256214811,-4.116686047938655,32.52890098994316,31.959273122064044,13.494533096442705,18.85594888065462,-2.446978633907524,0.0,-11.941956630004574,-24.341488558764272,7.16913567368141
11.360899639787135,3.547331203988819,2.4558808994129464,12.11199563613063,4.1765262373690755,29.57407084653885,271.64790969193507,15.816057267744267,25.640650780012077,92.37745971645872,32.103818884228666,7.053485649039559,-2.8459220244621735,-3.2720875255145705,9.205809206034735,94.12030764236746,44.44967718621176,19.430201795070275
-30.576884323942895,-23.576229924491166,-13.484701584696632,2.22040547393844,0.0,7.688524389579496,-347.2834557831952,-16.866619633057194,-10.146899145562278,48.78800620903533,19.778675040548087,0.0,0.0,5.405420860877934,2.151470906085507,-162.5945226409354,-117.6688258719781,-42.82668585562817
-28.461003701447886,21.538149458774132,5.07103311060956,-253.24459416798484,-7.107345891057106,-10.12276787889567,-256.52462646571774,-10.351676235451789,-13.219579351138897,35.489717178657486,17.914039986965342,0.0,6.100764095400747,-2.596506919014145,4.806454157533168,-120.42394495034573,-59.61553749299775,-39.699042659916586
-1.7986827763717292,0.0,-7.401349412849303,-94.36980195644753,-10.900931350257286,-15.886580971343415,134.94633395469586,5.567911055484852,7.229146177325802,87.02153130014808,43.83554432753176,10.57859765357563,19.148541522762297,-8.111140898771703,-19.628442441565564,114.06030029181817,25.977607133278752,11.150703903595911
6.1724145303369,-2.4700639081441764,-5.553906558173615,-104.43267336580418,-18.334887265422417,-62.508595900558014,95.64114196510174,12.68531631384216,0.0,4.649887498188297,-4.130243872744933,0.0,-32.50631196157273,18.970674371964726,22.483529272746537,7.193026281577113,5.187752943401933,-21.163964568619157
-7.829892255272262,12.300006959368782,5.576532915513945,125.1751635676861,14.44935955732713,-5.159778198029783,-219.85155233028178,-38.22687842630631,-15.988238735288927,-25.993002838237416,-61.72836943058528,0.0,-44.794221573002396,29.498316823700883,0.0,-193.72324762803794,-45.78534885565196,-3.352678335629207
-5.900159807959007,6.6065239178030275,5.587019466924868,51.853089352587496,-7.2522112507278305,-21.588270347333932,271.27180267871285,18.2770910518312,-3.942283757399921,-105.03252398604155,-57.87724363029095,-1.21555548463393,-56.365944497000584,-7.529055576867321,-7.58630227474527,45.442982881279804,48.98668845534577,0.5377962771970033
15.528539655347277,7.578239407433176,8.654354893281923,176.0971585807557,18.213145114164725,10.478442182245146,335.0432532353862,83.25554352398139,7.0455563630961935,-118.75148368112035,-45.5961225059158,15.98684648399506,-16.39187988452102,1.6908644949566762,8.77362286358907,56.593393180334836,78.03690977670065,30.083720430844096
5.613727773581609,-5.0860201977700665,-9.997563534043325,-11.617332485228292,11.219863950012238,26.709671823126016,59.04125701262826,4.385389002667212,7.394669798605167,-190.88231133717983,-46.97983069665818,-3.3309882198029546,-1.9821565468491282,-5.7626476114153915,-2.004485515572594,39.2534893663829,34.353666650727725,51.13740794859075
5.551638890951269,2.7636192147779535,5.23989306787864,37.24318670925598,-13.439487813230595,-0.6989844712118561,7.768957574575511,-11.857374526090107,6.562614722136137,123.48732091831049,27.44672342787839,11.250635172252004,36.749015308855185,-20.584997169988476,-3.7481767123676093,87.0279328645371,12.39766605885328,-4.632130738544333
-32.524015510825265,-17.73210594775558,-9.673845631720676,118.95152459460118,19.772049570817327,9.221593535303462,-244.17706574874782,-28.922070779329044,-21.466422143848302,51.60170999893544,46.33130112650421,5.017167734808759,12.751559010617386,-4.1905274373292025,-9.379835957296256,-87.89918977710487,-42.5194712501171,1.2016237295471512
4.422356803475309,9.239048682748377,7.679520627446889,95.48648074304845,-2.2872222310425245,10.595837146665117,-58.58666551095808,-14.590222543041492,4.055950878039737,76.24911558892553,22.917758536903666,7.850348428882874,36.33104803386225,-23.828492372500214,-30.643442015570695,114.89635438995212,33.6577628179626,-17.82814127231586
3.550401511394499,-8.668654447331969,-5.1889042236823055,-40.2655187014704,-10.182051893181177,-31.472893179859216,6.734293735347742,8.416832741672946,0.26929796949193474,-120.3997603263274,-25.494902388900208,4.140587980745827,3.8913156815352545,-8.540687346424962,0.0,65.39406351537764,41.35550527323294,34.226263843321135
6.840487924968024,4.974378397675902,4.281919615966723,-34.7027721403596,0.0,12.369182285149837,-46.59641465531886,-22.167844497775352,7.33855251665853,232.19440968093326,70.43546439186049,14.27174347830698,46.867715540552155,-8.685768434789042,-15.159749379874038,80.3015750688149,77.28503415350222,84.37608019818754
8.012516038365968,4.78578639083037,-8.707259215088296,-84.92310745021285,0.0,3.237617214529905,245.8115582648798,17.257918094742713,17.357001321579254,48.24873833559786,30.42787540690687,17.794438391530935,0.0,2.872441971630624,-0.9709076668155391,80.31813665445651,52.701857140291516,11.453429528868526
22.23280833701656,6.960290049624531,-2.501662627975506,-329.0516569900845,-15.253726500922914,34.80466789326343,253.57343695528985,18.995715469372737,13.278346071194278,122.31212054502005,55.085101188463646,9.129707361399662,39.70841873816614,-27.886732373635493,-23.383831086220887,50.45218762260272,9.076932507716814,-14.011982616849224
-23.560666625146528,-0.757098293842022,-4.080347415670454,-69.57733893220511,-9.971035410822907,-4.5467197229951966,-376.3007090044228,-21.120283717146332,-13.152739736734615,91.28016537356952,56.115173594894166,-5.990835134151727,-4.353532173554751,23.388926246580194,16.835545091976332,-141.80568924271654,-100.9666951265712,-82.95383436064162
21.035688017550065,8.086004614422228,-2.0465881950223364,-84.7697027656471,-8.422114218731277,-34.01136710362517,11.278023316475055,-5.160970422719537,0.0,39.288753086614044,-12.378341239785021,0.7633140709260695,32.21730709800335,-2.43152986138825,7.580826926321174,91.20760778831688,9.403528813780992,-3.4396700087999363
43.853089579561676,17.119850471138893,47.25607115699239,415.15385523458417,17.91749190729732,0.0,66.32648489403591,8.581850789655217,23.81392331461715,265.3017294109138,252.3194589027625,22.07199278914616,102.82351085014282,11.87619855682009,34.12650724723687,48.03299729762957,73.422833455782,65.96883032922369
2.477567324659988,15.872249589676061,4.904977135749718,18.395907014055005,-15.185374199749647,-10.155126559399784,51.534100397768334,6.595798776079625,1.856157945318829,43.28702990268626,-17.722237274577353,7.604811869873773,-5.082083054061164,-11.364062847838529,-9.981736480512236,20.38954517853365,-21.70470434592327,-52.331081879201776
5.4654511523041425,-4.376916233567327,5.529455555244576,-100.89027377617354,-6.2048450959441555,10.118537142959289,42.3753822959914,6.418589945174445,3.1509403417209905,109.12344022036301,31.526474945951627,-3.262784897464422,30.0493668883946,-4.383613820525251,-12.302719655783628,42.53142660521941,1.653788983818255,-10.853188739327834
17.520601008896087,-8.726293269107657,-19.9484828260319,-113.80887336930986,-29.74326745949197,-53.580026030479964,91.43757474402877,12.858123240135598,-3.8274185448742957,-82.87989719713046,-27.016855249568014,3.0439518412398865,26.510811720321083,3.6970568100573202,12.479702201944429,56.887656948639744,41.94273932944412,81.4009197807516
0.0,0.0,-8.15923169011306,-16.135926147038838,-20.994385450222023,-8.450729023784366,-118.44887452488088,-21.188234446271775,0.0,131.81708616719484,32.98603721336927,0.0,34.48095286211047,-24.64037180198008,-29.14896653476226,43.55224597156189,-2.031579787452741,-48.91870786734348
-3.8350652648703356,1.284524652043423,-3.31464127292363,33.45468180577832,-2.0618170564857494,-2.4543392373936315,-139.81852710411275,-51.33788334016752,-6.495750255432133,21.6699390521819,-38.48895686825637,2.4208113917086624,-70.4935184176122,36.7516908128326,22.363950170552215,-153.21417317305676,-8.022571731639728,-6.414229237244911
11.435958417299396,8.44592018154769,1.2136001987291636,-51.28365194629576,1.930940530204315,14.826286163460138,265.780071956779,28.360737199021038,8.9390731993794,173.07237931509448,59.967585292022896,3.6816291656750524,11.697385766204063,4.1019229368050825,0.7713649534408471,75.36222374402129,71.34603320973459,65.519880730831
-16.453713602833783,2.377821528268439,7.612118398241019,-193.9582394106784,-22.609980376976843,15.67602344918633,-205.40107325586135,-19.830456105624123,9.598719448401452,-13.804596292432707,31.122312202070226,0.0,-8.834159671429342,-5.197409570155777,6.748698073799301,-98.23164510016882,-51.4311936616734,-21.527945948818342
16.359250705527973,6.331207429229517,-0.22324171694498818,2.4021414967503767,-2.6514803419225212,0.0,14.765912408959952,6.323546830958098,3.4765227112798067,193.1548646367303,71.81208912219117,-24.21473190448315,25.61633948252032,-17.140082701446993,-14.606055465785674,52.45471666697165,50.05967326608203,24.353564882350042
13.423042155910856,-9.307310404202605,-15.177010775348322,-100.92527854712387,-6.529616781459087,-15.554025587257643,234.26703613625008,52.61386156648754,9.714026438045101,-211.8833517018839,-59.45137425045033,-7.5967162800298595,0.0,7.843329926294768,0.0,79.0506674893238,40.347596653632536,60.298449375773004
-3.9907098453881873,-12.183790441346805,5.931134074163603,193.63671830662585,2.1050660920158726,-6.857990982452167,322.8181228552494,41.16329047280005,24.691748054495918,-39.415166002076866,-3.0987733412637226,11.054406374884305,-62.727848332826554,-5.401702092021274,0.7543564340142876,60.76468466819015,54.098456875135525,-40.14587608233842
-4.333440212168891,-4.528748563399371,0.0,44.112962665921735,8.128719687202786,8.113892635975853,-61.59241051465006,-9.400787410560893,7.736336859837691,73.18112068373775,36.57320373399516,7.165393422008497,29.771437550258423,-22.27175959032232,-16.501628279126024,-19.410227607441712,6.377848650904269,-14.212710502208466
11.940826492995383,-5.966186495191,-11.528491261229814,-10.760963274877833,-13.935318184732855,-22.671817599273,142.91549764586665,21.877600813577573,13.87134371898274,-138.96271514463848,-184.2503364028656,-13.868200245491733,-83.661907011737,-16.01229799009064,12.522362603126707,-59.18392086433635,-33.78377047534441,-14.430026162750949
4.5117794231910295,-1.1926781066237948,3.8948061171201043,-2.934491377948383,2.61979380427648,-6.093780034216403,186.76887988325825,16.753355917556583,14.400919054447636,70.44491492804124,34.02264642521585,10.573033027519674,23.407608727983913,-6.978370488834604,3.718977750503316,58.326407201964614,-7.64977362338042,19.45363629558784
-18.68960406473036,30.78463587712867,6.249984475486199,-60.60883806626336,-19.628999510652008,-6.3641566946887975,-229.74509576504198,-30.019601447017244,-16.39323399611289,-76.96087589797067,-8.154483597346047,1.2520734133334976,25.29840530255496,-5.317723019067802,1.3423313692748775,-140.6586497522968,-2.9812802521739696,10.049069990067665
0.4350606316577115,2.1722009198685885,1.6967211715387538,106.44828381668381,17.219079107989042,15.510865111188695,-36.91699798184372,-8.68822632506596,0.0,-148.48028469223672,-19.21632236215046,1.2863291079974999,2.7817477015277015,-5.488033147133564,-4.477998423516384,37.5641021704367,10.071018442878412,5.6400202017757834
14.328358315974786,3.3170537061076106,1.9308973290393754,-77.76423407429519,-22.538199044241157,-19.38998800949959,-67.96505923955763,-8.483887619491043,2.962587484986886,-83.87922940024694,-129.3954488169888,-11.540015242269044,-22.455169326005915,20.40731959897832,-5.273593955887405,-62.779433595681645,-7.18790046109454,-18.5053219877301
-2.4767226780565674,-1.1877118464473166,-1.0093691027775928,97.87309336346266,9.363755995489225,-22.34725501021501,-245.90922461390016,-14.23244408281809,-11.513101634626816,51.56197300070288,49.81343364168848,0.0,-38.67974956274979,-7.511677440634382,12.111790428493997,-202.68802295895873,-51.3682151316318,-6.619742662335284
11.570339046592663,-19.25256350705534,-22.4963035222184,-25.398692248660367,8.92909175638435,8.362245725279179,248.8703698005549,43.75637011485474,19.867191025224393,-223.17507138384417,-75.50830369665556,-1.641810325691475,-45.12706837309187,-13.680575964304111,-8.04339935675186,36.09544535406911,40.39744293323031,17.040187032527427
-1.8521377182832348,5.927589540195346,-1.4599219233488305,82.57514842882742,6.735932430414654,2.1884548300186153,-20.514686484820466,1.882423431955424,8.257675233585317,-124.59591603535658,-176.98449127452184,-8.440682240619733,-21.06186739323129,22.443847373575267,12.456765313778043,-41.985331395632,-46.42976334390609,6.3409062637658735
3.3396381450694177,5.247512752204884,3.455257426306844,40.832610404724456,9.265054780080709,14.655852295727856,-13.871729126190342,2.633531311298731,1.2561455214022788,-93.30419169611314,-125.26946835989492,0.0,-30.677045838651956,-22.68883136690272,-2.4280357505006016,-102.7983795322691,-105.98817178307874,-37.43611131022692
5.014630689717387,3.73570196745519,8.5051931961566,84.32035241298189,27.050292386613357,19.138926943342632,187.63247622891612,3.145273909354995,6.375740159442003,66.75934281539057,38.37167011216221,2.765461335395031,-93.24115041495598,24.8074434158295,24.544818989589437,-90.68273862951936,-10.837286977023112,23.09284853175825
-1.9948085245611842,12.842545703862259,6.872999435326473,-21.7034782797113,-10.974593388012265,24.60914450227811,-180.53777931636742,-15.315998392385472,-5.757160381025406,66.51999974469977,38.63852018657039,0.0,-30.56460757166097,11.583075544318234,15.316090460344352,-163.14375927202556,-24.08383644259171,10.985750252379717
-11.623575278761093,8.141463251134901,0.0,-56.64460211937386,-16.93460771682466,0.0,-248.12733749780588,-19.0749469890221,4.337112711925976,11.70024742411148,12.50768885082158,9.873899204403873,-17.56126685781486,0.0,7.325677045430647,-152.18515522226065,-21.987322895232865,0.0
18.66914528828925,5.148744639610338,2.246181883534402,92.34022707744072,3.4523385952580146,9.403633873555775,-13.31518294494596,-6.138335493307368,-4.71747783405101,-102.44738895242479,-73.76190860024256,2.3802276507476265,-5.866349149686522,1.9545630139190142,-2.5976362463082237,38.05553646981542,18.175967810920522,2.6090981807475977
12.93603493780143,0.0,4.261646480007489,-37.3861080180707,-8.35806619593384,-19.92860943774563,209.92245509546655,15.3935726617675,2.4717638093523533,68.93317369844615,30.315362048028362,2.648048147199826,17.988055933206553,-4.639703696798885,-15.674506961680267,89.50395178197337,34.52919090408214,10.388992646976135
0.0,0.0,4.25960928279587,71.63306912418328,7.455428762208704,7.755308893006717,-40.27540530061514,-4.106456744249515,2.0445092993011933,-46.8617389568851,13.245667414955353,10.288473945475639,-11.43241189320019,-9.86887611706421,-26.11166722980906,-2.5379621310983187,0.0,-26.05553914009701
-4.030481006652277,-11.369002590810606,-13.662048605175254,-122.73993743175537,-58.75332429328321,-77.1668889672594,41.522126216020666,4.423522934286315,12.965606891803002,-37.09649581885443,-63.32451734370648,-7.223307999373705,-22.44884738092863,14.781785663413686,12.010252334452687,-47.94456392773689,-19.41836726403436,18.66411899499525
10.536636851135217,1.3467323611270328,0.0,57.04807683731073,4.3201882014944175,8.344626755049887,300.10467828396344,37.29492532684144,4.517459029022625,-99.76702923956461,-49.72607843307045,3.0547153849275386,2.4472990785841446,-3.6303944302524247,-11.029883519767996,123.07629535029014,54.26015590433886,-41.80674320513958
15.363745823510582,-7.117277345938848,-16.817848761021658,18.49193194729385,-17.23340152569987,-22.91789195573645,328.67039900415915,22.188828495278354,0.0,-111.14082869935335,-47.22507521991299,1.3806717910388981,-42.76519339610536,-5.713969820947167,-2.6735281388756285,109.30071671895158,54.330784076572904,18.2909708765377
-6.019418452106359,12.512142372283755,0.8291870719216865,119.78345836979481,-2.0059128188034427,19.822402131037702,-209.24765307915342,-44.106300950873596,0.11789569898988178,-11.172231615569615,31.389685418378928,-14.968664719115184,-31.27723264208763,35.96662753416076,20.498309994531844,-177.54175277083922,-87.7375837386919,-96.75182064004332
-2.0075785953455103,4.900484043298742,7.054377071812632,-78.72977214457902,-13.43404126015528,21.183503785900566,-130.52035853494317,-28.211470462663844,-7.063856162372637,-58.47112827984844,-65.4154816154867,-11.452720163026559,-29.388362006574507,-5.893933982310707,-1.4360691656353537,-125.67369639464374,-84.81929742601895,-112.90037747909298
13.813391929134358,0.0,4.590425540108656,114.20504937378742,19.297886819751522,3.7857646168394736,61.55577667468886,30.6553593796626,6.743479492967628,17.211860122749002,60.95455503651357,1.934683622770971,12.894930490961555,-13.690254102545945,-14.88900500898957,113.6047011436959,31.446869322906206,-14.79093147772494
9.032115348663615,10.222080258713845,-7.806408216290673,72.74015255064829,-9.120777573932772,-8.064816289838873,254.82335525957066,15.336989059142008,-3.3807883821383293,91.81865938263302,34.0599807976852,1.6544188735761336,33.72646171624901,-9.315746659634193,-5.605413386715793,129.1222643943956,60.272051871810454,18.292341133798118
3.440754366937299,-3.510441133319833,4.023657945832752,-55.901542111490365,-9.94793781060923,-10.85253283844698,-51.53839268996762,-6.519294003788365,0.0,-5.131070983221287,-44.50568908371588,-14.136364995386105,-25.54706520009351,10.726461217189193,11.419164263202983,-22.631980609173183,-64.2878788111264,0.0
-5.010573233129762,0.5526664852541094,1.4613818952779074,27.477934975585644,-18.18262128160387,-2.879026544240213,234.7325649696352,12.803683377173483,15.175553787410944,-17.246348379132364,-11.823848091626273,7.671912058761503,-106.08703048795999,17.82667631081257,8.78953394039754,36.35457110571055,23.622467011015864,-10.663056215257512
2.4249276879117594,-6.676456131190134,-8.244219175480907,-90.8937662577972,-7.815775962378833,-27.249691218501667,211.1412561494666,27.39937813281534,17.40884617897157,-279.83962383921545,-104.11891761205088,-12.936114413970413,-30.81303303614302,7.930504962441088,3.445116143070277,29.952969218268677,32.97717090368685,35.119993681067
2.73799256699802,-5.45392398420404,3.718809918530099,-15.121937864511453,-7.033372267059497,16.911087197880818,-58.08168022479827,-29.303452537280698,-0.34608484665195444,-7.677139580729472,-19.181518115210135,-10.507679657347953,22.14305085551274,-15.303298373983997,-0.5741105760830115,69.5794616447933,15.910470392045623,-0.63280798402252
-11.657684965260486,-2.131921545276357,3.337101452950302,82.67198002834944,-7.68821125881243,4.228689945964154,-138.22861481730763,-45.23591208553295,1.9081112862018683,4.54380286289757,-14.686692943127017,-1.3310628147647434,19.79178386335509,-26.63989791635767,-18.742743632444174,-8.623912372865005,-46.97581959769113,13.081543255634955
4.268558395618982,-14.965224873182823,1.7314935367116167,-92.30505394633614,-8.545483907883307,-41.579291621919396,176.25574202585227,27.911694947194505,8.745171027867405,-11.564320198818704,-30.063608247350583,12.234883519157803,-52.8449061279778,10.27616244921057,11.628299307994222,29.826101938982575,12.06472763198792,-20.717505726549895
0.0,-4.950534708498869,-7.337951156125441,-21.53351164538416,-4.485588575010305,9.27170344275222,113.15186950738268,2.639215160515909,23.05449782480993,-148.72158197970523,-185.5925422955003,-12.948983731917842,-27.344177601992836,-1.402104943144844,11.436950334375005,-31.69644634486096,-36.57199369596793,-20.05216672741409
10.465640648364069,2.327898306415324,23.51232114205037,7.8232553518614445,1.8871600808496347,-6.425129057351931,86.2652264494747,6.31492063716331,13.740418120139866,93.05276441071992,73.25387443210889,10.78495527395551,-36.91991067120283,21.496702231010328,36.25925497681884,-42.55203242756699,-20.549824939596416,26.222224998828608
-8.15681018163689,8.155544383406278,0.0,-43.31932293424016,-10.92236728289256,-1.429716275767852,-151.85347373463736,-17.639483740805538,-4.911595362511603,-108.67184372416963,-103.15111252749514,-6.681053309110245,-3.1248003545538268,10.102124527055246,3.0939115313161856,-13.454145433367286,-46.92025051644125,-27.460335326244376
-49.548044243018666,-29.632093431559085,-31.296668082626987,134.5057807460226,-6.5635462587713445,14.734200611191053,-418.1227876778498,-45.2711410534377,-23.051071464462996,74.17948068821623,38.70080385648203,-2.5431983420853013,0.0,0.0,-2.65106916217716,-141.76285689123068,-109.91264880809092,-49.00171029146293
22.29821278895888,-2.720357172028889,1.550085363481755,-36.33514061616355,-4.020905733051861,1.1405144629825041,361.28197222312457,47.88268762708756,8.897230797304944,-13.51010883695686,-12.592012075232331,12.008314571908869,10.958623570079357,15.158866980610766,20.690035637112977,74.04015096087483,43.52474383490357,29.748097690294685
4.31736061338796,3.3565531849731873,6.572622486884293,121.16545247598299,20.224616888249336,-1.3147280463036555,-53.328288914932024,-17.765994290138487,0.703443579360186,65.51766947414185,80.37403888396663,-0.3795047681312637,-9.15146244807791,-1.685117234189747,-13.603646466864063,-48.89353653474037,-48.94988504741717,22.734222481515573
4.838787742125477,-0.7251687580064244,4.776296478181021,-8.497951691509748,-5.144624364312844,0.6926088476526765,-5.020782420942244,-5.484170455848521,-1.1043470515115952,46.467120835478966,24.435052730796674,5.954681837831728,36.98049408767781,-9.538697408391783,-11.983042765805756,81.12932029925896,-25.604726763800112,-23.736535994183612
-19.200612052426038,-1.7295393869673839,-15.796497623240914,-308.52339766300815,-26.33739555060714,29.826532577747173,-96.44206328212523,-12.255749684703746,0.0,85.37948154269344,49.983259066271465,0.0,-33.185328595685874,-15.982972588231547,-20.571134821041447,-32.969948689083026,14.214484849504931,-10.506880731832098
15.602230121680286,10.361538286246253,5.097020371644377,12.602227223866052,0.0,36.410332961569765,107.1504369978253,20.350585187033804,11.92795331687937,125.45375810394721,48.66458171254581,5.315535350950643,42.26099860293646,-10.139333327683053,0.0,106.95707719828285,39.586421198592696,53.795296263862156
5.141503589964611,0.0,-2.122038823801295,-68.432972304562,-10.966000305551963,-8.902378003774624,137.8529051288071,13.957604701561822,17.025337060769626,59.91764361247037,16.70696385230357,1.7850725397887717,8.38293056084843,0.0,-5.120934630884481,75.43954910183068,28.06110034581847,19.12274536548057
3.958858765933296,1.3529836697392075,8.850005468483536,187.16651469046184,33.49568785993328,8.506127152452532,227.2501620254972,34.46584833723057,11.488264829422679,-30.338990863814722,19.038450939612897,12.741943992351835,-41.69679132121073,4.526674404155631,4.8259918156919905,42.717675346808555,43.99096705341797,-15.92712967037562
-22.261210381234157,11.059047322589006,-0.8064169168184188,-54.08388795785323,-9.387542342219206,-6.702946288874008,-175.94071168739873,-23.25707771532512,-7.552528928808395,-29.894752716149814,-11.160773685100184,-6.789573109444901,30.057735377883525,-10.46449759743942,4.99131466003031,-16.847898074941334,-42.16180203437595,-2.933243340578713
-3.1334110629343304,-3.886701245288507,2.047039136710923,70.56206593854235,8.51967780827347,14.560456775001487,76.78161662988917,13.308468525714146,2.958483314496379,-87.65342087346704,-80.90665528560578,2.131139277064118,-43.694605194816354,2.400021467541407,7.311935205139324,-16.197075832189025,1.1832694121069154,-21.30256109367935
-24.803375437517182,-15.633498317101747,-1.8044414839769767,26.571359689510903,-11.59744041116779,14.064586545902499,-261.6357100149922,-26.623893756814457,-14.599996827157952,40.553607645347334,26.943867049140017,9.54102121733549,-21.514412383029317,2.0833376163618746,6.293090410771044,-205.76862646487606,-50.43078552565509,-6.326191155754657
0.0,-13.87680854574774,-2.530819938169246,-39.07526927284232,-7.171905048109751,-26.211770567737492,98.401674532107,5.538821837377222,15.194433247938159,-4.760500968255853,-33.65274804041934,4.754676639476292,-34.37916952056448,6.378625178044885,7.434509877304911,2.0440498260808564,1.685344453544535,-26.847456950464927
1.8413911054637582,7.291583984881335,-2.5168852340759096,-73.25552517141927,-2.733367508064274,-1.4144047363625734,-60.51532543342403,1.2503355901698812,3.846426097862331,59.36500448082288,9.776584280749356,1.8090430438911638,14.382645561955458,-17.080916718593212,-1.372889493274269,35.38122819589911,4.172876958268506,-27.832034809112844
-56.21756825919101,20.020742590375093,-7.746922470574327,-154.8173009087636,0.037739415267234074,-3.749127663610765,-241.7906497702213,-20.402536660274862,-22.587900564089406,49.12841733884304,13.014169207532035,11.068913742241868,57.64039883127947,-0.16020950809395407,-10.68514795618075,-72.18940968476738,-19.455944687442575,1.2681624544022725
-18.969658683084642,4.600196078310023,2.8586197464473675,40.372370304228475,19.31743908704674,18.67201880787396,-206.31875770668762,-34.87068689836751,-8.86654698839125,-24.40102913224105,-30.355322774281692,-6.903924870119415,-23.608802850661085,42.23300881338219,9.88636175341052,-154.43724410181713,-67.76115435901242,-49.48318242762582
8.94651770923394,0.6421981855552943,5.523902641376536,82.35044345358153,14.17178411873504,9.000990746721497,-74.17985162989314,0.6275167167052481,5.3134377626760125,-5.075211701104617,69.53154286944056,-4.929024665181566,10.45506665997631,-27.56450919221917,1.5404968526952048,111.3433672459217,35.78958354711585,2.4235506329459326
21.854081828286674,0.18057339110723658,3.5172170753561756,-30.71956958497585,-10.58501638942176,-30.44291707321254,201.5683344952452,46.15555350227682,3.462664447885827,-173.44383915645912,-46.207397978818925,-5.9383234566705845,-18.641303628279402,26.96314318438057,16.720632695019617,39.02670870030829,22.107183345769457,2.509578117745633
14.9923207659614,-5.240616342437816,-4.173274360527167,-47.75247173386321,-3.8327138545819253,-15.57761863934898,191.09436154670516,18.436364812895917,7.93624705866017,55.63494324312227,16.586389001742493,6.570271355580352,0.0,-10.154618035307411,-8.570352551105998,68.82274157938765,34.284259066443575,10.009215726677098
-1.476471887090777,-2.778562144756006,16.833280477335403,-319.81508814716096,-27.232934213454794,20.60588218632271,8.043997278489371,-9.907466236064856,15.253170448890735,59.47356018729828,49.91442423513295,7.918381959799906,-4.715465765444928,-27.499678534371498,-8.27417062665114,-43.618683968014,-35.04351002188545,-64.41065771968056
3.8736612107550727,-5.309480055934836,0.0,-7.007022940420418,-4.234011610322533,-13.409181221086518,-37.53272316829144,-10.65794319763605,0.0,-78.8485190835596,-2.9110158274080415,5.254531290034863,-43.04065312919315,37.67442270482083,-15.767927788904986,-84.64016495961535,21.79966749402383,-19.63215030866877
11.407666261084843,-17.322801601625745,0.7428851955715637,-44.105862801929995,-4.853668214041317,9.679144917190628,152.00174290395637,16.522450128342943,16.803014417184045,-169.33584275300106,-58.36515741998076,-13.590537298005138,-38.009319779191735,-14.568678778429849,-9.619708605454484,13.26648121145693,3.3858748553588236,-8.273593692112343
27.324998118539757,-2.527599476460642,6.24346157935015,93.05940177451747,35.7371010811909,38.58378791553534,109.76712565007644,30.3436456576512,10.47136394693037,-34.25218244770798,-33.86967143176198,1.1710921590374028,25.32091068753717,-27.11526289132907,-7.653128916166085,83.36616569657284,44.636360523773064,-7.876276183360915
2.822824197219317,1.9775313383283417,0.0,85.67769915111141,-2.538406006600216,9.04297907867847,-77.21545035055988,-9.85616138386619,5.687195014720031,25.37019691518009,20.72816305211244,3.276978358992439,23.676135742162703,-17.753608307408392,-3.886123939082712,73.9431460265271,12.570798584686244,-8.325970177592865
-8.339800244970691,7.1407877206595,-14.533833647338163,94.71528356039497,-4.151869953591097,0.8059581595591915,-174.6299371600754,-33.76049489497305,-9.379683368946434,75.8084122902839,68.83507175204585,9.42993638258209,-33.25801672697347,-6.347551334560654,7.91906119774379,-159.74688211626528,-16.47537827644611,-21.400458867504227
-2.32411470205555,17.478795426264433,2.1424660968973828,59.89720405133765,-3.5519030834695093,2.9658585297094904,-256.59161264435437,-21.78349924443861,-4.273435339170353,-32.365874984922414,-2.5586341138186537,11.739051122641502,62.82918190634811,-35.47830103417045,-43.67511496122363,-70.03503917456506,-40.07784706091443,25.985501104244577
-0.49238043326856035,-8.987235631068057,1.4161425014761309,143.93745936858167,-2.8544084586416436,8.108286073897512,-66.36728399133825,-7.999122934772314,4.967848745136988,28.09728332558125,71.351215520792,10.64388297061327,-22.923567034295456,-5.007064682995155,-20.457553015206663,-57.16088580928543,-49.115768266537394,15.741010516602252
5.532109670629428,-6.648024683389561,-0.7807211861388416,87.44572334483819,25.352067143898427,16.805116518036332,223.18255712283712,25.981113086575952,18.4333272535484,-64.7439678559892,-5.16396309274095,1.0210446998634515,-12.031468007047161,-10.129352082640564,-1.2632336050871578,40.80138428481096,54.65768984193817,-15.898974255578025
9.228513842986926,-9.113866787955757,0.0,24.45688107992442,0.0,9.374066033483368,237.415460213463,-31.211711679475165,3.921250344863382,-100.92712723269113,-37.75561869632881,2.248204709103404,-15.761922503994601,4.863309032049716,7.881003792289051,51.891079960078905,47.455439335835024,6.237692304509011
-8.644699934988624,14.661150752437573,6.053294229903563,104.50320916934646,3.5515848661309413,-8.099303170796738,-137.23430141535061,-16.20973938100458,5.301721791673838,137.505076538785,66.29909906760284,-19.076920446122873,5.467070910728586,4.998204816360053,-19.111872669934318,24.985189858396208,18.098160504652245,-8.654802760088188
13.99357994062539,-5.7663846886821934,6.085789770909254,61.77865622518245,-7.781300963277992,0.0,55.590829777290715,5.148085930468805,3.5449932767088814,154.77822927447056,77.1901033870474,8.01431081970165,76.75508537453705,-6.511786125846238,-2.631090071115059,83.19545908142405,24.69204741283277,11.949162304792253
14.872577806898125,-5.639608414769497,-12.477030803164865,-85.83183414589801,-8.488439417759661,0.0,129.68303730678775,17.654467975424676,11.504818267499552,-294.92311613169574,-150.67357102087112,-20.317785871656795,-20.471458980707176,20.034473358278305,-4.583120520097094,38.97713222767844,1.1828676892902839,-16.239072168716973
-0.5514643857380657,2.2101620169755196,-13.723769199875317,-28.05687996048847,-14.673039164703841,-23.230030326783126,-24.316801813744455,4.521744284044428,6.8804190465341595,-83.65078854644003,-90.87250176967794,-9.250044237684657,-30.498281213440006,0.20228609850742013,9.890457192605828,-37.16561988121127,-42.14641230425781,0.0505239963040367
6.3190502150823455,4.494096888533866,-3.1938528320446555,-12.321127069619719,-4.20694751956854,12.142423689664033,-106.00862855476133,-35.34351940995877,-12.054595521757632,-117.21100528020311,-112.92145676047127,-6.258699086301404,-11.328619997871373,6.159836755759505,8.166742704465657,34.28825718689228,-35.909482460759406,-26.745499530369216
-35.945809116811404,19.292324939982567,2.200028122265399,-221.49577033207615,-25.983955343215637,-11.104768256980744,-234.79147025128435,0.0,-8.489779819210003,43.89839890544866,29.713990252118823,-3.3277210011395444,37.80756515760978,-10.483611708829262,3.4033669371795954,-22.34689219674628,-17.350193119128427,25.947682839400898
-1.851074009768598,-2.0559478897654495,0.0,10.451170149583898,-4.327326823475607,-4.29974373534198,-24.38915034923939,-5.452346586999311,9.583313423425677,-114.1632897059197,-40.75542760329141,5.067156877787955,-30.975469361479444,2.2344376326196715,10.725931375781999,0.0,4.518275019423607,-16.187289476957858
-15.0265283946444,-13.637095280836501,0.0,-3.034081609621924,-4.467411049897364,0.0,-301.45398342394685,-37.69919203352426,7.492593373881237,57.619399246317954,27.01349917490599,-2.6954213942250287,-14.344687374089585,40.92573173591849,17.264074587955005,-179.3716476075476,-59.52560379410708,-84.0611563579559
3.944105260873589,5.540819853969629,3.149424677927522,-38.67722205695276,-7.599745229603138,6.999722452068768,14.34149874804991,-1.2230863404168182,-1.330304655982729,-70.13099345022695,-144.77771528706404,-17.11152792360942,-30.526401869597187,-7.586210861217525,11.906768911121961,-69.61516113644022,-89.37943248861876,-35.254579823568065
5.56285957744805,-1.3900392525585532,9.84017784240231,151.42792107800744,18.2453437887141,23.772977520347293,-23.603154179596075,-26.708527471882878,6.5358227637139015,55.87682168325879,-2.684926975229165,9.914172818636215,15.554731927710568,-2.2701183792675073,-21.870902036855387,123.57839695409227,18.379531191434683,-20.67379786728287
-3.154191092654615,0.0,3.8725695242793323,-212.01354223522983,-30.838086318254557,-12.03219894330766,-146.04480367222533,-6.566304732776066,-5.143659411837623,8.530084421485759,21.242889662659476,14.643829514365786,1.0057431393529135,-5.4801782573036215,0.0,24.2903317039699,-14.96552448097926,-7.53257497678527
4.665597018149019,5.52053328506377,3.243982504233307,41.72819377453589,1.482018945062383,17.750360472146667,-117.87934975328898,-12.789465534008839,0.8309752293306958,-5.179759537251225,3.3210921816575594,8.146707988526149,-23.879658209078276,5.4751906620041995,2.140958753055796,-49.39698523327269,-26.123405072635066,0.0
10.578196388084312,6.46096701407625,6.812534335804252,2.756494007900201,31.635622443291638,52.14746569342235,20.849834924407308,2.6103228587329967,3.163790955673335,2.0506184104897045,15.315771223312737,12.043792381616399,-33.86524604751464,10.299770465481872,12.714558423802472,-47.5954092532878,-28.46984125996501,0.5732907309663346
0.9702213713300678,8.625394156711554,3.4867537919874163,90.45751696688968,18.900294038560506,6.164278424958595,-23.51577783878538,5.9574892422074806,4.5505999994544295,-108.11482462079557,11.921829663271382,-7.9459501206689565,3.3225227711775958,-11.901546648872348,-8.616307004186847,36.22910849172882,4.7611865425445785,-10.201792166830202
-17.022821858044882,16.381820059871462,2.2976122888526334,-65.21196491510831,-9.040710403962935,0.0,-291.3908644251207,-19.786616963230525,-10.376719097484552,71.00296081311093,37.8761436133106,0.0,-10.206762320006922,43.91648738580225,17.39972494712284,-171.91993631570196,-33.58575251012589,-59.47809462375409
-5.80366383956488,-7.209917389763039,3.0621216366837896,-205.08670560844942,-59.00630388557774,-53.44412771034732,-49.376650318572395,-5.325833214031035,0.0,33.852993721177626,-23.039391405602284,0.0,-11.084999913101136,9.451874707034674,0.0,-46.26088284401942,-49.440369817765664,8.445672057218928
17.24770523691251,7.889491692211848,4.359055533455335,166.93913816498818,13.01643330247746,11.880458512572613,162.9785693052953,34.1154293287847,-3.189676315256587,33.27043794896163,4.568593299727875,0.615609984335383,13.10518711493452,-13.075120685511127,-5.119684406365225,136.58781999998968,26.127069287612816,-1.521423368137107
17.15305231111416,-13.960309206428168,-17.91672330188376,-73.29226578563738,-13.675453413287396,7.854781810779536,131.5569744052973,1.8464420259316237,18.263646394138785,-148.41534728769818,-138.51978901162857,-6.986530942786439,-32.19957157764041,11.394708413673747,12.084386251786974,-17.958093649530216,-30.140433968851784,-22.830543287407806
6.644860653139263,-16.861635639217535,2.6278252296608837,-13.176476263147258,-8.675230821226396,-7.72960950871686,207.87381362433487,-11.270974792535455,16.48747559884219,-98.34055916230201,-32.38021707387418,8.39811655726587,-30.96738180621771,-16.211991167413025,2.7500883264117526,29.602834172519298,14.424433757739257,9.364272798943205
22.02147064746937,-4.171200224070202,2.5046405309677877,46.8092698769109,10.045310591909177,12.930400329058703,52.046168793236745,15.543845209580457,5.719014763403533,-189.29803706569894,-129.51976690215292,1.5237104538488424,-25.687403725186186,9.783078543171401,1.3876061827575197,-59.690972159867364,-12.423577043935495,28.366046156731926
14.010052370378153,7.627409074434218,10.41008241702264,109.98136386240154,28.8892862479224,2.3457316399215298,85.31153115861804,9.89267027949564,5.2601775545142315,-0.19042128635747413,63.32409726944948,9.051316378394377,-80.73578770746636,15.102350701729096,15.978261170441113,-59.73911226299978,-20.685159888059665,20.536370950245527
5.681461759680403,-3.5730579814122625,-5.370245738789665,-228.28510403960772,-22.15746545197069,23.017998727694273,236.85942731334683,12.150099273770225,30.455579570826487,86.24901503889909,34.137636794475114,10.456252740220949,32.21216120735297,-7.653090812807505,6.150579677415742,85.43999487082579,38.10637938029625,35.893897434911594
-4.689180510564599,3.6318107338160375,8.139347764889632,47.39791029465821,-5.770671728259909,-2.3571071531387,-87.4606682655646,-14.489702353574677,-1.3623003117099086,23.553112045388936,59.77873761530363,12.155061556193411,25.567732470291766,-13.09565473367142,-0.5661798892276401,-14.10713371173339,-26.044807615703256,18.61622644466017
-7.952857776374766,7.775976731302249,0.0,-14.042632549529907,-8.528588638491538,-19.364814234616603,38.8392470034822,-0.1515921037794576,4.500068662938291,-9.115030346188611,6.209484982444491,8.257283396231408,-28.800290279729513,-13.268051710529823,0.0,-4.126289705385209,-22.671767605221216,-38.94200791220679
-7.161386330951228,0.0,-3.649827155838485,-233.23306774254016,-19.8603166015865,-11.716308272266827,-210.59813038868936,-6.149012484358804,0.0,103.2742059529043,29.732325236356505,-7.939905552749192,3.7721504857605006,0.7655407975591298,8.693253596963794,13.441404211817295,17.54682747174922,2.3006963891355667
-20.763707464724302,0.0,0.0,-15.909213367947206,0.0,7.161271720055561,-260.4874105687693,-33.5675081459584,-1.7087134686114924,64.20100542696554,53.86536607419111,0.0,8.08519044483289,67.49703783318617,9.606601284355516,-173.34122179782085,-84.60947340742493,-119.0898893010276
7.014019089446069,6.5807150334553555,9.7607308349495,75.1487215786253,22.24015060440516,23.937281698767347,73.29788187940358,25.560974105990553,8.9962511765355,2.0975686502611346,16.70360044103232,3.6696648528282374,20.346204521613398,-20.76527408510077,-29.629151914121078,63.717802896665454,17.589049698419306,1.0781375738814631
13.05054503993919,10.192584705741627,18.0308126369319,88.9343866319605,-3.312534730057293,10.303705135189919,166.38897655642123,4.209975906678763,7.362535394863523,79.86877719285565,57.36794266928694,2.88644899882622,-63.0470384013316,14.872103951130606,21.99982382732463,-91.92770191253658,-2.4768901185466747,35.936464949077106
18.174323515374688,5.172146628421698,1.370197736765486,-22.3634064972507,4.615057943637339,-10.414007952026674,124.31329485346374,27.434737432679487,9.565641037161178,-76.22778261523862,-12.413325695684467,11.099691614050482,29.823822920631365,-6.19043447025523,3.821290456234545,92.44310935186999,63.607849839554355,56.045516442839585
7.923986279494486,1.796725645915111,-7.842550153787771,80.12932961414712,22.419421831035738,4.256073723835658,-64.39731278551135,-22.870604803139816,3.476085825151861,-108.2130095699721,-24.280395623506976,3.3155297432179145,15.19878426647163,-15.667585133996017,-5.496116454556829,54.43574112513401,21.044368336035994,2.9582110271895914
-8.775451653633333,4.374612191391827,1.7325429454923171,161.40091713106352,-6.917200747679318,17.088470505814016,-194.03040142487976,-38.36270216800076,-12.328603275603454,54.60427435135747,48.97689667177662,-1.026464680678383,33.859261714846376,-19.04951931565322,-21.78536028429232,-101.06681123398222,-24.849334969009455,15.92417470201687
-0.726642028589986,5.6266492928395815,1.1209386910605683,39.20562963448518,1.3056230347022226,2.4624982579921633,-65.99555399169188,-7.682938548954493,6.094748002722977,65.76298979281488,43.98714570852536,5.538039051161133,-1.8381157612035266,2.585130411221728,-4.508321522970042,-19.308331055972566,-25.070314205994283,25.546695653940233
10.56379289975723,-5.503293698344308,-5.337783132145939,-60.81378587085386,-0.13810778789727787,4.918579615513507,25.257269639984106,-7.968747981382322,2.9252438981933584,-210.11898830338436,-106.98445497692809,-13.450664874595729,-15.286961735085809,1.6404584590358733,3.2069174508888247,23.981908917368138,18.517292259003995,23.34165592790987
4.27729797693068,2.7110367400393067,5.401211094296952,-18.68995730961254,-6.499982109224604,9.839334872079498,31.555654924203502,-5.939708442970172,1.3417248168276017,148.7384708099911,54.8480421867224,6.1368841537956405,14.12976932754042,4.569073934242533,-1.874545798479156,60.06109368365808,-8.653196959000969,-14.158065900211454
6.776264975104642,7.885113819597943,10.438384036012378,67.87964910894692,16.370492042170124,28.492817294545965,2.81198309314758,3.182983178139841,7.411110482988147,46.336559288832824,28.641380761975945,11.679986534621701,-52.12786551402735,32.180098847939554,36.33808945429735,-84.91744740032215,6.098026949498497,4.483695495994681
1.2129598012024128,0.0,0.0,28.516963788114182,0.0,0.7607973362357073,-67.47738443631151,-30.66927011514909,-2.461745093365047,-30.41933640425033,-44.76772748158333,4.2867878296831705,15.588532352203694,-2.101054051446831,-8.057563311314647,18.011788685868588,13.362788212725675,-23.779669299041032
-33.110726408677536,11.576216732583287,6.8286996375622815,-129.24943339816267,-21.499530937071015,13.061491450854406,-221.61561621208224,-17.85539225230251,0.0,53.13224235506465,41.78091155194183,7.2388288910123135,24.910764815130666,14.573354326512012,6.888483896647001,-79.21979896000322,-2.601713622679807,-13.694847830970787
-3.46114465182582,21.04315873795031,10.169280079914909,146.34860822988588,0.0,8.449731339481367,-212.44328976119866,-26.613348746001147,-9.358856670996943,66.04241280201165,26.61650479682526,-3.4492056662473205,41.37048313429923,-19.136661465804345,-28.949741176497742,-126.44533774130441,-37.103962763291406,35.601834466689525
0.0,9.42626749849795,7.143515397799043,-4.269407750187825,13.309553591809392,42.15814836647141,-99.8199377910954,-30.903931932088934,-11.231927257281074,10.131256735175187,-17.69446317241927,-20.455431339296634,-61.10364055399061,39.52330088246487,19.941989691117335,-95.9679576686357,-4.567497390444083,10.319279637077102
4.904834725876952,8.423278922681803,7.513072508090315,-16.569186060643254,25.931033927091217,20.214966474302226,-153.5753014126854,-30.27380036691617,-2.8648325507943024,-118.5631039443368,-143.41668153458102,-14.099162137492755,-25.924889613945126,2.889328301512386,6.1629339990364524,-85.8763343223982,-33.83362032443235,-24.453948594923077
6.187414762789684,24.431277618985337,7.809902825714165,-60.44721653971391,-8.508610333018964,-7.647538768264411,-161.7767124409831,-6.476780174433146,-2.3279583821315386,56.354339106390235,-26.8566339322722,0.0,-4.266005078750104,3.9782136003066264,16.294253963941404,-173.65800816339856,-5.265968414284575,10.544362458240414
-21.19020065652007,-4.517973461484005,-19.58210706021722,111.62827515438097,14.586384113508341,-4.266852545686071,-211.76838531492695,-30.571380175523245,-10.032804676794557,59.54779415979794,45.54408602621037,-8.338901397069309,23.768076099417115,-24.26664635106907,-24.6491713261461,-47.81381429919098,-49.02342813443778,0.0
2.860350734528095,7.589824409306708,4.946088609567088,32.06437794935918,-4.520276193720145,-1.38216240186751,32.939054333678506,-2.586144471583014,-9.047369868048452,-21.48552587572192,-8.12331173510931,-5.016598204397129,-35.56838945556919,31.055681598426627,9.724844544499327,-51.13905754668941,-10.07151816922104,-83.24243712249292
0.0,-10.518022754137624,5.181974585197065,189.09534584388535,22.045153936805498,16.27942478222022,-37.15095975211242,-19.40762680045373,-13.550335952914086,-5.119278696380946,51.866552666473545,0.5823144188011614,-36.42858330541153,-0.8348935269830384,-22.165996031965697,-81.57885496914487,-44.88038267096071,2.7429152811632704
5.665940140400494,2.359142381328921,10.84677260598361,112.3151759656487,23.64769634883946,15.817309745889487,52.02288109292775,20.190740336601255,-2.8612301006585565,-16.890167772386423,25.29054466934864,-3.792651534094548,21.104990794020466,-20.37907102639277,-9.26496856102171,68.40020407988472,20.106963575794918,21.429362544169066
-27.572762606172414,-1.3642197296609224,5.223953607983468,74.09402522492141,18.244311033543546,10.342987753042948,-283.3639072122039,-55.15958292792189,-20.43212910879215,-47.87129915469193,-51.31565655388308,2.4968176996426164,-18.733959093342108,0.11739468220385092,-1.9223061976194655,-187.35142374300682,-69.53583488850367,-1.7651945401452167
12.911723947679615,7.5172648809874145,0.0,122.9788436745666,12.752641046889057,-3.0852657641634766,-1.5074483210141203,1.8081443512690276,10.322011776925459,82.95624782389575,68.40936125522632,4.2803687034064195,44.225258664170816,-23.9539309607633,-24.148772010877188,119.08571940487815,21.20705500607902,-58.645672628850434
2.820283240146286,5.33929558307799,9.800991740642482,116.65107681175758,21.060088346951503,22.845567490772073,287.517571171594,41.14710411369255,24.234502352670127,-108.77857679590755,-27.20723344007993,19.712704315811404,-6.960793498558904,3.3769475352931004,-4.7939558367775295,61.67501533978594,63.73801545536646,-17.78918955144718
10.425500535437623,4.768413867214631,4.746435938367421,-44.32391363197782,-7.001890281287966,-11.362739353883233,73.83079485264248,5.400845201028624,4.966639430624887,71.4775255171834,18.96467172574198,1.6071813624364069,27.340106286515898,-21.34265667522573,-13.679312136206846,59.720754690056665,5.225073299864678,2.1821499068272487
-0.9431779515966556,1.057154789461352,13.160224106563827,187.31114712403078,10.780304111013649,9.898250409352759,-43.81509818425534,-19.632754001632193,0.0,85.91785848401693,65.92449124207819,-9.155097707328336,30.75495776663675,-12.90041568685192,-11.057241737176932,35.833863162115705,0.0,-25.70070763130343
-11.157123909249748,7.7378731489193715,0.0,-6.959052652385032,1.0666402151425043,13.293462923287738,-181.32550611184936,-20.02129735260465,-6.2462167923800225,-63.665658654919895,-93.65494060490484,0.0,-19.557175066888913,23.889766965359073,7.217217677801119,-181.9332831738463,-95.57576653108217,-74.9017510890884
-44.889768542273835,18.855252656570165,0.0,-74.17767130063868,-18.605913970576385,-7.43206183174445,-217.00063661207184,-25.987317847606803,-0.9057745379287383,59.3907263764373,-5.197330302714421,10.5641021060705,42.280126413896284,-13.608487795737638,-15.585209511592307,-150.30779544932497,-22.795397046395408,19.016286680604082
-18.66079803678581,2.6103241614863393,2.7466814270102318,3.5152711493082442,-4.637621307135475,-3.6111957505071777,-129.61896335217418,-31.490112096818017,0.0,66.29891280061462,57.95474515642178,8.269928309867032,15.723363900320395,13.075538310010725,10.46597915597244,-6.6283159191259875,-15.625044255356613,17.35649325181333
-17.843922965093896,4.847790821254137,11.917697123414404,-72.1320340063845,-10.10448125710747,4.878415011482317,-234.43313546696962,-15.502052966166461,-15.116456455429613,-55.62202289857096,-46.20062679865654,-8.098206201576758,-8.18535473696803,9.828591218458628,-5.731357755636777,-131.9518741038514,-50.6586635525499,-26.95648366776345
4.237997984753312,1.9341077775190043,4.859060764725416,-31.774115328559116,-9.481335455019376,-5.25018361663551,-46.5830321077067,-4.719653710694174,0.6699891112447387,22.742020438424433,28.516371996969912,10.316725587105568,32.464299211559634,-17.304905789079033,-12.08223182145392,66.09186343197848,-6.070502703215684,-4.743004309073484
-14.37307311687216,4.000151383831141,11.035432824131778,-2.0169399293968446,0.8733925539609739,22.739177888413362,-163.32470326362397,-21.582519970883123,-5.5679690591245405,23.26632741644674,50.872444683408176,4.010204427595733,11.262198541656648,-2.5996429790117235,-2.848225173684469,-14.710258769977685,-14.047362071115693,30.669744679742223
-16.98496584891299,7.540802281841106,-7.1585408064538445,94.23588011244449,22.603053546201874,0.5571694729614723,-281.2018609330635,-27.465447290124064,-5.474648058703358,-3.87423085470757,6.962149377841273,1.9515255133039167,-21.744974198993376,-0.8945006958690839,-10.9297199354233,-203.43458206568505,-65.97221811292589,4.6551142413292155
16.738373918149644,1.7071990143125095,6.462421089660739,151.1463554061475,0.0,-13.489665739340644,295.8144141420565,10.50283200409311,-1.900514593800357,178.75049655673527,60.903130677690704,-27.918211046269604,25.409662182065592,-4.995928614473089,-11.364095130359214,128.34626234644924,71.27317735888063,10.296107153226103
0.0,6.819051924087145,3.115824094401404,28.65225470715241,0.0,-41.3053518508146,86.8812343950995,14.83741193181872,2.2638546224456757,48.7589486953007,68.72445959103943,-3.4005252774034322,-17.483132870718855,-7.091257200703289,11.532082651328775,-74.27376699844237,-71.31199605628976,-39.96164144945922
2.1904032944919662,-12.161404347161247,-7.530595546925218,-37.20258704884225,-6.631115776694261,-1.7711136779535022,49.55846934597756,-9.271457452442212,2.6451799490068866,-78.74710472868654,-172.3369163858133,-19.106637406433794,-42.17116717856387,1.8884572093586889,35.59143899791807,-48.65490680676988,-11.554033700752088,8.56995849941137
-48.766048507456965,0.0,-2.7312122271765977,-15.09089574107875,0.0,21.355276743227183,-273.16334797314835,-37.535467129129515,-25.355389399127255,-66.52068174880661,-38.67247669167823,-1.846802564438693,-1.934571961479648,6.753757526169864,15.975448434561349,-168.0821430710999,-62.5157866450103,-32.22227775402621
8.833391794699326,1.4075262944177578,-5.17716211273021,-129.65077961762364,-17.555696785347404,-13.323491523872557,-55.2101216597583,-2.590212780531589,0.0,-77.59590098477761,-41.635155879853805,-13.749527585180964,25.94117995786589,17.459671991293494,-2.9361953287969813,48.78175082456519,14.133216423165784,-21.853904542284226
6.079663385639892,-1.0463149056867285,0.3641405369761995,7.189759466446494,-15.481451119860854,-13.925795812699052,119.8189267642494,22.70983284224008,10.849807255674758,-7.627755236709015,21.72384819634797,0.0,-34.730822420908055,-6.142256614584945,-7.942031411377756,23.895843898624424,-22.012303416721398,-40.74227000429801
4.137400185925713,4.344520622051035,5.402653876495769,90.66066804241684,13.444466155829371,9.276889500913276,109.34476591298895,23.773563251525438,4.204713343538099,-68.70185462724449,0.0,0.0,20.472030372479924,-16.155297768695075,-36.89968169250824,83.6383009462606,36.51204926264584,-15.984349314554436
5.1324794928665565,3.3937018258216947,0.0,148.25469239324224,0.0,3.201059359955907,165.4667952834318,-4.399265071362481,9.35104483887937,153.58410350434605,68.63524163060609,6.571835749583402,49.099439982657756,-18.60487244037738,-24.183072140803993,87.64309991130027,49.71466471619425,-31.413412997098817
-17.739828859457955,-1.7342411748884365,0.0,40.94800611903145,-6.441128404776059,-10.983078765395158,-225.8354781981679,-3.329560835068847,-20.25203646683845,53.03362006637901,33.596699690810006,-8.461599059874734,19.959442762272666,-7.714863139765992,-5.72965371232114,-107.13251693503479,-8.30516265659833,-9.182201944352755
-9.900057733846392,-2.4914178676117684,-0.5964878324646172,58.57093525770006,5.315558784796974,-9.06751689239714,-124.18742598335668,-33.408295911116056,0.0,25.41043502408576,63.71496252522829,-6.965819583512886,-63.3260689390458,16.321843433668,-0.12163730756349309,-127.73086387360631,-78.48371450060853,-27.275448892634586
-25.28348678768615,9.203472238406803,3.1571306267634704,101.9130224396817,14.742659787695885,13.624441308897946,-143.41881385525517,-62.69442123848248,0.0551828602894772,8.888726717130368,21.290618815449918,8.694193957583558,21.152329091285107,-32.379945137726764,-16.12157311035098,71.51435347997081,-4.379946923286909,-19.119223401971297
2.428748555840334,-6.577432702499253,-13.652398872547018,-326.40421454411404,-28.842717252850637,14.904357044888787,-39.96237031611143,-3.6809960947365403,1.8085502325346519,74.2061142612994,51.36094060297783,8.431961805780517,-36.87412368073662,4.029931304074933,-5.761369781963092,8.980706838968729,3.1054305740758066,-19.297005088799665
-18.098640376013687,8.86753340801918,5.000629973084169,-137.52848867763035,-11.738990174922963,-20.43579810684559,-148.57834098429382,-22.917559513358288,-8.586243115566665,54.10492113721633,47.890206639986545,4.8125756005803275,10.958577079190324,-4.774578633414972,-4.602816799676469,-6.836695843645056,-28.50041879154669,7.626809293636086
0.0,-5.266553432001949,-7.9510023999828086,-64.03800296384837,0.0,7.097063761889248,0.0,-19.782339758098253,9.22112483788466,127.03721584807585,26.653331980266515,0.0,-15.556755005217271,-17.301641265987097,0.0,0.0,9.041734844665086,-29.704477608681074
17.778665001107036,0.0,-4.177998363490471,-51.32814103566058,-13.064241426926607,-29.05617662204653,206.336145442164,30.162409561682065,4.367402217728543,-44.01187840133002,-24.775368460336367,4.353864738253917,15.59899987627374,-9.825391567393112,-8.723418347255077,118.04219562051253,39.290477995437335,-3.9246921860019484
2.368010908699838,1.0005215108113257,-7.326335009030391,208.26977813064755,25.89229903210942,10.327886393673342,61.9917927120923,10.759587504961168,12.058609639957169,10.769309271919626,52.609009454604,-6.5366999246066,25.127652144946914,-15.25117971873119,-38.445069061680236,54.47887360688083,33.41717742045067,-16.50738049521493
-14.573487082775847,16.91379042150694,5.276544903981856,30.87226319105729,3.1070157869568127,16.563142346015944,-180.1419831411629,-15.472163564146687,-4.52930675545547,23.708120360376377,58.08013750543187,7.199663606416174,-30.465457191441867,9.44426466231851,0.23164334515957533,-184.53496196360368,37.55243106553028,3.7616264166515236
6.355257898537212,15.773104688716751,-1.4265828040173538,107.03141310041883,6.0548162804297885,0.15652623856862025,-142.33931868486792,-20.535505510537877,10.804666242763803,154.50514795042074,72.2359791225072,-15.783701095544322,6.048642959919755,-12.077983587396043,-13.66255227584143,32.03425227220414,38.80661770418922,11.704111610386093
10.72011311644601,2.8622314566513887,8.653466589709458,84.60932157864787,-2.8368020295835175,11.932179964177875,-65.73530966304351,-18.736982051802425,-2.1899698616299133,-86.43567061431764,-106.6824616654349,-4.209487479781085,-26.877766449094718,3.603375104136043,5.062007513921568,7.0022589319731505,-38.321137495444624,4.181843523832015
-2.467320774438537,-2.845167813976794,-3.6741719801520767,34.785227464881906,-3.9522436685858784,6.2663381409142636,226.55491443958834,12.877154876982708,2.7379089616877943,11.42050676302615,-30.230817351629547,-3.094815084125179,-133.69074234728245,47.7125820668357,26.8377816442236,-37.45396510233342,7.2423334859209,-16.219391782770288
19.22299075143934,6.461961535357788,2.0609466885181673,54.50585506360559,12.208602820565398,20.83915387965171,141.40161603201204,25.70476318556992,3.5500688335684076,-17.756446771872795,-28.457435279704686,12.625245794248851,13.60485042586371,-9.443848579140017,-20.281307265275505,73.16219909424103,48.63549492860632,-27.902846086384272
-14.293620352294637,6.818826710275183,-3.755659387085134,87.67312112944379,-6.894478281895698,16.79845704721344,-188.08174162088147,-52.316844220164796,-1.8016861960636203,-23.49002457016247,-43.23084912809379,2.3916260005480208,-43.27215734085056,10.75722301576815,23.386065388158038,-159.4251150622704,-38.090683053820065,-14.247038869812855
-16.323342574018433,-20.749369343468278,-14.164542761827512,53.97776757589506,-0.9070872683333517,10.38264787734419,-218.6234972723248,-29.549866262388775,-18.636708853783457,65.4547663748589,34.039598867414895,0.0,37.641561726046305,-21.463679223922238,-14.626979994554969,-104.20428662109725,-52.18693978423452,-31.848545585762224
-29.295025149581292,1.7066045612425076,6.135339357679384,8.92547195499169,-13.146082712710113,1.3259963208747425,-130.37388766249825,-9.290101043700366,0.0,35.08611073599921,64.88803072876243,0.0,-41.18934844199319,5.842881675985413,8.1255000547249,-117.3362543071006,-17.309365232762673,0.0
6.767775226322919,-5.934094049238695,1.4626232840741296,11.31273742845597,-9.82794988137806,1.3750465339964264,-47.92098995517189,-16.07190651991412,3.984360920620666,6.881824565001667,-22.31575275408425,5.735063342363781,25.49491155766944,-20.6278636515859,-8.47712432677235,62.969597316614404,9.804604866327471,-25.068974099360332
9.581231297329266,-12.02432017016496,-6.7172244278426625,-26.312869760574255,-19.76330312991996,-8.427582145729355,41.04011742369422,13.00590599410263,9.778559639713857,-77.61980266358628,-20.253727054237576,-1.081245692629748,-30.114732131943505,-2.829132483774587,1.8346406681901302,1.7654695829545644,-15.159814552406754,-30.33720926297312
0.0,-4.182841905800368,0.0,15.032050992702693,-10.742475566570423,-2.3659588439077175,-2.9340261788592508,-4.68227815333681,0.0,-103.99729920558913,-149.2768403972124,-1.0832747508301444,-17.766007541994952,-11.051195160308016,-1.7812096393497394,-77.8861581365623,-100.49870352471451,-24.893888461589142
7.319382800359356,1.585258953707208,7.555868065390941,189.3441341140833,22.09948503201207,20.016558013313276,327.2789388256762,72.06108279096888,25.658695488089926,-44.28968746314563,-10.678666868726534,18.328816138244314,-24.770755284881748,0.0,11.107601697837554,67.43164242014232,73.43721062226345,10.29613816627591
11.298714678032649,-2.891300284170171,10.370595064143851,2.888559322738123,13.37469813416256,32.55212176773168,-141.2668797446672,-53.084738711027846,-3.7542851017101775,-96.7455720349122,-86.85500966065611,-10.344646508366921,-27.55520052763,23.690261439362683,10.349251731742893,-73.51650589210193,-20.411109313823324,-19.422323959613493
5.066368314499938,-13.791319962328883,-9.35029964103345,-2.6278561256205686,-2.6135760043483276,6.10279259520295,127.88345597242407,28.741346067067393,5.1182995102877795,-170.7294452795263,-58.140424511594894,-5.722108635368281,3.2027882330643234,-0.4978960346721894,-10.506513287897105,48.7352789188065,21.468336367774523,41.492390050814876
-27.92881586293598,0.5986749567329582,0.0,106.71076385835951,26.99366130622336,0.0,-312.67034192454446,-34.565055576212536,-8.466282291357999,0.0,33.68224530816979,0.0,-32.20177485364463,0.0,-14.104761115901718,-209.93458668253254,-100.55227823216912,-18.563210076686232
11.50961706402534,1.209948756864539,13.183423304624547,177.25229690652776,0.5533474609186025,0.0,118.52661412100305,12.963526558095918,10.527528784700669,159.8111887138394,86.16767834507061,5.899702872387423,52.08221978258327,6.500455496278492,-20.94807517066925,148.22150998900415,59.209313090738384,16.106974692917333
-22.03146952834936,7.678140764763836,6.686950690020831,1.0018206520615855,-2.4066311379332133,-12.568226845248445,-153.16946387831834,-33.513371091151704,-8.325288530500806,-1.9078950463060333,-3.231245121185013,7.682153089609085,24.41515345783701,-8.304948822159796,-5.084974413902659,-10.092541691279509,-3.3574837995495326,2.578611910745906
11.845833032206375,21.22745602496284,3.3468941195016018,232.8794348937447,6.324269311415831,1.927072949089883,75.8751750942557,12.511312871332443,9.090516326399314,69.18840752020417,87.02597134939916,0.0,-18.750524106333256,-6.1111052231297895,0.0,-104.57617593529041,-90.99350150119464,62.99074611195982
25.70639624580081,-11.495264804322575,-8.994081298222135,-58.81599281425739,-8.74222645558685,18.714292284483818,287.50683462087846,60.059659492283856,20.804499807630116,-195.9395292390704,-54.33258852128144,-4.1800106654147395,-22.53986687202783,-7.757530050760585,-13.411292114462357,79.0640167258009,33.802009242706625,6.054112643471711
6.000443269155672,-1.643463187818424,-2.835288072309393,53.8298569784873,-9.272075814319585,0.5596435072414074,202.49394624004896,30.105232230799647,12.72736554586878,-73.53263122061774,-19.555842997032396,8.21789020520481,29.37433691205964,-17.375181451744083,-4.600595937711324,121.27733601214221,59.09157145937537,-19.266744465416025
8.683365128542496,-4.876910421185841,-1.2012219818062224,21.202765022195972,-21.571077115670107,-9.168641023962405,125.98088120248441,27.01219810591855,2.952641111827999,-78.58906683706009,-8.265512527826436,3.557721232960589,-24.531648703515042,-6.323651758926071,0.0,48.8116600515915,4.4631985542715995,-24.933653477894637
13.444374992898732,-5.230292594735896,0.0,-60.119494246134366,-2.462350249978984,5.836507837253947,219.29701744884875,15.769211719732953,16.515739547445584,90.97666322817743,26.609030641910785,9.728593150993868,14.278146707668512,-17.17773324380002,0.0,63.177153408168756,0.0,-15.899783207665735
10.506746388176447,5.774480254249678,0.2672323343946759,-36.47609143492926,-7.516239380535312,-15.06118308860659,120.12174828571308,10.198496085138292,2.6220531509643603,81.32590149783303,23.17409795856166,2.1516477956700912,35.3701350126619,-13.015027307561361,-21.203589763621423,65.25204983033717,-2.0255300519292496,-10.126344732663483
-3.2389005652375564,-3.5720506026656227,5.143310405516456,-2.8517944894866916,-5.28278635162596,-6.536192249610666,-64.10818928565133,-11.809446403233869,-1.639054379323573,-6.506385239226229,11.177196988898906,-3.8370520066709872,-5.953753491125366,-7.417971375267666,-3.0448867855012582,-14.943554836309039,-37.18216942434309,0.9894670153133518
-10.996063436369765,-13.95803961359273,-8.628289135340014,93.24447680044939,6.036442915883347,12.740911804689846,83.18148198261773,20.898161126048148,9.01404189118803,-177.45397707729842,-95.61009986014301,10.16411957988363,-34.543288418526785,9.084115923118931,-0.34418942993513596,39.65297385688879,10.049162817056173,-20.832530479559082
4.070339689252972,3.3352229559715902,-6.628259425579497,-38.39330104072004,-15.3796431904146,-11.231600578205969,105.49809682200905,23.803964137955443,3.084603042732001,-83.2838276269733,-20.15058743407851,5.00700563561089,-36.95622683468152,3.311538370496278,-1.797339905017448,26.38720869155249,-7.094659261295665,-34.42533313432791
-0.6464973272803404,-11.71801458959379,-3.654947471460312,-59.277979965457675,-5.283917642661576,-5.177550225839108,9.14584157287163,-1.0098295956428067,-2.7464427493572257,-117.7732636642504,-158.2270955380892,-24.03429104887343,-37.51714200516838,9.909125351135724,18.936300494731753,-73.41784742600872,-4.056985384082776,9.540694297410823
12.511268775415278,-18.150746099443754,-17.318566855611788,-114.98398582566244,-6.980537233063865,0.0,224.64860037566342,45.061950339949775,8.295224403249067,-205.7895218286559,-115.2063500974528,-5.622166851097849,-32.14679300170265,5.545322731847542,-10.966808916242885,-3.398143036896877,24.404076263155165,45.56981877639177
15.765177856587124,10.481581535199211,12.508857940455828,142.4418671244587,10.560767294673294,4.351103442183548,340.7787995035892,49.72011594781866,19.420163899538665,50.65710419922872,10.63606063041621,11.714639927986953,-46.62951716980445,-18.502766641643454,-2.9294874811910576,70.97946147475206,38.648379579003546,-13.505795724586733
-2.230057708869628,8.856247777824677,4.220857337688546,118.42259769937147,5.2958280506317115,15.052364768519567,-110.3491030063744,-30.52713292569469,5.8507583986548095,52.06784381849015,31.922674345532876,8.129146432886918,30.492392060740425,-27.09003535591704,-13.882831183846724,58.58015410577944,6.726793881277419,-10.571791372831257
-2.654133062286353,-1.201378844432383,0.0,-59.39251236276454,-9.485234358024849,-17.238426699710768,-17.11252264432729,0.0,4.197939580536805,-50.14506189276859,-38.61487993155431,0.0,12.114519751238506,-8.776535884067037,2.3909824258388266,81.4224491923801,37.57923482578183,41.291048576074786
-3.175968368023474,-25.027580489097154,5.388936002917639,-82.45122997546066,7.185069795102974,16.805103749929383,176.164490202742,10.49961459369121,18.73194284031536,-235.10327752286355,-89.52781447532949,0.0,-68.5999202667163,-26.127228519573844,-8.724388840205576,13.45835306649149,0.14061246421050555,0.0
12.371151049202792,-4.2653642458306535,-2.197694914227905,59.71826453577609,12.227816462654422,17.368497533018914,134.34248171843154,10.873600864994092,3.167404766973668,-16.630778714727313,3.881737285859709,1.4034208099297143,-7.592847141483424,-11.862948761935863,-21.95182459895007,56.71891675582384,16.844002816668173,-10.824232853870683
11.498703822943481,-6.046801653334852,10.879354014847685,-74.7457864409298,-3.7641060977282286,-12.565531684776111,206.63419231314305,29.837730179502103,16.903446292850152,-103.03016777519927,-102.32050645639838,-4.6451482634602534,-55.246170488998935,15.920748024791594,20.167278055660063,-45.30850537763698,7.434093637684988,-0.8704110645908258
-8.524353871733524,-2.9408465866950584,-10.822589719856975,-59.271013846823024,-23.42580504577771,-30.466851614125165,-11.897192766574252,4.1228856029606,10.597541834995562,-74.29485913193828,-94.26778150445595,-3.4153465225826714,-26.384706843480572,7.24381545443054,-1.8735619923869764,-27.066545354097386,-37.91564124253141,3.669076008878676
-3.3398405199247057,8.357563590773966,3.0638951798958485,-56.83540396444268,-10.51217354835675,-10.193707953484402,-92.28160489348666,-7.670400506762199,-5.012417793958967,-49.373401914468836,25.311219253934585,0.7489430988889049,22.76984042075325,-9.187628862094904,11.113474894593445,68.97905463753693,-15.468743504859884,-2.7150701876735326
-1.7102611560020968,-14.87222161673484,-3.482428865649926,-3.820594489814508,-8.088475046351586,31.450061127535996,129.4285619395044,13.537589004799637,5.6934873268053385,-136.5109328897173,-90.31305004456246,6.8598889390333015,-26.253083365918517,13.640497995052431,6.736757708884955,17.892207585192025,-20.48374904739137,0.0
2.2675240081797505,8.002359756573501,3.6888920707539015,61.53678581723831,8.435003703043678,16.19963485634714,-119.9501390795676,-47.85050259965261,9.263040791818481,-18.92620823257329,1.8919499711180845,9.218257979384118,32.21368087716377,-36.28959645558573,-19.339653633468565,97.58120560856881,6.7512079121364845,-15.6712702191842
13.17834473960622,-9.188938796298022,-7.9601344758293555,-86.53031458848884,-25.542156050592066,-76.57478115655384,112.87083714825015,8.905964080707413,-4.66437149113794,-20.525145080809686,-38.20852458867104,-1.9571780460236625,-37.23709428288451,20.719183980647788,10.775362865259952,4.179010037813091,-9.236626230233895,-7.063212670200841
4.865432528048827,5.662180881747347,3.146728338403761,10.130298557720883,7.244075008293783,8.99965708387083,-148.02500188626445,-28.281564697971305,-8.038327218039791,-141.1900128199299,-132.98997140848113,-8.596425018759904,-14.502344526850115,9.314342458445507,4.0173018047396365,24.51750342877946,-46.57014862925267,-20.877996732219742
4.785861666161487,-1.2112991186025837,11.899774427742702,37.36843926943831,-4.386758290801542,12.208012290253183,-98.19187779170346,-6.720891228782656,0.4669665389337822,35.90301078300453,32.954227999954455,12.36207732176482,29.551665992393346,-13.56961338612506,-4.1276186131847705,70.5033700673002,-2.5185111912263176,-17.000869793409166
28.913689927093955,15.839409562035996,0.0,131.7404712542539,15.838402645910088,-5.382276846554444,388.88021707845866,43.41854413611513,14.537335156055212,23.093041027041362,34.643765775838574,28.61079648719352,10.450378356091269,0.0,-8.763464704260134,197.50564830227304,75.00841652413118,-16.212163561523425
18.022014021901345,3.593636320297655,-3.718244579486424,-85.06773707137808,-7.502084913237831,-18.022468852323037,301.1218048514798,45.01698238690763,8.699430117677009,2.2874855690398173,8.795943794458886,5.660130625816601,17.41624870727944,6.911748159266822,-4.06196701632151,123.35163993069249,57.24803578084397,3.861638067825652
3.934110795784104,-10.16288130091877,3.566073046681834,48.03267676179374,4.3408810755216445,13.206276966713538,8.377829054253635,9.98216131880955,0.0,52.28062738898439,-4.351123635477691,-1.1235397728977086,-7.566623244545398,-18.24440316509396,-9.942332250953596,-42.36756984368329,25.51881229232302,-12.122204678632414
-6.814525867728659,11.956020492517075,7.630952905336849,45.825760187671534,-2.0383570103056736,3.7337277601286347,-181.1189721922308,-47.80967914801866,9.709170972804344,6.739755821505269,8.68425630627038,8.12891361926292,67.3192604934198,-49.09543316042186,-23.43975037064127,124.45772039146735,-7.279619340777079,-13.930989789366816
9.535396697965542,0.0,8.314789161001531,-72.00932971742213,-13.99452785295567,-9.765264145932811,-39.215619268199916,0.0,-2.0623555642180036,-106.56099636774945,-28.1386251494614,-5.228476749793195,33.56620721830973,20.556743114901852,-16.000896334764853,60.795513518450946,21.05093675832438,-22.212391381038486
-7.692569213137206,22.80562096439711,-2.684483366930229,121.11823145497156,17.654335238244247,9.878903905694587,-275.9672872191087,-49.3794277731861,-11.726744954852599,-89.99750611444726,-14.793929675013,-1.500407256889305,34.799068264395586,-22.73423769118411,-21.789455378342073,-84.6097340618923,-39.765044550531464,-2.819919026731384
-2.9747642419824514,-15.482068008260374,-2.4946216101673406,1.852911918189005,-8.424530861991528,12.103988570094826,51.441166217343024,-0.6414605210968789,5.797461931600988,-91.47517163809135,-63.05293356290357,-6.499521835217138,-24.933189192504493,-8.361013142100575,12.714421326937499,-0.6744729696367521,-15.25779805659332,-12.60545176268937
-6.489513203464468,-13.977971013308144,-3.1866612210414544,16.561079883764197,5.327168820359368,47.779385054912225,121.70204972499802,7.229275144439846,18.655531020984807,-93.65097856138175,-139.17932530125626,-3.953914073488702,-44.845103513415665,4.710522209862983,22.708413203102864,-42.125964515101785,-43.34976938258043,8.455074512742954
7.620057704438317,1.5221823502977632,2.362789580871669,248.50688319002015,26.1914572296329,-3.17091694475975,346.357228845437,60.01731554661326,24.550598735093992,-17.66899047899603,17.90081010728597,2.9978611088591003,-11.718619666774334,0.0,-10.625559431186447,117.33460603790051,103.80079002344397,-26.81399574009049
12.77157834272083,0.0,2.1135073280676537,127.95043641804443,18.040055287938813,-5.124697975353025,-84.72350198628627,-28.06307261590181,-0.11391188896974833,85.63991143004549,64.85265225928909,12.26460573807272,29.67625944660879,-30.566170934398517,-38.210670507177724,81.68742416830455,14.67530741887668,-28.42854254007881
6.2388059242575515,-4.025248975887628,0.0,7.780167659946688,-3.8829592374904522,0.0,0.0,-2.0587232596704306,6.394676682253717,121.30479701754189,28.58061117500826,6.249738206465971,24.6304467460345,-21.350784441196495,-12.028848602088512,92.87791599615554,33.707366819477244,0.0
19.25325770336534,-7.811248108824088,3.942650992318632,18.81843339126092,11.433896911507542,28.465538356157374,289.3001471204125,48.00122885245088,3.086046561888939,-129.5351805018762,-24.5930955863569,3.4775849108467933,-50.24670794705529,10.137592761170367,13.677798847634321,-10.602558044104951,36.49959159333146,-3.9312266399326177
18.492944607399203,0.9955323562184761,-0.11048880863775985,-144.44479781736376,-14.74489323625173,-3.436896039038085,81.53606583521928,9.33062046729042,16.583741992639997,84.54318870208408,17.80120242332425,3.2036048771973817,31.311540245514607,-8.933797144078891,2.065935996719889,39.52559599868839,0.0,5.598267585244486
-18.777385919845756,-5.742857676504694,5.925548390405846,-169.20453936381887,-26.07531092609406,-9.970267557725789,-161.07507617626447,-28.122945472466107,0.0,-9.09265731059022,-21.4872861840026,-7.195810364967228,-13.831871498287391,27.821749420730725,0.0,-85.73111747996126,-50.47495763374347,-16.77599984291669
-4.85252664312598,-6.999215954224396,-3.019298583244262,136.8389381377241,10.887018804375261,9.92976979002792,-137.55189108655188,-25.79638538687182,-14.6716993240768,-50.31625651304955,9.105405296500471,-12.855642481877144,-17.715638922118615,4.293261835951957,-6.424128864241228,-8.41049789577797,-43.93776946977482,-1.2842483090167036
8.494062319621802,-3.8997352157035428,4.569108298024207,-27.924702150395355,-5.640415797370888,-19.91133357168833,-67.7280493181644,-9.932674385659588,3.4702763538542567,-3.1374625108917855,10.739724231137329,13.411264604437893,-51.69578130500669,20.83677579606596,7.466950841050178,-106.76297657110054,-25.14464443701942,-11.80860785905611
18.159022761893638,-3.943280274120608,2.7288032161244993,-223.5123356498449,-9.503149696671857,34.64063186260239,78.40442134229812,8.376354948398156,21.45468895851613,125.6642794604481,50.150804703970195,16.978026436606577,12.230488353203272,20.14442661129418,16.294201604101392,38.38089385180312,42.27070465859027,73.30837447686406
-9.7347741916395,-4.54288085671445,-2.488317499071151,58.59730795770719,-3.4339722219367506,0.0,-168.82004352616875,-20.241251740778907,-0.5190785005821266,-30.564479867630315,33.780481744119896,0.16165765745004318,-31.821048484557103,3.837307022488477,2.764328881426584,-49.254657973977146,-19.61134375662735,-4.647230667964038
9.968526079762773,-9.693114139590692,6.102255755733915,-35.94554139566949,-9.42790151614196,-16.41727717579467,-98.66495795753512,-47.02503835956447,3.8427303613286226,-67.90317590207486,-73.66055418738416,3.9100080453126638,-38.61161548868201,33.87747339934143,12.297372631465802,-106.45328904465303,-13.615267855433242,-18.349269409812393
-27.551094360433016,8.050084675390817,2.2691324482003687,-68.33307892611386,-10.61771175411154,-7.077131116303295,-301.27641133764564,-10.741677355155778,-3.100971654221672,27.257189420482657,23.251783124494107,1.961155381067368,14.040416265454962,-7.488744383352094,10.3459215361022,-192.36821536697303,-44.56381509964718,16.109547467626385
9.905962452935444,10.353601928673356,-5.06632292101938,146.57162597264107,3.917047713198541,-14.303826694857177,73.1831956553727,0.0,0.0,154.8016401658232,58.27686186174964,-23.589741990302233,0.0,-4.419346650167727,-7.5641753658210815,44.607810445750374,31.499356410507225,-34.7079461622576
5.5391601513354,-19.47669777430751,-28.319664127485137,-110.75682545490933,-28.15954462018493,-7.9344889525983975,120.04148818508833,-10.224235921127082,9.597624601877317,-124.66642170302124,-166.29787591147763,-8.059750139985406,-79.44669739733422,-18.718978747041263,12.853645861805385,-23.003693083878453,-57.48140849143269,-30.64539064685607
-10.35296948650691,20.091338630853986,-11.358573122213432,54.726870394435025,0.0,-11.661769345926196,-153.16601030170307,-3.6302050351851634,-10.392868547073796,49.96495279551099,30.497855704722106,-8.061120426857284,44.19167114337828,0.28506064852696716,-11.422804068339152,-105.26675099098627,-46.58726499210674,8.165872884271664
3.5470366123679584,-2.5231554020528386,1.482498902687298,49.219416255715025,1.1370041287638686,11.826193043568699,-56.54619498313052,-24.55701063275973,-6.90130197633453,-72.70998819312499,-69.45209368403836,-4.046685130249875,2.2381994215925904,0.29844450870948364,-5.191650920635453,17.21124773459259,6.520033918580361,-11.514267726582801
-45.65038115456586,-32.83410852508196,-37.79028130948058,107.18760528389173,27.664189811017334,0.0,-445.32964539721337,-24.916628740704095,-21.154577949776314,109.24052302381061,42.5267445893191,-3.506762946607387,9.423474150095782,-4.424017695418109,7.4841789986867715,-125.98138556622699,-143.27779345606635,-77.28337369087569
8.190644222599746,-14.488258514300393,0.7511034872780561,-43.50893007476338,3.164559409497732,1.4510084007082646,34.17863429615591,4.933068783898198,5.0411330547809134,-103.2237311750591,-182.76252674570333,-18.021550021592077,-54.551201479973166,6.1282763269393215,21.91063344800496,-43.8074690356561,13.870765357949166,5.710883302655191
1.2872262545723776,-3.244119319788169,4.7174262172461265,87.86689097334595,7.977532340367407,14.122440963887168,56.25621895048433,4.145757147491813,0.0,0.0,-29.883179219160336,-3.582203867408301,-34.07397677104588,-7.337923337045274,-20.044463577438535,4.196185453935947,-7.964803130223156,-39.05508026698921
-1.2785537413233288,0.0,7.577132819455817,22.805085428006247,-4.926952791903139,-2.8081059352572555,-9.014619898410729,2.4762690731678516,-3.4084491811444266,27.403561191308263,36.09166596258514,3.9152543514948457,-44.69602368527007,41.09886803669736,25.72592259722415,-73.89201451351073,-33.58513504378487,-22.50088845695185
-8.154410704109818,7.209393254252785,0.0,6.8063456630216015,13.170488341243127,29.024984301778936,-108.90872742454755,-15.847932996074933,-8.211699325968283,0.660417485236523,23.94010421517146,-6.884876451380616,-6.64526221792462,0.0,-9.156343499979513,-15.81042114320162,-23.011560432423845,-8.180650317941172
5.46740173376638,3.1437998048110356,4.240370641317788,-279.5486838370371,-42.30645085311302,-27.909296859283582,5.728789234684583,3.942846216801627,12.262120848737316,8.550922822145706,6.75374213159472,1.4329009205939154,15.682149158397417,6.227618989412859,20.385969706324595,4.947063398576545,31.055178785047385,21.10325210430807
5.587685291122498,-12.253646716710428,1.7462621390482416,-29.062356015422484,-6.799819605456559,-40.057728894546635,140.70093422043746,29.886355896252482,0.0,-162.19890084477086,-47.658230505955075,-7.123708544258581,-21.684810641707166,16.003909930660914,11.823612513027566,23.10160177830819,15.639907031191981,-14.021595736726312
-6.0312355320821744,6.789453628625755,-0.5046373159484911,-30.080142645869362,-9.076807480171526,1.8519558252270312,-31.266953725385214,-19.939511611639254,0.0,148.37736947486817,26.35771274169004,4.448345362156902,15.909551256292186,-7.943315051723889,-16.07819706632547,21.767612546559164,0.0,-53.360047194049116
4.936442497754421,-3.6580252253736125,5.415180651555913,268.9773439254356,15.40115185598836,3.6923733042607703,103.15607522290789,17.36803637784458,0.0,126.20823140123645,93.86494260096548,-16.85218194053083,63.5837314508316,22.62114541552916,-14.937883607849582,68.11196100539821,29.78372507764988,8.648008327154912
3.9324158751899705,-16.313441213863918,1.8863113783508734,-24.760337886260547,-1.6010213871009855,-15.783846196093071,182.32842180183604,22.45177202550493,-7.120541692322638,-52.555724148809084,-52.51997352474679,-10.085727283951561,-16.30295301508908,3.702440928998364,-0.4711066072080787,56.17859488491765,44.620230087759595,4.319856008892074
6.210269618143358,3.1602536334259708,9.967243655049963,28.632379085342837,-5.6869982460507655,-13.33015792882689,297.05926602742534,33.31410775539277,18.310977401318915,-58.020949500481436,-28.919013214897525,1.124564216855541,-36.22706671320791,27.57680719063331,34.18098428051828,-40.88450008619213,-13.942775000244566,22.866195372399602
-11.593512391982971,1.6007672200810217,5.319236580642727,-74.04412936447747,-8.648723557630035,-12.909844289463681,-166.80236234647654,-25.56062495726608,0.0,45.18465058106079,35.597100346988576,7.594624798656317,21.78169897187522,-12.959845149916937,-1.710644686508489,-38.9511069356489,-28.51949996639921,19.24719886172312
7.830608850779624,0.0,2.7401655771426348,99.36745572886383,18.33980954199789,6.5839113090850985,-62.39039717704484,-20.051555453037714,0.0,-39.42944340837991,-45.265812996567035,3.3189338563001587,0.0,-15.085066647533752,-11.972586605136877,42.056814025368496,9.256955133744913,-4.332417327505137
12.930436280692575,-4.997523631198909,-31.474419982384028,-50.63632065582473,-17.699839775138624,3.712449245103228,295.46907699394194,26.104727508426436,1.382009960779556,-112.12131240870838,-24.748921760681597,-3.2874880321061055,-31.811085920176534,-6.26129922805678,-14.048908451356388,84.66200057947057,25.24191317460269,-17.616271249487056
24.146814032033184,1.4329871230834896,9.625437135202477,-22.011441302273838,-6.9789073968175375,-19.2374815423282,241.841723202991,28.110044598739446,14.320196634709701,-66.5704748239534,-47.15155553175575,0.0,-44.25028109061488,26.12138716526543,17.505563918497323,23.643324868632057,25.525825667884515,-14.326482810258995
28.473802427547046,-1.9249594828246832,-15.982784697827805,-148.49282140919695,-24.316694671647845,-42.30726752859034,233.62964609700649,33.104121226625274,0.0,-109.205970539812,-28.312061375270908,2.1136948691094566,14.223972398045566,6.306583585619304,14.213060543044763,111.33851781921541,55.63039131884763,79.01309763114111
0.0,2.9638487104221465,5.199737662772772,75.12244931205426,14.853802134192037,0.0,1.8564571386615762,0.0,-4.300625932621421,34.319622758190455,62.668239895924245,-15.502368148645564,-23.070566740546013,17.940196125550358,11.274685531423431,-68.72052026946973,-73.00588603926634,-21.222724290754883
-18.84679957277913,0.0,-3.313785963004355,112.46007939520078,14.720476908233442,-1.3066870170122757,-183.88210579747468,-35.22097804831322,-11.882519345478336,-9.546257398924427,55.793100655320636,14.316524280026881,-24.25514189242108,10.82911741736677,3.4941708777862233,-127.9784132832409,-62.69081025406182,-37.16197817663192
2.8444549029961603,-7.696554544838353,5.693844366814974,-49.72284840009919,-8.271469238348754,-11.539885770512981,-12.773893226991197,-1.737165750201688,-5.963017226970312,52.93481337449648,16.710497454502324,-4.311861961919963,38.385343789606395,-10.275946684606506,-9.492599877136737,62.75154358109181,-19.955960614111817,-26.773951280543983
-8.551666501539456,-12.462591228112206,1.622110827193918,-59.75504910970862,-7.097695357552298,-21.483309044284542,97.70504323088645,9.522098899145305,13.151484182758802,35.95988321730093,6.919745361008557,4.3334177968160645,-2.431755249557045,-22.33765341408938,7.764300416226846,38.64398056147298,-9.123322823322656,-16.11256741877355
-6.0714888410454195,-11.538848026798876,-13.037080134041283,-196.7217937022646,-39.09614555407317,-60.170788761283,40.35439191647106,7.294711045964402,-4.120002311305096,-12.164009034151992,20.5066179574923,-5.049445876497672,6.021473483832257,-21.494209897451384,-19.72504433769927,110.76613675602457,-14.904568430589562,-48.80152317468085
-5.558781037070231,-8.586230999206787,0.0,47.9907684799656,21.08207431963425,27.34608705083576,255.93618379338304,-9.823903396084354,10.676859169757634,-71.9617785855652,-24.215794969307204,10.774601133826264,-28.31680754191396,-4.611313413424367,-13.362086479810657,53.71355381492134,44.257129116034115,-27.064600712937875
10.955311887957375,-6.736427272538578,-2.389008472054487,28.63707550460467,11.805159935918267,18.38512224768957,113.65255152926755,21.067163574959604,2.0640887857701053,-21.83153849792204,0.31060938803034327,8.920122595016297,1.8392139082815557,-8.810250806941255,-13.757017028198753,40.156805781010334,26.243769239140136,0.0
7.365211688122386,2.325627039464953,-7.594862785137473,-14.522074412984502,-1.148144295491681,7.608254791625079,4.8137470569919785,-13.718503060577671,-1.6463675292629285,-40.63233572431156,-114.0989714179327,1.2539801533695036,-25.261598921921976,23.514678299556223,30.45338245046762,-73.9722373143829,-12.125661249765077,15.69829696579734
-13.564781134140253,20.036971146114585,-1.350003444748202,-155.3778063699618,-27.178098031077806,-3.8846915152614905,-199.28183293837102,-29.48350684295205,-5.960203180814169,-46.87189042378355,-43.85783481241442,-10.215592997982736,23.29419984478465,-3.500225129214719,0.23770180151792117,28.952119966710743,-40.49363410755764,-7.1116876697510065
8.396736803143845,-3.872097549366142,0.4765336143714555,0.0,-4.428270156082431,-11.012740474116852,165.56276451836962,25.737146145951574,12.121371574463321,37.10995294201337,19.724477007741044,9.572951538931399,3.999636068694249,-13.121768739308536,-10.364628246039315,60.44537379976872,-4.25889441831581,-5.510409940291311
4.044774155003118,-4.105410965469728,-9.007061738457995,51.331907633808925,-5.514502168325265,-8.494704252519414,136.72492527313935,9.474153559525586,13.371789836599762,-77.38347829091613,-72.39552432279412,7.443274715748376,-49.825069928079124,32.84784825143381,14.771476616341511,-18.067802562179722,-52.56567548128688,22.658982743371084
17.69529313537775,0.025982551893169822,-0.8667693796762141,81.68859529453415,12.533206633448373,-7.991969229801804,355.64461173930704,37.11916171617996,0.0,-12.364937073230516,8.586100819675522,0.0,3.2043203362179504,-8.322936163762257,-26.754264853707827,151.16566658175722,44.87296614644547,-75.78538629481773
-46.56233473810853,-5.579772667830614,-8.335432164541896,-153.88728871116015,-16.839920336862775,3.8043102008030414,-325.7175099289151,-7.265043150024973,-0.16023480141281207,56.49829482814976,33.00058284234757,5.792662176360914,15.386234030691844,0.0,10.850912600056537,-135.50183740946377,-62.62342958250737,-36.841058626025415
36.37584676043354,4.876563132860924,2.5519410258532895,-22.145330138844972,-17.433593799626337,-32.1026997939339,242.0374846104911,16.288311703040883,-9.82791939086396,-5.048241042173071,-39.64959470960961,13.199034817204755,-39.34675325580774,5.3218997841326425,10.369474118949599,54.23322373533821,19.562992718560643,-35.882566275133115
-14.474281909280194,3.117761113868674,0.0,122.7245033942982,14.870010896801544,8.54552468041028,-225.94033476025263,-35.20380598744065,5.092942992108411,26.767970958626307,54.70900678966978,-4.5168800759215975,8.82680539582037,-28.671749070549314,-31.02309094051302,-29.215737921955085,-9.402318920120619,15.121932501295447
13.428739328593117,3.009662179343711,2.293388014368277,-54.96886700246198,-2.7631394531576694,-2.108023731331252,-39.314910057659766,-2.0161569770030563,10.207490314181728,96.92919753373226,43.83752541958077,9.768703728045988,14.358113874100578,-42.49037359221986,-5.365676886393764,51.48652560282067,41.270890438514755,40.59019170378863
15.73326520062546,3.5443271089918738,3.6500981629917337,117.19858984195163,13.254994638183453,12.532450821708618,-67.34541422151176,-22.45758275991808,8.823114186494427,-62.09389204670087,-18.359301381754538,9.333867736809882,26.631332960666274,-11.699445104057368,-3.4512301537585586,79.57061352627719,6.806269480030351,3.074234153328348
25.900726531698012,-3.1726732069120156,7.744219087678644,-16.802710837149988,9.824589677837857,33.48937558214875,155.45268179827818,21.807952793407093,7.108600523839414,-256.94449189985704,-131.2105991737969,-5.804684382629587,-38.21806450943837,5.119820125380549,2.8104953915553637,11.544688051497642,18.668762557984355,-25.32067449573438
7.316501845506681,-0.9171205629484227,0.9114741501302043,97.594376812675,-3.4282741056644555,-2.2133311115928813,8.95905162238895,12.332542860928836,2.9055605865661454,56.305959771973946,52.39204715902057,-15.409732737654837,39.36683362151075,-14.050970142333375,-11.835854939804978,141.52889780937505,51.8572906741127,22.732183437640003
-26.354537114484167,-7.439081624562931,-1.5393859979672706,128.79930943223965,14.306394018256405,5.269106891228706,-234.80386334530854,-54.067087462803734,0.0,78.10374377929539,30.12159842073275,6.407290512096179,28.853728779896887,-44.40414157673864,-51.85664556482472,-4.836438627621699,-3.097463132258915,11.654273446087103
-25.657776100421867,16.549131717596723,-5.568789274007648,-18.1954703487021,-7.400692809682214,-15.631957153883759,-215.24130287662499,-11.144083935423804,4.756382182904779,126.62883559277124,10.817957996709257,18.375785101784995,77.60721686786826,-56.28916355975029,-43.79050920467345,53.094509273984166,-7.862900363992551,-33.412955652150444
-4.901799783989459,-4.608168700825735,4.136708174442589,96.45747872661607,10.209479583744006,11.058991182003597,-58.265731762302536,-14.218929436134037,-0.21368794439925073,30.389146467681886,58.79967504854651,10.663937237927293,-41.27489075873468,0.0,10.450413278847112,-131.42515818147857,-10.802813199255848,18.458959046191183
0.0,4.054788223237566,9.213431382880747,63.81731574133403,0.0,-13.037967084322126,-70.20372299440938,-6.289652642479053,-3.4765299524483058,67.41261904321313,86.16479341996917,12.682177194437662,8.866704032591862,3.3985125482923975,4.536022012281334,-39.100152839359076,-55.996590322529904,35.51150606936773
-13.282724747098879,5.136832977181851,-4.952391276530702,80.40398722406567,0.0,1.7650490485730437,-198.394599015555,-49.98227964560676,-6.805791611181641,-85.04661141136525,-28.926829306568653,-6.937456980383189,-27.408421142500917,22.07998399954064,15.122734796365272,-128.06461119072765,-33.98959539090777,-35.1891283967085
-5.011328759410906,-9.348406729240587,-3.756552490434276,-142.83434760762128,-13.47025946004005,-46.09705566854547,178.3759988639157,24.292157590133975,7.1010181924387705,-100.4349326611181,-28.979778696183843,-8.121209287056793,-29.796374509494218,-1.1056667865621594,9.677724307170413,46.304865538893225,20.210848652713906,-32.02190261114826
5.01382024682572,-19.31663640179571,-3.439542763413412,-56.552666427097186,0.7667118324240627,22.70939211268054,82.96658720571678,26.531104234567263,6.692450398573433,-121.42378768852912,-2.892525161655783,0.553719155308849,-54.834363971625386,-17.690631212909935,-5.363658689341029,40.888418631071225,6.29358423481742,34.71231445385354
26.120337630311475,12.324488939822292,0.0,94.45203616837291,13.721001789524513,18.519453663314792,189.0407814550633,27.365705133472567,-5.99724036983974,110.71243642344697,39.15514618531126,-20.970864599563335,46.786842725945064,-2.943269942780443,-4.935383026714114,132.17644084963123,48.08484826760365,3.760643806584312
10.371222812764662,-6.016167831255635,6.439539451913616,61.69649419297005,6.504557532312187,18.09180398146982,156.62313859310547,22.33325080633222,6.651991475600206,-13.83585894237899,-41.29995030887645,9.657209372958684,-48.855427377357195,-27.34783800233421,-5.822585658498254,-66.47061497395472,-75.8018738433802,-60.29475633952478
2.5958433167792276,-4.7479369956100435,-1.5053065505509322,-52.53880120576037,-13.42194908393803,-17.644279959072495,71.19763367478305,5.496504628173237,7.877347262273225,-88.29672356076038,-29.82099938121157,0.0,-24.81625534106747,11.15168215105487,25.580196913478385,0.0,15.43763622781897,0.0
14.386749859309369,-4.727469096968251,0.0,-8.366949578109097,-13.281422387374691,-25.670802977268178,232.97264290123644,27.317526041130694,10.720314354461557,-142.19072944652635,-47.19936240092944,0.0,-52.66032156792029,9.532210235946394,14.88663604551856,33.79170853563825,20.606037243829743,10.553451177464737
-6.104338799253977,10.718680177781224,1.011810191936862,130.10035252072345,27.017198417238767,-4.255227158039474,-107.51822619637466,-35.14793472585002,10.771912797111542,62.13967495570107,100.34476129667023,4.311730729655802,27.236096306212957,-10.347705542508246,7.936912190865031,-18.85365563269317,-24.52905084751181,26.00060631912629
0.0,-2.035514134825633,4.683353793663917,-76.5713371751667,-15.7306985215628,-19.212074650226445,-105.29934165776898,-40.418653245027635,3.4832348935451662,-17.917554842664565,-47.69948857058043,-8.50043339438454,-40.386682660079366,26.113629906883467,12.339164560341564,-92.16803903723677,-8.69210822834175,-9.89857163588357
-1.475331882976098,-0.8018222884276279,-1.8295572525185746,0.0,-10.687970609474593,-9.282210827294287,-164.59843336167918,-28.34681852755055,1.4774608829281428,-64.52445680695834,28.54582831394991,0.0,-52.595076496804104,32.53098985940786,16.849266605418972,-89.87283463220449,-3.5410545414056696,-8.183409982399724
9.02095983384038,0.0,14.699534149262849,98.57816454678812,-3.6103294095076044,10.61465446678774,17.352845132695787,9.256740186945,-3.563136780355284,5.73698702718253,4.1114907419508535,0.0,13.545012775830209,-14.785689495046466,-22.76988667898481,51.592702598097105,-3.081584017335452,-38.94137880117961
14.248835491003755,-7.147011326277299,-10.034293930353067,-24.3522089412123,-4.257287136211503,-15.447402101879854,197.8844828752669,10.94731797320133,13.892746448718029,74.02425337957698,26.250320367636434,5.408630350589041,-32.09936073500058,18.81144795482304,32.47985197942624,22.596439275376845,19.45259684939131,-8.416999364560809
-12.88237936620069,-25.82933738715557,-32.59438444740511,50.64435856808135,25.05890363222851,0.0,-413.6675681343268,-28.35249310693514,-23.3309728928864,84.88297042383076,25.405669118212554,0.6012033672233369,-5.310942628594397,-6.813405406491478,0.0,-140.1263189069242,-130.6559121363365,-39.352151814413446
-0.9368601397432438,-6.761148433467575,3.8761844851006466,14.686703339413533,-2.1946386429217184,14.48388017209964,15.724302807575098,8.285160809182887,4.475026905697844,90.15542219746273,16.869051971514637,-0.754228940030443,2.262214487608357,-7.484833626854677,-19.996433635656068,-13.084253057659998,11.444439330936948,-34.18213122322467
1.749692742217002,0.0,5.620686293834984,35.71517058042943,0.0,4.259190340310426,-34.52384069497582,-1.8685609796675766,1.337852026919406,27.314036033900713,25.34312147467187,0.6423701291916902,34.201937071074504,-18.138881606036716,-4.321827777632389,116.05070072713895,27.56602183143581,1.357931776562566
-30.058926075184893,-23.22724395506177,-10.219297515382157,141.01676769064656,9.456961052384356,-28.03044749774784,-257.39853245844944,-41.97864972470318,-14.64037307384888,111.19442645135676,55.81126282204942,12.537510113057573,32.18875265925388,-11.08109437719758,-9.67322291100333,-122.21982151987488,-56.00449140977229,-44.98742871467908
-2.887081430346573,-11.17406507335025,-3.190208712232012,48.78617496674732,0.0,-10.822534718249795,400.4787051821321,24.563645888088715,17.030305207687256,14.732787073039441,14.882234391834276,-8.159772598050964,-19.084727062289975,-6.400641231026419,0.0,163.1516165601923,48.06515990882137,-74.39623500507753
7.040550384904704,-2.0612845079407243,-5.434489431448363,-29.975158340448743,-2.1327912280034282,-4.784287157272675,89.29234436920753,0.0,4.396504826002695,18.884120292034765,-23.04007241135214,-1.4281723774802477,21.47041711123663,-11.724374889340956,-2.868047971042572,70.09611656915605,31.468563989266983,9.012313094190034
7.171383326869066,-5.548883845851066,0.0,87.44187929334284,20.82317156101326,17.31066184818892,104.73161043543145,27.232446224598664,9.508881499861245,-0.4334106971365708,10.138076460885216,6.220053600318797,-39.82106693852502,-10.280174355308699,-20.418938123031023,-14.802809801123352,-13.377303230364081,-53.891841609017916
6.138045782781628,3.5347536284797387,2.451126211309443,57.427307042122045,22.8055977920775,16.86956381500352,12.627417667876305,-7.8240344054608375,-2.7197157013072495,-71.38760241154823,-83.70326790363518,9.906478498905667,-37.14240174350694,-3.530390551891665,-14.686054259053664,23.063131763930713,-7.102323786080071,-19.858812266532254
0.3696779076023063,-3.213338112210064,6.9220201228507054,-292.20969674358395,-27.10458242464972,-4.228550116503576,-101.67228933032027,-8.865432146526416,-7.02369256296949,61.390692736012056,11.443034593366887,-2.167605126401552,-7.556665489486807,5.538817570849383,-9.250047966765703,25.01458650884774,-8.669517515170066,-34.37695012587602
-16.387527678490983,-11.03618408315738,6.7138930440727735,96.0473202705185,11.932055350677793,4.684775671581282,-202.69169443168397,-14.08651785576748,-16.58529793926248,10.174281791531554,50.283100514263545,13.655378009069874,-0.9880436329156985,-20.900490855122996,-15.143041708610408,-140.3095528221475,-18.436762132369257,13.44309005148142
-14.280296475964327,24.84212216285462,5.503994706652373,108.26060181675524,16.861904394397598,3.3043789381366033,-207.22979092294207,-55.100195405244406,-17.575411252619553,35.5577108393706,-30.56829022595564,9.177724094973486,17.87221414082393,-50.35675169072573,-43.80959100904745,-45.75722370068245,-51.066032017268924,-12.677452038924628
-16.358303118551955,-20.829278177546595,-3.4648269382963894,30.00428559740211,-6.122025320839545,2.177280468168392,216.85489364336166,9.993046560909347,15.256791110041704,-230.59498874948744,-38.127696737767344,9.612533332988098,-16.26929748207369,4.0692620870928335,-5.106720083163915,19.286451720020615,54.24632859371894,17.56943952221637
7.896603840730428,-10.551698429221885,-14.981869089270255,-35.616288424654115,-12.108588615719983,-30.91424375000893,79.3278475619343,-1.8522022471570592,6.303505089322263,-15.712162069033003,-7.57060748306481,0.0,-38.18765494381583,10.924297932182816,12.721317354332449,-10.045471400632785,-30.96443198025341,-1.4247270413079605
-1.6902278613351607,-4.233198874031764,-3.0485180653011,-23.713498371874376,12.902769999300734,55.883812356405954,125.65415456536783,14.887589968958817,10.321837159181088,-6.9658111862452365,-9.659123835400129,8.941144598886606,-33.61262306163777,13.639570315613932,7.807173449693308,-0.09678937157955027,9.120102514550949,-10.087723029954503
0.0,-7.744451664878154,-5.733724419511349,-59.97738509306017,-13.28720211887817,-30.141749500666375,19.56220533504412,1.937213084190086,0.0,-60.34198498125803,-38.02101751770314,8.882817163782278,21.38570777216492,-6.9748676127831,3.6766716853212262,40.79416647282103,42.39179613898428,52.400460532581405
9.90392882386771,-0.27561387422032024,2.5752021654878567,108.91828459571319,13.057960149010615,1.6642028185733486,-18.36201181401133,-5.41147071399931,2.785238108813917,-149.04694100337548,-68.94156842376819,3.514155815911055,-16.755955581410408,-3.801609253760375,-8.761832769276035,38.8181266572355,21.769432180469444,11.095735532495837
-12.180036014442662,4.90657030011842,0.0,-87.49159861471482,-27.57817934810364,-4.697758291808058,-159.29508854575357,-26.726729422594588,-4.118724682304708,-7.65721917302044,-65.77321008220156,-3.6253044258886624,-21.520644536025266,6.22864156920703,-7.5137128310618495,-99.39016772111614,-46.56860963027566,-13.966662881928983
3.449060156358751,20.815359207863132,-6.902367762077143,79.87280662777881,8.272771883162141,-2.1505118337548024,-133.47231040245853,-18.318740282518853,10.401836744511982,121.0541115838137,85.23545700863077,7.422420494883404,43.00216766569561,-11.823501701457866,-34.08656648114305,51.767836690488835,29.289213048170723,8.96777354669672
-16.84049442330201,11.873764478216795,1.4762782174766371,13.947033917786815,-7.973551294205852,2.1020130786701907,-154.30672031483687,-27.228298860137834,0.8816415235855699,21.945469064671606,19.457309234917574,0.0,14.461160930905708,-18.381262160932394,-6.987147879762363,-10.158597975025708,-1.8867520198348984,-3.6672242210846093
5.453468443983722,-3.2062446316694095,3.2213354636633116,112.79863089294177,18.062207814681276,8.980547714611387,95.75938341271213,21.63265900094348,6.9818800572724715,4.61297968262039,12.638939163388628,7.429833010138017,-29.68580533527767,-14.068287897208336,-15.148637333760504,12.751678345117035,-4.795975257723998,-34.00324836802224
3.5574312353179445,-3.061759951082592,9.555523536534732,-4.653260758383213,-8.660190109653646,-32.72548496170015,224.2688237594733,18.656789897733674,20.812914835388188,-51.84549296413674,-34.464142949424215,-5.716359878006625,-48.620915505118944,19.875528134221984,22.906885231016428,26.29530116912074,23.662297422829667,-32.70101596388139
-25.89911676896078,15.730843136686657,15.081903320431405,-58.006107387686434,-13.317576020075586,-0.5624424528439219,-237.24800487594771,-22.03373652546005,-5.695715033847886,-78.65992292567591,-58.331643168722174,-7.448320991625286,16.80086131753386,3.806955552346909,11.263095104164552,-159.9098837823366,-44.10094927160098,-13.104066694001062
-18.586983812713086,4.931158966832704,4.9999329735343165,-40.534384806534455,-5.922498380863507,-10.992334033906591,-177.10434875924744,-29.598526722672755,-0.9321377396069932,-49.52282503677727,-40.213686923074995,0.0,-26.130153142222444,4.904194834714307,9.341344411042357,-95.50947271243605,-41.80424107239969,-10.425209176664112
2.7349996527519695,0.6981171509248025,1.6810995965457434,-79.43493609015867,-30.453737335612974,-32.81113878074417,-78.46272367345568,-37.866717241171216,-3.2111821509471445,3.701980503283622,-9.397714500996234,-3.759079303088252,-41.10911212071216,28.176051626997477,15.508286125869661,-128.59928743806563,1.090995093016567,15.159018174438756
-2.9828475839332524,32.467101257237644,0.0,-5.133011566668098,0.0,-8.576276594161062,-212.369653757166,0.0,-30.170856783825926,62.81202804043547,0.0,-3.702650039527664,52.27909657212017,-7.551222412554735,0.0,-114.26542044051126,14.582700742860554,22.608845508757383
12.230464252284797,-1.7937151117397439,-3.177169607644471,-80.57721519858922,-7.251653453896934,0.887686298014556,265.2949012640806,38.455007081484155,15.171878707216358,34.850395906983515,12.276117306110438,3.500681559629678,-1.4082430681068356,-2.2697286474468172,11.979348106788443,95.19737213005743,50.032125022392115,8.670451992072117
-17.91463761168044,6.629281907268095,9.298770246042325,-30.542051563080324,-10.043338479167364,-11.345751273173759,-165.2160512700637,-31.8592218992533,-6.934965364242034,-19.08862906412918,-37.83089891995037,-2.999885097473624,14.935548740756529,-11.670503098525682,-1.8928287069004055,-85.4840875899768,-51.17546063808851,5.493186894496432
-11.970622510485391,-1.3565685823144005,5.01050097293738,-17.011231236669925,-4.680136738362695,-10.511309326964838,-199.18465346942926,-17.154377369752144,-1.5245965084783153,16.188106537618626,62.98621154439068,5.37481892018364,16.708113763968484,-19.014502156939557,0.4513464348518885,-57.9082680683714,-28.407182336366724,17.095960462509538
-2.6959690401781833,-3.2322930892465984,4.007464536461641,-174.58359458580694,-26.81039614098286,-6.846939962882207,-20.510556690081508,-0.985518914930279,-4.1468416402107,65.68781714665346,18.64755341248593,-3.553325123736603,1.2130582004947212,-3.3657331834056428,-7.24676565481785,27.33872590399668,-5.0717759688537,0.0
8.77147232605574,-1.4583495444023042,3.805309629767874,140.6976557731954,-2.325340514824744,7.486808190101443,-36.91549157072385,-3.770177807119664,6.144229955995273,-54.011034963522235,14.547802842784657,-12.186939110249295,-31.615465043543868,3.0370936540118247,13.076995618080186,-25.493937802893072,-30.589009240324287,4.217914036523936
-16.378821559321043,14.183934858736569,3.2573486444712123,124.1215269702265,19.639081060858697,0.6215823186097018,-220.59203289141269,-53.21893730886711,7.117990872994028,-10.216788954808498,0.0,9.193735512251639,-36.998137305339114,-6.791855534752934,13.223645445397679,-157.48509904869613,-69.1243753404501,-17.499814038269392
4.728867071642958,-3.762732594405348,11.471201602227714,-145.58669470468533,-13.023878864701938,-17.364837471728077,45.29532011921049,-7.096325066789876,-0.5727513398736809,133.42818362232376,20.965065315172218,-3.366043471892188,27.807723632903006,-13.913173759447936,-4.554653029922006,45.67287272493518,18.174709376993107,0.7438680599108096
-5.205374787144316,6.045453387592848,5.343182971193085,-3.4058451157389,-2.362807833931572,8.233624632908167,-162.2280861219042,-53.846372849585435,-3.106372680173971,-19.752559946173246,-80.61264849942087,8.364035650397195,-55.10213180243498,25.932209236354012,15.045611826486207,-143.24579430602935,-32.13574870501655,-10.08069221582224
-6.701318257233145,25.493234234041363,10.216342005322147,43.81306574024748,11.063139600202392,15.326528502752062,-210.5316520912191,-23.46772876192213,-7.137068553311872,38.19049969511833,17.467173305264865,13.244150134544213,-18.96780318139512,5.201112373677851,-14.144938676284122,-170.96434841889524,7.873980859021078,25.54771670692611
32.41061299502362,-3.5114429908975975,-1.9577378937261296,-14.728773296754948,3.815441421340376,29.74621346262562,220.8401554313187,31.33686871455522,9.57212467099138,-92.38936069973438,-5.325960197251727,-9.828940745646882,13.54394360719506,1.770832415495014,1.4225324517106264,125.946348800256,67.98130576310963,41.16945195155745
-11.55368062103985,0.0,-1.2064527958082096,-332.3179622998608,-26.683331816517583,-5.130743469034148,-33.34342324850452,-13.535541809016305,-7.400778674161388,77.6153948648725,15.71833310181313,-0.2484289344982544,-3.8293131854629454,0.0,-9.684850039615782,38.17418563133221,-9.028131102341266,-28.346926913745733
8.476696652418799,40.82474511253819,31.605486303353963,-25.73036358703196,-13.377482778169188,3.309110848140244,-124.1230883251628,-20.41621191772468,11.276994354908503,97.41437559842005,16.53421132044557,10.132149977859441,108.73971351443372,-10.719854602333616,-12.698281483736054,39.04927589881874,2.942285052238308,53.57426350260653
-1.6667417198896166,-11.159950988452781,-2.696770937804653,170.2538311608031,10.231540968254327,10.828629511113057,191.16553930725954,8.221962535904535,11.153770361689297,22.67423107406248,23.56579631583489,12.127386997644301,-2.668470994868925,-8.76688534143971,-20.638538410531275,65.03861807685723,36.33814900269017,-22.327616776804007
-24.818876237888205,4.428532466179449,6.771892887851469,126.2692993010315,4.112955672757346,1.6264859334371073,-78.9638775764117,-5.790075781630936,6.886435459949544,57.605812612802026,94.2162283773296,4.584563501455575,43.917667817055445,-21.623938199691622,-9.87043541267831,-28.55324752688507,-30.49011614041722,31.152865322371895
7.392221256023623,-17.06156918338237,-3.4375023996884346,-15.891237292695875,0.0,14.59905695032954,197.9963263264083,9.51514533765487,14.164676092811348,-282.96551284129987,-87.3445001891751,-1.9380050422415305,-29.10902420193855,-10.560543855544656,-8.258237367168498,25.82103338956575,44.54354948898217,-0.012514579383292812
14.232122888813263,-0.018211463839689215,0.0,-43.00952874392777,-15.431941431562699,-28.28519065247918,134.66063929157016,16.776869663774306,12.66502695886145,0.7496811214159146,-14.1175733247377,1.2551320110083533,11.22451114465825,-4.749319069700181,2.7795890622699195,69.41163845044169,11.285243965145764,2.370139197352387
-24.12887904748008,17.49284100783228,0.0,98.73458053399426,10.846593991729785,-10.600987266900177,-255.90326152709872,-55.94832579063864,-9.797320449875281,-11.578278712330636,14.10510149713921,-9.005060786875797,-35.50021307809508,10.204729145115834,11.841767218588423,-170.92254623331647,-77.19485316013223,-72.96821660700573
8.770712516763016,1.3835401371701574,6.157250431897052,107.70153207499196,21.90267665001935,6.800114715349021,-37.59006794821042,-1.0973165469042356,5.447064213780932,-16.716434207487552,12.881960097759292,8.302502806653937,7.99879110364508,-23.684731824524274,-12.357797599659085,53.142334540791445,1.2458449551287878,-13.749353363729568
-18.137060566627813,-6.7889936898087315,-9.619671984159188,29.353145093557096,-1.2196771682875225,1.886707456337963,-236.06392497231303,-28.272767729047406,-7.958639361823864,48.628516462006196,34.972476895635666,7.047745202320537,-33.69896681372971,26.28849348920553,22.88467075084787,-158.93237402372526,-40.73029681733493,-26.413522675730007
-12.015668573512574,-3.836227480647494,6.6115041929062635,92.52030863852839,9.3880434702082,-4.019471028845963,-171.9128336865405,-27.67219791544621,2.8644954693366684,26.399118917708925,26.062999622288828,10.04549219543769,-25.131849168984115,-14.517726574366407,3.878046480071273,-109.78953718404365,-24.74849196687647,-2.246729159104433
-9.713113038346954,-1.3077497062891656,4.7134195800655485,121.76329394538742,16.47966006438063,3.7266503600555585,-269.00817254034484,-41.80448991176682,-13.656128445825587,10.48729395015311,28.889958754202166,10.05979121308133,6.834985506172502,-16.741193225821494,-10.217793025143553,-159.51101006547628,-47.220271292605325,7.376544014453486
-11.865721262540518,19.938608972029872,4.354654176625251,-66.31058631383651,-15.32376397277979,4.23464429834921,-222.60189766136753,-2.6957693266569076,-27.10210021939453,20.448410687343575,20.152399346106538,4.476325606173719,65.3651914012372,-8.792039420623667,-30.91985804158184,-94.26031271308005,2.4013772961657853,25.322648327564195
-12.778405567144416,2.49484828653195,-2.283321047401308,52.88191425343987,13.212518677853117,45.08494760717257,177.7099597966623,24.392786479263677,18.470325251824402,-99.17360775111548,-105.20432552372975,-6.7298750666279155,1.403861450104517,21.68306686042131,44.58755665701339,-73.83490678383784,6.807738513265693,34.120961751977845
9.70650341340395,-6.750697400702013,3.752601935796095,-20.044364710855255,-6.760446882572138,5.634919870830118,19.33361536903206,-5.84103202815508,4.8022950605153625,-182.3761656334233,-56.39868736924687,-6.446340983446429,-18.150432880912355,-0.1953519454856501,7.67583902291559,28.345698320009483,6.2806121790599985,-6.737141510110575
24.847303367247434,6.443108819896675,-12.501683987652614,132.09120232535287,18.289948506007846,4.446110962498875,335.4052669393346,46.60514566831567,7.24233432964806,-13.25416668734228,1.1564735211704307,6.106965932572834,0.0,-10.71131014043155,-27.992878978212563,132.08595682655724,53.72868937031835,-50.26563009683878
9.648661853943334,-6.857299533946984,7.262756166056197,55.8769969110634,29.242182038366757,33.67087579010719,-11.648678485218015,-4.650254026831883,2.485074401411616,-7.380661578124882,9.489139371020004,8.856598007507174,10.84997548005866,-24.33678892498111,-26.008416408189838,65.60854743530743,3.312974263003778,-17.148056920423073
14.981275506982824,10.202570449920053,6.5487542760368544,7.297722153972206,5.085402391903531,40.18816907765463,35.07285134642854,10.60890684877983,-2.984166026599455,-4.46080163917864,19.175905012501058,-1.9081986387885286,2.7183124323300647,-15.877042348459428,-6.758929280786889,39.564468620711324,-9.538495734114724,-12.260666539744363
11.85980408790338,7.366703363127125,-14.216845159538437,-54.45353539937072,0.0,-13.403242874412765,214.48937532114934,24.470682549998365,13.417312317897716,55.57453152579096,24.749020585984347,8.887545332431126,1.233440972045903,-2.120630516375376,-4.758296344638674,101.87594544479215,47.77121400325124,31.37146843874484
14.731705045536039,-0.242238442598367,14.236721902943648,38.99826672784668,-11.235700864853177,-5.627351202960741,66.46737102944907,5.412281100020717,1.8985095692460563,27.229765674075328,51.20884893422068,-2.7679427648241184,-48.19868838548543,19.362588675983165,20.623648181001098,-61.57426051960501,-16.733041142629478,10.230478935729224
4.864982821822654,6.020776408029985,0.9308234554250263,-25.877628252470487,-16.187005487511055,-10.996162353125007,8.858718041848855,6.728441698586596,8.764055702598638,-22.536419421006826,27.60884726520295,0.28669653406511936,24.933726598922142,-17.144934039131137,-7.190562343867204,65.71849437210818,3.8817467324977186,16.33611613498286
-2.2809327106376873,-2.029098342661383,0.9128488023668662,0.0,-17.48046631491701,-11.962505937886625,-78.19979227964251,-4.641229639371901,0.0,38.19701434477644,68.6678412333982,2.051822552720983,7.392147373763074,3.7794912716531637,-3.0990623799726422,-31.799065980212813,-43.149459773743246,11.736631195101225
11.311488939868056,4.452565428444414,3.349298693816486,50.98801648043478,-10.150420147074204,-8.003574870636891,-27.021097524497367,1.1633698189597361,4.700423668843066,50.41963008038964,54.47751703139934,-2.384098787421151,39.15703248441495,-22.645054068952714,-15.687239800799478,28.347117600224056,8.201142376600083,-15.884445543934959
13.662252826189889,-13.165030210562838,-1.5141128506406312,11.74676842307109,2.5196016376972112,-7.143519715913613,84.53130810872696,26.604974908610664,5.182454473552747,-179.53788434342732,-54.81703089928039,7.012462404796354,-18.288317059734972,13.182931447087018,14.488862349862877,26.85160169474926,12.910092206693939,-30.787896082561637
14.451775642169666,-1.7707931863944082,0.07268948052521608,-24.044501692071943,-0.010786172457902502,6.882701355689782,2.876566981919929,-21.207540466864863,7.9985726809571185,-206.10274977997165,-116.83548807437084,-9.625153948207325,-17.30120002800336,4.799244376629757,2.9506406561602203,11.234382905649232,12.220781747943205,-22.8689002150482
2.0903335318973992,-8.65768417231432,4.788032558255658,-12.5643020489322,-13.780422111379297,-17.113113462826036,198.35920783543236,25.525149796110117,13.716299763691255,-110.54953630326646,-179.79820335128582,-12.161326154574725,-80.27923102514853,-29.001364041781653,22.74965534881714,-72.71535428161678,-41.09293431747293,-15.172855186018126
0.0,-3.7897947459246035,-0.3899202387536678,10.646632632039568,-16.00451053388642,6.3923911107231035,38.65142294553321,6.489678804137686,11.530789461453624,-70.74224469681998,-25.651985593678,4.1525943253990585,-40.396113240955955,-12.740709183157009,-14.967999501396141,16.908642265870586,-4.409959014439025,-34.094222712838686
1.9210248018580096,5.8410904869150855,0.0,77.66657167494158,22.20189264440595,16.041888969197032,8.187354043106001,1.2185960104688063,0.6394357090770922,-62.3645191448766,-21.860887219186797,4.221842170837753,-41.68864713559838,8.62289309411813,-2.452445690528912,-22.17182994679165,-8.739524282387402,-28.54416783975853
5.262901505360378,-2.2471773080671817,6.813610618206209,-34.73185746568628,-15.179933044023125,-16.568136001222296,3.5673891820631805,4.065043696025436,-1.1055546631012632,2.786695441680174,-18.12720038720381,5.264287109001929,23.260195954325713,-11.66231174052742,4.9382924312081835,77.30699034402751,44.404074900112136,35.593618680812654
0.0,-1.525069679662469,3.0561875255698365,166.6267430022716,36.05999097941926,22.924218340271494,231.53366832935671,42.035380324847395,17.91162046447342,-78.8285483189584,-7.15652004434982,15.467090646764406,-31.996288514505487,0.0,12.710476681423408,56.89180312460182,41.03697817565898,-3.6532148442158814
0.0,-5.065943089250024,1.61017313100542,-129.8202797045745,-10.048126442883024,-36.329890108472085,52.67674296881001,9.801951004296848,6.486072627593614,102.84723631856019,30.784402837775424,-2.605943143865139,72.08141896479486,-4.516025012814129,-23.39050608245762,150.26965185310863,29.24391273403743,32.24495662841721
60.522966981342684,-6.442689068652725,7.942326526061675,51.205723351435225,8.955877429095878,4.123240813202372,260.4850359978448,36.5838879501991,14.358967588607282,-98.08350535863352,54.44755057817634,8.807024188803098,76.66011522544808,20.082450772034466,18.36130118588351,88.51825460081123,87.60431579842607,146.51452621811268
0.0,0.7244583221753669,11.351064856439946,96.85636192222347,10.72070237530698,10.690001924877333,-46.22666187697242,-28.24282211405877,16.559270818769974,59.49855156786061,90.81363851361374,0.9916794882653934,44.33315802418856,-23.12095640448525,8.504783849222523,0.0,-22.300900367432625,35.974089724511714
-6.922996728300349,-3.749875028823468,1.0920676237287181,51.14574502908083,9.892718516608912,9.54494519686158,-19.524021709276163,-1.8783133832368872,4.986639510388534,-99.99502727113259,-97.0508184475958,3.6803821574783497,-28.341102666472285,5.004301558063953,2.298389402063251,-11.44066464877183,-43.060284575211696,-11.241311827422862
-4.265623439778518,-13.5296916937665,-5.823357472178952,-19.8921131162182,-1.9698467086801188,-5.560140939787225,9.473726811087134,-11.179372214390236,0.0,-79.94918110854366,-127.3185267761975,-6.24771629918548,-13.296888043177654,22.021158868363642,16.818974748415318,-72.63893190019714,-19.00772094346632,-54.324536783779024
3.963674554986955,-2.3637383093840874,-1.8495762136567646,58.643553992759,11.885978965936356,18.513106364271433,33.35078871958106,1.602773311168622,9.125717862481862,-25.37746943944404,-43.88764821237865,12.108083980954314,-29.84615040177696,0.33659865434543085,-3.366952404770809,4.4779247042127315,5.420660418329089,-43.249326599556156
5.7907256808547745,4.679893088311846,11.643888734324403,-11.14845304601886,8.476745021774452,23.000852098759964,-45.21329354768517,-19.567591570165696,-3.1314354346359368,-110.01288389347164,-164.3484980833708,-10.811375999864833,-5.351272946657868,0.0,7.229443247884261,29.534959583359758,-20.79800447697394,-6.0265103993029925
-5.92319496950416,-3.018604331890395,3.1754264009134245,181.7221636033445,9.105682177731843,5.8675819864992125,-73.13054424296918,-8.311792337110978,-0.7316616506348209,-12.354251774249338,68.04719223446837,11.700544243706778,-27.038259259655753,-7.944430501684153,-18.054353665515887,-36.14217176440589,-45.31921010372165,16.181840344115606
-4.12297676312384,-0.22946477041356786,-13.368655350137185,97.49183197555715,0.0,-0.4641440743363409,227.98009281051904,3.8119701846788403,-0.2938203414146345,24.717922780150115,37.61443869912569,4.814404990004869,21.919710229117456,-10.616339206234883,-35.79004818163852,112.80128224066416,26.124706043976282,-49.33038572877592
-5.763004073214123,-10.451438455469459,7.913124937536365,96.42053879570588,6.356769391083606,9.39236058364414,171.59762604684883,24.494344958102193,16.130352806296337,-204.04171113400264,-31.999103813350803,10.02720930163523,-23.856035136724163,-28.806820284149097,-6.86684880166778,25.84681108443581,45.1256558182727,61.54555380109031
12.543156257931983,-9.652338775384033,-3.678940820038416,40.02102936853235,0.0,2.4628419040089193,264.6588715403143,-5.35821525936847,0.0,-15.855697691989642,-22.399735071310328,1.8859960729521874,-29.69600297165758,0.0,0.0,66.21349954199381,45.73975450314896,-33.34177822613793
8.843354197124427,6.614947276130405,0.009795792147378534,144.7357523893696,-6.520555025630624,2.1705506503793464,-85.37801731129312,-21.787100226459817,-3.9062557210364757,-80.62093828108688,-121.75369525252341,-5.945153957969987,-26.258114642426996,15.913101517045467,8.05594979686873,-76.64751805187124,-34.94931773358711,-19.532897692262793
10.211559499903533,-4.670562055075555,0.5727366615194647,-54.213494295382496,-3.0467489202260207,6.673329177327999,-22.002333948181917,13.980265571212172,1.407291573596154,-103.77861124285961,21.278003388992076,1.2341424305686681,27.91143069151852,-6.499079729603016,3.0131561306728694,95.33193866993663,39.22507017950228,48.14223707632989
-24.528238005137776,5.126013154029458,-8.51191868215764,-95.44594945268236,-5.525897725140972,6.101886321935788,-296.17122659762595,-24.87603061870071,-4.553966931689814,54.18187611738172,0.0,3.112631295250916,-7.822227627063555,11.97428461160411,13.01312069692804,-175.88529546968005,-85.86896945562003,5.7439907718509176
-7.724562870001634,-3.7959098241744567,5.722408857345582,-108.10497684175478,-18.952994821513396,0.6329797148261591,-99.70979458029684,-23.2692042354131,3.294547990410957,41.540010945180065,54.79727314759022,6.890194895679246,24.0646544372307,-3.922146795433056,-3.8908185168949503,-15.624170153452528,-30.149642441754835,6.521998348878924
-21.05467101488415,4.881561620757871,5.1154227397480625,-60.32575266949474,-9.263457209162828,2.0805662260440307,-146.79262609680825,-21.16523862098985,1.469861073430153,66.82158555693772,52.324322936472335,-1.3298416430920936,-33.83697892714022,5.120164824109511,9.190023892521843,-104.71153858780112,-13.356768602185166,-7.418001062818973
3.9715399383477448,-3.491365352288296,3.2684618802364125,107.5804933431268,9.835926252611289,8.760535732377816,-12.497423452129569,-4.588009581067764,9.496593242694619,-110.02339716397657,-141.99475361846302,4.551242204736471,-26.27468745336056,1.341277927054688,0.3013042827742785,0.0,-16.002587317285812,-2.634840728090694
6.980083448735258,-2.03489435269582,-12.158253119655145,4.434443439619868,-17.176899162863112,-14.920660236429834,185.64634555559167,26.344843892759805,20.628653845649808,10.449892108072168,-7.302250899560996,16.029942557107695,-30.710978281496413,9.646363691662936,17.700146067780455,38.38160437410464,0.7751645192985915,-19.34095253297494
15.012090196651869,7.451292480606663,-3.424100010023627,31.410832822932484,-10.261241375399726,-4.276668432359034,125.9771103072819,3.711082471264709,2.780718607759462,35.61261324448784,16.621059156087387,6.17610979288242,-93.12141950300925,21.18752959016273,26.759217320127824,-93.76395822306033,-31.580940189375234,11.736033970531004
-1.1013745452191945,2.5317479170705717,3.205383251081198,157.070504561526,13.379224996564423,5.019370240658862,-95.96223640372305,-22.85798328715142,0.0,17.954643206472465,6.440047444818791,9.06897646417981,-35.195527079829496,4.735755217055268,0.9791419562122304,-114.2001571256355,-32.21854476911348,11.347956418504026
-37.9301171488845,5.989947709684026,0.0,-224.01636465194937,-19.774685563674797,5.690847663631622,-234.12251703775422,-46.528109112380676,-12.056400270197825,26.957335033381916,-35.18899345123544,-9.550538144630638,23.001199075694583,-38.335406191551094,-14.272623794071757,45.812323745021935,-7.841552702855764,-24.761315289183926
14.719770520532101,4.56685362345912,-7.826535582507189,-35.888300536366906,-6.839774739444004,-19.4322962094992,119.43473016229284,27.858242327692953,8.197399100152722,-43.183767825571515,-24.324271743035215,-5.992253549090103,1.3536530780489051,-4.586989300482723,8.744050218550342,118.84522090058542,44.3834327450183,72.03653019668769
-0.7331101398390576,5.574529395768651,4.430653788765464,131.90552730014866,1.483497288328187,13.467960122181365,-85.41040026178918,-19.488804519614213,0.8821275245256596,-15.438436925511771,19.35151448065273,4.655462892450656,33.87968592287686,-22.699156374508046,-5.425184050321322,80.37569928816538,1.9325447653974832,-6.283886409247742
8.620346633660903,-0.982915146285886,2.314609460137684,108.89177262591036,36.1757235580162,22.708931360830267,262.77832839696106,22.286285529750106,23.49875812624526,-27.030854799585136,-28.23810450699649,24.866340372855646,-2.519248512108122,-1.0104637041059736,-17.773939092237168,68.21816500139926,71.49243310432738,-23.783752696832153
6.504553592203632,-16.26642956803486,-15.525986100765605,-246.22198342520767,-38.73156113254286,-61.07715073948696,185.99128529600839,19.86058525433478,0.0,61.86301224773399,22.13763399028661,9.475507000132147,0.0,-13.477060215750168,-13.812848461985693,40.320736510062126,20.30584105420232,-5.387804940185433
6.485859842375763,0.5552208909013947,9.215089408348403,-77.46566080634312,-16.2496452317694,10.598292229053808,-49.660215872756915,-3.30924780033448,0.0,41.19632080985882,70.54504184962161,1.6362303529001097,20.192873063890524,2.1444145903937892,-5.509799820473884,-12.081239894130915,-34.73671465221556,5.4546104377077
1.602481733997373,3.053130927327157,6.925657307214249,-12.690474478589937,-12.842550637953305,-4.739640038484283,-8.887803031947186,-21.231360347080386,-7.40143518715427,-56.925893364737775,-138.99451922499696,-3.13382638398039,-19.491537904977594,29.77642316292614,24.323088375992555,-62.08445410739183,-16.638981181689164,-4.118437638225998
-18.787003146149146,12.791269226042743,0.0,100.27599179410616,11.82940391011817,-2.1162651102926153,-236.97849662450952,-31.422836018220636,-5.90476555719187,-50.30746813158045,-11.922703399842828,0.0,0.0,3.7395976690308785,-2.9183651605974346,-173.91256420964646,-98.24346641087982,-93.03422725878181
16.386237980141445,3.579068245705392,6.645942692102777,27.13346367260785,19.741900851955663,4.5593578370170995,112.77180567265667,44.453570591410866,11.012880775051133,-89.64239568052679,31.314575211876377,10.831421579047076,-13.807772004636805,-28.485549628413263,15.37416525543219,-73.07293913188911,9.15029237697854,22.948032371196774
-19.359575336618203,12.169333137753728,12.46426358883137,98.7944340414251,16.02816406328367,4.342091415182632,-135.04037927177205,-46.087690985819435,0.0,54.66228051268062,19.608982981070316,0.10344201963319047,9.090898389962646,-16.460684745834147,-6.977661426378122,52.2563584420011,5.478217457344734,-15.244392819589933
6.95988813770416,-0.8942310081569819,5.129103949540756,99.05136567032005,-5.614031123529413,-25.216924565376043,273.91988116901837,9.57833943594869,5.799477324008779,171.5621674078741,48.22051928289345,-24.193828681088878,51.07920813999264,-9.764116779409374,-23.590717518840282,139.45284993515776,64.49649614118375,1.299984890307428
-1.5407707154560426,5.185740534500292,9.408509926177697,140.39087577565223,20.40754728361407,18.983269912549346,-86.14888281390444,-13.380734538836043,-0.2995108574149864,27.482414589353816,71.33082879279601,-2.490684736923112,35.505405444006904,-28.476477350246924,-0.9918953068705462,5.798233017204098,13.138939210975012,9.409885191106667
-16.269938838064242,0.0,0.0,170.56505132676222,22.851077277114225,11.021466928651698,-30.758981679908587,-18.027287644582547,0.0,29.602920759093447,62.370609674342674,-4.658932262345355,-45.818199181931796,-7.669174952581189,-24.385803695270994,-43.819229222762615,-42.14006469092336,4.504476141121081
12.131158518824991,-3.460072891981529,-4.783652623566398,-188.2833379945444,-21.33686519659125,4.281835258170554,62.48120841525075,6.616976207962995,9.741283860997452,71.53217438891146,35.55266943137632,4.936882161519815,21.59069835595809,-8.469663316877119,3.0863987127197627,24.94853518018534,-6.078895917256101,-2.4929659714229153
-30.612114566835025,-8.57287759588903,1.0701938177482324,1.0900771232836013,-3.4132482672150974,8.299037675556885,-261.7288466541848,-13.573446042646758,-12.618352678260148,70.08121025840336,31.04985613904874,0.0,59.60740715616452,-11.995036693903792,-30.39247924811291,-39.05968756847811,-39.54629443477826,11.589963728965756
28.187511685288637,15.439702906829915,11.2162031134251,121.41982177301834,3.2643459628162077,0.0,354.5706766179178,34.53572284348653,9.311481453189803,79.34158110868067,32.55509745026823,5.949473515797166,11.396777436695393,-2.2184553863646754,-26.346582903980025,125.46486636320309,54.51203350408728,-45.01747501317982
-9.723116134764751,16.890579380683906,3.13247440722487,-68.38571478145728,-7.040085996323967,9.95999431357156,-240.28043291105925,-13.312725980554355,-13.791970420766287,-69.2405804420469,-72.49816909095014,-7.494298101645324,-7.8195622912198495,8.57530010519741,1.9126755855398465,-125.4187980562832,-53.80331450948535,-31.102872478377208
-8.38781552626334,-7.27469147587452,4.435974103012447,46.55616622554961,-8.706234106450276,0.0,-41.71867467792178,-1.17076576489142,0.0,27.29443315185243,62.11739152283552,2.7871742396114065,-50.55514910988872,0.0,-3.109882030103309,-121.59235776079383,-37.502529267956774,-6.381586958331923
-4.115167162612129,0.0,4.781556723881149,100.32311435529283,18.877261676494644,11.529342998296494,-192.21096320907742,-49.85231117892927,-1.8568919446129093,-97.13533514563716,-74.00521571718225,2.846995898534345,-3.131505704867096,-15.566144017137717,-6.346629909385822,0.0,-48.224499522456014,-17.029456248039253
3.0939140160521825,3.5355335607183114,3.4733351541187405,75.48443620440254,0.0,0.0,2.488873197842738,-20.43298522482945,2.433614639847851,220.42553502120464,48.96446891575189,0.745668066353683,41.86938038617493,12.640866977170589,-7.085944598902296,108.95965835948901,66.1785414029762,-46.42884179400096
2.0108271184823323,1.3765540338299598,1.2578577312075994,1.9083453764183627,-13.997644627311864,-13.197798685608326,148.1243233340174,4.425611098194305,3.0658984145484824,110.48569209879247,37.2257083609604,-16.76801341648141,34.01522506745624,-16.504194839302254,-5.351968447527088,76.88481108399351,14.341739981512067,40.261270149248446
-16.91373800892317,0.0,-4.571689524841929,81.18227251795095,-6.120218895296582,16.28698067108644,-219.5666532148862,-56.72936007966793,-17.70042608714021,-3.643362384276462,-18.473602306215543,-5.8562050330486715,-89.32827365338801,36.432915584705576,28.423989644178036,-190.27908142376955,-35.13535402795917,-13.113464476434899
-1.620321925293904,-1.3971459126275438,6.052148155247733,-53.44491953837698,-5.043241323569435,-17.944124483932583,70.90385158022264,16.251947069534385,2.6068161557944483,101.47875564376427,50.00502379271841,10.06783741736027,20.02921416393639,-2.1279310148691946,-8.689347605716103,112.54256081458142,36.472969631720616,25.590578650479415
3.312063366709447,-10.81870594599485,10.900302725166027,100.4319066639575,8.886710068634379,0.9906667450688725,244.6024255684942,6.474637812280817,12.189220919327997,-78.53464030971305,-59.439974801976874,12.292408558923482,-49.39288121272948,-26.665139172317208,-5.875718905837683,39.800245510927816,45.54904579210623,11.218412055765583
11.3783068073264,1.1100588102856639,2.8270530061588,88.3461941514926,30.59849682303594,30.57406027492904,80.66953112630623,26.239981643736588,2.8315615689966336,-112.53630726745548,-23.120229537464482,1.6865151785888357,19.952873666978736,-14.651702440908755,-3.9331315930583033,67.48834634005459,36.2406640992488,2.9308661903001507
7.779378611766823,-11.02275869805819,-8.89634427665947,-61.386437864261275,-3.305694440218939,12.296170031423468,41.94157670838368,8.570902983945366,2.677634609815138,-226.1566427913162,-93.70721759428021,-4.6945338049252285,26.750785324592506,-4.4463696105131625,2.895395954946521,36.891771366056446,33.85331622970651,65.64591644289263
-15.960310467561332,-6.524663157722664,6.802564568927033,173.38788027253128,25.310834142010442,6.301105278344533,22.1153939811534,1.4631471214448972,-3.2354802461959435,66.07725714786909,58.21771512734036,8.730587000907535,-15.323430992496068,-13.12157786355374,-16.58477936197782,-40.139691393824826,-6.902602660573558,10.623083634448733
-33.21745004212298,-26.22309909655492,-7.194606089393686,130.63409603448792,-2.6494425422799397,5.926346277536624,-241.103686508327,-37.26677802866487,-12.564256767019554,75.02914435178019,35.38957870637318,10.366180069789952,35.179235590817825,-24.484084293427394,-21.504473326822087,-105.31505429825376,-33.45661365993068,10.19478335177132
5.507594308245281,-6.398241057427739,-1.5434781192277016,-47.305519172766125,-4.209129761641514,-19.289172182182845,91.60768047585287,16.49482281850969,15.013238955959409,0.0,18.99142875598929,4.344109981599064,10.94699145796286,-21.853236109972134,-7.500621151375551,54.11126384222276,-6.477066460623778,4.121361947266138
13.483410254727247,-1.565948335900521,-2.7055131407701825,71.30902293540494,10.251328567135305,11.545534652850234,71.2986987398166,24.283068034077793,10.468915652581877,-125.39950398960174,-27.70857637773859,14.997821607956896,-4.169212793516405,-5.94792544366418,2.196552671546446,54.59913503447566,33.21375162390696,10.149355767464158
-5.3542315551347555,-2.624095981548766,-6.609406574332245,-65.52105735431958,-15.30881701620834,-24.028987784671912,-15.48878907862332,0.0,6.108446782913656,-73.37786498981727,-82.1106770127766,-7.547137975289186,-22.739442315961586,4.785306392497899,11.237716276769275,6.816879814068675,-39.31495744488779,-5.527207379433946
-17.878278960889073,14.661270092061244,0.0,-79.08359249921185,-21.820506983080605,5.354797668162298,-249.66783351532834,-8.628859229633159,-14.18106706267543,24.550767525286137,21.656879861745043,-10.168712672078685,-25.992986989688994,0.0,10.254069151705181,-190.0120981030236,-46.43671911554134,0.0
4.205706397623055,1.6279877595592962,3.5054728212843917,99.00203289796804,19.154236922257304,20.975178261138534,163.67927018934427,33.45409115787708,9.366286032542346,-33.695440975797254,-12.76582870221931,7.991588628935858,27.91528421539498,-12.06314672380922,-20.855946088237907,118.53970245143253,48.963343762170865,-4.521355999500884
-5.340595175426522,1.5208255050935422,6.193177146574635,45.07178044544949,1.767190709019101,4.927140261948343,3.95483781894499,3.167198397998956,-2.4180739975556915,-37.69384235911094,-49.255187038056704,-1.4825339570484088,-43.60133019097359,3.0246917439319567,6.9835714227202335,-56.10374967642808,-53.5263843917736,9.583384563780612
-6.234154924938553,-19.790538355729588,-9.610265434547697,-30.748610375030726,-9.309831795582891,3.1066482764252625,127.18530197680428,22.711400684367096,18.150786351029115,-119.4936753877484,-38.951535274301264,2.3822096430513726,-33.72809749434565,0.0,10.153310804816877,14.37822483336721,0.0,-8.164520180357613
5.388054609790971,-4.263107090978313,-1.3979337431765537,-19.044345104396655,-6.644322434109919,-20.20058516778615,135.30783118637527,14.936045211346576,9.092179460038516,92.60649223531016,27.03120962097316,3.8102955329016908,29.861982587518384,-17.126084913937433,-8.079527192601446,69.563015090089,13.216853357806697,23.117528436640157
-40.017298852587466,-15.179597368707945,0.0,85.81567006813603,8.446198589215003,0.0,-321.42155099869484,-32.149878918750304,-16.04561673514573,20.054372720574072,22.88313661859405,-5.96393554857604,5.23263669516129,-5.567198184925149,-3.0057913092803497,-157.9717034826366,-71.30962621807117,-3.9209114205904143
1.9458923316998442,3.041127869498688,3.1259871047523964,12.581821817122963,1.728375610092047,14.63780753552483,-37.58842466532517,-5.5441921361847974,4.370922383312531,90.27585564240681,41.08796042337407,5.72725711622351,31.882092011895818,-10.66423260699237,-18.728055645928656,66.96971160085911,0.8811027710209381,-23.92391297822664
32.556229785215045,4.691829253947178,1.53520507054322,-17.07018917303874,-4.879959951275648,-7.87903750644586,280.5063756372525,18.000063369203342,21.55569317487005,-73.77678605826917,-15.683495999944519,10.877709586980574,-15.200754910264592,4.675840764853295,2.1225701847705887,47.80455409437997,24.057982519236738,7.0949852266999756
-4.675014496412734,5.748517879346493,-2.5531577133008194,-1.0131282092105893,-18.552149015036086,-8.516423383509979,-96.66338989090076,-24.866800826384225,-2.5352035636778987,69.64582178161402,47.870561521433416,0.7430490476192462,20.178390903774552,-1.613455426390587,-10.378153047396568,-38.65725444533356,-51.88371212786679,18.54030304679405
6.801931931818598,-13.763797941387173,-4.981961174663109,-14.789906653673599,-5.419477799920688,-9.138828413007852,14.871442867918008,-8.316405159452515,2.5896201143894424,-117.43743476029839,-132.95843027065968,-25.039953661688354,-34.5517594843214,-6.265911891837402,8.296305872345682,-26.533054170679954,-11.830901538952784,-5.688020036553837
11.656571183269087,-3.8854673667489816,3.149636045734916,89.81589756497415,19.766567810652965,8.119342837845352,43.34815328288893,-9.439434684384578,3.222832286610971,39.07175227306582,-9.452923089463791,3.9176308170796177,6.778131361749895,-32.57119310113661,-30.036394029127898,46.99455989830833,-3.2063842991863267,-32.9231451569199
4.623616801319802,-14.581773031447389,-5.550260432661314,-71.93873797930627,-16.637947812416147,-46.645783171252205,16.43007634329351,3.590426248846588,13.144957933870279,-55.52370746663059,-16.196592475276233,-4.097179570141759,-4.575655504983341,11.673908586822638,13.654267422459402,40.95807638322764,1.311946272854714,-26.836351231739485
3.6004428013721905,-3.8731152668330493,-16.840772285451663,-67.6498160597891,-21.239418850566132,-30.426802653603332,95.85828551578459,4.5176617274696085,12.729387029823762,-121.47850217942023,-168.66079144951348,-13.018822496740471,-15.316906007042821,15.783909405649029,12.916261486109113,24.822113268754546,-17.477714865711164,0.0
-17.801122839120023,1.2270876070354624,-2.279695412540473,-4.66976657053889,-9.941199858395814,8.249621127843492,-113.30410057953257,-43.68524739016105,-6.662144029657513,67.75619176335668,68.36232951268877,8.27454305509653,18.77878037405597,-7.984588214576749,0.0,-45.05156207574379,-50.64793844066173,27.926596140570496
5.488823415067271,6.416208923281816,15.30471992866708,-96.53762138912987,9.089224333049016,28.243862975862147,41.23536384171368,0.0,4.398650633316397,128.15198242359278,86.33215996179707,0.0,35.58058285772243,18.52877672486726,6.833707344300658,-6.843285448160012,-16.010954415288648,27.342526377655645
0.0,5.40046804005762,5.148768328893838,50.008435270225384,16.390499005976253,29.299862345353727,-104.21373899305306,-18.446516498262607,0.8403893996507985,-42.793600621006895,8.525308979966876,0.2527720468522686,-48.918265376799596,2.0298498525760773,-7.323773160441958,-41.79928338766989,-26.07770489525452,10.155717416909425
-4.730785329130642,12.461507550262766,8.754023434916279,150.17442913271535,-10.185062765664453,11.387367932674362,-232.0015995141434,-50.32650703303273,-9.730339696811882,-70.95829522702088,-24.4438527923696,0.0,-29.668258634991208,8.694109361584468,8.501186447047314,-197.2337448618557,-24.418889167068034,-12.686059537409449
8.708835857475888,2.410788495559124,2.95837285710917,-35.27644610391727,-3.808179132838721,-13.544713472868763,54.79218821121097,-6.006077522134479,9.842357979662681,147.36377772764556,26.55242759041061,-0.99318715265781,27.597814867200974,-12.010397695273216,-5.457540745114356,146.78627685173993,42.34904127741094,21.065947683170407
1.6496139875644016,0.3863096521831029,5.370151295501738,62.50520792630002,34.9562864810865,32.263988843223345,-7.979010303089075,9.083138215987772,-2.0143438757948853,-21.464193050180796,19.983242875796364,2.154884596155607,17.01311393392288,-18.832815247336928,-18.46627309660822,62.02362859430707,-7.2357051800259775,-9.070230487702446
13.375035123674726,3.740058935899806,2.3967965257353137,-136.83636363850403,-12.974224910370557,-29.26121383034926,56.415663240347065,7.155446647422989,0.0,45.04647546618875,17.750535922047074,6.168997960546495,34.09451797051654,-16.64786402061999,-5.584284799680898,53.05576930288151,-13.090918666979494,13.261429021792718
21.856002461343298,-14.782912248013934,-14.261034294591441,-126.83292039537483,-11.758174260377178,-33.92316314549299,243.0044215011675,53.35878551805257,10.007511446159802,-201.83607132367734,-59.75542068380537,-7.949985173557196,-1.7270773194555509,11.33947259362664,-5.096781585224902,68.032617506168,49.7885035391971,66.99160163765839
-13.351958588072629,-0.2509959559923009,-3.6512072220012897,-23.798428116051557,-10.220447241324798,-45.33352802283085,112.22446115867665,23.435209635740243,15.169921022646141,-113.1057190963048,-127.0916337278438,-11.633366302645626,-54.59915062151461,4.585071300401637,37.052621223430734,-76.41057938322044,-20.001142923006164,28.52866335233199
-23.975757875788325,-2.898498758166373,-3.5436611039826196,30.84257370568799,13.139989241373282,27.093091509634583,-218.05285929390035,-23.405995166248015,-2.2028286711380853,69.59602105444569,30.629229142854733,-1.5295361020910214,48.179485538787624,-40.05216996256215,-34.35458182723156,-21.044495927416424,-9.864070882676415,25.816879781481532
2.8704342088357033,2.7919252083187565,1.4030393044386047,45.17914343327437,-5.927736692355589,11.223763732717288,7.617063806548522,1.2037405449909164,-1.22581404003875,-92.90538722313899,-33.23366429404031,2.6491628146506963,3.770777894715704,-7.521597089733385,-7.81240041054618,42.94682304288832,13.113184998771974,1.6132452804396031
-4.727132085032303,-7.511013721993249,-6.7167932456667625,-93.49924495782254,-16.774023164953842,-47.72434995803389,59.5039545984815,0.0,0.0,15.043598410217234,-13.802201683613147,-6.552224089432075,-34.920947707774936,0.0,15.618585676614883,16.870676382384648,14.887670936858683,-12.29696544421681
-14.974794710783588,0.0,-11.874061196181781,39.492884170326626,1.62081711118674,18.732450235110072,-235.5515726080064,-24.828240870501727,-17.330146999004576,53.18998590221211,-32.501498476693186,8.0257035900105,-47.904352863949775,39.016814953751044,6.097977479467252,-224.91038818447188,-114.9221560136295,-54.39317983507874
2.784492766832879,5.8272020605159955,-4.52072617759514,-61.60135440839888,-18.96559108520924,-30.122487973506846,-32.07183111320955,-5.541523746940569,0.0,-151.7108600358827,-33.81100141507013,-5.880350098480002,-18.006788578090244,0.0,15.444689621706765,4.254300273474442,18.66812988206688,-22.359420235680375
-15.593528018422864,-6.610767277098774,-11.856904317412178,182.79225744374207,12.461370883751803,0.0,-274.6038744403604,-77.89955458191247,-1.4377729407584354,54.39766603400942,70.0362283143749,-2.555821127252187,34.59693125249266,-37.69995873146806,-21.331891242457235,-6.350851930319162,11.284968992349976,4.180574945871669
12.502868362476645,8.172225106143847,3.631811346561401,131.21727460235365,10.734125007313146,6.311224029718751,56.68381562699807,30.975920568412672,10.562709651380976,-145.99454707942934,-95.81984845293447,2.9895391605995316,-25.18169327676328,5.940996456516039,2.5950162484525396,33.41329389349239,23.65038906315067,-5.727554056067433
-21.511999916819125,2.454939758591256,-2.2961618629064295,-67.53382107280603,-2.2359663151163662,3.7317320549482504,-90.05733201494138,-35.89120051529781,-7.546363799129239,91.88001187115506,64.95340176121432,7.79414817881008,17.320585521979254,-17.076045513040004,-9.472122422680677,-42.54805135795196,-56.084803926058235,3.951882316106122
7.632817383838179,6.997956661579303,-4.800521122032562,95.64169295065528,-0.2938781421193244,5.342142448913494,-52.238009671295934,-5.770416290632645,2.1205293786694863,-19.40858094479471,20.43786859856676,0.0,25.5861375283383,-32.922961790946225,-37.68454893379554,82.52378310327045,30.27309373928794,41.845929732793664
5.158562838638111,-2.1273382092037396,6.458605354940873,68.58439283102825,-9.411044029725433,-2.645236116511865,59.86779225060533,16.308618562991537,-1.6334110896672411,25.4936167671746,26.488214054131884,15.627985202227023,14.289788952168802,-16.398468876764973,-20.017240850296925,45.69724767538581,-17.90594747410017,-23.681270134525164
-21.991507074038363,-3.25348534927469,-4.34515572538201,-17.692516506236096,-17.522990329273476,-13.81207959650822,-113.54176926755892,-18.85540612815997,-3.5524023567006298,57.94266905740898,48.13933251069323,-8.79227800077277,15.93321616287433,-13.704819609379557,3.3598904735588477,-15.402145734637113,-29.43671854153588,21.55560657671839
-33.69503930421527,0.0,11.641100537321874,-92.85541276126486,-18.444128511963722,-10.981171346974083,-330.6687985712281,-22.29269346850155,-1.3051604588930312,44.92002278737045,17.43480406397633,0.0,47.30853877396954,-8.092837325500708,-4.520582508566474,-176.85223337110432,-55.150403821886925,15.242871282297642
-24.446365152193902,11.858514089626256,-4.740246213032818,55.55405650862304,11.649942173635628,23.564857409185276,-191.59541271972128,-16.074003975337707,-12.17955804484915,28.784669528742842,45.65408405478117,7.777141684354823,-31.865966634296832,2.2502914385468413,-6.085183975400994,-168.37252869536454,-9.05640548864923,3.292852979609904
0.0,0.0,8.479704500309373,41.17934066819956,2.2278195874165747,12.374820166898207,-11.583157580676389,-9.544663187482469,-9.187527430114637,-52.92518215789084,-133.33368825868428,-9.794809768293828,-29.262816802059437,25.092162690157224,20.68850748121041,-65.33792777589275,-41.40587232332413,-8.155213806825003
13.020484134888408,-0.31458695550291366,5.005220434528231,111.69089987436328,-6.798765569340635,1.9693857639946852,-53.54183483168998,-10.332729488205267,2.1717814281648415,72.53730166447642,55.61516370938356,3.215321602595333,30.50722185706849,-3.226979910009469,9.875203191041178,42.7485181453952,13.58725516858259,-16.89328696881853
7.393272838629022,-2.3288889350226825,-5.458599265190977,-62.3207715396775,1.4628866571947312,-2.9199318791584585,210.95993415277258,10.062299464964584,3.7780086843589475,69.38936423615525,30.63950419574905,7.94299520827712,6.671705008138118,-5.521076066955482,-8.526788620740493,72.63569431971264,41.48209197996845,10.224007598109324
-0.6949583733609587,0.14980253268880062,10.864800370085273,44.775512860044174,-8.282603476778787,-4.380663249517689,-40.7110422731576,-6.872475503563559,1.933938831124509,56.39924412275961,78.13732983716662,6.330787469904487,12.270554350815525,1.848440448838462,-11.663624355595203,-58.36032197985481,-21.824976075813186,39.143550843910546
-3.6248675348544337,-2.745337986596312,5.762219624118249,78.95719477762869,12.994022982562116,8.384435162186683,-55.43472202378729,-0.8273415383786875,5.187453549611582,51.028192935216545,57.97361159027486,-15.732987958712268,-51.75295244835083,-6.010354161675799,-19.95400909450575,-94.48833616200002,-66.26528631402881,20.236953034918727
-7.885364226800379,16.62759618622623,8.660663524982272,57.150007395419884,0.0,3.318988666735119,-238.09882070690202,-37.301245494711814,-13.455764877353776,-56.80885917497091,-35.06868380021584,-2.0694543443404867,-36.11500807642302,29.916412840099326,7.934491174083466,-185.37462222739495,-56.08830672549118,0.0
-2.7592900134956118,-0.17164926172455625,-4.754364681323084,15.637982335363649,-17.971278948621666,-7.828174410060057,189.92473705402034,9.654091462773177,1.511013997350731,-4.785905067010408,-9.430966639267877,-1.3724355956361958,-74.11116540276309,10.501546678063614,8.879293335662679,25.577906445827168,-5.614955134525632,-23.155915823414915
-9.16127470255566,-12.093141389885087,-10.588526093630401,39.47629888740826,-6.70032895343226,-1.9243695826555363,69.10188658080004,10.099022054801207,4.800958406727016,-70.20291712533538,-46.08965756529269,0.0,-76.98479842272668,18.08770849544566,27.212761771933344,-78.8994178184318,-53.17500127178946,5.521946262151914
3.986489853785093,13.732428172971494,7.766087349631358,-63.6713078922523,9.600240661805262,35.911327940770605,-7.637924260714842,17.40105882246588,1.042762846645319,125.07529183014654,122.76879714392189,9.465506947960977,45.13311319070494,16.209988484951506,14.92149168113837,-4.900000119208689,2.954534312696143,14.839137460682082
2.1058628185805737,3.5784041144068435,5.939394369429086,130.76110407961283,18.117681452273995,7.79696431058096,-15.919631091775546,-1.3204422443364014,3.3613095075234414,-10.391681186297298,40.10401296863771,2.40113711800123,12.023858272255147,-5.544481596701274,-8.975387624654493,40.09852318359987,-4.058056628324929,-7.1851225584670715
-11.887517432614759,9.171865698152555,0.0,80.24427950808379,5.496297315077822,-1.3298223701262204,-221.32605443051668,-42.36657397472546,-2.803004397646353,-19.03251688445511,13.526814672180324,0.0,-31.085281558753444,-6.166255335077351,-14.069426527416518,-162.66320653460528,-131.7211972392173,-117.0420009626979
-29.497368880859664,3.8226521538610467,3.3050354568799243,-69.32449333989672,-12.626521867814455,-7.5574310633290285,-289.82760097833165,5.215925560391856,-13.650415407868557,12.423600990293128,12.394031059873168,6.376964394570195,-7.758450189356506,0.0,13.407671268529954,-178.25775047498988,-43.50317827524041,-6.696466716614964
10.859434553186347,5.820181740140481,8.78300370097497,104.40341957998226,6.894065930982974,5.552795447739214,148.7910388936969,25.969253247757997,9.733488492930576,138.32453632952772,56.02326887553783,11.56584166501171,28.712403809265982,0.0,-2.6755684221675424,109.35920471065758,55.37253657636891,36.368587327903015
-27.69276870583406,-13.140782272761811,-23.302629693863768,73.24588928874827,0.0,-10.548038098761289,-344.9589602912722,-17.634799334214264,-0.9791568776874248,80.66181225584226,39.48188080309697,0.0,-14.102074524527689,-0.09581208689972705,-0.7267408275527284,-198.9320384468942,-88.18878472616083,-16.790744601990127
-5.055506834982139,0.8788320049840962,-4.10022285534673,-215.9611638874963,-62.50732116732619,-48.33377827470874,-55.10524403224692,-7.083348935055716,-3.2820284875779064,16.990792891071223,-10.507395473189632,-17.690154592249964,-2.2511097043256583,5.939280437643173,-2.587026349536883,-26.673975477994773,-37.3767653400837,6.840912749510949
-12.535117745363078,11.148652050639152,-0.08066641041549182,-121.2557336217044,-14.95234312414022,6.593714411187769,-175.6124884991586,-22.74472858644681,-4.914218195726373,33.8260931137363,-0.44151837136664757,2.555458358830211,9.579805024379137,3.469586839428453,-3.4907063997371783,-80.87919849195117,-26.807509425808796,-2.945198005752104
7.884172196685313,7.965208961533392,-2.4285453937790127,-28.380684187241386,17.685575107494227,58.94709910954973,19.244490011020773,0.0,0.0,-3.6437175341523833,-18.31404392699239,8.921261392272752,11.080882191433377,-13.535085776132862,-16.230362705712047,48.90731554344095,-7.935927982358737,-4.9551158980282395
-7.27986213667473,-15.327911483475376,-10.955026790209637,113.62748270457382,24.75222852828557,4.738989242689538,-50.87289484181741,-19.979190496398907,-4.235553283256694,-39.83396291277796,9.844950179102767,13.293494866545661,-7.148363295416768,-39.6896436202861,-51.338136951270734,50.04199185083165,5.657292537005029,-15.077308948073302
1.0189352661119497,-5.311657024844542,2.2502532945227784,60.6629244716333,-1.8025789752525867,0.0,215.86281379767112,-6.123894942409541,0.0,-48.00402247691995,-28.805584592712368,-5.328888965165528,-57.967487810041355,-15.466158129219036,0.0,33.89056349296644,32.12808817841484,12.136010853566688
-26.18677264563755,4.7488162622177885,6.5096022079846785,2.1743313462359306,16.75047608672365,18.684079646620777,-219.68608186520854,-30.684119283123728,1.2355708807646755,-47.26159252062696,-72.98363105443272,0.0,-23.9325951405913,18.975043277608563,8.985045599723644,-170.0926600550363,-63.959081850455114,-56.45820323983082
-2.7286245300842746,-10.09047095670016,-7.263222223063392,-179.13199054056543,-34.12661755671363,-48.615150769677456,-25.145684962516743,4.949499726328867,-7.814351516400868,12.191847126432975,14.985481875948816,0.0,12.672815316054386,-5.591932913850269,1.4154267031234453,0.0,0.0,-33.619331051024915
-0.06708155339480601,-11.7108408984734,-2.044081048940351,130.06665225270507,25.172678831411375,-2.5575259886733788,-14.246642793235646,7.12262159701843,0.0,30.53783396304273,46.25325341992133,-19.401778596189562,20.00051329793069,-38.166111731515954,-14.760170315382853,75.76154953494996,24.35594562874269,-27.179818374321485
-4.507492155338559,3.144698498607513,4.603326715053754,28.86931754014985,10.827166696568195,-1.881057969770542,-5.961707307278161,-18.297997347389295,0.05130370620667663,-82.98634051855632,-52.38682228209449,0.0,-32.50880676073389,-10.034565343710469,-4.688609806974078,-83.61815029515255,-34.753215868249654,-28.582252248888892
-3.937933934194841,-4.398221218010896,3.889501065811168,-44.31934832859061,-6.607446268132134,-1.8795825515051936,191.25077494083973,27.883329676005864,13.212290700677617,133.237653290786,45.325831483314985,15.002367321208965,16.90692288069494,-0.6659533461004966,-20.025687616505355,113.47009252203472,44.392789943790454,6.370766798765544
-1.541030012206202,1.5242308641600217,0.4429867436540644,17.944749543257267,-1.8761738294575871,-4.752106389537546,-206.38803497273216,-22.584942176720357,2.6444356931464723,77.71880251111115,36.1782749012535,-16.822258721369604,60.76463488531659,-39.23540351584372,-28.706011090975494,1.328522567122101,15.630099318125756,30.07358165870467
19.85806587321456,6.129074628851563,-2.539498472621811,102.98959008718558,-9.950273192571554,-6.748037680956694,441.97881158661477,75.86562376927213,13.087028489505514,121.67620120424506,50.790730267981566,3.3207733462826177,13.729997591615952,14.149919336063018,26.65673800495212,171.51866645216452,103.82792172381501,-3.3262821998441723
7.113668744050981,-4.025545657520734,6.288940584699676,2.1534825743295034,-4.000124798156899,-7.4989285647753015,-8.729979933862046,-10.13545285653316,0.0,71.58171218687184,58.697361053995074,0.0,-41.093741782491776,9.720778771824971,6.131532947840497,-63.47426769265807,-59.94547341255327,-4.2115698637697605
0.0,2.8118604751946408,0.0,-68.87094871542035,-4.833148929969076,-14.46268186596281,-9.853589561319371,-4.413401390210491,7.798667792742179,9.134204563307234,20.728668506596158,20.311317266375788,19.952726851611835,-13.845063554029942,0.0,112.28394996374867,24.388234445829564,35.616161766702234
10.370170995684248,-6.0915776278488964,-10.901511372615108,-90.07636815448859,-30.39670006121875,-45.944527426521105,89.09737642834136,23.657589224323008,6.9030486178575705,-80.39343384851915,-83.52865815139492,-7.722851795289839,-55.643436724764996,23.461096649307684,20.191764033158453,-28.950296745272073,-1.9799441769504642,15.390747969087727
3.655432552298017,4.009051786976441,8.76990048468832,84.04656137772258,3.493077125069837,15.608513346159066,48.77479292600503,12.612047784312402,5.80917395074875,-7.2392585261533435,-3.540785135245443,6.536275754326632,18.493279556999468,-24.62991829580842,-15.048978150539948,82.45522188752427,9.13420847921857,-0.8873946904920444
20.445824765263385,-4.692053741030011,16.45658623360646,78.32935410999373,-8.956236727197002,-3.287987647771985,323.7679950958602,42.30018854473963,9.363408249801308,-51.8764260471885,-55.970501904771396,3.201120878843671,-33.72909027106553,36.93686475815656,38.4462046928039,-32.915482047836356,7.899768790270995,21.242019739859927
25.22098952512817,-5.498130659264037,-1.9356237161705723,-213.0767253781414,-28.58357752060364,-40.1873196089453,221.91655033928458,34.83070910761904,21.821322528292413,42.795969680200145,32.71131261673516,0.0,2.223186822018388,26.746427390491196,23.0535552953137,53.970520805662034,19.951404902283976,17.812899006510435
-10.763500743756296,-4.42323658801682,0.0,-64.75473632676004,-7.422407649151256,-14.135493741947254,-74.1167728884075,-11.166388256527453,-6.291609466146063,23.586536844741925,42.09304782416218,-3.5391340795423516,-22.89424743844352,13.507234289653294,11.456546303325881,-66.93656730766108,-35.22087024492546,11.9464529170626
8.498554298258412,-10.729363393944942,4.575141115777111,87.96194917704523,-12.162897136974381,-5.3294463039909195,-8.68802877333859,1.3414964502892133,-4.443768753690769,61.11439762669042,21.3210517354704,2.6823806022516616,-16.695752121116225,-16.34107126555166,-11.605603636299575,-48.059525816460706,26.54812445675404,26.65308266052206
-23.433960419009843,10.183358257415755,-0.2792880265482037,-13.875630582569139,-4.99361983192985,-4.721175309889017,-233.9556382728603,-15.993017303455078,0.0,83.71845507751969,26.786063789552895,2.9318282216844587,37.81086482963669,-26.92205320297097,-11.499194294397517,42.44297236858703,-18.922090169215647,-27.19174017841857
-54.6139587857659,-4.883779228735789,-26.754641822562935,-78.82535515135993,-11.05662902391601,-8.454710529798003,-392.5184577172775,-24.576930137745112,-29.181893309382293,85.66398344304622,30.15548205945618,0.4095800097570449,22.99268403246179,-1.5249608908798629,-2.653013498733893,-169.95437984925178,-95.45932186500967,-52.21428239079148
-15.883503542491672,16.404270981907956,0.0,-6.811402180834122,-2.6380061073690277,27.63036908748255,-198.60404865510122,-22.03011789580826,9.23437706439589,-5.358502746313284,24.20494442283314,5.959758509415803,60.52450808300328,-49.87640870208088,-30.50399945371765,71.10505293827646,-32.034552495815234,-35.91887218897759
21.674555034940752,1.1315546407496875,3.3709682588135577,-21.298854820820623,-2.2782047377702135,2.2042957948816633,307.59857686226957,9.058406131998453,16.98691257578215,-85.0290020664984,-9.554407818791594,4.414666702738073,-12.871647878705653,0.7819917587130958,9.199585227510342,68.26065531567092,35.47659214386906,44.91477287751076
-0.09137265925064862,-28.365695899827085,6.661738953694098,-35.60699348824526,0.0,18.35863285741659,68.1730579624281,24.704282347537074,5.5829635107029665,-193.41144429318587,-126.38694965944828,-9.539204146538427,-8.830314904429631,-14.795304518411754,-6.204927666278516,11.05847814766139,-17.30156501824755,-21.796323860962616
10.348581271584175,0.0,7.142948337203615,79.89858542165749,25.334288858617725,28.630884794117627,19.32979776828314,2.1260822156361217,6.962594894333374,-5.6225082724876225,-4.438428871338279,-5.067785761279955,-35.35426444301969,-6.551253946140267,-29.98731029084538,-6.224063559966646,2.7229096838335143,-40.68841033567391
-7.197886725955277,14.136211077265033,-2.6683030568168045,128.90451533578891,10.8290301459131,-9.242301142701164,-174.9607844484738,-31.068057164965154,13.823330145989994,51.23784678667008,59.744841241220605,-12.636690757372426,32.63269049269188,-10.346630496936678,-6.467782735648953,-52.03719717457876,-52.68506477230531,25.72657580811091
2.7111510914605734,-6.649481223549468,2.1722045450214837,14.913238409488123,29.855316903620828,53.57618025204741,96.73773959050413,16.57072279579613,-2.712469440520534,13.290984414146806,-5.423617774965481,0.0,-21.515038442854422,-9.482700856722092,-20.04819284143162,49.98517990472591,-7.159821132039244,-18.505011947964107
26.023599852389026,5.040007153984728,-5.855012741081412,-59.80201764922676,-9.774105732572247,-16.419197022451385,230.36289263048633,12.264101057133376,-9.224152146872314,-109.00788962525075,-38.56234330598176,2.1164329344762725,-4.995864552118641,-3.195961743629542,1.8746386290385904,82.82012122130551,33.33154989819806,-45.89354811252505
0.0,1.0833182242560127,3.0284186688866543,-14.224598623123127,-11.049565903382385,12.046276693661921,-43.67829166162793,-9.82173606442218,-6.5300100795968605,139.39846114060057,58.838023495357575,5.150053215054222,7.9478253607124225,-7.956183361872458,-16.012291100036556,36.66575810350633,6.980411877616353,-41.86594076269142
6.039093382058588,-4.4941071746993435,-6.889887095194204,-24.958518455829378,-13.648068352503916,-29.629517201785546,257.793289241582,20.164408286836213,9.90615838759834,21.339483248906667,-15.760868069628106,6.596033154030669,21.85542037108115,-15.386321572857348,-13.237337390137458,122.181292459062,24.113427835460474,-19.799193712477745
10.341634040983566,-2.3633108721894467,0.0,22.01328770606691,-5.653236245336023,1.120877861260426,-82.32588398183145,-27.92703455759237,0.0,-133.07539985245648,-59.86149034259753,5.253622845081569,-19.612157887321683,-0.10900128503140505,1.8462714691173219,2.8788245758497624,4.74482320956147,-4.9380780402573805
-2.996581381996671,-1.1160859917755355,2.3938343141648604,54.22184986738149,-7.313418187183229,5.125948266716389,-37.041613389189585,-14.300901546805813,-1.717517254285385,-84.99312854190178,-67.6515028430123,-12.944118443970181,-39.05203160678332,14.460502616557317,10.662006345222052,-31.606020933499508,-30.554145048497215,-2.821032306485023
11.104745295308208,5.927370650623718,1.351247989888517,217.53945955775745,31.99530667038714,-7.294609493558421,78.0539820741965,-4.418768274979317,23.53587174308458,107.16839583789081,52.62616982092547,-1.8395738814421443,37.44590156244627,0.0,-19.605805087698798,64.35379870198895,31.788754776284335,19.00281341584673
0.0,6.025420982094235,0.0,61.118081802252576,12.548943915836238,1.0270289004674256,-161.67250570221995,-43.04773260254936,0.0,-89.94157856168123,-63.16678071004173,0.0,-32.912959319516055,26.931303521236586,14.908258194287397,-119.63919705356648,-47.117922025283974,0.0
-9.730966879913545,9.749772819617839,8.531491959223944,0.0,17.82911352545218,21.724194735716328,-183.89674698346693,-29.07481337813939,0.0,-46.83968134626691,-66.93729639408039,0.0,-28.389755520183495,5.2095421933328785,4.021412076549295,-188.67069470343617,-123.16927354532936,-114.91881138015492
-15.021900266379207,20.10843408107321,3.4152828936152426,35.94605356130299,0.0,-1.568614479308863,-263.7689145158927,-15.74815344764329,-28.805609885828343,21.760069563684283,30.068611128131057,1.7118476630503843,18.956778796526446,-19.922900944412323,-11.23968924751702,-232.18211432011344,10.757933524095531,11.214999094376083
-2.261145086780258,-3.0603478790867173,4.667169134411009,-110.98423405531254,-18.955117736670083,-15.419705107306951,-66.78678204561612,-5.2015011149083925,-6.940612292729934,16.35469615573848,40.15269150098782,5.346331416601423,6.485101641402865,6.012762587595293,4.419280554840245,39.179448018062224,1.4147525172968844,0.8811137203932589
10.700705838047261,5.696776408310836,5.597750619517954,224.20721303552995,20.588071069340657,8.705163075730818,-12.289815282127497,-5.267506945053378,0.49076585409969553,63.539765377114776,61.860233370646654,-2.786655685044799,-16.84254263099556,11.398369735481294,-2.078337943224373,-73.06824994351432,-39.43045156699571,13.713540937849586
3.7555321444631162,9.932733150750181,6.771091035404426,-57.74558465879176,-1.8122081151779064,21.617807867071697,111.46658092760867,6.320047288984906,1.6429220469414951,139.45800783780288,44.38471887103674,16.568945184880207,10.363525059117064,-4.479398193671305,-19.220830045978737,120.33740990285511,28.41900436869074,0.07577539182346982
7.264989207016977,-12.22300846714926,6.315699507373622,77.93670194999939,1.0895408470666825,12.374359179494427,13.448910479318398,2.2093713986060517,5.080457328311385,49.49670641906688,13.843294856718652,5.132627270572074,21.4045387797503,-21.104174359851047,-24.86279180893788,54.05318705576334,-2.41541180502529,-43.085541569919144
12.243487464506606,7.121198510481747,5.006224985185005,-15.450643884062568,0.7818612496584404,-3.243553124249309,-27.67217886292571,-12.112112368559455,-4.3501462735476775,-76.3865386999962,-114.82107190260844,-8.290118373775561,3.2638718804898113,30.669267114352728,14.287791285950847,-11.149867501210432,13.56655123224738,-44.44286028831081
-22.66472365403303,21.90115162206092,0.0,-89.75300417007503,0.0,-5.704883574179228,-234.09766391078983,-3.7236613558137703,0.0,73.46231180347381,26.110985689793807,7.75478042225885,32.98584986516795,0.0,11.459321382380573,-182.88807160093714,-13.711248988232791,38.27995644810818
24.167956860949534,-13.26389272623861,9.874437355109325,-71.32909990644315,-7.072053820185549,14.936314934866378,123.50373484151329,11.01599591068069,20.115551895461667,-244.26502731604825,-133.37792071538166,-12.18650085736838,-28.386944501670154,32.403377962820194,22.546486641083973,29.356351973058175,1.1798514341500308,-10.99035326963238
10.99390003066751,0.0,0.0,78.17794117076377,10.972926681686364,4.685750160321801,115.40306824371146,8.861441866514799,5.570386195435006,26.520755787197675,22.937106906294957,0.5093803874526104,-85.31851383212208,14.178297104220775,9.998991456296402,-59.98445957163513,8.910152869825687,-35.46173035799049
0.0,-5.4390957699331235,0.9534436017660406,-106.03128322143985,-6.60470074239261,26.908150014161794,284.35383327307613,18.809209640903255,23.5730765129598,147.14729916694085,56.045539179090795,18.499564691554166,13.976881335321865,15.70404327466678,8.33994545067383,74.13370044399599,71.4994740257551,50.929869632525424
1.534972782543858,1.3802457176901346,2.1584118194492237,-40.09149329813144,-5.973124678792576,15.32450751505938,-60.40326989833107,-13.2804776745371,-5.74272065406093,-65.68910535567454,-63.29524052810319,-8.497542264676904,-17.319427547594337,17.792971411232035,19.892770227376758,-39.02245323270037,-33.12588956237398,-8.322659829398106
30.089181473168775,7.134523371085046,-10.63144948464601,-70.03803047078782,-10.79656234406815,-17.92608058183748,292.9530498505751,44.4684611168059,12.981058938673984,-192.9719300089204,-54.2219205909655,-1.1574976945735527,-12.166488101586134,3.9160960316058713,7.1961750988868065,61.45128983233444,34.88876573495052,33.659718322901966
-25.19756273500653,0.0,0.0,-62.79506533164254,-5.7939213931871745,9.627060268938797,-182.52705968003653,-34.51502352785067,-6.142319212573548,-35.58635627598097,-26.216437856912314,7.626364584248333,-14.436066071276642,5.841314353341035,0.0,-76.59346093897197,-37.04945629613608,-2.113763851274882
-3.2918546568684572,-4.695425498263124,-8.457115170475216,-136.28965462711054,-24.41222486684746,-18.41911331782377,-131.35766168714568,-20.141663174944906,0.0,112.02579304578691,9.20387419137257,3.6637825472996406,6.266396117227797,-7.49277822891045,9.383068647471847,22.80274856274112,-1.7991513272776842,-36.34291533288831
4.439527933236221,-2.6885060273377763,7.997169139255376,-15.62986412777213,-9.469700117438249,-2.235520096784956,111.7949271374505,21.1713504317349,11.31435241368387,47.94712651516481,38.04253646342189,7.175517984860286,20.58669573928238,-8.753787818449712,-2.6108935516935934,64.60914184918549,-26.95230217874927,9.57322994377131
8.365806571933641,5.93572086859548,-1.142748865238827,35.843413649923086,-12.686652377500295,-21.09787307827933,161.9818588317872,17.329283520842015,16.711644120048643,86.28273625862002,20.008632477278038,-1.6536881387650961,-15.00103562333203,-21.128908739918867,-12.71101537238761,27.721287405689743,-16.15072217142995,-25.60862709025986
-11.247704632649608,4.931312578585555,-8.42410702809376,-34.562600380136374,-8.761155465660002,2.6616363815741595,-166.5874175189911,-24.044967514791313,0.0,122.73155438979562,16.797212066627647,-6.62001599384308,48.06833665812589,-30.19246757636448,-14.374353217316617,35.31921480338203,-11.058938088995145,-35.118022076113675
16.15190526759839,0.0,-1.3653520887130128,132.95794833419578,23.032130844411085,22.99865612692555,65.95882221049656,22.83154252627338,11.77564570748703,-44.42313050090553,-37.225614518843145,11.104201915680957,-16.456920232190978,-4.743865698936135,-17.431117088592277,47.67694540260753,17.47348343059374,-8.431981060343475
4.881515278107687,8.952352397969207,3.9487098395896583,23.51662012175442,8.846169584906105,-4.432985531058182,-51.803177539013966,-7.536787180149908,0.0,-90.06084381038265,-107.73309862145082,-7.932616321385045,6.945493186886913,14.995780123226888,-3.5680247525470947,-52.876815999495626,15.529150988067357,0.0
-5.343457392982226,-17.584587490452602,-7.956413353173611,53.11626330844862,-4.5585785348834165,-4.32550270621701,184.72488887136757,-3.955439828071698,-3.1739955520467755,40.04251934910115,38.28260345949117,0.0,-88.47286660220774,47.30038806443333,25.182303820429276,-106.93535269842434,-41.28970103886393,9.245823653015094
19.761476795607344,-13.34598835742044,-7.229212562372949,-127.89741681061236,-12.774213741143882,-48.931522588518874,180.01392545724215,17.752252196525546,2.6465652052948316,-105.82370716101214,-38.179222484895355,6.535246022776179,-24.26480799045041,-4.4817825339184365,4.979705499210983,59.39990694742458,38.831781077207495,-5.101787807257111
6.296880249927616,2.4369624405718286,-5.414747411665086,106.88670327919586,9.926624190060005,21.32466690340311,241.17889002326226,16.451943353304255,-18.628375390437068,1.2862793023936883,24.906789826705023,-24.0651148750983,20.394842834873135,-7.948049983865823,-26.02653115879175,119.8208357744165,51.728605323946226,-56.69846589086467
-1.622329850590555,9.798034167539035,7.7031371514750795,37.78172527217357,7.494053922362253,17.446972382051577,12.361419562035872,-6.817826201890309,1.7777657499555701,-86.4866344257652,-128.08392442897653,11.75348449523587,-47.12394070261629,2.6625894427602397,3.7130403015987268,-129.33050899405546,-27.96694783140818,12.527819771631926
12.665082951173714,-8.186530964320674,-15.821938899552814,-133.01962935320208,-9.61019553490287,-27.36881782287573,148.8068320619882,10.570086515883675,9.967156330683896,-52.263309992449564,-12.854795121005901,2.628491066141945,-23.548826823114258,5.9300769149407335,0.0,25.62688230581531,24.681342330370466,44.42415699176422
3.600377633201917,3.9439314734992794,6.229374749070121,-49.9695102356525,-12.293346278820145,-5.020341581978933,-32.02897416169384,-6.8356839196817285,-4.237530281957782,45.019717857629345,23.565948382287186,-8.019592539326807,42.36448890182227,-15.124121652582652,7.1558966463028115,68.3513528823486,2.326698083730463,1.032031992864134
2.0457826315984304,19.428578157164733,-8.178702146525163,193.30263551679866,10.078163788765114,2.8301594539437582,-129.77826087133369,-36.85100968985268,-2.51140142115734,98.85657949496536,55.887132862170624,-7.018643836691001,42.0337935959475,-8.3325251445782,-10.12392728614016,-1.9897190096773067,-57.771723566164056,28.63332125504934
0.0,2.3395311302192026,-4.179175472504012,-43.563710890611205,-13.780285745682185,13.10883289402594,217.5801297666807,24.925387371623444,14.076001169455521,88.46686375196197,42.18876354574432,-37.736514164359846,-31.417300338169344,-6.65523319232359,15.607170046744967,49.884491009886816,6.959684816888241,-14.298911078640515
-2.662456498027634,-9.634404054039189,0.3274921131789463,116.6401387059176,23.9793401902426,-8.035907094829094,21.743730250828165,3.6018880799355704,0.0,-5.990277059514538,19.549759835588272,0.0,8.112602640273124,-20.72517810488249,-30.7578188331847,33.521020013905506,-21.988028540321224,-25.61963124846686
0.0,-5.453203227963,4.508337644276784,4.553165879654715,-12.203936423087898,-4.6639572454759515,9.721144002709563,0.0,5.5172740434054965,82.40203995244265,50.12062252186549,6.5161838130922405,4.952217506468159,0.8559767306603978,-8.713720625440185,-44.329019927035034,-13.56640880230891,14.626394808509744
-4.350753027906205,0.8823992422472104,-4.182081821872199,166.60492437769855,19.951573155138764,-3.280155257286767,5.519694872227254,-6.0493938352386545,3.8431150906808447,33.0095193870049,44.79272231647534,-1.235712690217676,0.0,-6.185687848668447,-14.607432189321457,25.327160136327585,-23.06643857947018,6.234811306244865
-8.384551299638098,11.413726123886669,5.378781961319932,68.06192563665353,-0.8964309020323343,2.166808109736013,-133.84255479287617,-9.398826776749257,-8.140510750476821,20.815586298410345,58.062100149596425,8.009365976592738,-38.89291516758011,-4.9420179504698565,0.0,-101.06022178277576,-28.980089683897372,20.11401441824333
1.547845163233527,3.0116778521097176,19.3953535348562,-85.2937192379721,-32.98285276601135,-9.68472366389599,-100.1462000249082,-39.41084333559742,3.491643827326082,65.81545970863536,-51.519397517206805,8.418549372454407,-33.14469212317824,34.04067591449043,20.610782064033017,-94.20155126777328,-61.92342773973712,7.06790777146
6.625628196824654,-8.295429309189691,4.073119205821909,-29.37474107788448,-1.088291465971144,6.517353544863326,10.059562207653894,0.5502001671459569,5.455284339837347,44.1173871594119,28.420750077293153,-1.1250286642166398,40.37885881144702,-13.20320848644276,-7.945167532461425,46.77540241716387,-13.520299229518798,5.43327362385449
1.1269175319652929,1.8597250772268659,3.52908187214159,68.15685914565077,-6.685029473153346,3.2496565193321936,-47.37037268668734,-19.167774590916455,9.659543712415214,-10.57793468508523,-18.89199339105309,2.4052730861709026,43.81061541825943,-30.807113858869435,-17.45121627371012,126.45685267284192,52.18235912361836,28.35062831099765
4.03845436933266,-3.217748489249746,-2.1366940614899943,-194.81431068331506,-31.617765091533833,-13.057714671296697,-72.10776295318892,1.9430577796797253,-1.9510464777111312,11.088987565163249,21.716993163314438,-2.683792052543148,28.824035730666807,1.7909425814436415,-2.6019712236014447,53.737414018300704,-5.251606670298064,9.333791961090952
-4.537969435477881,16.999605129701617,4.506162395445489,-20.79703771488793,-6.164622070081484,-2.0198265330063827,-228.1791076005659,-13.778499605233517,-5.6089433298641795,-66.79766987601452,-2.8192452720423096,1.3201446398473358,-22.989039793434337,37.68817787693071,20.05589882595865,-160.18522656372966,-17.257068345569145,8.902464219575506
10.323172357048193,0.5841725485875027,0.4432955526238454,156.5954892317205,17.9280216922001,0.7916353791693915,9.943926089495331,6.08300428008887,7.652319486594994,93.97146834614037,57.4354526984245,5.627782980998629,21.972445045610204,-19.054252991461034,-27.353590672615184,64.03638196981223,28.552389678795116,11.220400334078931
13.029944219218214,-6.381693045033526,0.34602214149877936,53.689776505099715,3.276145979240647,0.34995178775380215,-123.88683586293568,-36.441459946335314,-8.188287874221452,-103.38691528133617,-105.64990276867093,2.505468749899349,-61.34537257209072,21.835142815619605,0.0,-120.95785686731855,-35.79077349351067,-14.849715096400473
9.318256277680034,-2.309357229871976,5.293249893954178,-70.1684717081051,-21.331491920531462,-18.347321514768296,-100.04860223091362,-30.977338165799477,0.0,-1.7995282183362433,-73.32017803556242,-3.3182263700916983,-37.74189736871646,22.638675194807927,5.847567628082088,-89.53043709347403,-27.444851142100717,-2.770992032173865
19.629946157336313,5.991000700739152,13.21600638568696,44.51108552389267,-9.210111490794665,-10.906921692414445,294.19323298472216,14.419415653608404,-1.7742780161580498,166.60961403830788,37.49592305528442,-12.237740943306695,32.346913531828015,-8.590575447153249,3.759281251020373,153.06316316790756,69.4315246831467,31.288556489532766
6.992018240392463,6.569926882646058,-5.315212342444352,-240.5280103985251,-36.74046202452096,-56.444665150927854,-40.62696655435033,10.484838880885315,3.3601524434348353,-14.268386798430058,-7.593373164718983,0.0,26.706507985436858,22.558592340266294,12.224791797844443,47.08029101286079,21.471074036586757,7.442649784314881
-5.141857376165492,-0.9159262726184653,9.070537861467873,158.75009746807575,15.031403535834745,13.944797498510678,-122.87142389181611,-17.943396761350993,-4.4446450303853515,-5.680681180550124,66.58567810656777,6.094781596385544,-12.804146786987475,-2.2626274482668314,5.09593212952954,-34.515181463768485,-34.39040173958699,23.07809900697322
5.352867660759894,-7.587253352646655,1.8040836892735779,-216.96971632961979,-17.59854380127944,5.837909403385709,147.9950263825119,1.106461696292735,7.760541894915634,124.81479618273882,30.299776134095993,0.0,23.339107065483365,2.219236986894473,-3.6106667850504857,151.61673194791172,59.115660594445814,25.26546746621125
0.0,-0.399208597040964,8.109399362672189,-93.04216059766374,-15.869875833211669,-10.09046195480523,-38.907867161997174,-5.0770589393803585,0.0,41.66490435935269,65.65140054839628,3.0449108939616454,11.312542681869981,4.779244135778464,7.606469046569177,-44.79260279082392,-21.3379876712435,5.799888645952237
10.841513471762422,4.786644797552817,-6.578227529533812,214.1832004999333,10.080684616837866,-20.69510678586772,19.13038944804283,-2.4872114393222327,2.112444729264592,148.23136690171506,75.900076942537,-9.88243912160251,24.58944369810568,-8.584945092013799,-22.735844670003363,77.53661917829965,57.40403557598437,-65.76769442139039
1.8358850471517203,0.0,3.5726333941870814,-63.14095402218184,3.4929397351805433,18.288008464568577,-151.150719766523,-21.97103628778693,-24.70923343732953,-87.9111255033521,-88.23937473258191,-11.680456727652983,-15.409240069558088,-0.3282426250649727,6.87157859475444,-58.14987124732929,-29.90846781146577,-25.24835243826749
3.8497632186413124,8.464501577375918,12.104478304353504,169.9512286107629,6.804563241999351,12.615405435656127,244.46918948683503,32.91459662959985,14.847562981374038,41.76938148596135,46.15892180859687,7.078134317650077,-92.58600654376701,28.227120578114537,39.43585639002513,-20.564694658915965,2.9107432571750347,-6.994865905017832
4.438421170074437,7.21330680472256,11.190124304110627,-69.44572621918833,-12.7303335829435,-5.656160590284486,-30.978375967492912,-10.002590526600908,0.0,98.70874306661031,17.586119118697038,-3.2782362047656832,26.053814469214906,-7.723103680275152,-8.453077984032035,81.6253173190503,-3.840584797846615,-27.05506044363986
4.334633103711512,1.8091946455380092,-1.5523163021471704,-68.95931216147982,-4.909906502288899,-22.388465013900756,10.01764779461485,5.300942361825972,5.991387773378857,4.060570367558717,21.004869827798334,3.1461107146320337,32.244539031417396,-19.206039550803226,-16.10532988404044,63.4034063718833,1.954144835374098,17.336905216781535
3.1656436326851494,-2.2596619680180297,5.892724195782331,-24.016681221265014,-7.165665768657442,-5.407228959386431,1.2325669666344106,8.461942260970625,2.530159960492967,23.27128849852311,30.264952560040758,-6.729609944482549,23.68372688048776,-13.71567564889119,-8.952145115171108,62.91682801520458,-22.005501661802615,-2.2934002647163823
-7.216920651645694,-3.84613440714085,8.354094876206544,98.4231558902295,3.376923106072185,-3.5188013530470887,175.82971290759602,5.322949985821263,15.397165561119259,17.492221392950757,28.53393268467204,-0.040981961587261494,-85.98145492766379,2.714007745765433,-2.8712004467648686,-39.460349239316784,-25.155399210015755,-42.3837921686808
-17.621866251594515,15.518752641911522,-6.57888212269203,-95.78109115886613,-0.2755831705552963,23.772771897018718,-211.07395822536836,-22.481860839053635,-3.4329814093573914,5.919449428628948,30.37726844998849,-4.957679244691933,28.98045461143864,-6.387166408567748,-20.073797878974673,-23.52711222064989,-24.563995864353043,5.6492528065932675
-0.964112040210294,-1.0876406699227918,-3.9485601349182438,4.223793013433968,0.0,12.294158020215562,-13.841322394265594,-11.313713316024977,-8.059309791528497,-135.0608359790529,-151.3555276979759,-19.088442534402418,-11.997844292908393,8.45063760828647,12.39255341565323,-39.83654445230862,-12.051221624523587,6.730792961140196
-1.0372460783471702,-8.927006880995965,0.919359521614784,-91.85900147822697,-9.720688100359968,-21.5708031519633,87.43822257494443,12.364559971830136,22.997602169485365,-195.6355439394193,-80.12053698773663,-16.69463812708004,-8.954024852228404,0.0,4.985728414961618,43.97331791568297,4.467280838092604,-8.758221476193285
3.6860920005223154,-5.875288876250328,-4.43612466400877,7.896547597712173,10.967510891350086,25.309370334499555,-4.593670179013379,-5.90825476510398,0.0,-122.90501241886582,-158.56083359084403,-10.329240725960906,0.0,7.991649660999213,3.7516159653719927,-4.320320857935513,-8.495131803141671,9.02981658609201
8.82561691602638,-6.61593042987648,-0.8658292928016708,-142.52302050357227,-14.64253578724622,32.47977133477954,121.18394017892835,15.511457901135707,7.28067376883532,198.22231766400313,55.14614973232641,2.8446502096961748,39.97575362263584,-3.1242561304143504,0.7740689009360705,51.25634956922388,-4.679201130334459,-19.397361531312185
5.992775094224944,-4.648517064082685,6.068428183206876,172.0880533195299,26.011197979072843,15.765911723548328,232.83340120097176,41.338819604401074,25.948811271345598,-80.38810423541622,-1.4380092243309188,15.303168225379352,-11.82005955122712,-4.650123571726844,0.0,53.72755465082404,55.34672526343397,-11.02207862682178
6.854228536186361,-2.2772549363514116,4.642420720861403,-69.8211912883146,-14.813514063124275,-7.913256594714013,-57.352533143201285,-15.298964430761604,-3.085240313091827,16.98220002907288,-1.5226402206048173,-7.942427131662267,17.48221994757521,-22.969379166813912,14.246072196824302,69.16483465224358,24.233471480599995,28.95724437949317
3.5829863172990692,-5.6501511760006204,-6.132944496238018,-89.50611823192928,-3.9000158938900484,-14.52672306243259,-17.68748368002295,15.937392560221454,7.8250375543172925,87.52827404665692,28.580339542670178,14.589963138559431,8.906655895464949,-31.789038132582025,0.0,47.310158904222945,58.33350241522933,105.97930573661573
9.33085455252968,-11.229029993709181,-17.246258380505143,-111.33946988397382,-28.267770709012513,-81.45830964254964,124.44765462874103,7.6776580506892875,-2.051691178800435,-28.301861567836028,16.3878851087813,6.962535453177287,-35.03576917763699,34.50891295959191,18.942821604936036,-35.94666722567091,-20.968241797187797,7.531249277788703
6.000229120786753,0.0,2.682502738331437,-14.84359091778907,-10.786331826130171,-18.943010820494102,-61.24948896511844,-6.251498467478797,0.41941208695878096,-67.10923158186674,9.843666375879483,-15.029206384326491,-23.73521452536802,30.385257040557143,7.76378882513268,-78.32921433397367,17.592729978813143,-21.558771154045786
16.011009147817695,28.597729009023855,-7.061944614181457,81.71543449659886,-7.074218094270258,-28.030593810584346,341.46763005423225,23.1727756167567,7.651128195954552,-88.68955603232511,5.405252651366272,9.843844056221565,-30.713938958026823,0.4889604057749846,-6.013820950342441,132.53285401433305,40.78648190985246,-45.490296918256604
-29.12910895980394,-14.395987822937974,-38.330282551468336,50.196854610909384,0.0,0.0,-389.1883699375184,-19.11361060194313,-16.524895179924684,74.08832229109166,37.201219972055064,0.0,-1.9204857868505136,0.0,10.361483376629769,-184.91303189472438,-110.80389102131818,-78.64285727199717
9.76185795319554,-13.671393733683948,0.7958209154902842,-52.974725452552335,-18.352423138012533,-23.210073398234726,-99.72280454189804,-17.832791627764674,0.0,-8.46550581974684,30.725996347736338,-5.643923557413921,-42.20408578988836,15.243846754607457,-27.117829969021006,-153.52983076901822,0.0,-21.4953962047432
4.071560986246324,-12.965342264477995,-1.4986278750920103,-32.42679018901406,-1.0525609709089967,20.890400194681465,35.0779888852143,-3.6280500277607133,10.38557469935123,-216.99656501226653,-130.2498302310365,-14.360024278889622,-10.450217519341384,0.9129180499149346,-0.6609629261126836,25.577483683812165,0.6044044938966868,-15.903773814557496
7.5153751684912375,-3.310872980532107,2.0692846774856934,-55.88689688493812,-7.178674849148374,-4.2083046277524785,20.354964782508944,5.180904738112892,5.516362915613406,-93.00261106035815,-5.214023996642022,3.129170455868606,-18.123659609065033,5.814107028579308,16.458951848397113,4.01096050129372,16.352506928850588,1.9060569312561313
-5.251928795727118,4.420339065675721,-1.4924692818632457,-32.072448338841944,-1.6091960823134834,-5.473612919181251,-134.79493597924628,-33.0930677676852,0.0,136.218303834089,17.503068128605175,-2.978683882193689,44.18947029069963,-32.58392951109625,-29.976266910937483,38.34072986432376,-9.807216800135766,-46.196036581033425
12.416845953232224,0.5435395664954201,8.36752423592979,70.87970122970563,-2.8659764002574315,7.987527660773636,16.09440915194842,3.958226850412381,4.012883336617336,9.12375113434477,43.135844720568365,-10.127213132576246,-53.35832469796384,27.152421248787082,20.19927484721299,-52.00809724053828,-13.249361538762209,20.218644713458872
16.701108396376014,-1.4122176381124147,-1.4264496853346276,24.908712644701737,-8.916699864864258,-6.80540407136398,-75.76504466337951,-12.41745859902958,0.0,-92.0627349493248,-89.52388427488467,-1.286040047884225,-37.152816559914356,32.372459161832495,7.120477601075149,-73.17720370976693,-6.50801621548931,-12.613603693767175
5.601500218377276,0.8476175395365387,2.1903863184421315,131.11537778313365,9.679849139500783,3.7320366195798647,134.1930016056603,24.384458001703518,-2.1574704002994087,27.4345408682525,22.67818723833016,-1.4173939850018697,20.701588990113095,-18.898794997738502,-32.20477311252224,87.74033210619463,25.51763097693809,-26.843802295102535
9.568817525341993,4.28564089546934,0.7446313555774864,130.00330023313495,27.139930660989332,3.663707734006583,17.28373104745592,-14.352562878053694,1.8758557213482407,108.34319877600905,81.27853874390007,-5.678101049711749,46.73547183205177,-12.448596446319954,2.2049007434838384,-1.763929144176296,28.496708148494104,31.545789169544946
10.752140796278221,8.489862603928737,8.37391573718794,-24.525617259984404,-5.59174489764806,24.38495925406798,-81.6615614889417,-22.99139814602776,6.015966574285883,71.73234660380564,-8.929460425513062,0.0,30.127187993384474,-19.5911225660718,27.431352654326503,66.82791000673633,43.62862423690138,-4.661890125543096
-0.7933789712476842,-3.2863445593959515,13.409036096687009,41.16901941868118,4.1971391097281465,26.855348560108457,221.66671203652072,19.023933145123912,23.806337203169548,-97.10737373715493,-85.44108975933864,-10.701579667464895,-24.199202373576735,-9.44958814654164,41.28872859714161,-33.77507749078787,5.469309304389156,15.528521452398024
9.087724938374071,-2.681790295817137,7.53174698626353,46.29721081951336,25.19640172489057,27.398331902521825,-41.361684351500145,-14.836397091155277,4.499339886055636,-59.88663919485722,-86.74974454386923,0.0,-28.003328456225926,-0.8329437062762524,0.8833061683221657,-17.389508627092678,-29.019044040877564,5.031778283390423
6.163686363205407,-5.090303874780389,-9.220185498074079,13.658052328207468,-9.760903622816192,-3.3814151532238124,83.12489318607093,17.855647572477633,2.41120466639603,-149.5081040438946,-45.27720536298068,0.0,16.09361950808156,-4.546564277784124,-11.221346627096768,69.72898248532593,42.83667586138942,25.364746725763467
0.0,-1.7196842829908745,13.984635059803788,5.8363363480341235,-8.255883241267652,-9.29601924123476,-11.821274955983847,-6.839143959956371,-0.8761784580573814,29.949150138349495,65.77151422739699,-3.7841526310367213,-37.48833351371634,14.012993523983575,1.7739337810819822,-71.43124620091432,-21.458797312432687,1.826965042968908
16.4534936584659,5.734284040936465,-0.8013869324184046,64.04736034658553,21.165378912989535,23.008929043910786,192.87019671631046,32.98185560452933,16.349812195723917,2.0442605447209456,-19.646287015303386,10.281643352765721,-83.86379454691586,26.363408420545916,7.583662528382624,-23.813349931167583,25.487921674252,-8.910297842994112
27.926417873169434,6.5026731488464895,2.66431850615701,-37.65117306053677,-14.0713917795398,-19.190273925011144,337.45205912835144,57.109362562234764,22.349759259724998,-64.99396151637642,-18.68388305937764,13.969663265252183,0.0,3.599516487940458,13.124740052956303,65.28793788039896,42.04672392202955,37.80251950414868
-2.0841124332843477,9.788783761394066,11.89835977885381,109.87419897043823,-1.4808952822594976,9.396071865794488,-205.26826417508238,-16.8383821608277,4.076424630512376,46.17485444313783,12.069702884412632,-1.6500946121868374,58.38244031639762,-23.45420328477598,-11.481841296881374,87.4829978539775,32.62215718507209,38.71517219163138
-19.976076248464548,-11.219327384129029,12.324525186786559,49.22740112334745,10.70112167878236,17.412747770536253,228.28123224511432,-16.722134423128317,10.9525589454179,-127.85221372511133,-27.075148260479835,0.0,-19.02161683767799,-5.014651928435685,-6.481727251928994,18.178375700363386,41.38684429115565,2.580809918079268
14.66357260047991,-3.996590339066055,-1.5296182003010905,20.144021725625617,-9.869200717612742,-1.4679457104721543,147.96577224704987,9.999923918198713,0.0,34.7055820203317,4.41685152908492,6.4954653757568375,4.840309867858039,-16.684878530161484,-11.05322686017387,77.10639010788071,15.768955823440928,-18.07486075263762
-4.800922825089826,0.0,-4.169471109315014,169.64587485180041,17.84140499916905,-8.323680660583712,-18.83173560016648,-8.105300683843767,2.782130998135586,93.3378596878424,47.70369563266048,7.997572622868987,-27.179189857019473,-19.081361101399402,-18.935427124320846,59.0564963201971,4.953950091422582,-20.235230469699502
5.148043279482107,0.0,3.0779168875296388,109.41691273447103,17.850529386281995,22.434279529467485,146.53796663252754,29.69608260633028,0.0,-88.9981661674611,11.998355504079589,5.269713116409888,31.378914378777907,-15.332354181776347,-20.198176289986367,119.25447021537657,22.68840096316648,-28.717095331665007
-19.213913840401972,7.0215804913727675,5.871566474695621,-0.9977677331254717,0.0,10.240964392654526,-168.13891642396774,-20.92845279889658,-8.293109760960446,35.23900398678742,19.85012681818434,0.006513010106143702,22.057803721714713,6.737036160346509,3.073052134546994,-20.486176195392517,-20.423847902100462,26.574465770396074
-27.046944263285454,-12.206198806026265,-6.000614766191325,3.4323356842827453,-0.5905857373894241,0.0,-321.8752247677277,-32.984141908229454,-11.55938358625598,39.6798642266046,23.807338541707498,4.935446832181237,-35.96337074075525,40.84453099367112,31.940469659410763,-183.23674318002773,-109.85519536663732,-96.90188372673822
1.796504309126825,1.0916283475083481,7.406154204861362,-20.383537706215833,-6.325941006791588,-22.82169153692148,-1.2246498136047368,0.0,-6.117162912936675,25.50009662998505,1.4912907406990585,-13.141958636285025,-44.31107127418006,34.9889267366356,26.120877343465715,-56.60616640129621,-6.786795906087048,-8.108961422451898
-5.2965722438410525,-4.269917266118307,17.738300946327474,73.25955822348153,3.2962716070140585,7.637791396090777,265.47700320010273,25.817309798925727,12.38504454025011,11.530119798049745,-7.653524182179493,4.394201103707389,-49.10686428690014,18.55073566045713,39.643919719855525,-77.9188674532072,-60.21370958019038,22.19002811486331
13.78801496083348,0.0,4.582541229472304,77.89898285616096,5.271883840903457,-1.5598996205901112,-95.85576874527858,-44.70986235419086,-11.461231722079445,-60.08618056776223,-186.04374031782461,-9.340648719001749,-29.259343151786176,0.0,1.5584901822046062,-64.71897339130548,-28.149341747369885,-18.84712656868561
-31.971425710486873,0.0,0.0,-73.94964283856982,-16.68383735382318,12.80833445095345,-275.03290133400736,-20.9881384907799,-12.28604284002401,22.079839111335247,9.632800143396734,3.1377782629091264,-8.74567836009094,13.802964147341834,10.824819561596183,-162.88478152830479,-62.119434951170724,-32.18037959510298
7.729605235913073,0.0,5.451765389864858,79.23298681424389,16.082852242425865,19.042363579051226,43.66259279249163,6.593742540730134,3.477081713695983,-82.45727362057347,-50.737031167705155,3.101666224863445,-47.55609521633422,1.1280935980975753,-4.297713002079148,-32.690494758100634,8.648664588152839,-26.879002467142293
-11.955717622729473,-6.538394770993055,-4.410751890504697,-10.261422068153445,-6.525123606562683,21.479940449159155,-334.75163335453703,-20.396472305020467,-8.559974797838901,73.08773419897905,43.855873595287,0.0,0.40333190199712304,0.0,9.73445593958475,-194.657414255816,-73.29068500198153,-11.131769364222123
-5.016960716605706,-3.4804254727906567,4.971086903659595,-34.4718763600252,-17.153888246856884,-6.19502568829551,-118.0654173296093,-23.169625186493704,-13.75734124170293,12.773821618275505,-1.678491902414294,-8.436209376125406,-9.873456072630512,-2.6864591570902,-4.555321674536859,-49.069838576101226,-50.225376423022226,0.0
-45.56520901021456,8.102175827059668,-8.691554443287526,18.116117802764848,4.522850841711443,-6.413350272402159,-243.6187945716951,-8.461902416042665,-51.73797562324635,53.936313794421814,20.038571583972704,-3.9821211960728866,33.19291413593282,-23.78075050292507,-2.667380298716426,-111.64687900820324,-4.14305377548964,16.87564477654189
4.289273597586562,-1.4364406947400268,-11.640182096790312,48.05314337415658,16.31960015981076,-14.963123957963253,-89.49469289462628,-38.835068879744504,-10.63198898299301,-3.525982091678132,52.9072291100176,8.741021225934224,-22.823484040629996,9.894689695958892,14.243844735206709,-95.36653193867649,-48.83376857634493,-41.52945479744818
0.47898165719525854,4.30955969644206,-9.302874814012988,-91.14877485536692,-21.296758302265648,8.444189492475386,-110.43484283754951,-9.326142657219236,2.6797842831725855,163.09760710212944,-5.240564962102329,4.798937083280122,26.367185683371495,-21.785919757617304,0.4865395784219812,46.692528899950595,-7.746624346914801,-68.8376765566021
-3.6920122249573066,18.59614086873554,6.160855356323181,177.32536226993977,-3.115217703857886,12.988112158637477,-222.03014634283892,-41.09763296661337,0.0,83.26727265175604,58.58586107220863,4.449236580998372,-38.579548003893244,2.3813963188904212,4.291986126861027,-150.5915163051852,-51.011908102639794,-15.868407243178694
-9.115506400971018,0.0,9.375892457210849,-187.56902557257942,-39.03930073067561,-7.376291742223115,-68.670531180152,-19.106922167836547,-7.864653138462934,102.05206070251387,37.07849887818526,0.0,-2.2324613650364187,-4.884783685203611,-14.393826399053513,3.190787079450726,13.81233657923045,-20.199073423701293
13.570585021490013,-8.558600224696283,1.8514120211371852,70.28891787240131,24.35507824500597,7.632321840083304,-79.7377104520936,-18.935601311075278,2.9693131006481224,-121.41027036751699,-68.36725681470358,4.502852032339285,19.702578481784574,-9.963330998585642,7.951390366498572,59.76460389380373,7.091522907220715,-0.2667975082899403
-3.502318289931487,12.68541013912585,9.15165568818848,-5.339119110001672,-8.833733837443114,-4.52795783298059,-236.9276415028332,-16.413770809024577,0.0,-40.70865746888432,-2.540743242985561,7.159821728976664,-9.401583537298926,35.92315174762692,16.55156856814725,-196.57789377942873,-29.76495957475231,-33.89919047288214
8.449062760764999,0.0,6.293608010389024,97.40604243045289,2.4351328085100903,14.582813601475088,-51.36380474729424,-11.75915910039588,3.1844953300381587,-79.28882106284969,28.17653443990241,2.686568785356232,-9.978861672540608,-2.1988147692330613,-10.141435967917714,3.037422971371454,-26.72489795407644,-19.81335890649841
-25.7265057753743,7.107844767034588,-2.1941170755558965,22.429298061307705,-4.952985140415636,0.0,-198.63485849483598,-22.965583595091594,4.323238408182815,119.23438120879706,31.9326330194626,-2.340739680447276,53.40025909788579,-36.5005064497148,-41.77935167536855,24.102567837347873,-3.6641789914322467,-22.6874563744322
-7.8219948274326825,-1.6149754897594792,3.3525993150125153,-11.843848379610876,-16.674978245329036,-18.027952239349812,36.902752358342944,6.954664343844287,7.94736335333518,-22.476819156430384,15.45327739786909,11.305585328657438,-34.950086306325424,-18.941197055259163,-14.67836325628879,-14.85208429519424,-39.233994546754495,-35.38781875493112
-2.8703137198518043,-5.540358452723836,9.212464262143648,56.12874172579733,0.0,17.778483236636955,206.05040782958267,13.847144780637962,8.81620305962863,-86.5949109983554,-80.75692647927667,5.99726105014704,-33.862788451265395,-2.7537867186748852,31.014173033919736,-89.12698463712942,-2.209904492861551,9.124580956151746
13.121326104929317,4.747272086029086,-3.689854688467767,146.51116060747862,0.0,-6.027995403194458,344.53770101435447,25.860670692037075,-9.654441043743114,125.6041973703556,51.8710984185513,-28.196069405170885,31.6775182689945,-11.553292250835568,-27.554004786048846,165.181493506154,74.63940102717488,-38.9032363527333
14.481984574083363,-12.996509781409175,-5.991345027860719,-104.92945991714062,-15.486812093477603,-6.566822734296585,198.7412923143366,37.36162688123443,10.774825078648435,-253.87012596124768,-113.21008242682491,-1.887796538817578,-38.14475693038929,4.202214693855712,-5.445497062566313,9.92759875683092,16.976128222468958,39.67593555069158
1.6270402330044733,-0.5924746129717222,-1.5662528020359578,12.584215678860655,16.42591014150144,27.75030564898319,-115.08784510493274,-19.740259700571357,-3.3942637727566503,-78.33009177627088,-49.825952244353715,-4.049333982437013,-24.117451921227115,4.713708022022733,0.0,14.74546413588923,-28.113834938192348,-16.53991442948498
3.3246373674584424,-1.7865629377308399,-5.120158686633306,39.75939972032621,2.1545604624888317,9.891582055522136,223.21199750465146,22.792157886008418,4.850264149852981,147.5145058271943,38.5100376598979,3.8866739726859896,22.22571976630974,-11.313730783752755,8.464986902356102,70.2902347228068,-2.323368933996876,-4.913859888567458
-9.834258015291793,4.630421360134664,-19.60515486242874,72.3446862765886,0.0,-7.965736529763413,-285.7284396533712,-14.710247581344932,-5.583122706465129,84.81166781494237,33.98846555300732,3.5758936707395086,-3.2047133063276863,10.61247481923839,15.532020180080892,-186.6134965404451,-47.97185886374322,2.322835311636368
-6.302210483976769,23.677695360921987,0.0,-36.51215812591428,0.0,0.0,-185.41595263166357,-6.544453080589234,1.3831545252647783,92.85459300855203,5.581818026543252,12.258153028217109,63.78156782766838,-37.914871810148874,-21.564044728707028,-165.49807269154076,-18.453047615566156,5.417839630214189
7.846163661795444,-1.897506014513217,1.5851687957232334,52.40525702293039,3.019166802183078,11.178423300561276,-117.26270438725606,-21.52705275797133,-2.17535076531195,-127.77580987458084,-22.187965646360304,17.40210826040087,18.65502312952427,-12.691529281583048,-9.421833429982986,53.06400544822232,20.03058262520226,10.382565014929583
-12.698737249449705,6.488314935453561,4.777136495985014,117.97156253263543,-5.926824813210321,4.985254625309724,-184.9015277833238,-17.772059969634125,11.997170579133263,22.59736251215096,70.73096070467821,2.934492693116835,26.73983471439448,-17.35132464174364,-11.360289794308917,-20.527180850017263,-42.41544615221143,18.941723623512473
18.48348854471858,-4.941332517950132,-9.890386446060068,-172.54748044698613,-16.79926911672348,-40.1539729974551,234.18010056848124,16.374637301086512,21.535296019077887,17.524269891581095,0.0,9.190552358063645,-17.271587952212762,-11.060279506202274,8.817730476659127,105.8770008107743,39.27917749608717,13.833881874528743
-17.720806979029174,12.372663964479866,5.6283434343623995,-75.67099611239023,-6.60362534472109,-3.9165720191221136,-151.14460270736112,-29.629900560519832,-6.110686601158821,-29.920241418221224,5.34816805604662,-8.656474355441015,22.460769454582643,-28.89396614848611,3.4216999302548787,82.10775022964968,-21.66506518049037,-41.358234353474444
8.82987474159851,-5.309048329007823,4.54094190189966,30.000819353814965,-4.458766725691841,-17.935010983660593,271.53242106760314,28.815124589217618,11.825429933743314,-48.40661683308211,-33.094663054357646,-1.448250159764786,-44.0422754618529,33.13475564892468,38.14769518749057,-43.77931920927463,-16.638486633971684,29.08064810494099
0.5388053607818041,5.6271469633511355,0.5466358493455075,126.91836943660257,-5.170553826220076,12.521316912991175,11.515592181133567,-0.9218255562354958,8.632505148933998,-73.46221872921566,-95.00552815335061,1.5965155636737167,-44.01661178360329,14.292919252691297,13.944557954602972,-31.562165350004605,-58.97054425178271,5.431685823134444
-20.92256761395008,13.336241157995756,8.100839557940704,77.4370987394835,8.859487143073794,4.675418945380285,-221.42356332306608,-29.187932188439728,-9.436834773419026,38.171806884969534,36.302641954547354,6.114700829191918,-29.13977448208426,-4.331416718815028,-1.1388458847487541,-232.9781094231936,-41.25152622534398,2.2701727175701194
3.5301389187052004,-4.802279408941001,-5.041628023490523,75.70921871531509,-2.9812721616367166,12.113549976692306,73.02950220320267,11.26359900993705,7.28439392730175,-56.04975038850437,-66.30669056684057,5.082698389336636,-41.32964092060471,7.500757467801311,5.715790555668839,5.197387451772414,-2.063736824771991,-32.94956433358993
10.764791489621865,0.0,12.023998196171531,76.90833637602995,-3.5010188408810325,10.130947175604787,15.56628856460839,6.003562625258376,4.021710288442788,3.140779087419112,40.76856249501013,5.005070080877005,-42.64232848714167,14.195139878642347,20.441672843270076,-51.656366420974834,-23.035870830003574,27.172813568957494
13.072814123879708,0.0,8.017881477406446,156.1699840966717,9.143851106317593,5.352538720727563,31.271796295820447,-15.625373580910894,6.063434940826688,36.59101101306151,70.47479287613314,7.882614051018747,-37.80765057858315,12.114512635667635,-2.6253632511176757,-63.781298689780996,15.658032415594013,28.85761859160195
-3.5934001459666343,-8.970403692847,-5.814335559545603,68.03629576951322,1.8588605156919544,4.373734347094228,232.51499786799684,-12.028661880567654,6.293102753378506,-97.63834863453029,-29.204100511534147,-22.387129689123853,-18.858356738414642,5.278517355998957,-0.5536766894561365,28.99590393011376,46.05558892848709,1.8190307710202092
-28.502981502586294,3.274063508822719,6.259800333495744,77.80199458172004,-2.5645052990906847,9.439622157958631,-200.2674733143661,-27.990057555179177,5.843598088615612,96.91100276302517,34.817897547981566,-4.420016054011049,34.878818387471455,-17.94178564397761,-31.454154075337993,11.943983929006558,6.718864509362749,-8.916441588591777
1.543366492897381,-4.612555060847632,-6.970166732106425,15.413365854131,-14.101999409592901,-11.431241546179516,33.012209681754236,16.233791758339756,1.5399237612674297,-104.34374485403008,-7.0909934784244895,3.7989611854044356,-32.92679600581458,1.911258509266668,12.462050617687552,13.975324025055176,-9.126064456105595,-29.180635787930456
1.4864934562883405,-15.018009954338382,-1.4297787554125765,-114.79511237938878,0.0,13.520216279460548,196.84369151999934,20.8777900863801,15.303261119779805,142.08427220021932,62.41279560949854,14.272876079032844,-6.097809479864658,-3.944438883443832,-6.335425144426602,88.90965944219982,35.540738032388674,35.215378370327926
-36.98195615649116,-2.097559238051727,-17.155200735079767,75.82398803784511,26.866691100115663,-8.055640061363995,-337.5798187247258,-16.25417048668641,-9.155955721093745,94.85063658694754,40.26883174478636,-0.08482539073727527,17.837068574352966,-14.013985373036338,0.0,-194.38314067188466,-63.699038527140765,3.842300851711798
8.372376539441262,-15.21801798332056,7.388196822238838,-8.821870779126904,-3.307851669683343,5.792716753533653,224.11970242613594,45.3415156200334,15.335162856204358,-202.61651651862473,-59.32725201407945,15.317804669351826,-32.5183178793499,-8.911667628074326,-13.016126498389811,-0.8954392932003692,28.893388298103943,-41.816282361234435
7.359826746454071,-11.69234327894801,-1.2005166665613245,-96.4292592422864,-7.553878964823538,-22.07531578408686,158.84501733807872,14.55401533192,11.525384519418582,-148.45103070145154,-27.804386942307872,-11.784325983505013,-16.78707977969934,7.981283140351957,3.976145614405943,41.019593503682074,51.0626132080499,51.71884504418244
-6.549530283626455,0.0,9.30965078622278,81.09213883000193,6.496035290847861,5.712185560247078,-117.702067606079,-41.84926570666778,-0.13418919080090724,93.08209109305244,38.13072147975191,0.0,7.517614030910706,-15.12697904714512,12.978225778188653,29.639220730264306,9.26854156363101,13.011929575539995
2.7390039073527648,2.402997576358954,5.542897526153953,-153.84669722182142,-13.076843637298126,10.863771832329109,30.611001338740405,-4.31432840241406,-6.89245482415053,159.42655374683756,24.257541752757557,2.827637062398471,10.586923069085003,0.0,6.5104416660836355,12.815652057867366,0.6339893765416921,-21.774986097195253
-15.984047314848743,4.91056794675173,-15.466881095954294,0.0,3.0780127142206104,23.60669800295774,-228.420847556806,-9.38622359521732,-38.68489449494692,65.66665717638367,23.808223746427256,-2.7336148268021603,20.7507310177984,-14.177391165152603,-12.327554627231601,-87.26527384823339,-28.47940177635598,9.734581530543494
-4.8988628233958424,-9.79700749892282,-12.708884197806665,34.974006711645764,0.0,21.79387532844067,148.85515211054857,18.89031205297,14.949170032782572,-129.39605441391745,-109.49010847701942,4.674401452633626,-44.92573993830852,18.6275681965404,2.6929763052426643,-31.862504695822174,-58.82195031198635,-17.890800008760323
-0.37682990439270697,1.924849754402665,9.431814124582473,-41.919622450604166,-4.731454705409283,-10.065200367633716,-50.195478653467774,-18.029188836655607,0.5070197470890153,28.49332641007025,27.268902004144067,-8.317374033284812,22.61723290683043,-19.124581336566795,-3.798113491438665,87.40618324514672,-8.548765197286215,-9.861798474355211
9.01919950530503,-3.263653395680225,-5.921995685734282,4.140509345859313,-7.852392236048071,-18.075033118093256,-3.043680109258379,-7.6063035917808,5.318541522377493,116.01146255470722,49.90663410422298,-0.8836734428381965,0.0,-5.4246084151077945,-11.294032431923238,-6.436626080454306,23.465785134899907,4.395619863275783
14.308298623411794,15.12512081011907,13.167831035268016,56.577176416761404,18.979363507296224,3.00276227381471,85.7005821996798,24.598530887887865,2.9736003201831362,-29.966144878333818,8.325537390138345,16.66657362127019,-30.118039061489313,-26.772861217090576,-1.8004020862460828,-68.5698810400465,-35.362349016055184,-25.087915482977735
12.557180805131331,-0.5023704351339547,7.94253648688507,120.59408577607246,27.389678962081877,5.668148416739399,4.811964016912966,0.8515150754084507,8.858423999853477,55.39438629148063,40.308294417355015,-8.179355242862911,37.45274447286837,-16.454804941352467,-18.729145277167504,65.40018386093662,-19.861147398907157,-20.04517728009222
0.0,8.938222935895258,3.660052357276605,-60.96326077714585,-15.586653415788188,-18.35378386539661,-114.9843874508645,-23.109921209959367,-13.51097600124989,-109.33261725755814,-5.635922392511055,-15.748452525766945,34.42563184875202,-47.13205713328724,-23.39429656835105,86.51989574675635,29.426917334465198,10.949857454260155
9.640544611647602,-8.709739510783045,3.948178977040712,-38.23858100553074,-4.005857069459369,-19.22697601196188,32.65217432215801,14.811726526986162,9.586606523531028,-135.18806539870153,-22.57022543291265,-1.3831441102694564,-26.0547858990455,-3.6135461212909954,9.465427492207917,16.55376302964462,13.585649313585742,16.24900140333068
-6.04392783615554,-9.08179808540113,-2.172739560423397,37.89084285788216,-1.324950902377371,-3.3749763375669564,-172.85729450967852,-54.08801206971463,0.0,-16.085826170738304,-12.523104491468462,3.7523251195389005,-92.71759811701119,19.977466342739625,23.996916049171546,-153.18960869523,-33.927619876074274,-21.208873921378597
5.598398877993889,1.6406667556194605,8.822821866451973,17.912161091677063,0.39221335205479935,29.26571609991693,-4.433159326995274,5.888780056659777,2.0030550626175185,14.189575771517958,16.90693933609849,10.548920232218642,26.17514160154542,-12.02255233054944,-4.821900936543444,69.20832567816291,8.251459995582493,8.980516043503314
0.0,-5.351337263126519,9.340451468186323,85.426317237262,8.034992229086647,16.490725428801188,238.81864037728496,10.959536961097504,17.41106413473958,-129.9216425442683,-21.626380436867727,6.441720261896921,-19.024904219291916,4.7719716744181815,-1.8773978465511523,15.374511537784382,70.86140995972464,56.674902650178524
20.346441220095574,9.937052153342101,3.1157709615507794,141.37432499426168,12.36826288574901,3.646094412764786,-125.06667838924479,-33.20225196581108,-11.02602435153918,-70.30743717536778,-44.72639057101227,-3.9666406162684296,-47.750680471599665,30.08124459478658,1.6177659587000495,-107.95198546045324,-11.396605275135947,-19.518155897976726
14.046648715513145,14.778535299704208,17.145636156154705,241.8691141364002,35.73899001220648,51.71522438235089,371.75055706531026,94.58570541605933,22.679043500100683,-98.58050420631979,-36.986408988532745,23.99594911465837,1.8357607536266456,3.061553109432881,-3.0630528789598133,85.19805458794217,96.29474451356778,4.866979359627521
-2.474506668095225,-6.723432955845913,0.5584525821387641,-49.544453068576935,-10.10657970681692,-24.080561214603303,39.75997695407687,10.570823179126982,3.0180632926361954,-60.36964139836188,-31.709335318100457,7.145293845654356,7.378603025602594,-1.5523926961347119,-2.163022485076761,79.97613146869435,55.3091604759602,72.81545984321164
5.495175531867245,-0.20806731137225978,3.3762678274655493,109.64335750510679,-3.351379818838321,10.209573567289251,-64.2763152340515,-25.3969676835632,3.6573854205318,31.565387635348646,2.0103444380003253,-0.6832204024693898,33.38969251050694,-19.748427016797148,-3.353243058177381,93.8060649248951,20.090084927954816,-8.991370720266445
1.7349546054890317,6.159724131930966,4.772919727255016,-139.09858358509132,-12.058450458867291,47.15994881064855,18.471748846979764,1.6523687425346394,2.674187342979308,229.44691379596628,96.54844089724237,22.52933229227155,-30.459719771099614,17.032042231446653,8.76463741538802,15.68704259103928,46.549043990496806,46.76425414820784
20.03631868603869,1.318294585079966,12.805936736975221,85.73946286922467,-12.917596850007046,-20.867570430238807,128.12576504614978,8.13528432125205,20.48391587373604,156.01537156144573,46.695103212479445,20.061961671855993,62.9974700280898,3.72503696052093,-20.343417408374478,84.04431493527666,28.341008176486554,12.024440659245215
12.552361774921264,-10.81703502416415,7.189363183075434,-30.39049873242324,-10.140175021426941,-12.014774487846616,230.08026490661013,-4.229934068920996,7.528772108520329,-172.11272243374555,-35.54017156695755,-3.465764853581716,-26.376252829520084,-6.702314589465495,0.0,56.473656872968334,27.708754983491687,30.953640509007727
6.92853520349155,-7.741031103555868,0.0,54.06334946234678,10.143254845311569,21.57360555563991,94.00925097730656,27.31229209171952,1.709776958349636,-19.663513590317525,-16.24380420218708,2.463046280583678,-62.706547481778955,9.060235322822285,8.245515977247546,-10.73081961365241,4.468711953719784,-32.622767208180406
4.213529633088446,9.797817673603738,2.5284300458618763,-191.81995310952325,-27.83322774821307,5.370443641113796,-48.176494830938786,2.0377438803660137,5.56588731680116,68.36266945818377,28.48700532136158,13.550667624623667,-8.277298022672777,-2.7278482910804294,-5.092314196089338,39.74426827131397,-3.014204900880087,-16.956228173551963
0.0,-0.7338226684254004,0.7715727127988858,105.66641069552877,6.234226172280393,13.202919398852943,93.68747332081271,25.15977459253066,17.19119725017074,-134.86924955452125,-35.30456484229551,5.076554728617333,-15.948367816072697,1.3497203849759742,3.759861088393642,48.00306369807521,36.590332904232945,19.191033995331452
19.04261362845296,-6.6630503725969685,12.950813309887003,-1.4947368651026605,8.341686922564952,41.4797204432041,300.4339978945655,39.954657835229966,16.232578902265043,-130.73773688266797,-67.46333580568165,7.345322639873576,-32.26440630101852,29.128114924539407,41.43385858910446,25.196506266441542,54.556341906166196,7.147746285051539
10.132878853410748,-8.025777712753454,-2.394294076776452,-48.91070323089495,-4.660470720461745,3.83150127317617,192.12076897668572,12.469314567132782,15.188070960157333,38.097257563493436,28.135386066191035,3.2141532503191006,8.629057260831507,-6.536011097594209,-7.006444764387641,77.21219227187143,38.40421935051065,10.775901773273858
14.609798528980654,4.007684943422155,12.70919304900906,122.92739168955808,29.529956104650505,31.722058114855855,362.73178604451095,78.28218401871945,30.941451893541135,-71.65879081107933,-21.059654502691018,16.73135059648744,-1.9716191541596446,0.0,-11.429646154688873,124.77389851381244,83.19802076998081,-3.7702935950507026
-4.1975333614095005,-3.368006332829279,-11.16844012092269,-24.39227651342988,-10.607846034083906,-11.677380495932814,138.58512401650444,19.892326575648692,12.276907513410999,-95.71189282841786,-14.979315504077507,8.85829739352342,-33.53353483019033,4.247352198304288,13.417327736530305,29.955868030785254,1.4547706480389053,-11.424967241501502
13.922925704323077,0.4353134401860403,1.5246055983974773,134.85339864722104,29.27461531379475,5.711945534742027,258.6956240492061,33.17979252963102,13.569293376653702,-28.27373250453449,5.356180500437395,4.922255788927925,3.258656496041129,-6.916635698406814,-23.294451385550026,111.71960336272973,51.04432180876216,-55.250051240096695
-40.82779046862827,22.457452043864055,2.5167307313947234,-24.95016474013838,1.6563997621942739,30.01207365010314,-179.40398330851218,-14.864100392135324,-1.748673503721737,96.1747898094832,14.287827945506903,0.0,67.89320498040698,-27.648128899717676,-58.213725813014584,54.35565281844048,-9.095437972923992,-45.03130468343619
0.0,-1.393407821896437,1.6522966410942426,91.05529457938778,0.9269799397697879,-6.283472651527959,65.24341277929926,6.0999701636022765,8.066487028116049,127.08538632705836,42.287810267871066,-9.742272770156836,33.67454341097951,-8.808252317701303,-35.77285670440417,101.1961955112674,54.21025190689881,2.407753306195616
9.70501407028129,0.5644080765278882,14.827352858090661,33.30948819184852,-6.492205672514744,-7.47925959912043,19.747978438821495,-1.7010779052288985,5.347565369305471,65.19216873384502,59.673761255789636,6.232182800758999,-39.35148699189196,8.753573481053035,-4.823745141145688,-83.43809959882992,-38.593521607544716,24.652726732614383
13.947249200371132,-15.586558788903274,0.0,37.633167308280335,-7.017897418545539,-8.530224214993362,260.52261748383734,33.42923179691767,-7.597582930233005,-186.50787288518205,-80.96348421328453,0.0,-83.71813787075307,-9.767906673659011,8.67368820598062,-10.883304992078973,16.58952638761589,-27.406672482539506
12.331142366980897,5.352798098136143,14.945615891116805,101.27272973729923,41.26031151844306,10.34845843963088,73.3828059494635,3.874081605049627,10.737634635135603,40.43599126047396,40.7622163380697,3.5264894532032507,-45.73591648216604,-4.536294683339722,17.525733175012334,-38.70629697046508,-20.330363432263454,24.157362537891345
8.788361099443222,-8.374529485812234,-7.070175835422183,-55.84995894031012,-7.407916815212656,-19.361995099444027,129.81989452883798,23.2725595582766,7.201885430059795,-150.57129470609627,-37.99683161763188,4.30392879045862,-20.948636797673966,0.360541872498037,2.4570328011759592,39.286529545513744,37.637745121278755,17.352970361151577
6.497158176405513,0.0,-1.7286520952870668,32.27999171967252,-1.1743786914826029,7.926264096608487,106.30030727797447,24.572484876015373,0.641363620132522,-129.19143889967734,-35.34137135963626,5.1041654347394845,16.522648037222957,-10.827428217702764,-5.701970607468533,85.91324395598066,63.03724113777057,25.874455331798828
-23.669041492202172,-6.571049678212414,-9.624981972071403,129.0679098312676,-20.002133613543588,-0.6602053367086117,-261.4205301622327,-22.52581896196444,-19.34967509422866,55.15852202107869,22.66216798877583,6.711521507218636,25.936466156189127,-27.776644807349104,2.672916077151427,-183.12491395036326,-35.1057608229049,4.796633027827397
1.752909827841771,-1.964924991762593,-15.64974673264726,-6.008857207185297,-5.75541314185682,-3.6446006385043144,208.70138470029414,16.984933089806646,0.3641749915277006,33.54286626669577,37.91900301441912,-2.676559873295328,-65.38726491398091,25.2575255327558,24.89027738627626,5.670417497110265,-8.840167757947697,-12.073534584105118
4.202842920937323,7.096296392319124,12.808997324106821,-51.77503877006341,-2.5340577440406755,40.69200508026861,49.193764119749986,2.6809239524455966,13.41846872201459,87.14624986609395,109.13671407256777,20.702333405587357,8.972374667099023,15.28932713224779,7.556598761710874,-28.365407901056273,-21.03776173627111,13.542102587802788
-1.6719106757458777,-5.154713692169944,0.38173140606631517,42.306394713312116,-6.910438529297171,-6.821774837794168,172.86459300005706,15.713949088484286,-4.787212588072487,3.0099976887975615,10.736491792505596,-0.44788307249850284,-55.98730663744563,12.972860399711877,4.314182950288046,28.27431861821407,-5.377364427280249,-19.21756949479439
9.916378906259723,3.2268581962709137,7.5035665858558644,-80.80361650417328,-5.227576942564923,-25.849094184876094,-25.755828164942315,-9.622901367650375,9.85893959203604,-17.013950519292337,26.507867353259865,2.628626353573342,12.600100269969229,-25.797467998795078,-13.158157512236478,89.09666564152977,9.112588898844209,12.917180253981527
7.506811566965568,6.692817684174987,-4.116750160275252,67.43453559808351,-9.437691828550133,-32.348622557229554,327.7732225420774,54.26253772242113,10.705949319683974,-98.73457417312089,-47.75984186196632,11.471699082245006,-54.659599326196485,3.5436279511444315,21.458123769837012,49.40435225020398,50.425290283913945,19.066883482712967
25.947358589335078,9.940597101470477,-7.571538485993491,119.20412221278139,-5.745407450984009,-26.81004251399847,374.4764289626822,42.07600031231349,14.583888051760459,32.15995953729573,46.3171897812248,15.312399916447115,-33.44457858562207,2.269087566829928,3.017505848391078,100.83480914406971,63.9065713321073,-17.17528982169756
-2.1400261150452398,-12.04487618744199,-12.27656495073888,-76.20816494810789,-17.938602923005664,-34.3610132515324,8.168499838535219,3.200516054707158,-3.314862144773485,-66.54278642873003,-46.3332764963032,-4.598755699357352,1.1332313616629852,-10.34445018374118,-7.570264707786093,52.82686262329742,33.43196887252401,4.982410649706651
-18.670540610211052,15.318079800390404,1.0958668337386734,-14.308634992762155,-7.043192990493247,-5.077559520952708,-204.81626672939572,-25.09719809967508,3.2331507352782767,27.16288154811362,5.425288397357224,1.9542586765040981,71.92680202465951,-57.04791839455794,-26.68894584270747,88.24911540303154,-41.23811493342397,-48.85758213558694
19.003698365333204,-6.551614672320867,5.062323028926949,-43.29331958947212,-14.533653284196788,-11.642097550638312,221.61660323497142,18.43554175745764,-4.548720603876842,-140.60383889677777,-23.29573803838315,1.8036302174580259,-15.872541097235498,3.8074239352149815,6.692269252529233,55.283017373880924,30.861811917769874,2.4589042902257177
-7.332801862435043,10.961810150969763,7.834800736324677,9.48602997919618,-4.229372907625363,-5.806694220822195,-151.81498168039133,-33.60074077804869,-1.4579796883014324,-81.55937051258057,10.288913753048213,9.001106409320709,18.280537730716848,-7.336588463374754,-6.241372974398775,12.444540135609108,-18.979057327294345,0.9254210696115877
1.5215561607485262,19.721275621758718,0.0,104.10842834766392,-3.543310908838582,6.1969076617182814,-213.822406692641,-38.791091616145025,-11.294636954125608,-14.450072693576626,-25.708267498884258,0.0,12.636394550707902,-25.14753989612958,-5.451092500253489,-183.6441530368315,-22.373774627134264,10.020717839546705
-27.596016735173787,7.419490987927138,8.637953492055319,115.020626136459,18.471221874595017,12.228319976866246,-190.1531878468366,-73.1473422727476,0.0,-106.59039375873597,0.0,0.0,11.016454241887958,-16.46386658513758,-7.716320484629818,-11.67304752538271,-10.58791239053528,0.0
-6.974474560733721,8.53781488131449,0.41804874412808996,-117.90156250021877,-18.009057929747552,-12.709240118023635,-196.57303867274652,-17.91565013479178,1.9326092565566366,13.995431792680204,0.0,1.7114929746891137,38.47721786413553,-12.430902061549785,-8.083819657761673,51.89611872650079,-26.07227643186192,-28.818923218964642
0.0,-6.945503457084398,1.6508997955343239,-3.5962340572777545,-8.788600499580227,-12.747474227611734,-97.2299153031383,-44.77588039329214,0.0,-5.539117836993959,-39.72200532065346,2.3277747097308166,19.183071428530646,-9.911158528076658,-5.07031689567762,6.632345509615778,10.944948611958093,-13.03952846711752
-9.404469260224806,-13.308381284316763,-5.222945953361368,9.161370579593765,-1.4821230558276064,-32.99458056133222,93.85925516833183,18.00263451959868,7.468693207287269,-126.06909836028942,-164.76629888291023,-6.9564817362997635,-76.53914157046944,-3.1449375193665072,20.167059805317052,-73.86321158028801,-33.07248934026271,16.28445661511398
-23.047105740591245,10.234460289498042,-2.437743830303064,-58.4620479094654,2.106043982211042,28.47054833685904,-159.41001393348247,-30.28924552524586,-3.043214099309155,37.57599753494275,4.488466699093959,1.2758748944754386,28.194994498251816,-6.355347679358157,-6.314278742325905,17.067094230015506,-8.454121831504779,-44.389294861442124
17.404390932527132,0.0,-9.803189300830134,-186.0742241741121,-35.93057280904415,-8.609093020074498,0.0,8.00832245324532,15.654167425107994,85.16190305684471,40.408848193584,14.40872758985055,-7.082428206727166,0.0,7.05703558863291,33.69780047886459,45.00357057217233,84.69939401841432
-20.14339196445355,-19.84672674546155,-12.85887185424353,124.16511593748245,0.0,7.662326944707589,-184.88271389480818,-27.023553803575638,-4.596075959180368,80.89175623078276,54.51454255938256,1.7619552863131218,55.239291691295016,-35.700962149382605,-42.98421156465674,-77.45640336184248,-57.16981617276885,35.518583414291896
-18.499264255649198,-15.637173669477656,-3.842935733557501,122.34537192112353,12.617893040974671,-6.7837267008220605,-259.96302058302643,-12.859466888044693,-12.764462265802154,47.06153086631823,53.79551903599279,1.1442456043882705,-1.4819256315506606,-15.498677651261497,-30.123454293063837,-49.295115544518666,-53.20451372559571,-6.904043336888861
6.918162328396386,-6.5339695899401855,0.09295346050671036,24.698536595176034,0.0,21.876817462364706,37.306266912084716,8.885407719188148,7.225473406913869,-94.30191466070865,-35.90692744039393,6.198490879023989,-36.410367130649426,0.0,-5.0268943754709055,-8.72044684804165,-4.226182595222209,-22.416163900611437
1.4938145621713055,-2.1856496437767525,8.325233611689038,-23.481418640908487,3.1384292534925864,22.501454141148585,-81.92467354911057,-47.96875882361684,2.6627036684332865,-14.82492478317338,-62.43770774878638,-7.997358629738308,-24.083894285729613,30.779455112940994,31.242739905045635,-109.47610729890306,-16.721865544135145,7.423132356002213
1.8912065387895594,-5.052141476268052,-0.9460702168727744,87.82648050854837,17.742103353950466,24.24037374622923,89.71809334565548,16.21955093707473,7.690833800043331,-35.566561611769956,-18.77485193292987,3.39429704848353,-54.13082690238107,10.128110216833552,-6.084397596040686,-3.161756767199671,-5.521506502759784,-26.294473330598407
16.55970827189,-2.804529793385927,-4.804752972529168,0.718427113040499,-5.943479797215056,-11.027291341601671,156.0231177256445,21.687540494343803,0.0,31.97845995712495,13.744645292439337,8.209934855658132,12.342759558587414,-7.067393926258858,-3.7270493429847478,120.24354524759194,30.38580815829809,12.725040058195987
-10.600252148038896,-6.870698688471854,13.411110863090755,85.29845292888183,23.196339124984327,35.894185257011344,210.31769814845265,30.58393982993527,6.454225751935172,-100.08972219766142,-83.67663494466353,-2.758837768130057,-16.886756971269293,7.550194623148447,47.046498590305085,-74.04101057514805,-20.450190081674364,32.17158839991771
-10.077155003000911,10.20957093862578,6.36535142771262,-11.289061581876474,0.0,-6.703822821807249,-247.7366783270533,-19.664023989601795,-16.75997830412831,-45.62783844132014,37.5368504575108,0.0,-10.385253664284532,14.637689800572764,9.567823397083176,-175.58477511939526,-13.56086183478071,-7.882395719653516
7.348802071751236,-6.521319731569026,0.0,23.20188541847507,7.505744064812695,27.6606504637253,258.1458570050071,34.34295532397992,2.1773847132927315,-27.872070129308117,-8.368075472510414,5.397972809505043,-70.00124683479235,48.32677035216149,31.757024341713926,-35.02558576572115,41.68425223926895,15.385800910287287
-1.4776440283692922,-12.970722857570347,6.023162752487356,-5.434757169234072,-9.442318362655163,-25.831228244750676,70.36080745437044,2.9619938202012226,-0.8212799136771176,115.04518380856237,16.84247132164597,-3.031129641761194,30.134675000334205,3.454814091098469,-11.830303522898399,89.77289205021154,43.81389663722793,35.86921558214277
11.845938512490244,3.368007475284155,9.591074305945378,28.899400662245867,-1.2694222184908144,-14.373029856109262,268.766460997714,36.659129417949565,6.903088081782281,-64.7455267010941,-18.02410534836133,-1.0389584404587129,-38.64862560903299,42.62575007359486,33.983129613900495,-59.89325251393972,-15.257056302434302,31.799688820072845
10.450446287815625,8.526225503621578,14.97688189737789,80.76145353969049,3.7184960041312602,3.3962706022695177,103.67205925853285,35.07976747889014,8.163630336489929,88.74208865415652,49.06699620980096,4.4088132301670795,32.178568282421075,-6.65470561725286,-7.917804109176052,131.63521179682925,40.58628195076365,37.98024532137197
0.0,13.462103998932117,-3.3620122748187953,135.15415103550424,12.536507393496917,-4.414406271661675,-123.93162858656494,-45.25750056983422,-4.966672208222963,105.56390369786916,43.83438842002045,-0.8537573241194384,13.513951685294355,-15.951582028535794,-14.730310687693125,-31.470821721585086,24.17447366888866,8.533895302411423
-1.7622805821413203,-5.102816045314407,-10.259512918579999,85.3554164938625,9.74060338377324,13.364521107783311,143.65917301260666,16.17094727731604,11.671159723036443,-142.38760127411874,-59.517809848561036,9.918873288161743,-25.6939315747314,6.300372837585227,6.274984244069846,45.65221222223101,30.965456414239426,-1.330757354946229
18.7802877367692,0.0,9.672222016310894,-24.527097948062192,-5.3237551729576404,-5.512430682939008,257.7740961961634,12.535017797049276,7.414007561138449,142.3775703539712,19.869003481177515,-20.117805142327523,15.088664528651012,-1.3022975141314765,-13.96067876127752,98.68111786753427,55.85560048245822,18.636019848051887
-15.125523892851717,-4.43860876506025,-20.610861838182835,94.56083533354332,-2.190585698199332,0.6018987750217224,-178.14841478152252,-25.41984135947194,-9.807522570463561,109.76718937100937,48.41119284707389,-2.882587677381282,52.436873746926324,-33.29169849467177,-43.26489501067154,-39.9387922828404,-55.684199009216556,15.103076520731832
28.584844614407526,20.692819954480527,28.89151303441517,240.6987722272155,28.351264882889446,34.49399680130881,374.6025760898297,86.41648430012604,26.14371118912456,-86.68850431022554,-54.57443923401836,3.9316213864772562,-9.942747346037056,6.745129222827643,4.365253157161471,102.18922866774639,97.65871559934168,-7.241054713948074
-10.29191160009915,5.365851861014179,6.5635114976468705,-152.4889371206365,-14.152891777756562,3.051936219920963,-92.28981864696622,-30.515514232877734,-2.8626403843595187,64.48953681273957,49.171781485677954,0.0,13.844024354688752,-6.936071586901482,-7.739690326803371,-10.7020114892146,-22.115628883613553,-4.7582619974992895
1.1092897249906453,-14.07970995744956,-10.219238438175703,-224.95355004556683,-40.553738015132865,-81.54692832096015,104.41660448901767,17.18416051924781,4.728489092941416,-2.206194365135716,-15.99725310128257,0.0,13.339003011817503,2.2908660327631583,1.531275722175795,57.84141460662657,17.216305772446205,-4.9917042770744615
14.44037719140579,0.0,2.8092307037029416,189.65530167596822,6.647893250098094,0.0,26.127002260203675,1.521434477968254,15.149947254311286,144.16298733105506,87.21697048228103,1.1847980642698077,73.4062508873501,0.3624675632538674,-7.147876901074358,181.11129885251515,92.17281638016209,25.79557336998016
-2.2711362170121308,-14.23626939027243,8.210755835883432,81.13909632779071,11.549837538634163,-0.8358742594726505,243.39815149088048,12.931456548811243,0.0,-139.52064127058028,-49.64003788356406,1.4175403723420417,-44.46770771458642,-31.20873982270138,-17.113916393298997,33.31597994144433,27.423969923108597,-21.971756310017653
4.217652351516793,0.0,0.0,-85.48634946289327,-5.004744153125561,-4.389794133024233,147.69788756525776,15.159926766142815,11.188260114972278,68.96287931169162,23.5580210399132,-7.444955400585612,8.235914073945196,2.3023413911683512,-8.385973796541363,63.02038361266226,37.789336175097304,22.223217172041473
7.81241660672652,-3.017004616270451,3.9494051643855403,3.982603436240707,-6.5820703505403415,-15.48682070406368,191.66366329709905,20.904141033810873,10.723957791923677,52.309710444471676,14.512769539788954,4.755826670314677,26.875769357140385,-13.28654834992606,-18.66988182497746,99.41482280717598,30.230101868749866,-3.7208685876757954
-5.83048501298427,-17.123857452774782,-10.63944903188916,83.45998398483127,25.72936716241222,-4.952428410770881,-230.56925851559419,-22.61372542219876,-18.117708006247103,62.63471580225912,38.0214633390424,0.0,-2.884050370657779,-3.9145155286743165,-15.07262586551401,-75.20189866919824,-52.2934644326681,-11.299182003828207
13.399235080271813,0.7559469279043345,8.287530194621812,-55.50113750724402,2.4822759564175256,31.503490567831868,106.57330848472259,24.514369913495752,16.838798105907458,141.7458550781252,122.61626230843918,13.007936058491604,-4.570986152770797,1.4228140443055448,2.5621525442281943,-21.67625871395196,-24.097912774639223,4.262421725519005
6.863069493862053,-1.9803527227506292,-0.46776998766212485,71.500669904316,6.706783436923809,7.952998624529448,-5.264983631704519,7.504798526201829,7.004060577382385,-215.76390077692113,-63.162673124167945,-10.270410815557259,-2.7546284239480023,-17.95595264761253,-13.447895299429478,33.488163165472756,23.915313327368665,0.0
-18.427061997977415,17.255763102816804,-4.05172005509558,248.67678312751713,17.790053960553625,-3.5549278843997834,-100.28302331156029,-27.41450334317306,17.106313852668336,130.46412541306145,130.19529672943298,-7.593280585090791,13.450696349278063,-11.302943666972586,1.7538951179210476,23.537411277117187,27.959737001267097,4.803807265607588
0.0,-9.11897810198466,3.340328293392264,-6.483764449914559,-6.804477943115188,0.33639180636996235,6.488818977708623,-1.4206461570269293,-0.4923448541352907,-126.9577641297641,-49.68001898287502,6.107526405378167,-27.154040592707435,-2.735816774165941,9.26743425232399,-3.6225321486099524,14.572618351910133,-16.54924779193263
6.586190435108762,1.0200401471863956,11.525931760261974,116.99669414595151,19.92003927372933,5.449284672437484,-10.366890190941552,4.926181042254499,11.326177242021037,21.683500702797904,22.147988050969676,4.611873815733435,9.115349096017566,-17.983208230960457,-12.862061375666787,35.226288729011806,-5.507773701714511,1.081211967293683
5.025079551780921,0.0,2.2687843637156244,-17.397070816591967,-8.826311234888255,-13.601318539859353,-110.4336377019504,-42.103928438024475,-5.594325725489759,-37.86442476947745,-50.565971540212,-11.507178763402123,-47.67604282425072,32.02966235293961,13.842011020823007,-106.81725468981385,-8.696748335344168,-4.719999776243583
-7.637266510113078,1.4250442363618532,0.0,62.668502701739605,18.169030936812806,20.34106733274957,-30.974437564936274,-7.350327730618714,-2.9919524615524296,-84.33208331038288,-134.51020925743273,-4.5592609146361065,-44.07262571677697,18.71676394200773,3.835362236797841,-93.66712810555144,-23.28688143638935,-3.884466146452496
3.080913745129603,-2.6963462096061406,5.3719725658913875,257.3578001485659,14.214643955853175,13.40577768422762,52.175519162971874,6.579468686465789,-2.834603188639104,90.00658134960526,52.19578035802173,12.878938890119862,23.30912949437868,7.424079213968279,-11.663562525141263,57.51369627417814,-12.20131044139602,-3.3022489576034104
-36.25258440104383,-5.1273521746579345,6.235711133150289,73.40464630216505,-7.684544915004835,0.0,-250.98671392003175,-10.200115514170482,-20.45051049535613,25.101606492735403,22.0703186543662,6.959087286350876,35.816623080975795,-29.8339641226484,-13.413319432128468,-154.8641578475989,14.559894648916822,33.29550171824053
-1.2336243644902327,-7.842748955266597,7.428855134061453,131.99955487219623,-5.01919017368627,5.448861518917171,42.29987792915219,20.994550353884627,8.03035127251401,100.13244576484385,57.0392207015335,4.497550228941717,46.99529892652473,-22.420476425363702,-1.984043629926881,150.35390202040787,54.049268365728665,50.162373780942175
2.3267339226174455,-2.3729023044241258,4.1838769182678295,-8.823872671974858,1.179167546211563,0.0,15.920897584204416,9.166256532035916,12.485413883880575,59.60079845970465,78.23390931725962,11.168261678673186,-14.31826254678947,-10.108713071452605,-9.6793688664791,-28.63737503349048,-57.68660919134861,-18.453998200988266
25.91378663804774,-6.675058061764719,-1.1871847076998507,-16.28398149781525,0.7432435875412604,26.864152752046245,116.66165696055587,22.277904969523792,1.3282330989161246,-96.51631822950223,3.9846039177936836,7.20298237029809,21.62041434093303,-1.1320813786059722,-6.96983970829455,80.97723072354133,48.952853028576776,29.213971565639554
12.765317750944012,5.90274614450951,-4.701647560281941,52.91744208412387,-4.2786781541491115,-7.245168702888667,351.1247757923011,46.319347564329135,34.06066423855291,-25.768508989175018,-23.736085682794638,15.052723240370073,2.8507883875140747,-4.481368980192307,-1.8929281338111157,133.9556100682402,55.513942108516,-44.28270452941854
12.947119895436927,3.9636087249145975,5.490975965655259,245.17545990422295,32.972268473240206,12.30350201419824,274.55702782106755,29.510970497747877,20.854024590208727,6.913078917774395,26.998308354199292,17.965454809815252,-18.362145413831655,0.5382290533807834,-4.882806796821138,70.1049999323448,51.53395917782447,-11.82358855722157
-13.019557653841,-4.356055173119166,-0.9804081958426772,-120.2890529016221,-26.2859658223917,-11.815924164612374,-120.77885958035297,-22.11793569228263,-3.073806428249141,24.295821257827622,58.4929400290321,13.754580831969752,-34.861179089711634,-7.02088007588448,2.8977659479060116,-66.66125236821173,-6.353727161659765,-11.881714543565636
-9.618930963667356,-8.137536755955445,-7.249908566299359,-302.7473609011762,-48.422691199285346,0.7796406156877499,-42.661558132215774,-5.904488729607529,0.0,79.35028749712737,29.519242706078725,1.8177939297418668,-22.912165053543234,8.080106300331808,-12.170946986184221,24.166144475164813,10.549315533377353,0.0
25.31967506330258,-0.6574762527616697,-1.7037960271892032,-81.70677464877959,-2.961033743076199,-21.206082378057186,273.8841363478431,42.61701099574587,14.702197343216744,3.8128967346836062,8.717239258080372,3.7766691413844553,21.77045350506321,1.5172419041828091,-8.55382302326873,110.94284697497119,48.06100639817702,0.9759963628352466
0.0,2.0684286673355254,-9.32657700436686,17.932334230686216,4.520353257941812,0.7590503897805522,-182.38764881572453,-20.60475930116296,10.785580122730044,105.78087310505757,64.51154732332687,-0.5665119948518448,6.2988518737866475,5.310004515216395,-5.67346293465256,-96.24860182719873,14.498865030544579,-6.333070300483243
4.659364376282044,-10.571825158286831,6.977322506865139,-198.37353097421888,-14.396535488834145,21.390922498895222,94.99081533530253,3.531652218708738,6.013139382081118,152.00874410901932,39.44961454040843,-5.734178107160657,19.878129977787907,-7.823581276685152,-5.852490389178603,26.45175131766678,-3.7111968911406237,-24.081071088417417
-21.57012427845027,5.081700358039253,-2.6802475415990785,-48.53041710934302,-7.5455177717884885,-4.423435824269201,-128.50541788995827,-24.345230065413443,0.0,61.818300749318574,13.898527583603032,5.657511606423337,47.99878741808028,-38.59205225318178,0.7823585342821068,86.86047475482592,9.875376919187996,-14.24442759563091
-5.064291069198281,13.601463938246074,6.122854365446692,75.00283954084858,12.116593894017823,-0.7696319530175754,-191.19007423508683,-40.44666185084295,-9.394871711749586,-110.15230268868949,-104.55359014658548,2.2436415489231027,0.4503683055398693,-8.321383399062647,2.5735520098572184,-29.409335078602723,-40.48396542031598,-0.5515923243743828
3.6609406854115303,-2.8935216820896366,0.0,34.845496480403376,-8.728261126056635,-6.419174426664499,88.89230264530597,5.983358895134139,10.643993846130584,30.379410717459123,10.645630121479723,-7.918781221477268,-39.70680165711525,-12.646457964016363,-23.20318880697606,-35.68324773616365,-40.070609294875545,-56.82232216210311
27.670558079693105,-6.086270079566318,-10.988912274540096,-77.12801324003881,-11.070374255206826,-24.224926995572247,245.97977355282748,11.711290942097925,19.205285995945747,-99.39517128123353,-25.100034504285667,1.7617794854330253,-23.915815709836252,0.0,4.7816457342597625,61.985932520946726,34.61891808048099,17.284606601825715
0.9949114526622724,0.8416970526433111,-9.276173480843731,149.44962754926155,13.63880226772377,3.612423254902847,-12.229718725221144,-17.646915049471406,0.0,102.31780982465231,43.39328130285252,7.853804013225424,-23.883188981972715,-10.941497425966075,-26.03085984793045,56.55709339458385,15.425940903093139,-19.147363308360752
-2.12151927937418,-4.96539682721317,0.7723717788036241,39.205783821913165,11.575255416607378,23.80124820653643,46.33723168459239,7.713294118143622,9.284864854024615,-57.51183260984499,-51.52596448644486,10.621965303120508,-27.72608941627991,15.317049031030752,6.06621703588135,-78.75567722717975,-8.599219172260256,-1.1820897244611004
-6.920543069551396,-2.203590531346742,2.9264989982810214,-7.553774789856503,-5.427462924976647,-11.539373957198029,4.369775559246005,-10.672932081642857,-1.9158763438014965,130.78000499491938,29.814210756948366,6.1459564716583195,29.373370183113092,-25.996274487481628,-19.072084107405697,97.02935147945416,25.84107939151033,-11.03192055869556
-18.474324944255045,3.9749042846316986,4.5889563235100645,-13.536670731794025,-8.716479726302614,5.1489759153010795,-142.77152116946144,-31.368341791385983,-7.0083380005401565,33.90898291281295,17.07715132318881,2.0146488138074545,38.39713046231275,-22.4950497760973,-8.11169258292407,49.81219802458573,-8.802016855358383,-20.938507842716533
2.205753864853119,-10.789239745769581,-15.763817589760766,-45.69552890951635,-6.7635456723698955,-46.60763211598148,101.2236520104076,13.689896399677163,4.600551226479702,-39.555506414204615,-64.69511366819776,-2.945578911493345,-18.618545002560037,29.297248565241627,27.83860807854483,-21.223931561894677,-41.62564227268087,11.358085734722778
10.498469971662066,-7.63685511962583,-3.4898972970968756,-105.97968015433817,-4.219881773100998,-14.301347689847326,215.60015691407997,26.851905723649512,24.208377649182253,28.60821292481093,12.624962284136021,8.185390337073624,-1.8435281298732409,0.0,13.913529877942949,65.80282349653977,38.97085796645549,29.496209108628307
8.859081035949533,4.622912239727169,7.967974798107769,48.363324295205956,11.997795843030628,12.690609459002625,30.84858498486377,10.375732751528309,-1.9123390933802633,-18.249967128450123,-1.8250443488616717,8.680873571958443,-43.39474592341317,-4.693328159554377,-5.433136250038819,-36.10677905689223,3.884490864453597,-54.530989678287575
13.483396989747915,-5.298062771027415,5.100456318042468,97.55949159407345,24.79625899109404,27.84802173565261,48.440142464849686,22.52344137819489,1.7778963057487975,-114.40057099926217,-37.24784462545883,-2.738839256688611,-12.94264936376416,0.0,-7.955176013545273,61.129197858466355,22.68680820225546,3.57069599208495
9.601090104604056,5.4030132668147814,1.707429548067351,63.033413942542566,-4.331026034663033,3.578737868901176,-115.6676537639254,-28.993383910135034,-3.2368931060363386,-104.7363151690863,-75.03575425341765,-6.086458323846459,-23.134940870471926,5.978936276429984,6.254728933943414,8.194881471745072,-50.520822268824666,-14.14241404267409
8.875756628749246,-4.568163595791586,3.549446345611896,17.691126857642345,-8.839070538360295,-5.187138107067408,73.08150628214021,15.32242303747933,8.073662033798232,107.15415326607808,33.48033332133683,7.144414600375689,37.18448319227535,-9.191519751454,-1.4938201829799531,53.38912623916874,-1.381979212890854,-18.471451687059584
-4.232335961651924,-2.757292860508411,0.0,240.7606342977107,19.519767220224466,10.834032821328567,329.7683098141376,67.07634110336686,24.127901650096955,-70.19853569071383,-27.679520940809056,14.775812153459142,-22.426308935202147,4.756351865781578,-3.9897606634065723,71.71194064472068,78.7889911289886,-44.27487316246504
24.755632366593844,2.5256827887087643,-8.136737193108496,-79.22834223417799,3.425930426360739,14.604835805859903,276.67366413149875,19.71673564339733,18.86231895777945,49.72842709574923,26.32834193870492,6.895547455575385,0.0,0.0,0.0,66.69133886691151,49.223641831821645,21.68362690160717
-15.533808033587633,10.325532176420936,9.931022700163705,4.23324979180932,-6.961499643903107,-5.905355036881348,-268.359942789499,-6.727773023725483,-30.80354164119428,35.107469113107165,34.046095002510015,8.31445128368835,12.25646844853551,-10.655560759714236,-7.859439064587047,-164.2682734202621,-21.726901563599316,-8.435034265965896
3.8440018118127357,-4.901404731666574,-6.815066028130305,-46.8555597391845,-20.088109891718165,-11.695908336847118,30.352244812520166,9.110943273090077,6.9994210746005106,-58.74720109136169,-49.18873688970944,-0.26517204822424245,-19.79919955899318,22.53762742460117,14.356433858859987,-5.182416114636588,-36.54299811717556,6.564685046840594
9.73992540875989,0.0,0.050106117455302794,-131.31642775148052,-21.454394801691645,4.60488075687524,11.278078706489797,0.0,-0.24592674658347807,87.75447760686819,25.573515971272734,0.8401127781840104,16.155566844408458,5.176919432426054,-10.796018049127081,32.73281509714631,-6.629780703906852,-8.376020947713894
10.43522518525938,9.627767796499594,7.850811846138733,65.23830581950293,-9.780808841270801,-2.681414857447478,51.163430342058916,17.589958329200346,4.400882972576078,43.34589055303745,17.40358557139538,9.61213792487628,3.829402690037119,-14.512354106471928,-11.265252649611226,26.952323445080754,-10.572044924785782,-23.832736307633354
7.030881813166386,1.0136174576721741,6.586834029460163,-77.28264784905126,-21.34217524792765,-37.711231555801774,-47.89258017424347,-11.340369423551651,0.0,-44.63605604304595,-108.44084256412388,-4.653426154859472,-29.66234023752846,20.487900111596783,9.207807516058944,-56.17835243552007,-37.44023627920951,-9.168821773213892
-27.869458313330096,8.282922802502815,-7.764994858122684,-26.723039387034635,-27.002507710100407,-8.463215158619095,-289.70967196219317,-22.72502176629988,-9.382087661873111,-31.27230372861246,14.095429212130968,4.432862629503122,-12.893249573650355,6.72193789275275,3.120199942614007,-168.53860357078756,-39.81999758801904,-3.188966289260179
-3.276658492288392,0.4104260222555083,-5.966857771690282,-29.481655564586998,-15.781772767159728,-19.800484839995953,3.15810515178483,-0.9729427515678343,5.835385805922182,-49.62187567922252,-47.7402205129546,2.3271564840200916,-23.918975188210528,5.295794427349555,13.64825095282193,-19.024470714605275,-34.27849641423601,2.8534245931031137
4.201343574596354,-5.4201696538943285,7.728694227788824,32.997107265994444,-11.91593353606254,-20.130184928579656,264.19658169437,4.449785888481121,16.99809319486576,115.32755644714774,34.58101921501645,10.502859313271847,7.217313593396964,-12.825615740083027,-20.349670315490606,104.00016909707139,32.09940940874722,-16.131538850924812
-1.2850007394069778,-2.660710059574829,7.742124161832459,69.90191908827856,4.908465617831782,7.288627571592988,-39.47163741559224,-11.460321021906253,12.432814840550511,73.11267624962868,42.872786795642426,3.9647129337268647,39.31408065310033,-19.25740322756136,-18.09419241729407,53.072479499017376,5.982264666897993,9.20777276392397
-25.72424872944151,4.225041412247321,8.946358080118431,-40.454328139851974,-3.4406753105537815,-12.95958745905782,-231.28695571067567,-23.75380679601834,-1.1694683458475172,-9.331899827151325,36.718267905002676,11.884067445900367,-25.381394528287387,3.649799879491124,0.9369665478335407,-124.02824654707477,-17.130973841240763,-1.4842677077753024
9.57130703474703,2.516207739238256,5.1757102368121455,189.01753685328032,29.780691727478953,18.905793869885624,-62.778159169689424,-22.333006026566185,2.9236305799418445,2.0774242498219024,26.63393277131099,8.438337828407768,21.842828040579775,-3.93058898088091,-6.7020273254277285,89.87698497227632,13.495166749687096,-6.5449385444889
1.4484455130008917,1.3970208254834027,6.6882269552047395,-10.651116514594174,-5.286671817096191,2.5542048406368987,-65.26708942343281,-12.642767016839768,-6.635571587025834,-40.22024452297555,-8.565425304006755,-0.16191695922607457,31.42937875310356,-17.393322026090853,4.412136577670026,64.72806579577805,-6.904727514234129,-26.216869159542718
6.478881926823688,-4.282583129826213,3.7427250016323894,137.25743322225944,24.45207267779444,6.643455119989672,14.732240295725806,1.3092888030880603,0.5642163900122277,53.08380144696328,53.02049078763545,2.996984615862164,-38.46205534578614,-13.862635802828501,-19.93836568635462,-46.17127511733418,-11.856821835183531,10.989981142930048
-39.82652855886433,26.778053038478628,1.4065056145211186,-42.85044868356892,-13.423813815685776,-3.9276360188405537,-231.28803184942947,-24.702423542772937,-9.357462023036257,-93.34687757167875,-28.943188009095447,-2.1450211620496193,60.25621462677353,-23.612784473234058,-21.55940175859109,-116.57671429880949,-19.96664639410955,16.19046493353551
15.345189195401733,-3.7779804241748143,-5.3259319567836645,215.1925547854556,19.524536043713233,-1.271408937361964,263.16331088392553,27.56384056720951,5.994661494998822,51.70634586478675,46.74400428611187,-1.414583108779885,26.11040600330509,-8.673292672532353,-34.984061985869616,131.78039390178765,67.37547077420066,-7.027683468331475
6.40396146568067,6.383428489242874,8.29742762829382,-35.553435700239,-8.56699055808708,-0.6043845171416161,68.11530094279514,20.63562806546728,1.1046777596196398,35.50213810657307,28.660247956841847,4.313358138393593,42.51302484135947,-23.462457952259225,-21.450939881413163,77.95663300007153,-8.056137476597598,4.845387233757151
-16.082096885182757,13.622784055413405,5.666026539260605,110.74999987060284,3.1089240462922794,2.502057614211631,-206.38961064036008,-42.697503140521476,-17.92554170368733,-28.60384050636964,-34.64801785146223,0.13618695715276227,-3.0905182777563422,-15.962055280876362,-12.373454586193315,-90.99271050955699,-39.073554121785946,13.803727233890754
10.883637867918846,-1.6469007790022692,13.976836840449396,111.01975792525408,8.459432389720858,19.635715988154097,75.43223051002721,0.30438283342534034,1.6793047869141666,67.93662411384996,-12.271667382800933,8.041661686499909,29.843527745382392,-9.370354553670467,0.16650292280199036,79.5876025268265,5.412839900818559,-18.128908063126175
-0.8120524767551163,-8.435756576716967,0.23599495420565325,-116.27877912963235,-10.816420698500075,-9.304478665167695,8.075757085825408,0.0,3.897059329190773,66.19105983415663,11.935530290658876,2.7401265766439726,25.617404389475677,-6.192180092413502,-7.479308346169908,53.04573691605392,-13.629369436501063,-8.705077911780451
-7.976822643329342,-0.14220563164552133,1.7748921865238354,-109.99220173091005,-28.689297658653373,2.047560296125612,-17.474986788105817,-2.0416369013000533,-4.6136963685358925,57.21206817383817,53.44185170862917,-9.72971777305516,1.670217397152603,7.233434589711156,3.6515898037179935,-45.59245940730465,-26.705699269470085,8.796775726054278
8.817833180267565,1.9195305033139338,7.115826443174134,53.22872971856541,-17.59080582859688,-10.99392319479042,37.46476809453475,22.377856190040415,2.075521684673766,9.421481563306344,24.327423418212728,-7.581123695557467,40.10634932373299,-9.624172190048107,-14.176062435580727,93.5440761669054,7.607085041475547,10.23988133832762
27.672196192263296,-6.693247028520968,-4.326691560561166,-21.445840659626477,0.0,-10.329974110346395,276.32832669978967,24.672304290335244,12.775298679230495,39.09566013968027,-5.4458724494932484,8.673316674877277,-4.71843945577537,0.0,2.0392063806752287,106.80625257125101,18.69585797155608,-27.88988019972794
8.63811966354226,8.307073749411492,-2.36596460539027,-20.731207436136813,-10.939808473943284,-2.462945345297442,-104.20366903114162,-20.31514338923786,1.5039154699549633,-57.64775067448104,-51.27840609552314,0.5056936452709949,-2.4928151840270196,13.020630996446883,8.268194025442689,17.1306109300277,-50.38543127106004,0.0
14.361346603010448,22.492292157165757,6.748315333148991,89.58015511067146,2.7783531028171606,36.66973997224857,-31.64560490991244,0.3216796640825234,16.768312496863395,236.23387067330944,62.8515220791037,4.5881819424777674,40.886773781116425,25.923698739210806,-19.634752607439818,116.10752531605435,94.0122469325556,11.36021485293088
22.826893880020677,-4.660726670060497,13.843028306213391,-1.5256815978441236,-9.84968841338497,-19.261659856532482,266.0474598563767,23.095263250407772,13.244429852546945,-91.8758276772561,-99.5139924944311,1.6859237898998438,-53.78306576274699,12.715963608812364,37.33893456532509,0.0,-28.387242310387133,30.346123192790913
9.007349343748581,5.276429734350185,-2.682233242941832,54.356333657653956,14.323606873011276,13.001156510270208,-17.95207206223999,-1.3195460015982265,11.179974320500307,0.9810980609136727,4.526342201690699,4.747010966867817,33.28402736008237,-19.098810891862122,-0.27008292317103383,91.3750253667306,10.370721510982962,4.323164479571631
11.286112603465964,13.53241782938913,7.493446527820153,117.55473280956498,-1.7515838647494215,-5.469938288852863,297.7672416264369,11.58232085246804,2.597152028685841,123.37976840113171,44.1116980675769,4.774543832890457,43.67508662227599,-10.83494725026651,-24.223848146156676,137.71305560626578,80.99982541453933,26.5173517150821
5.204815078173024,-3.589769758361963,5.5222806261093655,48.77222715471329,23.23051928658194,19.663634508011384,-25.492727961583807,-5.29545667839562,7.30642953485542,-46.71178510546515,-7.384926438705168,3.5091547797229143,-38.93902724272752,0.47833309692449694,-30.59051190741958,-37.17509888551949,6.966924452007324,-27.378609013507926
4.150171180646065,-12.788336056773492,-7.451299935606832,-121.22986994134442,-34.969279847662186,-68.82990793625059,41.326946427564216,7.918175692676002,7.392911724363811,-75.06770217854736,-34.976969928102505,0.9688039515934516,-11.576190979403632,7.054516050332449,13.80465873208539,19.635182707015787,10.3560619208124,-16.979294978151188
4.820777266587923,-12.810063315450282,-1.5000632625474388,-54.95610498064957,-10.78506602348209,-44.257220321797696,17.951452808051798,1.7755427856491828,5.362185796278409,-80.81492679749721,-23.72719546751072,-0.022553148576312694,-17.761318983684426,7.777290950501875,13.674737230988088,35.1480403389844,-7.686868219043656,-13.397864042062508
-31.538139324879246,0.48776292292646434,11.04463260985745,-41.35917037847978,-8.727730631004597,-6.265746816929022,-174.77219262361393,-25.597149551191382,-0.31224221162014854,0.0,32.5824994462553,-5.181965497871797,-35.01772171269314,39.574836555231364,22.496028080795526,-104.82749891187736,-6.002515272881671,6.999090665921301
78.7862563528476,16.567691763862722,16.929157712867582,27.91028034578073,-4.778626007277887,0.0,359.9906471517521,45.8017575394321,5.692979036884564,77.18485337371062,26.37879504774344,15.866830512185297,-56.99054688973017,60.170957372641915,81.05116673894041,80.35310424016573,47.5825997295911,36.4773894894297
11.61042929122024,-5.103701892847083,1.0160564938283052,-118.87636157696673,-18.542982750839066,15.882939355203309,122.77550597741904,6.956634985627878,3.929528991925544,89.80250989870443,28.20282977779684,-5.496106174552101,24.687060070099104,-4.851061773876727,6.7217830597245545,49.165650039382264,-2.358234842077606,33.268605270827834
11.246775023314191,3.353019989342796,3.918003551900681,158.81288709781379,13.66190647522197,14.133833949911446,36.407952805285696,-1.9254578718563236,5.8906295428940725,62.784340692851586,28.67198738686607,5.303960251332792,10.715136992851509,-20.49866133495536,-16.54488511152634,51.3280106953988,-13.227314279849042,-0.9503281515891331
2.1466515797333776,0.0,3.1664440989049183,36.8338321284751,-8.837247272376256,-3.769953392904998,58.053468037894426,-4.704035840829398,-1.9291267982079712,-55.74743464142313,-70.71584747537547,-7.862199323240108,-37.88961859604455,10.132478065380013,14.807446956040678,-64.61684608889378,-31.502027566284088,-28.254324866466163
-7.121406485889385,0.09751445472447046,4.319681543392615,75.94235478465977,19.046770835878274,6.7587296369249215,-10.908497069137372,-15.815434159794735,-7.750685220974801,-64.3541094286208,-98.73221394267426,-1.1733029895730076,-53.32865079107187,16.975878300088823,13.499393303536314,-86.50849349217091,-45.30467400923772,-10.175607112209889
-38.404836823245596,2.386320177753613,4.260880661585144,-153.0576770706633,-6.052366552841335,12.222075554031136,-277.7201454219954,-19.454315708902662,-13.027610001424659,-14.45505429716848,-18.60406579021958,-8.578201213632752,10.200237360673247,2.994226700165331,-2.297561216225106,-101.03369409152523,-66.65729309562374,-49.24073521313994
22.08230188233195,4.268467988923536,4.239643705446805,28.146532244830052,29.57374998086233,54.84024588932604,77.80839035688994,7.649586709688165,2.181853166692593,73.47866240744759,32.70625400438735,4.580464255223099,2.2554686494702816,7.145286215485759,-16.32564278961562,34.86020116158226,21.49598390574271,3.51637861993828
-13.022369029421734,11.201892627318555,1.6625448090164994,-24.19839902131909,-2.019091116751072,-2.034878880048046,-148.39580518046853,-37.405990251722535,-13.218496812884267,-114.50065070989565,-98.84920670750002,-22.423418558380423,-14.474016895287258,-2.712739713080044,5.007122276423295,-94.58257901576742,-35.417547274785896,-28.953008658380327
17.161204591601678,6.285089425556744,14.439405278868698,35.86330242771847,-6.666962698626193,3.8865061603943936,-38.09725315646159,-15.774378920989035,4.025357697492403,97.63405253549288,41.51461850248637,6.275502966714166,18.995303863078572,-35.21687513535696,-20.257472016968972,128.75756867493865,34.04600397515404,10.969153331352402
0.6193057100540355,15.934283036457657,5.725080356936137,115.0720705594959,-4.109092919511948,28.554036900653156,-45.15048182141961,-34.31853080675943,13.350827709823353,115.5619160110991,91.56434669320399,6.0773309689647315,49.052754491459105,-7.717007477463706,7.660440548856541,-25.290855682487063,-68.27788899195406,30.770761726916362
-6.987133829798993,5.233423459775377,4.149365823441548,-79.37471685835662,-6.9495229677835075,-10.932341560544646,-174.12636505056122,-32.626649795251815,-9.739054420626234,-90.96256004006585,-70.31929711781626,-3.070811032517454,-6.588345727379189,5.824077724193774,5.711745653125074,-69.745679170009,-38.02613012252746,-13.038244317562999
0.0,-3.733742961346787,0.0,-57.26787852726875,-3.0487945449745717,-10.394762654090844,-77.40147378362163,-25.585733000165362,-8.012692247413922,-207.43772640774853,-78.45696211151291,-12.289719023564004,1.7144131125191193,5.956121426043286,2.343641457702195,45.1757264129148,0.0,-39.40495979332837
10.318919861568356,-13.795334047727493,4.766989854671331,82.42110165819605,16.552793548166097,-4.73130303021322,-29.180868564828597,-2.3553533933672606,8.508258681750071,12.033183516280587,58.70002403201904,7.202308984398889,-21.949878452570776,25.908147949600984,3.874446444477117,-130.00802805488502,9.681790611307443,17.29166433328495
9.270341052676368,14.144794076711577,-6.855087878722653,3.3928093426145174,-11.618572869039456,-3.75607634406119,-52.287702829729405,-10.765730134434113,-7.069448818727355,108.06882659059043,57.53816856695836,2.581508000650855,42.6594413929299,-10.157124845267273,-9.372593011590272,-60.722509190065445,-63.587166441987655,7.9143203564199
23.962631660490853,3.8793495392434525,6.302045024187554,333.51684159354915,18.599845009613077,-5.796206485327904,95.66292239924377,12.261098088912888,5.934370130286317,217.3494655126053,117.15456178646627,5.402969818678581,109.82906421837012,12.393592967667594,4.0597684018760765,108.32298316833958,56.79516041223314,19.365522919901878
2.850935240294083,-0.8894603600229326,0.41876773321751065,10.53182287125066,-18.346915370891963,-1.748652206734324,31.021151020906586,22.10902091122173,0.16222672582784928,-57.09638590884022,1.2429445811805375,4.913555131619939,-12.049454244000893,-26.89700329263629,-17.58042826934904,24.17970285910165,-15.28503545855479,-29.245856559954774
12.091387173515326,3.6796884748318273,6.644734708537745,106.45757236668071,-7.498449192710339,0.18262077548483993,-1.1717960287135618,-2.7623185536040333,0.0,39.60853731980632,38.43249087501676,10.47675647512255,-50.63243322563616,19.869490012288335,22.68316466900542,-69.31021825695339,-27.451693469782448,16.80646295591214
12.893029845361292,0.9563883410636641,0.0,129.9026945581246,14.429095600169873,8.262193373883875,63.61601857997449,0.0,5.393862877359021,65.84985967774534,39.5367250068451,-0.8030840044642769,-19.21010688552809,-3.9551153794038005,-37.5361053951824,3.33584057092304,9.01693307300642,-3.233516587931149
-13.219638496092664,-8.651266090453182,-3.6626920782145933,36.70029371877386,1.1171721195355053,7.688037671919798,156.94391111256652,20.739692458015366,20.314022093094835,-99.53332647013379,-89.03433556367763,-2.551860627217849,-31.10872468485011,-2.928746414102403,27.721369831158192,-64.12480078254471,2.6993184851844187,22.144355519016344
6.964166372211986,5.751793298676815,6.245896752329625,115.51164149341218,5.180795235186037,9.449783156654146,-76.3613870885726,-8.480773864041122,8.738080704902409,5.095570693875913,52.47551616764654,3.6826293452282837,23.294522680036433,-27.35327551874337,-12.464108600723367,107.47172220831787,37.9026155202411,16.81563040190639
0.0,-9.085726699176073,8.084993431287245,102.81124304864261,22.96346488843729,5.999373036830581,-66.44090590582003,-7.389708348557975,3.723939973573238,-31.649386011916405,16.942793082813225,4.340925504446053,-45.18910854074938,-11.829988949878812,-22.204295562756915,-30.964680259724233,-43.37384721857848,-21.728727016527912
-10.652297776852677,15.586212198540613,-1.0281421462849836,-69.5615361082509,-9.48321181392549,3.1392590655034907,-218.30431472410268,-7.739184345439546,1.2661843796845056,55.93783362498544,35.139940218756,6.852425565692321,-5.497383623377426,1.5968901583978952,14.676330429091047,-148.78402036546373,-3.9149503945891055,-4.792427800230769
9.20849675250203,-9.959207127203113,-9.969524907863018,5.124700855698253,23.997937916669393,54.03987076374863,122.3170079431384,13.572099476697701,12.486138228566098,-125.46788053569699,-128.05013264380324,1.746939557101445,-1.6422181540662721,25.50320303198685,16.667410472067914,29.355993600324485,1.2272903916362456,-8.946951636952434
-7.258264086565482,-3.1930150641537214,-7.344367200223329,0.0,-8.486404777975572,0.0,33.6402213000194,2.706323794812533,5.126111886479151,-163.95174151303985,-161.2186758745228,0.0,-66.99663917670405,11.77812747536557,-5.095131415379431,-47.453707429832555,-74.2335642578528,-12.956705579457946
25.27697378053954,-6.63232835309216,7.683978511389259,-77.55002410767325,1.849563810839423,-6.601932384716863,190.36351397244798,42.53121195848768,15.677307672468363,-195.51225044032256,-63.267312379667366,2.2666396540459663,-6.6231443036474005,22.573115972120156,17.28154408963217,36.655769930086,22.600231788228044,28.176438515332926
-29.139247356477547,12.795082197705044,-17.478177872325126,113.58748321935194,6.734635905909257,-16.43567996146363,-81.95053199490006,-30.398233227229635,-15.824231671273587,91.3792299186456,84.17977818440347,-6.4853905981190305,38.726602531447426,-15.478255215837537,-15.159110557352538,-28.221811338141286,-90.1375502863473,20.32099026002504
22.191328336027205,-7.029482905978467,21.63446800051381,-40.09421154609087,6.527647892501277,42.01999115071909,212.79330604822522,52.42799663672612,17.009689264093364,-229.53744296706606,-64.1484937217014,5.199212871141697,-44.39246713149107,21.501907356930065,18.36898110133031,19.476027668259665,18.784330233678837,39.07592180079956
0.0,-9.335360612029723,1.2876035521112699,49.01874666930315,0.1370937728644479,2.935710605260955,132.98303762877177,7.84316701510468,4.734187016139734,19.131005008824218,4.158065802144088,7.910075200460923,-75.75591913748708,7.142228301089216,7.79880342737507,-30.888327272732116,-33.87180571384618,-38.22674789120089
3.2982083014705603,-7.1100935889017896,-2.6108203607862395,-10.777631449099763,-12.806900092660094,-20.185426934453574,93.16374404385982,10.733045205455692,9.01375813739913,-80.08662446935546,-6.670228412204692,-0.5743110787896513,-39.031266329430196,11.458869031586312,19.455490403544093,-30.56118271194385,6.456908981073394,7.235644545719005
8.857262281189007,2.937686129844449,-1.3698275956942871,-173.318020951944,-33.58931487859402,-22.195313839054762,41.37615608692024,-1.912469336638266,5.031942650776269,95.9755491638709,2.5192676083045837,2.8400011042529334,29.532572441547615,9.698555599062994,-1.9628037180498734,36.79212875999357,35.78469817120459,83.28782151269327
7.519051248586145,-4.148458175512715,5.540906046492201,34.388654613673125,23.761448125899193,32.55794390624646,280.5322544878099,38.78731422058557,7.624989776226029,-154.18767232485354,-55.520751450528884,5.907561871658605,4.376438280972268,-2.4744866234031075,-2.9748685206891317,104.1742352607253,34.81325261297726,-22.21925103549296
0.0,0.15203502102115354,-6.685995035015398,-16.990725036334673,0.0,11.419018621780761,-54.56224208418049,-18.624126112777013,-4.881337990337046,-78.45379906458624,-139.2780037382444,-6.209088022974307,-25.43626069013698,-6.077244669349869,-8.584708440526134,-110.40558364435459,-117.37899324430988,-58.083823742947516
-33.56103408717113,-14.89233095098491,-24.300090571934476,37.17083688921566,-8.194786437358195,14.053476581642833,-398.7965395875911,-22.523568914001796,-3.7195124521526233,67.18913170335671,24.440098542855242,-3.4659483560677513,-28.473806449261648,11.139136425835602,-7.01412172049404,-177.88607470060828,-108.14379885396075,-37.24376860045845
5.6998377643365545,1.6341067869142694,-4.613153471652523,-20.510263751768047,-9.22488856731572,-3.297084976377689,-113.2296721215747,-12.073805045904837,-2.5105804370621945,45.001259352252234,38.0750492073872,2.604167318003791,15.45153893323584,-11.348871792223619,-15.813604362600318,25.22600610688833,-7.037496635984597,-30.184378455110163
-22.659534930792965,15.358882035063363,-6.935201160940786,-77.96034480313979,-16.440013547504897,-5.945771872540312,-201.79927035332503,-24.32005080945008,-14.810390198815071,77.85604769163727,22.000250159417597,11.162348071477757,60.53102967559952,-26.80811364581764,-27.61113296260919,-29.485496901551997,-16.10653764124795,1.7476204406490865
-6.484237554023126,1.82785646450954,8.891135580851817,-2.6903299313034448,-12.544685568232417,-17.939366084791978,-20.85496438334082,-8.478094258291563,0.0,-43.24179222288994,-38.33159367151665,1.4868071691083002,-28.976822605706232,34.58079675327425,8.670087931645279,-72.48836017856154,-4.788719481020214,5.197659704164749
8.126355774288294,0.0,1.3401041096335202,37.496192740860806,6.692709215839681,28.84326603501541,134.7712092023507,11.638756013676158,6.659758754790967,-59.26842590689652,-74.48196722991175,10.56278390323997,8.61195961954539,-1.0545909726047669,2.3297416710350056,-62.13323812221868,-4.33832236324672,-12.230845597877156
17.051908942688637,-20.35384119586396,9.038454280909619,-54.84108972745488,-3.0482273261514514,19.31234188401231,222.74109081694797,48.94731348931918,-5.9623511725563745,-205.30204089729799,-69.12754075166269,8.040513662426799,-23.76868781293974,28.906129472182972,8.71938066243925,18.119853089804078,21.803256311458174,17.598058935065477
5.256603103820578,-10.625841851813748,9.347764927448694,-140.83367428617598,-8.449870471998524,-29.48578720359792,0.0,5.4062590158905035,5.159363913554749,21.853589043798927,22.932104472145337,12.630797110570082,15.111308336248918,0.0,-2.5745626743520162,-11.33631059696507,8.85644717661018,-20.444435161956562
14.727881488174237,5.7675386923254575,3.3277088605885607,-3.7843555580757013,-1.757273001274439,2.2671033391685875,-97.2698459837621,-36.56529520290875,-7.255822886364724,-39.64381193985319,-101.79047348992266,-15.416411685662034,-19.89523658811692,7.9488454347484385,0.040208220747515386,-26.67947751312773,-47.76011831769305,-13.981097017451589
9.01425979182059,0.9378817656515843,3.833229675494582,-82.70183418693604,-12.865508846626632,-3.6932429041473998,73.55703979121252,10.563848033003447,6.445388799371756,44.44185206899217,18.354075567800738,-5.110827353582564,37.828734547979245,-5.235505567098428,6.182639521971722,69.01350846651107,9.127395313928305,25.35206890597533
-15.4135483292572,9.362384694311997,-3.203608983334498,-36.69193073480843,-11.894273401775642,0.0,-173.77924867844024,-20.614020747374024,2.726117496502954,137.38236498544447,34.59305897147943,0.0,43.66669088149456,-24.504873760368547,-15.22716725995857,48.227377480615786,4.194048593495672,-18.4116985007501
15.270184745094388,-12.02265237507323,7.327521486363176,-79.51512362242867,0.0,3.9227117548580352,105.31271617441607,17.39377974221051,18.008939105439882,-258.99504243909325,-148.95066651689163,-11.25162440415579,-30.84144826285654,21.373438956398562,8.623482845310651,26.217347217985388,1.2703689155006757,12.546452389181297
5.4451528626550445,-12.819913811467869,-1.541487782226701,-28.71198973802279,2.296309079204041,19.108303533325156,53.62000685117144,6.791422041708948,10.431990376862327,-124.42666224335133,-173.81296458580633,-19.46821816848693,-38.0438079980822,0.0,27.810487864548033,-32.82814297424893,10.683794000671757,20.24295613464119
13.342573032378716,9.078649644742026,6.948571355096336,14.39642984746144,15.171517136574248,52.26690853623345,7.968817678372669,1.2100152621652072,-5.239500553677899,-17.980930208804477,-39.60468643514892,-3.9283575129566453,-23.515172192879458,4.6109807296791265,2.6176243612800314,11.800664965766224,22.315737422687864,-4.386455851888087
-22.67352965694685,-6.72476862375234,-5.363535578724715,-12.201237615178352,4.753733900227763,1.0038510844430406,-165.82979712506406,-23.385167465230374,-18.94658891971529,-88.05792915868925,-99.78531176881447,-12.281606325685727,-21.84406757505674,28.66105817795479,3.0686727707979817,-105.67254443849689,-36.350161991919,-31.954953138938436
-10.623310870914894,-7.179250748132174,-2.7031304578478133,119.31986935216001,12.41016284584785,-3.7759905967653955,277.01668389045227,46.36294927466885,9.618015830620118,-72.79946436791228,-74.32935297457378,-11.041314290927017,-44.59613795855192,-1.5272198211009325,3.7889766184174003,60.54320046453148,51.4086914561702,-38.261169860769655
0.2485163739462328,3.5744421026488356,4.474575597788553,114.71329710218396,3.707398094329072,-7.166816858811027,-107.71025172668843,-35.54658427903176,0.0,-43.77534627854472,-60.17287104663591,11.224658394011477,-21.083524112239044,-14.590877376772873,-5.921087502048141,-87.14507484980774,-110.28789765623824,-81.62491708063504
0.1859426507879044,-6.430781237420606,1.3812091852490211,65.96455057028679,13.44477007027288,13.476009637358494,45.50952566116285,8.11237599185909,8.790573971121963,-108.41307813991229,-73.25509464411391,2.628291368754805,-40.16918026194429,3.535168066147808,2.3508434376439795,-7.5184063747972605,12.638658878428162,-31.469490571139744
-29.902211616684312,-6.566406335388494,-2.6616947537118807,-10.902428586434322,-19.884328968318584,8.432395688388539,-297.40667290796887,-20.347087157406925,-0.43250038354024206,22.93551598909434,20.29576301390959,0.0,0.0,0.0,11.714966829564512,-188.9594139877475,-58.168379034434246,22.215550814524818
-15.82416788553667,0.26847719120337954,2.3941243085818216,-84.69575726790515,-8.09729630749905,-8.427103891506198,-138.51378576721345,-12.55847088533802,-6.012905645431661,68.71291442295798,25.744093455674722,4.44096849242998,18.132616879092815,-5.371828855101691,5.7455722699081715,-12.422834398810487,0.0,-27.972271943937727
-8.848660938817034,-8.71831247188513,5.009431966625403,-266.3422185148612,-36.99889085627204,-22.99863738877266,-127.13336322801757,-18.852020844293452,-5.573863331292302,-11.064044269294651,9.627332119578263,-8.364580038005048,3.33963736106293,-4.2489534525386485,-13.324894523706257,-21.206732533423587,-53.038643198472805,-0.9432181861346862
8.837384002889603,-4.092127878794973,-3.0804827059805855,-31.13801018052799,6.927026171356807,18.656742299801863,288.55882180588003,27.54117961001904,29.542249993344264,51.7102586628199,25.16889927149153,13.094598274136565,-13.52172851599887,-5.185232597572276,6.115822009302562,70.89488997126709,49.997520058800994,-8.315934988952677
2.857596449134448,-6.811765546758209,-6.808502171294214,-8.27923256383884,-0.8800302687815699,12.4871058270351,52.973981608367474,0.0,6.30715309067054,-121.96175764636408,-171.09202419318456,-13.83376201422504,-48.13418604704975,-28.62861269087836,7.241929499803589,-51.356930326184184,-49.10315185711692,-13.568280468302817
5.68133675231461,-0.9598862803744329,-1.5490666100653854,96.77593204058034,11.497333395419558,10.697984498503168,-39.606814036896715,-7.1760592170980555,1.2766742319671804,-9.000659382966765,43.86108574441016,-8.4142048279769,-21.526459644141006,-9.775858280115312,-26.156524911022498,-23.46627785048125,-39.84687088445709,19.40808841318378
-11.647113099559288,9.59860305894874,0.57597867837336,47.620590557667434,-3.7564896283288403,5.254291365412004,-74.46665247266905,-16.55269492323779,2.848474750299457,49.46375866452634,58.6157198429197,-13.518254704644347,-32.62022868585785,3.3547855671016005,-13.33234192201514,-105.07347626750249,-72.23336463253399,-10.021142943111272
-3.2797456227122628,8.489198557962862,0.0,-6.806512986277593,-12.25810244290271,11.53881533235352,-223.79684707921322,-26.01570926176583,-10.920727784076101,27.094104630318657,25.666401976920305,2.9498176586209195,-30.409280202692837,6.172589163075475,16.698636383446875,-217.76910335397514,-19.009559588339247,-12.907411776141203
14.189742770866074,0.0,6.916842939377832,138.919836616833,17.4185732891873,14.45000708342386,129.57346272636278,17.390281969171667,2.924193795213945,9.657085109722615,21.48177889403571,4.0328426266165565,-58.960590970833515,14.085782854307691,10.346541164258952,-38.99299848776948,-11.240462203943562,16.520468625167325
12.991999212813049,-13.075125097366488,2.9399656675393815,-20.275923653047013,-5.292730498709825,-4.781978573452068,155.96131117368355,32.08548194287794,5.8773521645434235,-272.62794356418885,-66.63454034822492,0.0,-58.30085206772972,-4.483659234053886,-9.003775067869334,-5.867756536753521,12.411007321474301,-43.280653517806485
1.8799924533578807,14.570927173827009,-6.888555725713746,58.94527053869206,-3.1204197302013386,3.0719873549547367,-227.24385411559868,-19.830954729544327,-3.7426852392584973,71.0617857216426,39.00702436972685,6.188061823309028,-24.050818792274068,6.732225802857878,25.644041497982222,-180.5944865498,-35.88637934311872,5.793818951964738
17.698896299212073,2.691360257865877,10.40015168410958,247.33964445859075,18.1234562724223,15.270812775436802,92.94720946034404,19.658416943193973,9.089763950694325,62.52077057281688,79.12672504525295,19.805305819671958,22.898674140676572,-23.6848179249136,-22.963953788315862,49.057510031847755,19.126892435508374,-4.028992720069709
27.192110651774676,10.709430578854478,8.232383564886522,80.78517228410954,17.790296019655248,16.103438462187746,383.26642794542187,65.91877470700862,11.409502991449994,-108.53165678845916,-29.8062454780732,21.403362607814245,1.8485349948350023,-3.768472475577269,-8.881029469419321,126.17975747696681,78.50478911714531,-29.15375988441349
11.843592514486177,9.681201900943645,12.946849730296876,197.32587077096738,13.473287774981934,13.390649266448554,315.3009895542652,45.32683667332439,16.70289126859038,36.40067803204195,46.03783977809208,3.3476921728453974,-66.99066712003315,28.164487683702117,34.927885814782805,-5.2760919448762,18.615504880345327,15.310084296940545
0.0,5.543243626246399,2.942398516155451,31.82721642379567,0.0,16.348230059545312,-29.82261329497151,0.0,-6.592191739996178,-85.27457366510342,-85.8976977986336,-0.5087869951247149,-30.674108556804505,-2.314909365089155,7.246083550943202,-10.427299819501759,-46.68313537052256,12.116470793658067
15.11684952085724,-0.5787326083603762,0.0,-9.457847319882534,-7.046547685622565,-1.6177715456764492,-90.2176931141658,-47.03626564869632,-8.848065461215931,-91.37433608535486,-125.86757273521238,-14.68401783594334,-18.260288666246918,5.150250161362856,0.0,-21.77728390782736,-36.2334268328956,-28.859030132347527
4.313412591584188,-0.819217127702578,4.177072523817879,-67.40186838231469,-4.070924796737404,-0.1716652015744109,-103.68713843458963,-27.217030829259656,-6.434409448710055,-94.94875623346566,-106.32286922055339,-10.130813725593084,-21.002526560912962,13.14081666576471,-1.5563686893786297,2.840860309137445,-33.15222403180129,-15.218876976529828
-3.045086997091088,-7.3854061226618075,-9.717757604648796,25.991944061872587,-6.050631835307546,2.3407823099367837,234.31902267261944,26.542112307990944,12.964406400744997,-115.39555458518564,-51.89647797398289,5.854758462006681,-85.24455882721921,39.421289439908314,27.441578827220795,-49.7251068014871,-57.19980571454729,-13.874025862628223
3.6941149594485743,-1.1227155388563563,3.2833281270354693,-8.070171712918462,-3.729014318874243,-4.772626589136789,-83.95145330374173,-25.92324311169515,-0.21637072399310306,-71.62997853965312,-70.14949148246511,-3.9174782637862884,-1.6483664274279335,9.426783046071098,6.26332722822756,31.532911811481657,-35.49940111499203,-5.090458924556344
38.12586769259504,16.338892038931117,10.904359246969817,48.81114548131429,-7.431821277093512,-7.682915474544638,358.2223608215509,85.09107851404266,11.233711195875356,-55.61369712760148,-40.879293241055336,17.667377449046587,-3.558583419980333,2.359098425331491,9.015250109063285,94.73424573100404,63.41894692845216,58.37274889319076
10.430381846089261,0.0,8.117759149988947,87.80337340909007,30.557922821339233,14.30835852506483,16.067311065600922,8.531525710343544,3.815551591855966,5.6322153696915045,25.01568180838958,8.55794552687372,-4.316112506161956,-15.648162663201562,-34.585183376702965,16.482027673208467,-7.082754170784707,-37.759145590516766
-13.113893230305742,8.711569052648326,3.0376969131052087,34.43122558582904,-8.520785290008224,-0.685854434237966,-96.54158912972996,-19.81759891541528,6.848593409365316,137.53556700352937,48.04075312404284,-2.744735070217635,39.461743838623676,-14.123854205245815,-25.79816745541212,79.89280746598773,69.9449312862883,30.60035466521572
-5.525848101684995,-6.246645752501256,0.0,78.61502224753215,-4.69410373611942,-5.09054908593229,184.55625357626138,6.663897199428798,-13.874216713262985,-36.40428315666226,0.0,-36.10859583363693,-25.224104305205067,-11.699610016044927,-10.253555816006982,35.47595994687468,21.856799564909544,-15.254781652555835
10.109251203753592,-4.675015356650691,2.1142398868402212,-205.46368179140867,-15.963111222271936,-18.24108526542403,150.22460361920605,0.0,6.513840295808076,101.97198585251967,17.511605515669913,-10.806847673585736,10.927695019829377,-23.145601425119544,-24.63559529713435,9.751212793567841,4.328053706245551,-8.926226267377288
-1.8704510138270842,-14.009046912081113,2.7506599364205955,243.32059853423038,32.50055328356471,12.330055696405491,138.8979488778586,22.53143912694969,12.970488257007707,-9.601781902934084,32.78220114868927,5.374473251045009,13.816499147430957,-11.227955588348678,-19.54051386383599,69.31622939684851,52.377991078717805,0.7127246764656547
31.100914986589327,5.014498427475891,10.336548361938387,-18.467849593934556,-8.992680331336395,-25.94515991677505,257.68102653227567,42.7067323611274,4.134989961247435,-62.072895695331596,8.24637936782465,8.45966842326077,-40.8991383736129,43.82559548349697,39.1327391535371,70.35361453622787,24.54638564864035,10.162378880504093
-17.923089111491656,10.280994420102434,15.460883693259511,-48.474246652757316,-12.990682776160577,9.4273370205113,-87.38514040921592,-12.424097033327042,5.203616341128905,87.19166163822078,94.67034025454156,11.726603436696433,-7.660464222317447,11.975365111698471,17.8353637346099,-36.6785329914555,10.94514930933586,0.0
6.067434398514493,3.2399776360430637,-2.589854381280044,-71.52825346946832,-9.627797437630235,-25.782949370243045,5.257881245408318,11.679015237117545,7.482839677213827,-5.703250327946206,24.519551159961164,6.554684576441019,37.040190946024374,-13.982814733841312,-6.577660899529661,75.68094954345004,2.972694352319361,11.663385056084785
5.191341369172475,-9.479479812836598,-22.339158815191393,11.424411171495255,-10.353292013228018,-18.343731851102497,120.13559870149709,9.367616983237014,1.8848861596229607,-94.98534827371635,-12.76465458873313,-2.5901305259061385,-77.38624069183273,22.678501739398197,29.813482430581775,-76.89263734600594,-17.43743536004231,18.544152459091237
-19.473689684889678,-0.27734579170153284,0.0,90.22256918035079,-4.755418441529417,0.3741212047082015,-198.84016709187102,-20.248159869743183,4.67523369895604,25.83612743428227,37.976925699494274,0.0,-16.58931342777891,0.0,8.662933855696881,-147.87040012527737,-28.443200300893906,1.155317328520539
-7.95248279761451,13.515834442974175,0.0,-37.93237123157854,-9.446000180664853,-4.503465040660318,-202.15386880071162,-23.182848655514494,0.0,-10.67228735860499,-14.529176530143454,-7.6117538626680235,-22.96689063556684,2.6356970866521308,9.189656823576836,-204.9553888245646,-47.948022911200965,16.37392081479402
17.684662839183392,5.220592892460885,5.959489972592705,-28.186737002582856,3.0610893468175884,35.35733287715478,33.79733050517984,4.345303779684706,2.999636307864725,183.53171373269151,88.38737632615043,18.4251607051338,15.537494088581303,-1.218576665129928,8.73151960544676,35.94955964118199,17.172573359117457,-32.780790083988904
10.01855061717503,8.9287661774726,-2.929197021576917,-260.1531174705562,-21.470798401132047,-29.367393270149392,84.23882014164555,13.462669790275285,11.277560492091066,104.2586393643357,31.320388594998466,1.5599662990727705,8.841890936889461,8.100313888106422,19.809218142969414,104.25604122136983,55.644930286695796,36.437065377461465
-1.3262982743261267,-7.3329309835377945,7.280412320692873,100.90378171957259,18.450555694553902,0.0,-167.6327324328712,-42.8870835200392,-4.175178949734232,-51.18326285710497,-27.746703039253934,20.594574985607434,-24.5898723717281,8.271545974928861,-12.859751462311017,-29.680338659180485,-40.175189161368465,6.358014251806992
-16.54958046650089,6.910758858168623,-8.267488829054976,30.222344895664765,-7.314525797361679,0.0,-195.24132952149807,-40.78924745635869,-10.187325468842474,-9.043391489503232,36.97715942257725,1.8110927688460454,-48.735319826780966,28.629453656943006,21.849539693394785,-122.97879584667643,-31.22015193223455,13.936009042955959
6.327186285104546,0.0,2.5150200154720337,-68.35746211361047,-15.00518454606091,0.0,-90.5139387932623,-61.09065603468663,-14.153765631331028,-89.51103885654082,-166.00959041686508,-22.447788277618464,-34.437977565785715,7.1061171652728286,-12.293006585963704,-79.13842481240265,-28.063134841580464,-34.09869908823521
25.362665042966526,-3.783039450934657,-4.799579205410644,-44.52857238897003,-13.622786816131745,0.0,232.65130553423543,8.914557251444595,-14.215696452246359,8.788387530854115,15.332820180754563,3.7960568085607043,-49.651734781053925,-3.91259449313739,11.46566740554748,48.78850044174752,5.7300374892592805,-27.629100235426648
7.149444658539661,-12.652367227983015,-2.2318714940220894,-106.34045618677227,-17.404040710215853,-28.701443243298094,55.041000006114544,11.833406533276058,7.179724168054348,-57.80035647818513,-20.780202643817262,-4.713317891562797,11.818493651104836,1.0102537581499178,-0.8470429291699796,62.160952343309525,11.157535490339784,-4.788453175589794
-6.627687288742563,8.165848238866749,2.004358680320624,126.52945093705979,-3.681420965077228,8.905563875150904,-183.9668534031676,-24.267142404641387,2.625894994975323,65.17086849801919,37.93457096702353,4.910421320405146,-43.94768503770331,8.513658421522262,7.241360764621263,-173.03733692214897,-56.25413559863234,-12.671423038432408
-2.8281868081291197,-3.1693507159121905,0.5076498743478545,3.857883836447131,-12.805838686979143,-7.325554975205353,27.23916339824068,-8.790994383280914,-8.352650000514865,76.93888871602766,82.65334254846412,8.41705799532259,6.557459131256773,1.5355487622797939,-12.645578464350706,-71.29204406286328,-62.22304369346945,32.783284749469246
10.061866157733665,5.666926341108661,10.191301005293152,244.54330893665195,10.803150177894265,3.1181254947114097,197.74703637272114,23.71480243696705,9.83775814173079,162.34622557286633,106.11974985810302,-2.5997676929766342,25.882691029567216,-15.57348586658974,-20.665967122870768,150.22410116523096,80.42308963471244,-22.591861636595127
2.7316985244211547,-9.974166904136583,-7.875819257953047,-172.2515769861335,-11.963357779334391,-16.55712760624949,160.84590568923807,13.517531299292548,13.729362369382068,81.55358813554561,35.271759617258894,7.799999770748652,8.16343247140616,-4.363165525465165,-13.550645646887723,114.95173622277177,20.92440405432192,-19.881114410366678
15.684300466599451,0.0,0.0,-139.13644038735788,-32.63973881375639,-55.850696863316294,208.34748220671474,22.446651343047936,16.57996223401881,-92.18887088057535,-35.4728930282015,-12.963647420211114,-8.496611747725797,12.125714803549254,20.346840470443954,65.66308854447382,59.02677282808779,54.86084552803275
17.17117009349402,-8.577862791320381,2.4683517654553646,80.85790595272316,-1.908907105274765,9.084485086124614,21.289302283477944,8.45126845021704,-8.547111966409997,89.87042055423314,24.085539839357132,8.524469599674996,-5.032342910777243,-1.7232195253399054,-15.085280497714217,-28.263687114756696,43.059064931744004,41.26073779847201
5.10257904468182,18.67961878726817,0.0,25.77549278602914,-9.904279303048108,3.564260572611593,-27.463049115195368,-19.910532798486265,3.4027939935493925,182.26702493590915,43.69763857349655,3.845208610293058,38.48470804850607,1.674008691039818,1.4660175284552728,26.19125949752541,36.48854175211488,-7.580574542726538
1.327018416868829,17.008556152833567,3.0968012302451213,62.53080133159251,-5.637890784823605,8.24296538385654,-273.52791346035735,-28.386642233999797,-9.047479701286507,-56.4593295795828,-17.79338030893435,8.255641645307774,1.954729694079695,-2.4867950302917254,-8.04840779311527,-178.49905587525055,-39.968777224137206,19.720115025215534
0.34328705471291104,-9.20738335682271,2.8223237968840107,-30.62416705308747,-8.443424756096947,-19.9779485378665,98.29566742589626,10.88150526740098,-4.648833006531359,-46.703712822398515,6.346383962577357,-6.044326347975753,5.488413887988761,-5.77617632983305,-6.41623851842131,36.96776864003422,16.06639416223643,23.92811523373986
8.841150962629293,-0.1536627233722763,-3.9032677835504943,139.8167019527412,4.271349507796743,7.560818647943819,5.353682502791135,-3.8612929942434926,0.0,49.230273461755935,70.08496209521425,-26.701057548164673,47.92775403478452,-21.590917179461727,-15.862219876848872,48.71486184388893,2.5670170092231697,-15.460594127984109
0.0,-8.314787370704053,-3.1720849917143883,154.95291181015557,20.82280788028851,-17.14624108319622,70.50729868651133,1.8197528996753807,1.0067176361499492,81.19253918509821,28.64107703714067,-4.694334200924019,37.66676955230653,-31.02419054902938,-17.274296921759873,55.170605070547474,-6.082534535140203,2.879103361558748
9.588498343946577,14.444757132749956,0.0,111.59127837884431,-10.666675986082922,-1.9467582382190298,-59.25154104200609,-9.152414566202635,3.4379048659057494,54.57416668423217,91.51176396324736,-1.560308132683681,35.65638237194159,-17.457653731744738,-16.648318696621565,-29.338396263070898,-34.295196894727454,36.38630527608194
10.163898611602772,-4.926698375917583,10.503619088260654,-79.4726111311342,-5.350879337360487,-21.448226129596836,5.384489956551854,5.214584064861906,6.816244300150775,64.12192481268944,47.73084422817611,12.072461732646463,5.463132329052554,-18.73828771200393,3.8115622447523387,68.42985917451645,15.532890075214462,29.737525449509448
5.018592423427065,2.7513952712149825,7.556071871493976,-66.28946263080961,6.559430806026534,45.58597709992043,218.0476105628771,7.943879245955626,18.21082816817824,146.64174140494345,89.29824668281992,22.597320956427577,17.144196718819423,0.0,6.7657503578009806,65.73543338827892,58.74087203365148,77.88575979974905
7.996460365447317,-14.181684034947997,-27.176606405220063,-231.28283114045377,-35.39779501615208,-44.185831608670156,164.12172205031308,8.669023178509766,-0.5317190097054427,55.82760352251999,19.852310151112988,-3.8781460767516727,22.9418986419879,-0.9352651456761721,0.0,49.79361825919514,7.593439416246764,23.141018368614173
-19.56204833058856,11.355198756471491,-3.6693102264342308,3.768003190536902,-12.505856810457354,0.0,-137.66591663067396,-14.805376477486936,2.1589056854564768,77.28237239007731,66.45517733085164,-2.1690064028684564,30.852850660454248,-13.448685613281665,-2.7997391574526547,-28.85200196828583,-26.341652941337912,3.7875507538272757
6.054072916676868,-7.909223452365635,-8.722295159079088,-44.56024483210655,0.0,-14.436912140678043,102.27293660437626,0.0,18.999479135865826,-133.9154607601627,-180.37499584362288,-8.688389693477793,-46.288592080856844,6.169568000792364,32.667493331012075,-28.5868107557383,-1.159459081130464,8.94761111288625
9.447562879193601,3.1337934474262523,9.87822009237784,0.0,0.0,-10.688308220711406,-99.69930031688678,-18.92291082626142,-2.204075535284529,-97.60505485919526,-71.08329572766928,-8.437866578142172,-48.70561309496329,-30.54485835602307,-5.816174800004645,-130.5635529230045,-78.60438261069713,-176.8783458278358
9.032668025903781,0.0,12.847074494021046,134.443374940639,7.401105541657854,16.673292666657254,42.18279137050217,-2.426653516470979,5.07991221954464,16.66108571973044,-16.834981659964583,6.394840035296821,19.93484099356327,-27.221460995210958,-22.105980744312536,54.870947730633745,-2.4835195944220954,-23.24739443912887
5.70372303784589,-3.231169841073998,0.0,-16.316625690380814,-1.7097104378744603,24.846756612570797,-58.28595570548999,-14.943004684192296,-3.991772286519961,-89.22468352282351,-38.45003058548725,1.054991695582165,11.48021273962043,1.211798476409396,3.0005257819558464,51.32279469181013,3.7468425350496783,-6.603434817371095
-19.99160011311662,13.670466750136443,9.74985614769543,-61.715086357763816,-12.429877204484269,-10.163718216252441,-165.25142507204276,-29.182972795578955,-3.8569379124034,18.938311221814445,39.14005775035967,11.3408725511417,-22.381670948165908,43.21114301557074,27.870603203760588,-126.31728487600317,-1.6755787731772638,-11.424125154607793
-12.48862400422483,-2.527331301917503,0.0,-128.4034596503111,-26.7051441550606,7.670006755245095,-160.53149155980356,-19.42853473456195,-1.2347648871987997,-18.857599817476565,6.227818973337274,-4.318982413361481,-25.19350052274644,0.0,-2.54196338933642,-59.46775034352157,-31.03918125887188,-20.14475327446462
-11.278740004476441,-10.14733430652111,2.4270856942089716,12.006128134495352,-2.5912868056416496,2.6037479136893684,-222.14009209995248,-17.11393381004967,9.938422606666345,69.65657948724193,31.897585769391803,-15.60571813938447,20.556338462491773,-3.578206253238955,13.56120932562418,-62.606452723809774,-11.100168242741965,-2.9644225792837062
-12.796403469325378,-12.816733416142677,0.21504946736329408,-72.00290655645821,-18.721468287030756,-22.948968473244364,236.32702797126024,30.050868716908564,12.46632017959289,-218.8519019014833,-72.3983839743238,-4.244001889115651,-18.767286440762884,0.0,-0.8137065742236886,32.79089243667587,14.269251876815952,16.314844768273048
16.54745362135447,-8.112840489250026,-7.501234925318942,-227.7704158033184,-24.354869922441964,-17.91550585573818,191.02085841530516,15.30009013063085,2.6235712416059025,43.622531532605876,11.02638623158499,9.923142729110438,26.5761109758792,-10.947462532859191,0.0,59.24608598507616,11.588068748251297,27.78031199917281
-17.925582905037434,18.79592383817217,17.442111811565898,30.96549778785961,18.839879136051795,21.60567115209486,-154.699625677699,-20.013893140151293,16.787200290301726,37.191091684799495,26.013372081395833,6.5287802257007375,43.16581168651595,-8.43980851023572,-12.279972285974562,43.96183224151557,27.737942907743157,55.320587114675874
15.170822253854961,-2.6889336527423047,-6.872517566316306,68.70675415647693,-2.676599852290673,-27.78496032143749,309.71644485691854,32.65963512536662,3.814606201053235,-43.57192090475086,-27.16280224638716,13.166288744961914,-60.10005203711759,-3.8658767145424617,-4.700616811245969,79.20174810632886,47.491846505539506,-33.19136755602477
15.124395202870927,-11.551673824631344,3.032814867363375,-8.55370147519879,2.918658905626467,6.488692294927668,286.16695606125967,15.59748733262681,30.602691821173977,51.801742074883514,47.43019457024962,22.63979198544783,1.615771066682709,-13.622327472835025,-6.303169727409095,71.08761127146984,35.412734655650794,1.4736055986470546
37.06085644784223,12.961139231008447,18.595667418354456,82.21148089829,-2.155601126532346,8.254520165257896,78.48099130869805,12.411041165710113,6.152533936076386,58.035947162428506,75.3821723546914,11.16207778617155,-24.887956269481204,26.295584139982992,20.64068687534763,-43.482774253914044,26.130572965870634,55.081965589623564
26.233096448221918,-12.39785031842227,0.0,39.90576544624657,16.940664954914297,21.198799517141154,112.98220216070996,33.514488440602236,4.891066378361529,-163.14520250328658,-19.039809263930497,-6.617139637540516,-9.146121526709743,4.170544057061348,2.8515381348220115,47.35949498056528,41.613682264018706,63.57085530015178
-38.38804051150221,-11.807222705808446,-19.9253880457522,84.39220323279976,14.762762094176823,-3.0428558187110055,-335.79704986519283,-33.327057246163086,-23.060972516877875,-3.4654855461441754,21.678273241532146,5.74034874746376,-21.12464361965766,9.795956966492533,0.0,-173.87198941768662,-122.30437145420933,-75.0720316620691
-17.02230990940857,-8.90554288921507,-16.79089132191414,116.21381574910365,18.361998337683385,-16.525079216828132,-194.23762244259777,-18.875236301664266,-10.911630316505292,70.26356149346047,38.384721524631445,0.0,35.92017123771613,-36.37163467221827,-31.739498074693575,-68.15632657080701,-58.3964262065561,21.609765991127972
-25.27640136001827,-3.7297175244291294,-5.128517630705016,-8.147868731617,-7.461850119829152,-2.272842968858234,-265.1625369756939,-21.54997444694316,-59.96698075676147,53.4747416824801,21.514328291284972,0.0,33.17757625899685,-15.943468694287432,-24.747523865591265,-97.98507144860204,-30.51975892849936,7.451426116327241
2.543125920770728,0.0,6.646079356825456,93.63529150480556,4.072362050619219,6.155297096570648,-19.165099992238908,4.736389674945745,-0.7333565447186361,23.79034853779108,10.513989003034188,9.413141455691111,-7.561740893239503,-11.335694189901327,-27.34487266419472,-26.682372981782727,9.556877991587932,-22.365490281295934
-4.998356839779541,-2.777801163362129,-2.4926439135507414,-169.7625719511834,-19.292761785208615,-4.08181636393366,-62.5831380888478,-21.84594844060763,-2.5750430068318084,-169.97600805442445,-94.40328665489716,-26.445329042717066,-61.49559789295031,-15.303923197231605,-0.25789622718962874,-35.061715724890114,-12.61237821058944,4.2222757101234265
10.217056382089666,-5.371040615064627,1.5733936361341772,-50.39165216840734,-8.482234542328955,5.751793722853428,41.742960797841675,5.9672980789354995,8.954388684315596,-199.97181260140576,-38.203966556060415,0.0,-1.7548541837749623,0.0,11.32213543538803,33.28528677925558,34.19908542145228,55.898808669197905
3.0034333121285943,-7.3641512453525415,-3.926732471224857,-19.276014311668973,0.0,-17.865550974874544,13.946290303398706,-6.35835186989705,10.827710344916568,-144.95587061285912,-150.568962506323,-16.08394130623889,-23.746389007144614,12.796521412918203,18.811538021298485,-59.340325417438564,-13.80458040112444,0.0
-11.006427127844718,3.0810120654544546,1.6769087642186817,-49.625571818426515,-1.606089441597445,6.710358867931964,-149.13923045386858,-26.508322453970546,-10.320783236142846,-124.21133534423659,-107.98384359454612,-15.122703423352629,-8.979186497506793,24.138232000314947,7.282287011021033,-93.16563100643835,-30.788150234484544,-18.44152152645097
-2.8918955773140684,0.0,2.807737193745248,20.6135674849487,-8.151981956009427,-7.443657498490659,-63.22895464303614,-16.641915725175465,2.7304236617787287,14.2804931842584,-11.59419920898233,4.8347422331135075,29.158965285543694,-14.669597133009997,-5.051295342424882,75.34726570274425,-5.70643416385223,-18.556454595388708
17.658036468335684,6.39055742390265,5.10187230925564,64.33544510167951,-8.304400217978623,0.0,-63.62168544934216,-15.936616983980352,-2.039364153141234,-71.77941652480169,-81.92778939502047,-10.077872754813537,-8.008657423052504,6.849669685912689,13.649214131346316,-4.382472001994695,-34.36873797734572,2.6740625346623403
-14.26745187296514,4.474842544638575,-6.026926191882042,107.19778242442109,-0.8736384908614349,-5.091117130012744,-115.67571646415323,-11.44128636732855,-2.4862973790388305,48.06946106832445,57.77080034891899,2.480417012723777,-50.092368617889434,4.780145918754238,4.638848940322736,-111.39495629399296,-45.73606682791569,11.817663060575626
-9.402202834931717,10.829134566830927,12.828441281145974,-340.49892121910165,-36.57657882695249,-0.8159461422601268,-211.08530818399842,-5.563695940201597,12.393577353203298,32.72469987918607,20.991332613131412,0.0,7.644087078310697,-8.364738131960484,-21.13972505611286,-60.39645887792593,-45.57070352683908,-69.37022049612608
-15.394163044704824,-3.8998783446175973,5.441110260734985,-95.4482447063361,-16.6753442104735,23.923213399557138,-106.01124333825564,-13.139126811061702,3.0669831967577066,23.191957604287282,57.63463280475951,16.817144270708955,-36.44753347349509,-13.157578274830202,-3.3327040839194426,-72.5904089962832,-22.94889710489242,-5.957249726710984
23.511125033263973,9.928656218016352,9.511326229150804,181.82513775024321,20.54855663286026,3.6574520384804163,154.80969837128544,30.36811461741948,11.18407463941112,62.253851517785094,26.87634210841331,16.670644938080514,5.0762296659716855,-14.193108566321378,-21.11973922286681,94.08882636568038,14.17269787582649,-14.19597227647796
-2.6991367591452406,0.0,4.670697293533763,169.58830809643362,23.977019884845394,0.0,86.92812902692633,27.29383195606632,7.722471632751165,71.70905602620518,52.292958528243325,-8.261904015654638,-1.8026491100454096,-17.92168298699677,-29.55548785595521,89.60819562854734,44.753981199401544,5.883262353755072
3.860477727755869,-1.9107682161692783,8.184093952114774,0.0,-6.220025952618967,-15.230989131175635,170.57936413394975,13.184558433558172,13.393955463438726,11.812497655947537,-15.640625296744563,9.981211808827053,-8.193979928795873,-7.146741842638081,-8.267211458044736,67.112773513018,23.704543138057396,5.98842022713103
-0.7606263472014919,-4.153751870935401,-6.572503401736602,-34.27783700332078,-1.57428060238376,-22.029503899265556,154.87321377891033,20.293614638077212,18.209302699976845,-91.13427226192036,-136.30375096487063,-18.640522982289067,-58.98762324340624,3.5454304624155397,11.222200105573812,-63.857019371001506,-44.3891712885735,-20.326209767842954
-0.8474209466709113,22.19222058964462,13.896477436298639,-69.61686924780001,-8.532856474689272,-3.2534086558155906,-159.9281360090345,1.8434843821615858,-1.9569168803098047,46.52930272662245,52.79972572511178,-1.794219882889313,-19.307068803312212,12.851324388646534,25.552657400437827,-155.23760190706568,40.24488963325246,22.911363869359946
-7.358191208897824,-3.7687439511539407,-8.381355667310322,-86.218325294594,-37.178844618680735,-28.937853516238558,-31.646315478056803,0.1230172762773684,1.14641970374452,-20.618305703735555,-30.733888505736264,-4.415323083584257,-20.81683982571459,8.045461295440463,16.090325714780423,-9.199595766291418,-37.22901714551044,-1.3832471175777528
-24.82285845509559,15.856341988262823,-4.522483183916483,26.822210809009714,3.8933801084892945,20.641479761912755,-192.825595592782,-26.006023546614603,-18.329717303059716,67.999456081422,37.15392351068548,7.264035731236707,40.13163991580275,-19.83567220986511,-28.899445526267055,-154.50859239543541,-0.9527873993036989,23.01993773881088
9.744476742235184,-14.173233169582241,-4.928506346218362,0.0,1.9292547502426398,20.917133070529953,211.0738882509585,34.03686831727699,18.537578360886958,-222.11287551735876,-20.664653367363805,3.3617422472026504,-7.600641488793699,-10.217625602426505,-9.590076929861745,47.046563645073995,45.15179792253965,37.30542220080724
4.993616310363432,13.610352983760622,3.772785609646617,-104.62256353996787,-32.747695485270405,-27.447963678797137,-55.646542644340634,-9.387738862537073,0.8940278160031391,-49.58594050090579,10.883484968673777,1.2684428302342758,66.04814246056235,-21.092163293321942,-21.77910332782343,133.6232617060284,13.233286191546874,25.525186561604954
12.92170148046121,-0.49133746345914575,-7.571487212947859,-221.87730073686714,-60.61058536866031,-35.611181729996055,16.636551683967294,6.662257596023492,3.8874373328200313,60.07966420385689,21.0604708587203,-4.880194265780819,2.233289029133573,10.062869813661116,10.775881561955043,68.31818910765189,60.21377334309561,81.99108026207614
-24.27079718662094,8.939671922590314,0.0,-100.05432261637846,-18.350780942076295,25.141079782649776,-278.7877168217837,-12.212081237331663,-5.134244188216871,59.29654051897523,31.80404034654335,4.959691378420653,17.318697242222918,0.0,6.430037229445547,-74.3632390281157,-34.29592911096817,-40.64618976128446
18.286973770225924,0.0,-7.03709422600309,-151.82363112178083,-17.15119410339861,-33.61413090697357,59.79020072339543,11.555708857705836,6.51476134337805,10.672718670376367,35.01499582901785,0.883522159134949,7.929474087268788,3.9685460686633838,0.0,79.31683493560958,29.775395787969153,23.714182455454512
-23.31466433898408,10.931528912838786,-5.687786718891216,-73.27576848499612,-18.07155514289009,0.0,-235.6706130395468,-14.303195470093133,-19.604205004974336,8.808267363406655,40.58715287395011,-5.333330369295914,-17.435288257499607,24.958397017411112,13.672060613513823,-153.28992503845606,-18.774126620806175,-30.22130890214197
8.031409257045416,4.866233690365044,1.3515763591590508,93.74535825185045,8.265683941007035,8.695223997864725,-86.9416990947653,-17.878967524160377,-0.5347557980924292,-68.38678811903932,-50.23086799903625,11.552801966237494,-48.584063188328635,12.639739448905594,7.750381451684855,-53.02802730879833,-29.44341822253003,-15.366687885788679
-16.97855200410897,7.900402271331935,0.0,80.54002576561497,2.481136283222284,5.879425217732242,-205.27792187021294,-42.24008517842289,3.24087630778435,18.55441237454592,13.008514404132955,1.3516539032032668,-49.71369667779167,0.0,13.949020100146953,-194.9574024547676,-10.597137637283728,-10.246159903788794
11.995520397933895,-3.5097274475441496,7.709717319397534,9.311552077192557,2.7566430100031027,27.544601019877668,108.373566927819,25.59919510710855,11.369481606552938,-261.5698962691037,-133.8311008101484,6.9008769031144945,-16.89936359433047,21.353187027492215,18.03937154473792,42.79652648416458,11.81259393995669,-20.212327591414663
-9.636670537789612,14.533329067747353,9.637491389157216,130.03763231765583,9.342369005775671,-4.546514964441022,-149.59362061580782,-33.79024486524227,-6.3686368429767555,-19.017969046013945,-34.57394201490485,-2.2201629320855827,9.12901553272281,33.37561508184277,27.306769500520982,-101.69682167326022,-9.41290869667951,18.0758819208518
16.671761478859505,-9.853835736329907,5.205426735736133,-59.994772739047974,-1.9792114001460264,-23.109100916804277,229.7834932682164,46.37296958765795,6.113284443945742,-185.4448659552093,-48.934820761926616,4.109660930393182,-12.637177012793233,8.463177216354804,-7.089165625306685,28.633813711365868,22.171201575216607,-25.47481959498571
5.347124901422959,-8.815945163543228,0.0,7.18537573960353,5.455034639145808,10.125391641478823,16.61723946466698,-8.676791851930453,8.172279044580195,-107.98068357384129,-135.50496668635418,-8.086675780938027,-17.639925598379154,6.394464312439184,10.809769383407746,-19.433547356461304,4.781916028185234,5.571661241637855
-10.417091364729835,-8.592777049092714,-8.052597877800812,39.088029238005674,-3.4612294720931858,16.908282945791477,84.47816619115412,8.495146758736626,9.17221482216611,-133.70631922702694,-123.22375881146725,-3.7040801098755924,-15.492371086398675,-13.15742605721411,0.0,-69.97183814844648,-19.99709044740511,2.4068712119228906
8.67637224114471,0.0,0.50233897364747,-18.891551885479142,-3.5963135411327,-1.234619842228034,-114.67524896124478,-17.492771177285803,-4.403141702181603,-97.77330183038579,-50.59188933982108,3.6365427421155188,-12.366808615246876,3.2764852573471908,7.340481044418169,22.298041695509905,-38.528884534499504,-14.992646838479857
31.483981710502558,-5.174818224433742,-14.120056191510171,-72.27772607282428,-14.384659129644065,-25.459986955131765,325.9784715310822,32.85121682038187,-2.7074564988621908,-146.87446634543105,-36.171678948504166,-5.159465488514843,-7.830841980257952,5.738610478454177,14.167977500537074,36.542924854669025,42.280599543150025,34.148440869547386
1.3619851944497268,-3.7787349793853533,-1.1287738217652634,51.39063246072654,-14.00348691352521,2.390423386238969,-2.53867067883812,9.874107697292656,4.12850577342611,-124.05404781482271,-20.28552474853631,9.11835964105702,-15.569902903676608,-12.647738481988759,-11.248514465069787,28.49491982737631,-0.12032019457057014,-20.771901703773793
5.8181527775478425,0.0,0.0,109.45894753580149,25.41512261883565,1.0904643549565627,60.01155945112168,9.928262875693653,7.097323453004619,100.90624027508038,62.27350544969012,7.152770369556871,32.47431156459993,-10.873343065530372,-25.94903866993791,87.97752683646497,41.69577701748905,6.5151160831778725
-0.7843595561116488,1.4403360243803944,-1.0145387409835724,-3.690931742397251,-9.886710271798654,-2.2208216395356413,-94.47709348173046,-15.18406049079638,-0.8385464054077656,41.8259053963119,58.74227590105097,-0.4924517464643687,-20.947750488157137,-1.7719660662304633,21.13993286925819,-59.7845075823861,-20.05724348154526,10.524257636884428
2.472583210572795,-5.75191321449145,0.0,7.235036385379608,-8.576068469108304,-11.817571916819205,71.0573384961913,10.547564258684337,2.395427574004974,25.159526328625176,25.952987734111613,-17.991050621268048,17.581481344232472,-7.524223381204389,-7.997212352115896,62.61348325210822,9.064321813387682,21.671174978086782
17.692066549437662,-7.2551116015798325,9.27496935288076,7.723103305515481,0.0,-21.802233551476423,215.0827483789613,33.110868469383696,18.262322678874682,-100.7832202904886,-114.39396688552499,4.442848053791012,-38.30626684426462,10.422355415536394,44.81507097657832,-34.08778327686656,-2.1853942490813374,29.53658362354794
-17.6943160268562,-22.856285618341555,-0.6855614725277874,113.96247152003642,19.801820401949055,-4.888864040729047,-226.66532980043385,-18.4875287554791,-10.102115877620575,60.26301420445684,47.79021246868421,3.9632380837164876,2.632918542912673,-19.459275485316002,-24.631980544832782,-58.174683380268675,-58.24149512397464,-12.04061943241166
3.3893175552726236,-8.021330052903913,-7.08688706695551,-32.08653601724255,-7.4654937176159635,-9.69124433694121,185.4715928711941,25.307660829894978,7.4701444812998865,-207.29811690736838,-28.07053271117975,9.139921758022215,-48.27330259727336,1.0189071835195267,-0.34462704412650025,35.01814222159377,9.570121925185642,8.749881229533116
15.524727217446632,-10.124821900845042,-5.7001925320228874,-63.24304579931878,-13.405516501470016,13.828768907750906,154.08791404561745,14.562159994899318,7.600297089292556,-249.5564064393116,-113.91073652993865,-6.052473574883117,-10.08702434699652,6.106972875636915,15.575570230074034,73.03321817841868,41.57255996277288,20.241183377199775
-0.1342358470355499,-2.8249446667066263,-8.635578874237394,-13.553062197326504,-5.845079006876686,2.481934459197875,-236.31383811414076,-30.299783755132363,-0.8546460220769255,114.09252938272442,23.51122814334794,10.775099089734415,20.564462544928947,-5.0769535865526425,-6.627632038545573,-171.2871370188157,-2.887921362651053,-2.9382714431005184
5.545919457576615,-9.295456222578792,2.750102132629276,103.78708578578919,18.481649649545336,7.018415626962313,-62.832438947153754,-18.300211453298594,-5.7821452892079535,-93.01404878596458,-141.28406693732492,-1.3432564244898848,-31.560359931461992,0.0,1.5124455505565906,-4.500957685120562,-55.06418922688195,-4.546379840236341
16.786205770050753,-4.724819965659619,-5.368336248592211,-91.63070691912438,-11.324274311986104,-40.182541546277925,176.13923048833726,14.514369884060356,4.19047058332411,-129.66273057475578,-40.39849041088037,-11.067158734237701,1.2628540942486646,8.464704805727209,5.645334433105079,60.32660616436259,48.01879432561632,21.138254482491853
15.063790754403941,-0.11425212552513196,8.668600652344523,69.12404151777992,27.77705438165928,24.92925441037441,20.359781452178414,3.402702665501598,6.389969222229942,27.671542279468525,23.316503558635418,6.695737571612717,-57.43959410319436,10.767835307443686,3.465014691011556,-56.92594584967476,-23.665494855722624,44.043570099483034
-1.4756799431284415,-5.898900880294912,2.3940823088282355,-41.32258923685425,-10.90909525552103,-8.293412433300404,42.415060785395724,5.552003629060578,-3.147753764820965,103.11432002875796,19.947275628770292,0.0,30.3761880966612,-10.20183782421508,-14.204129335870675,73.67084750961493,33.9963397841008,35.97953440034283
21.011049875576596,-9.601756318154731,-6.0820110168105455,-90.84675075946073,-12.018015840863297,-24.58218692932945,206.1295399532129,33.460742756355636,7.533393364110967,-156.21137494594362,-38.8438175392102,-2.730792760813974,-28.959958796035433,29.937911981409457,9.046598286613609,37.852811610904915,13.866534152668512,-5.678802742325251
-28.89824421099852,0.0,6.239439527036538,-42.924841866137214,-8.104456284387458,-5.941136274873439,-313.4260066667399,0.0,-7.635223870290636,62.75150947974537,21.23182364910655,-2.250985347856702,46.91462504365441,-3.3551703140301057,-16.559395405162253,-97.99178713460974,-22.91032622441824,12.198425578383649
-3.1062795323591166,18.498643932786408,9.590637443032316,-21.993227036827303,-12.101292802541002,-8.19215283670552,-179.25143652361675,-22.458584013471697,7.508199176538175,122.8640938620744,22.12634956559273,8.985138848073598,54.597466283511594,-32.28985039499751,-12.941497284419214,-21.040644267651516,12.642770086857112,-25.80098934229865
-10.823393881133327,23.470808768591745,10.090331528529333,-30.123141582224882,-2.424016311523701,10.738172665041786,-190.21959513207656,-26.282675859317717,-7.206466948229846,-62.282946943900335,-23.375413283645706,-0.7673933699679789,63.81442927809399,-31.973024361985768,-28.51244840861865,32.27370014529948,-39.94025351631104,-7.971457656077689
-4.301760158517072,-5.851270376650054,-1.3066146709566728,16.90627519967673,-2.9030055864712603,13.838693293047955,23.597728561977824,-6.782783379013208,9.926798400275663,-75.1525176911701,-65.16485247086459,6.999008429763596,-37.18537115125889,0.0,7.045981284964025,6.751623111949922,-7.3831177976392235,-32.505639231494726
-7.477492084062431,-2.0674611002754486,-3.5748225069237023,-39.33997561266905,-7.387530307515625,-9.03987287890687,176.77724092745262,17.632033278586597,7.782020405901351,142.1647308069505,43.71057912195648,6.020671297331917,15.740922623857761,-3.629985045521075,-26.178561313102385,134.43034553623107,29.18789533587286,-5.920905056968934
23.967450132811777,-1.2081251361615466,7.025155212324726,-111.4070340980795,-13.088986487696243,-39.48666305454448,241.3287221874465,23.178693709948632,15.952248696044693,-66.99618831948047,-24.12231848354675,-10.279438009838819,-39.37426234400026,44.061592290919776,29.512672024188735,53.896088552460256,40.04116549286297,-12.885732777060099
-12.854075582559979,-9.00546664545836,-6.166929682475355,-192.15892521218782,-29.045051587989015,-28.344225460488985,-104.36547121556328,-13.90028605001975,-11.215249622960048,-99.56075000256338,-34.071936285467274,-11.249549423092118,1.2276694449348995,-16.6945761654836,-11.420248202016046,39.06166106785975,-11.44987677591735,-39.92396967871332
7.203175790150314,-3.0887283297737347,10.847358044366105,-97.94781137419831,-51.72311388903878,-38.9027584421674,-96.33983917666717,-27.946955751569785,-6.059444989371265,-30.97953762963243,-47.782128953461886,-3.355145156203157,-27.191868235382096,28.771512636911833,3.9132185040108807,-104.66608368871317,-10.161897164014267,-4.467938483790022
-15.948383803576613,0.5093399390223743,8.753363007421015,-59.10064036220451,-13.666557149072645,-22.577983360947197,-107.36877514198703,-15.415752816817918,3.1420917932577095,100.48731361816155,51.416774928612064,-3.0482568362087967,28.695156288265487,-26.687400304081464,-33.37844028484028,70.4449402146484,45.17350912335419,22.099315429065207
1.8783872253986995,5.492803691977424,8.702476690555534,2.7010370821151057,-7.57796929989049,1.575155955344686,-103.5431411703237,-17.01028412689376,-2.259458124615585,-28.475255133113144,0.0,2.8816873794119933,-70.69823988497205,38.22351484272724,23.348400162275954,-120.55680617305983,17.662090210615034,-2.2161249727113272
6.738798975271544,-1.5948671140442703,8.475899747419037,-113.43734430372812,-7.794958147528102,20.92528980906034,17.301870927746688,0.0,14.188289896710186,122.51394451605621,50.705146529483656,16.70493055182166,19.66670828811626,-4.705778386868331,-26.43377412960272,42.98089144435149,24.136808478997683,36.78225609548835
10.839196521567425,-5.4902833949400796,7.592412205888086,-2.157275718945962,3.6021879705077997,29.478414401205,113.63803770729838,26.816428202894016,16.04556979938664,-201.32865156170521,-155.63648045401746,-12.287944635034455,-34.56615494604974,23.417489840664675,12.566684655837914,19.445745214130923,-11.295241582851931,-14.060021500463222
-25.403263174980903,8.793788663377077,2.7382157753244454,-76.13941437997414,-19.012570164383863,8.426726242293903,-176.95746954871785,-16.276448983858366,0.3081876558770312,20.903319646456335,47.50719368256231,5.596632518772873,-31.02528454541982,26.610387728321648,28.158414147094373,-150.94459678206715,-26.069983555100936,12.732803598000828
4.030207098340437,2.601251613134645,1.4106079163070453,1.5398382560597461,-6.524761545128735,-9.708895782276763,23.368348118719734,-11.51804541965483,7.232805458656072,133.03706497123724,11.788721442942217,-10.457483270492189,36.85582273148968,-2.933683013047408,3.818469544045952,85.94848799744601,17.019099044681333,-12.776488958526329
10.878458797650993,-9.563155670370254,-5.972624586260484,48.15631859134788,-2.873990266787633,-1.2343358230635049,285.3161654053867,16.221149868953738,9.71488679855563,34.92968440872697,18.609956347795755,-1.3815862618545653,-63.86303035806219,57.960162335692,46.51434528069094,-34.09189498345792,-22.404738974332297,10.670065684374094
-13.840467068369543,2.0147005271583662,-5.1893398251424125,74.69471866667062,-2.7906302370495335,-2.145541655381713,-200.90008840745168,-18.093361852732084,-2.6686050193957684,37.810734775238586,39.29927622557046,-4.691977694503797,-43.112225711001706,-2.734779459936698,4.0242548423633275,-171.88553468000686,-44.210140395133955,13.511650606409603
0.0,-1.7567654101674535,0.0,-208.6054428742022,-18.949683685692833,-24.352456934843126,-26.154711642187678,3.6488545470875238,-4.335960578061406,6.780719384178324,-22.134039005004645,-7.8510307621055695,22.199126862492683,16.36464810931463,4.080401497574181,44.84365962877171,29.106661548239043,-7.51981003792892
-2.5247919022565823,-3.471309630044411,-1.4104435314891075,110.65605402617138,11.690452052853168,14.899306005315687,-29.896932046231864,-11.818668549388496,7.9264383002753664,-44.09939929665241,-4.851777708434883,4.88019929877304,-10.010383753407188,-9.777039832497822,-24.29242079536669,0.0,-3.768803693236299,-31.726411184704304
-21.770360290538008,19.262694528114793,-3.1056841374283413,-32.60900596378078,-6.274797922001812,-12.698009436084082,-229.83119679305108,-15.66305659491315,0.0,28.679392178594465,0.0,-3.4073858672022928,69.0281573745866,-32.60737328013617,-38.9298688128203,-4.330778841044853,-14.33754900551357,-13.371422684301251
6.783485465465334,-3.392201839874325,0.0,166.51373783345682,17.045219803342114,-16.875763576407174,81.59647658029948,1.201091818278231,2.9062018871256914,76.76362258956019,38.723801956801566,8.18746783250581,-20.594539806761173,-20.093507924713172,-38.438139985565556,-25.88168586222615,-7.102404132049196,-17.780315837329567
12.336260506500906,-0.7856573865621199,5.825012928833902,36.04621487251376,4.273836701108471,13.917961461608346,-62.768715121320064,-1.787049619047059,-1.544191564890249,-143.00932355075605,-47.93048145422962,3.2348205804760695,13.684047937813753,-4.521946335049006,6.454013816902923,43.001638545643296,10.116245312684145,7.997996330108052
-3.041252902124702,22.691552710076007,0.0,76.64353178758694,0.0,4.40564279479989,-221.70069792606895,-50.33610590754687,-27.363916834746778,-122.92707592841147,-98.51036954533433,-10.926626258169104,-11.833785774052295,-6.125373223462864,-5.81648131928901,-122.322054518128,-41.15738616566845,-13.709375658381987
4.2542814779111175,-10.380451241601381,-3.000143321254576,-38.19451327441918,-12.412579946640822,-16.214419773631924,9.77217335383078,19.105179905959005,2.930970524266468,-104.03664304175297,14.023082786523599,3.7195915675832407,15.433574426860858,-13.378057576988667,-5.979662963869348,42.78839322681051,11.95549084882262,29.0706323711037
6.231514261839483,10.697416675890741,0.0,-71.27712389513253,-8.671992871172234,-16.290345734056444,58.68053066799826,11.107699876163418,7.237448446514912,83.21930819673923,43.68243837874632,10.294571045460094,8.324928946928107,-4.6648300731113705,-25.716260250929736,66.1090388413731,17.26250737326221,11.122505416214153
11.555983963847547,-18.870845556946353,-3.5594307750946625,-122.91668815145741,-11.225689092981126,-20.32526572157268,196.80311763331383,25.760405731188897,12.916345497942913,24.539135144899262,-22.847034759425576,10.523816793072651,25.596238023318133,0.0,10.575805799627808,110.60683451162613,66.75787064427516,29.622432052636498
-6.011391020235242,24.519965575421335,14.897685095348438,28.5670700786569,4.23808726434326,0.8516998199144201,-217.83941775042715,-10.959380209671368,8.68174292915771,30.47742899035289,47.829539311703336,10.58180891389316,22.54841233673372,17.382843049402357,23.238786464427346,-150.97623942739222,27.47396210581881,17.48802967061944
-4.332074667244177,15.476360109228679,-6.680688810673466,75.98168742204979,13.429659224639597,-4.21106930007916,-189.3194795313195,-17.707227354771437,-28.138141634973735,54.447257209755236,36.72655109907291,0.0,0.0,-12.639128566344416,-16.399573216428525,-152.1750875909789,-10.476954295749156,-0.5181073032710515
-10.814881868861221,18.574471482910727,0.0,2.4015406674229482,-10.02425891735797,0.0,-194.89868232115282,-35.46385413214245,-12.592347866494658,-97.00041370432268,-77.53415437165665,-8.504937887255336,18.369302458432934,-8.286624976656869,-7.410469353510111,-112.06839897612208,-50.7642861630535,0.0
-1.1978143529069942,-6.52201100835834,6.860296175293303,107.43339038392915,20.665371789697005,20.087262394882853,-49.35863638812282,0.0,6.148306861950792,33.53673326851241,28.923567729209417,4.862083053565084,29.767548965192706,-18.99838495771932,-18.24940403080302,18.664828713140153,2.2986751270962946,-27.887665448347974
0.0,0.0,3.5530984922183038,89.37272922523113,0.0,13.441094724935255,268.2885596498477,34.37074956386433,0.0,-65.99161787062847,-48.57361823159648,0.0,-33.50727985969576,-6.378355768719358,38.94150353497914,-65.84771769600289,-56.18229039725634,10.142482645686329
3.7067785794042356,7.154910491029942,3.528253389473647,71.1729447582425,-7.488193157350106,13.954550533418605,14.079060296412854,7.662229345171078,-1.5109651461091311,104.2493371944409,60.71973059528045,-1.9246554887821703,56.54298208147102,-21.91013907399199,-14.875776065109994,25.719233836760978,1.4139759958787759,-26.45593259133301
1.7957568966243274,-4.910813586609252,-7.822791922483184,-32.46456516193886,-11.960503098885116,-9.996149054471744,133.81517652998625,12.309090895897706,-5.220183011517044,76.7084813219173,38.62445774293606,0.0,-2.104299301329523,-0.5257528843865805,-23.61186590620607,57.73343785621765,14.942090097505432,13.006136519762151
-14.168465663479937,19.112995541442725,6.501397667782646,68.10337680769263,-5.386024529223385,6.063423386258773,-180.69493713332463,-37.46318865169237,7.734744545727328,37.81674264369393,34.6020937143579,10.987770465986879,21.324385975163572,-20.31215653463077,-3.6578100546479453,-10.7685189337119,-31.975659464605442,17.49654971697771
-21.297474819257275,0.8363600650082723,-12.567756278077354,-104.96365541414565,-11.789490566902355,5.42797274336541,-279.94745381206155,-13.822970069194866,-11.070622884035416,118.92249584032025,40.390857743359284,-2.1438466262096854,-2.3642378011738616,-9.185922503603043,-20.450367861504095,6.371149731144686,-5.252401529889448,7.9686416435257
-5.635519295311998,4.777388970223838,0.0,-14.839760015577735,-10.885845281808093,-2.850300742783328,-101.95097356945594,-18.038524600031593,0.0,19.655940043246453,24.82471956054087,2.099627252019577,27.535287185725537,-20.95697023991021,16.0978295543428,62.79062384179242,-12.727767840341267,-3.1216038615413595
13.428433165409446,1.5271019029176969,-5.2293611788086185,-45.54648153589512,-0.39591401880330523,31.944835832984936,56.91694088120065,14.391715234248046,4.818247484661179,-10.531988892027764,19.033417172277016,4.77654248386431,-28.905916036350106,-2.749024062073716,14.056612197620483,-26.869840649193346,-53.23609428341965,9.139137041833614
-5.601280440014872,-4.539167017852335,-2.743337084386266,131.6765541778841,4.497940880635642,-35.928100327123644,71.03814939252561,-4.401584496332885,-8.222564323885395,67.96343293006055,55.453408699595066,-18.847035083407516,-46.810345615150155,-9.773699393147735,-23.00374722144959,-61.23380575338284,-30.982653982228584,16.60575854925473
-7.229851861611891,24.613445360916213,2.338698663858123,28.963877615361916,-6.104957818569018,3.7048716982906713,-163.7538419729261,-29.51527377353794,-2.680855331139725,-152.511979354957,-19.43467748003633,-8.053689586088808,46.20937724822359,-39.77507225871441,-21.162469644642176,74.5929300240679,4.251861480500953,-30.333399662996896
-25.22829079581614,-13.375186738179497,10.838819097393694,-26.871192970355132,-14.774944946632186,10.345754352707129,-316.75079998107384,-27.06420803612977,-14.753594824093419,30.70527766893793,36.83190249252146,11.362577788362133,25.593450290671868,-1.290057398862535,9.560305182713584,-185.93253686191215,-41.06792532230452,0.0
13.573626925182394,1.7873544710909037,8.229682478123964,49.38025004674929,-2.9503968255147024,2.7700381269572447,-42.93951482378574,-34.89166063774042,0.0,-54.47793232877623,-80.98654003076689,-6.573705253592188,-65.2131676467365,36.465833602314994,33.6034443253582,-123.16455085837778,-12.826594438260896,-6.597704377359321
-0.8310592194730618,-2.5008436570588692,7.025623887468449,162.99911568294382,30.066173650274727,10.187338473871586,-82.74836615221898,-5.651278912596621,-13.205827825846164,-31.297865182976935,40.889642674794494,-5.279362743498133,35.570918240225126,-25.26319952415655,-20.773477764242287,28.0239385368433,-6.810141392507318,-13.910674842603868
17.61548164250581,-4.223333302801922,9.265751215844649,138.32905439234057,42.468489610700665,15.648243447860647,102.81698044726585,37.47243282830146,5.13475343382608,-6.7075580166198465,4.042296087757435,16.24205139645745,-6.955986605154813,-12.089096594365362,-18.20051974363537,79.99864876523527,25.970392672880696,-2.0738825438253343
26.976560520414605,43.27303456337703,21.164676544282138,-23.375437099111885,-6.568037763571333,0.0,-152.03433550686262,2.4400762220415064,7.691501324438826,39.380762702224914,45.56169304727902,7.159799585298485,77.20344637946437,-20.47722046559579,18.54160273994273,-34.57991041562348,7.376226867861797,30.869383016586795
-9.219233371865107,0.0,-3.547606359689675,11.818595476796375,-5.77833870865474,13.749423774167019,-105.67527752596507,-26.766633276660027,7.404281138273162,65.31315055710965,16.206487681359594,-5.705336871286442,31.807167281750054,-21.853076992553202,0.0,57.943330814890764,2.0567792057511287,-5.040891259337847
-6.769909279465015,-12.313381481099595,-8.969311391188969,-20.01876559613107,-8.713638087255998,-6.093874413803883,103.7012664618492,30.815576555938854,19.703800849513495,-120.30109185874191,-35.83012606749858,0.7597556610357735,-25.729189217557987,11.184143115844817,7.538350542251102,11.17976366791379,0.6926614698755524,-3.2155725073891332
-27.788484139409483,18.693764985164655,4.810174042141681,-224.99683958052228,-29.240426920303367,5.421395196896606,-234.1889502972493,-11.923034767451124,-5.561634735781209,10.151115099362118,16.224865787155665,1.4959133104295326,12.333038181866526,-5.606698737244115,-8.404934843950375,-86.62397885266321,-6.680409783941975,-23.65915754774096
4.618047276669678,23.47340753440665,0.0,37.887783590378405,-14.752564460755144,-0.139254818335455,-205.83307780863518,-45.30536234750823,-16.479672010910576,-143.60099728179947,-47.614057268430535,-5.095182652620601,37.983220370125,-22.00103673231577,-16.63086969186635,3.60205730210417,-51.277223705496375,-8.614997731061294
-12.795235502957198,-1.9322082905603035,-1.198853961629409,62.61668289672655,0.0,7.103234850814203,-107.72196587272418,-56.458677993157345,-3.6480245947615613,-13.839446501257019,-16.29243497039738,7.6104067872483965,32.14717130093372,-23.977128158994987,-13.808278409356786,-11.071314880039392,0.41459958994482804,0.0
-33.13672008751124,3.1983983605029898,1.0422760669056086,45.508460572577334,-4.138270505684381,-7.79053004189774,-129.8333164987143,-26.58465772121509,0.0,51.74741577716079,22.203602308414535,-2.135654404868752,-11.031127931415794,5.0283573739433525,-7.76731659910141,-71.19456556880137,-34.28114698557757,19.143544417730567
0.0,-9.934199241184633,-14.303412287057753,-166.7116143920986,-33.53762151203686,-82.1944054185464,128.20152814006514,16.956448605637558,8.587003799763318,28.75837101770101,-10.806774909858124,1.7170394062239147,-13.88142767931341,14.671937721353174,22.12398493486691,39.400116954694866,9.289393894732127,3.389006034739623
13.129761200178391,4.90000570448578,-2.3875151496134954,145.77806972307914,-1.5991784966482703,-8.272605591114155,320.10688652701884,28.388549591600242,22.24932039039378,26.12127869546948,21.744997993032825,-7.234280610094785,-19.16969930972007,-4.24923706046237,-16.6305436648082,94.61308459810263,52.92998101132402,-46.52561139197678
5.982196551104278,-8.471164129449253,7.910024757080999,115.04822446102965,26.263493066385884,5.863091999562339,45.176770064426016,7.752461958142931,2.1735349077876527,-2.4870992314504874,42.90294876737118,13.392137240805997,-53.24978671281921,-1.8248235070415901,-16.40060506937201,-39.487428445828044,-10.985319680479734,-21.063930429630716
0.0,-5.442276577470076,-9.578394155503474,-68.23003581847743,5.820525212540412,0.0,-8.677821163201727,-24.866920295022183,-2.6930481350903124,-93.07718571056776,-203.64983902426943,-18.5777224459578,-43.63221254788021,-6.233179842119477,13.552122336032477,-69.99035706194171,-54.678285308135784,-36.93917925817391
-22.711036701753,-13.4222351886366,1.8157571881633818,151.90544918274745,17.462440138012248,10.964479721818286,-132.5138360922098,-16.107771560345117,0.0,58.22365835511604,100.1792979247024,18.53911550155595,3.761795830837177,-11.40120387897829,-11.83302097062012,-67.66617199395492,-51.86140705222336,30.3353889537453
-10.998275633098148,5.77041249526119,-21.43986006914029,72.17400672435411,10.862066613887523,-17.78695444592635,-196.29242305762557,-19.973583555924524,0.2160226687398012,40.73798696188417,39.65150804706599,-8.460395920894076,-26.743022211837065,-6.738824442778715,5.41089724937474,-143.18443560771684,-74.98974305293379,-4.863971568606985
6.680694874095933,-2.988991392887847,-3.5800301120160127,37.481158721773795,-12.9136842363542,-12.154672541653321,273.5079660986656,28.664570884933966,7.838901672275163,82.74749875983538,8.377032116313815,-2.262955655400263,32.915605794934514,-10.85054541597101,-14.88841792301713,117.24197919587554,34.24562652976634,0.5311085679237522
-4.4086432760711025,19.375109299670132,4.80335024952768,294.5299685888568,13.579211921245692,-3.51647799587705,-16.387790796570837,-22.983695101091207,13.265937113155198,189.7484193246834,139.76552507199776,0.0,40.73481613231955,8.76751660228651,-9.212024436954374,72.60226551243044,55.313053617948846,13.973936267648469
-0.6603175644712241,13.666712333700168,0.0,111.4805141254981,7.610410184622285,-13.064713993560286,-150.15590618574277,-16.7238880208792,12.768672728232815,77.46518097633609,59.078859154227025,-1.3381964370806483,17.192104673014843,-6.989377268157417,-16.022983636194194,-9.353609246801959,25.37452895048857,8.374041348189238
51.19521920102528,6.383745016804982,4.903068086568581,27.727599557042733,5.488040843716052,1.677231779317086,396.92779741823983,41.23758833512139,30.51364588717601,17.732634591553925,7.2272438363316045,17.592332685733655,-23.126902437511195,-5.108444144102399,12.510307930657543,100.10267812709527,61.34718535220153,27.047762427700263
8.859929107612931,-4.227739482980114,8.50448838746029,71.95840436885146,25.821943811647298,24.94993969497963,-5.41926566680689,-10.167809750161625,4.853166240729697,-34.185564084180335,-82.55283208523001,6.317046243597358,-30.173565772895838,7.424128397782202,3.3481312459322017,-15.706549992448943,-40.54643316954443,0.7793011228004971
-12.816818266108488,10.147624037994953,3.9145425412418136,76.34443634294914,17.472619090910854,6.001883648413371,-172.32527676535943,-50.90866604119089,-7.303668951425973,14.484347588205475,-96.88947210033488,-3.3309060395131405,4.603715214789437,-21.151524996701237,-2.633629699209984,-22.06918832857184,-71.91123622125654,11.490376793445307
0.0,2.8437543556213254,2.5923502467026154,57.31724122028066,-15.45096669416253,-1.3372498531618575,-1.5127134536797424,3.017022223713844,-2.2716290984502723,-88.46205439323802,-25.20379875044158,-3.060046254570901,33.364866653110084,-12.677763057089727,6.664930014477944,75.37486642482745,33.1144032222208,7.734396737163934
-17.21554626567749,-6.167436929515276,-0.761519508726879,-282.2565505353423,-43.48927473256859,-2.3844005743212815,-79.9243791036979,-5.998449185151561,-5.49031441923399,117.21499172620247,38.95976504352477,15.21154868919823,-9.460743044578336,0.5413516377851794,3.473038148080479,23.293904735427745,24.924014788811686,62.88693274914891
-9.33593222484306,3.449962600692996,-0.42734741895070477,35.14866006559202,-8.126853565321095,6.607681474075439,-111.28376922648427,-28.165179811450216,6.801000733154439,48.79566175684017,23.98830098213487,-3.8674381600855496,21.89698599702402,-21.15377707178504,10.380687576002664,18.854010948927677,3.5423530934656013,-4.413241132657317
7.36213514096577,-17.569163806676386,0.0,-74.79164007297658,-8.594357670938257,-26.192322414877154,195.9173687998584,47.66972212539887,1.0565976657056853,-242.1661732051899,-82.26084816705341,6.084502230901198,-17.326500787309246,24.724231738289095,5.239368908296999,24.364430582312007,30.1009178975777,23.09288509023564
-20.47832027301497,-9.082683916349895,-0.4814945799500792,30.60096504412263,0.0,-3.632886992976702,-193.92748819607326,-67.86064585817792,-5.885212934745732,-55.98998277792269,-80.23744755132176,-11.250732266190008,-47.20777372442443,14.499753304373279,0.0,-140.06832859766072,-55.28030762848951,-16.98253123914901
10.284984507620676,-6.622893608837599,5.170942560921801,118.67767737435425,12.678607678223248,0.0,92.50529383475039,16.346435880893313,9.433523636766466,73.35882483836387,34.48820327073533,9.07913022088938,43.197120793668674,-20.71274933396469,-27.580194218097862,73.00691925333942,-0.8935837966128474,-10.201349959041465
25.871094619625275,2.448627095934381,-2.309492653512321,23.310291853177795,-9.495837605426386,-8.009646444557209,314.0252024096541,40.728489160657446,22.61875547026453,0.6908083536657704,-32.6849412953521,15.212446612282234,-27.936182603065472,-8.631632524390314,-0.17279747626400335,87.84572338274528,56.762969116288836,21.744669194954326
7.6380826037387894,22.236699186037907,8.529356878349873,187.28637045721266,14.154424450565106,-24.93171352223792,-77.1505510428919,-5.343672515240012,-9.470434454775543,33.08591564073166,68.41820315242207,3.6650196613827184,-13.872150832849501,0.0,-2.9206447346598052,-105.10383111116809,-2.495313449300692,5.634171856509269
5.605387560330196,-4.464356773408624,1.8670674090921755,34.32836294007423,16.53715432856158,26.110211602047123,44.19139897594621,8.920898461242015,6.836111591975583,-89.7412735648322,-48.38595688110105,2.2318489252578173,-32.285153725481315,1.642358403448156,3.404947083739334,1.506781000472777,-6.75704011002286,-29.0907352142013
-24.489279766122877,6.594053163653293,0.7959186217440192,75.75056075370105,17.24618575702841,-4.7601943053565225,-227.5227474262057,-33.51590308261721,4.184132179265385,29.287803060367946,-31.200652835384822,0.8535005713941036,-17.17599989538192,1.255781586346423,2.8236919546838606,-183.1221327871959,-63.80932745422824,7.019590880064413
-4.216136870155403,-5.395121365351134,-1.3086286574006,-91.35936867452799,-20.46182785760708,-3.205652101736543,-57.3002611392485,-17.591203405221226,-0.44128357810259783,72.8511715672232,54.89107396181512,1.821726398100015,-26.79175116584324,17.58193437622434,16.92323508246243,-86.50675546991526,-23.577496281979137,22.42954182371986
11.772795699006176,3.498955792743077,8.950197134481481,99.68483300221438,12.386692655315649,17.474240999451194,20.456640840829525,5.700902713864351,4.444064092653959,5.826623548605611,29.544098196631985,2.9778492830421768,-58.02637372006809,17.743739063574,13.851484965477209,-43.1051262102156,-13.171780582685564,23.865814840710044
2.7380726836990976,2.9753199182214476,3.653686256010332,84.1846747594615,1.8250091551825327,-10.918221422848546,-50.24204779757603,-25.619666159656198,4.294826922431442,11.11660059059742,-27.328133886132722,7.8375017294872835,-16.558237024330364,14.46872693941756,-8.436967732993201,-92.67277420903851,-92.29140129409052,-73.77764418169369
-6.224375954338647,-6.096916936490084,0.0,-145.09205436281238,-17.265919963611324,-20.886273472566586,30.64371978920589,10.912517093848718,0.0,117.712957754442,42.40613119539454,8.691646201630935,42.39020578242566,0.0,-7.4421050067318735,43.940984590709036,-13.61444751568026,-26.902766838178096
7.096410362473362,0.0,6.408342063113344,37.610536977752915,-4.774533605550778,-1.2258111979120871,-63.25230628379423,-13.378206984296218,2.402064129238473,-97.13748768086191,-128.15426114975142,4.435758082727858,-13.906104279454377,8.591127249962195,-1.1462662997103852,6.5236849968570505,-39.25044542374403,-11.4813275910127
4.480010730443113,0.0,-9.034763233933937,11.752934495307624,-17.601339538153994,17.89135010294403,89.48784161859768,18.102246011693076,0.9919491965787337,-111.07368922043545,12.284354834844782,5.110208600107672,-50.694622456412795,9.984727087056749,8.861593523053761,-12.446902982120895,-8.798989852335277,-18.136050451576345
4.270442249844321,-1.0565608045782375,5.2761316557736775,71.83639760668416,0.4623965725590918,6.354775934863949,284.71752695097234,8.559054078209005,13.925175798827754,171.72231894472208,44.42899519589727,-8.346878799340102,-1.6388604053486338,-10.921636868548381,-7.034551463727358,82.06876673407439,43.06697144127706,12.950546035914613
-5.8621181635429185,6.189068934805859,0.0,-61.457670037128665,8.917291443908237,38.6324222623729,211.7893415383622,26.00302431305749,12.563305353803317,242.26449131271676,100.50275190709851,-8.50279723616464,21.483320052582474,8.431763797540894,3.056548240033539,122.81505649462694,69.77599057015449,34.919466829978546
-17.769510443505354,15.945505684173602,3.9772694483346216,-61.673328931553705,-15.775881910332018,8.571478983552609,-232.66223394086597,-20.623983722932177,-11.049100658179384,-87.18985124351649,-57.25594772880395,7.254168438497484,-13.636987990733578,4.470097273418828,3.6463319365875835,-148.2503780812532,-44.634445801249164,-4.574214737940906
1.133474926868267,-6.688072606577463,4.365855862612522,17.505784655371084,-4.798975188762399,14.968837129473709,43.06332827944512,6.076524363920661,7.294689071122228,141.75617358776262,74.53103036727175,4.082459491267451,20.876063228964952,-6.020633450524921,-11.479653427184346,12.920044658547859,8.367555300436178,3.3382043204843512
3.3913614527177733,-7.180179152277962,3.393686211482818,54.27865195760144,21.20889968615061,23.411585903604013,-85.02750283043792,-11.456783792014754,1.5406370620039878,9.86008662774919,28.579046962241808,0.11685281666475311,15.038804868253663,-15.693602627513338,-8.491311548792835,60.06027472616783,4.148016552057237,-15.360809398461456
4.112925868251446,14.027516263910176,9.093377442314065,-178.6506059847271,-28.05434698832518,-18.82978384344782,-136.490743415416,-6.1765742526278755,-2.4235532539261393,-15.38010756737952,1.9001525680554812,-1.8521369686547446,12.593438160025933,-19.47938706689324,9.396529819040374,54.7254322093001,0.5463865270518345,-14.094561794733238
12.385647444089583,3.316229880468366,0.0,-90.540201666065,-10.965072297063795,-53.05575414155911,20.373787076243772,15.142481366364734,14.011345216922548,-6.8729545027201695,-8.361650139874447,6.509922817899804,10.40425776660339,-8.106916716587376,6.692815935828165,56.33751646941862,-4.775115487159226,-23.363261754535785
7.502163542392349,-6.236526919150277,-4.192484690835076,10.825045465839043,-5.657664006341697,11.608765348766669,-257.3046673546514,-29.777095580177924,-8.941513549797099,105.84931341056556,61.643789669448786,7.359507464126495,-27.975537222163204,10.489148808206334,21.810961720307734,-133.26227112820416,-45.09456567675469,-23.700557874406172
32.60485839351711,3.7273650582961895,3.003410754049308,90.6069243319825,25.040274189013466,13.565232819110552,336.380709157288,88.81630808241218,8.10843927743221,-149.83548990112115,-76.90919995216106,1.25302571296044,-34.33292583725072,-11.46106555309425,16.944229740206357,-9.021643618433155,45.59071621098675,-0.8971758256087128
-9.25005037238281,21.369144335927828,8.944066118321754,-115.71278349895613,-12.737616352898666,-12.338567296643172,-212.85726718449322,-31.071565886299094,-7.148151025779897,-11.813042858668384,32.123296240670754,-1.7302375181611354,34.00692125138993,0.940811429586455,-2.2052693303413147,5.953715748476806,-23.45164779136226,5.615173381649356
-18.169020501286347,-6.211795057473091,-10.485554908787254,81.67873705387966,29.542265851641062,11.27378270269723,-224.87813354880262,-35.49622815230221,-4.594597391022754,71.00226666426536,21.547072660656745,-17.938054580923332,25.062117853986667,-22.234812669724025,-49.02483779230093,8.264736592891769,-22.63609810339725,42.63110348402844
8.01192736107216,-1.8059916717398132,0.0,59.419851940097466,12.256817378460916,10.502962958729613,41.56867705753135,17.63809510991082,9.667224812976821,-84.27617366975606,-25.628559131853986,11.264655264312829,-35.941780677639024,-3.3223771709010115,0.0,4.345497589570661,-8.034211163566114,-41.8915181736441
5.095170560164524,4.544126204918789,4.067171517077803,-39.77347883336312,-5.54101659883695,-4.7407801417053905,-128.01615911999414,-42.334913608587506,-5.516863551116241,-70.84381473561878,-53.89402619800385,-11.480882153769322,-31.34726195064198,3.3831752488029583,7.3716902177471715,-154.55567482075696,-96.78474116168782,-120.67700277444419
-36.830046987715015,-26.674507823437665,-9.591221256859132,142.17746683012095,-3.073187664172469,34.611607000392254,-421.6410458870095,-51.34614015136313,-18.864930776766936,115.76313316412153,32.158653931737625,20.472373932779675,13.235672439736323,0.0,-6.251020732498511,-147.72211277511138,-95.74982972122905,-13.639767437204796
2.2208152284595584,-6.186120620418601,7.753513169421342,-35.01994634033643,-2.1522376284995377,-5.474674260638932,68.16481526103503,8.602356123440613,10.007960681583388,-254.60209186464348,-113.44336541849133,-10.2036518965091,-26.58232935099014,-4.343150468776177,-6.534186385460461,24.285140823739898,27.017619520919535,36.42543056992059
-4.426637561117051,-18.033028570572142,-6.08303506812331,45.04033898176999,14.287258080055075,33.56354162142318,73.39223693049898,13.06668755814257,3.7846376496815353,-98.37107689538622,-45.22735333483452,3.297420738872016,-42.865167432085215,40.500700353062136,26.564418407107038,-39.536268108539424,-35.63036545676441,19.116702514021036
-2.41677594403902,-2.501607580659294,8.577715600379083,117.93944992745344,23.465733788925352,15.941798079183355,-113.44878786247646,-27.901178921899604,4.137816207550237,10.568222067248811,44.73932735725472,11.42035955951918,19.401970056532658,-18.72511566692113,-14.407608519992662,18.11633245750159,0.1600427048894829,-14.254637144993453
-4.094588357706911,-4.334682165360137,5.700520695285249,-48.16156911088247,-8.398696112449445,-4.848387535226857,31.697545335778152,2.7604486225216474,-2.23257411799708,136.30901449673803,43.09601176566425,-5.676581509907502,43.712924158319694,-9.290545587751701,-17.105831787703238,45.497252319992356,-18.047206025326968,-24.143488343062984
10.212938577102399,-4.061639385266244,7.285686544172214,53.43085292490762,-6.3442316821001805,6.978272977160104,-7.901337395506995,2.322228721046795,2.7805942119620726,-6.40918797220048,-2.2243001744766975,6.877669658957107,2.211577208718254,-10.38045872662594,-23.607300225283403,22.88860602320406,-3.9223798529781515,-34.447948203393736
-1.7470559356798923,0.0,-5.884597074361624,-29.381574361786136,-8.513228315348165,-6.911196376655118,-3.2070668295624474,-20.05417766856619,1.687083347075519,-218.6817519620296,-74.25114438408103,-13.124642648829068,-12.934658519463355,3.5912270269504334,0.0,45.73696360720435,8.865900003296021,-2.350031768848794
11.055131344963065,4.751535881293962,7.576309041607921,109.06875345601954,11.849989780629194,4.3553107979411285,62.41895103611639,-12.48862032964678,-10.037193963892554,-56.592555604797795,-81.72136534279379,-14.44886528405324,-47.15969766795107,-37.434373070787935,-21.7297925067192,-83.56701404552747,-124.21453488456788,-88.80909679822582
7.423947029332933,4.683809878861074,0.0,206.0620184995338,8.262678656769369,0.0,319.9680698813384,58.34435087849307,23.105092942099603,38.461221959423085,41.63288338482164,2.686491760684112,-29.642978387263714,0.0,3.419748349412617,82.44627642793473,38.72032078708506,-24.636252257297315
-26.284765116961037,-20.80388392646292,-6.569879146450182,27.50664192265875,19.60810011324496,0.0,121.24873795298207,13.120314250905109,3.541367763211394,-104.31101074755337,-45.003860637318624,-15.151933805878727,-57.8801212860034,-94.69950766337365,1.085150148320511,-75.2044580147444,-51.38658959932619,-3.5871818221253875
-3.6157812548668584,0.0,0.0,60.96117499290897,7.25879191734482,6.911782519589283,20.61177284243903,-3.5955931358802564,-7.174856778282799,-51.23728432092616,-2.0122773207079345,-5.9196858930134635,-44.290346194203,5.262731196041581,-19.063541701105464,-72.08336384176083,-41.720718196964064,-84.05257101883211
-19.18027990586105,-5.517349104821552,0.0,90.13837607082202,8.988585944981976,-0.8258761204319992,-268.53312701424875,-30.283610065731054,-18.25744459294619,12.288610355628949,34.70339910752387,0.0,-23.918414933664547,0.7467307396045261,0.3744859243496796,-211.30009104819572,-63.57769891560175,-3.767100330024107
-2.7902576319629993,6.291717578559886,0.49278439724941386,36.79440323026527,-8.511863262171623,-2.7986168995660967,-133.03181573530696,-23.967654685361772,-1.5878110283146158,53.897756847653625,53.991778743817775,-9.911108100854863,31.319053731769802,-14.663812277294351,12.839598956105737,-23.76902413710821,-57.98137569984986,28.043822116900202
6.81521879918576,-5.086012507936033,5.048480241171291,-56.410341751417405,-5.532297707950284,-13.930518207241397,45.37493962717032,1.1897935095164487,4.882526906813852,130.5848614309825,29.346701336627696,5.31635229269323,32.01890247089177,-11.7134020820444,-10.705139130878182,80.95137921253767,41.8507284218978,57.205540977208216
27.808696135908452,19.71752582196279,21.50390605416984,107.24790226104643,47.49665684918336,42.50630830212838,121.17970518344127,20.26106008044884,12.158449501310589,25.976289202793215,54.25649702534734,2.3619703087360895,-49.77111357678316,23.764044212629784,7.881245925284445,-44.35560086963565,11.387932058924207,5.501343204291516
4.334842778043099,3.2167603117458485,7.674231636640996,-25.067662552527025,0.8193580984849137,-7.320410007098581,-55.38268000209503,-18.838888452577198,-3.464880784202245,53.36057652146916,14.259173015579048,7.5504753754591505,17.530467271951547,-18.75529064924349,-6.872907759472644,57.697115083694904,-13.565062788385072,-34.5079193876707
17.816630820865036,7.801485184088934,11.209427219150395,85.01119090254767,1.4507947663920326,5.694235364633932,-18.010935020456092,-4.355749377605764,4.054457447725807,90.91341049419259,110.52321415905266,7.442582547058411,-40.680983037955144,75.83671375722673,40.740357096458574,-108.86046474768452,-5.432044926889288,20.60894807300599
10.541284635378997,2.9900385403100853,0.0,-41.442408648616535,-7.077684817619105,-8.890768581164581,-64.03316137761622,-39.17458666063739,-3.014544592979575,-88.96522277420843,-140.0645415224661,-6.420402933945262,-21.67943541921476,15.210597119830323,-1.2023769379137215,-77.22267135390119,-14.902635258187807,-11.839966571555976
-10.363571371378415,25.9240985500365,4.331248689083578,-4.411419928482601,-21.61454094487461,0.7048265934457271,-229.08267908455016,-14.736141636805488,-21.213963986121897,45.852336004232136,13.802425309793382,11.254983474079811,41.01643042027185,-14.198033472655704,-32.971372280473744,-120.80462515375763,-15.630786758790912,18.973921789953806
25.99320915490972,0.5140272883012389,3.7624000169648486,156.25551350129098,17.51767081394708,4.544050032341013,40.728390019508986,12.130556091920957,6.495584539444961,75.57705527318988,46.25622213739585,5.87014721745552,-12.751407976319035,0.8114212952315111,-18.9089188101681,-16.13614650517188,41.400736616608015,58.76295228904826
16.775089577871196,-9.685980124086711,-0.9786108697334325,-103.91552760452055,-12.898701153766767,-30.838264841218333,98.0351060526322,20.113815418358612,9.825978894447685,2.5073361666559024,-14.923941229537313,1.5842185912371987,7.900175354228694,-8.103169816165352,0.0,111.90896436001773,41.451187573114005,7.074386392409451
-9.524942172667176,12.696268800464738,5.028150273645477,113.44067213656743,-4.723587855329879,4.042222367941591,-155.0047716747723,-39.23303956748437,-0.4698462984371937,41.743971855119355,12.526096197959449,9.564533859968304,42.90146793495191,-40.28569687050818,-28.198268104142002,71.7776806818571,9.561601357415016,-31.532670252184836
6.355879657931498,5.0265251970526075,4.368690069515262,160.8826693810171,19.23603771400974,13.224673458185363,0.0,-25.395495132657114,-3.611981659328339,105.71455812680837,58.9947871153941,9.359740883946223,23.746445349585617,-8.3599338329315,-19.3649836612955,-25.06407973427416,-11.5819988454508,12.257645771860837
5.200755720502257,-2.886027737455298,-15.154243537214343,-67.5513478525299,-12.95599226126614,-21.386921427814997,90.52095948710951,1.7861535256614842,17.232903115378207,-117.87341252845543,-156.85337664544187,-11.952442043910754,-39.28631108932846,3.2746162839655835,32.138585715580255,-33.27792428689319,9.184518725565795,7.006166002485884
-45.86857023948392,-2.871459883506509,0.0,-67.63100492048949,10.585985563745425,18.747553313642513,-289.61959464817113,-38.461833948814586,-11.157036485053952,45.60970537422713,-43.29872553845327,-5.678195421294542,15.136719955958679,-9.658619671001231,5.005924156208976,-173.01460473028345,-81.10366709474464,27.683541752491124
2.545109363214282,3.075816508370874,-12.024506183423819,-36.720141407007745,-5.769933252814103,-7.673333416564537,229.04590173099263,12.15897024021393,14.40939096983262,59.430948373214186,14.067536053565487,-3.2385874309836598,-1.5943327429633196,3.652009888359469,-5.970603116958054,90.59388468999992,28.33626944442368,-0.914390464233179
1.4520322323582895,-9.8259018552627,-6.02536939414545,-86.21291723863342,-8.585875206249682,-12.731586646592433,165.02561460886895,-0.3081417772973019,18.538353648914274,60.92610802967752,14.168466146852507,1.5268011835972892,-17.45774244726024,0.0,24.228772822052434,23.092559175565636,1.8793532964075106,-17.58972374203023
11.863380394494522,-5.886464207542489,6.887808184664456,77.15000798437427,-4.891743085594729,1.0835984835150536,-21.104606388041887,-2.9406757627904847,-1.4002528567006705,38.61917823298273,16.798330089487422,1.162467456239613,32.87320444803623,-19.15311677487144,-36.3251924921772,80.58026426677003,19.20823521126207,-8.669376317524552
0.0,-8.577340604695252,2.8694390881658522,-43.44895928896023,-12.923411213263833,-24.060367173856104,-21.485683126060298,-7.230153775363973,-3.5316372688037028,-77.54533692970931,-37.456094125602036,-5.165990389003954,15.475672147350586,-10.139918432507693,-5.861092156264081,51.73481113005433,17.567350054838318,9.303449640294701
6.365502168958979,-6.354597230759329,-3.2084721467558253,18.89472645547537,8.0336057453164,25.50356290656591,105.2302821238327,-1.0366276024411176,13.617665955199515,-120.27046911256376,-139.61657929242907,2.2012097455477346,-13.47532804828996,18.065474683213118,-4.967570441916464,-3.8805469695204864,-28.156928300068053,5.045626282596629
-12.630952623711424,0.0,0.9414242194336069,58.27127735806149,12.693773146775385,8.060445054530659,-279.5102923957562,-18.546077551627807,-19.607875841946964,48.15852455176066,20.675694257088193,0.0,28.50280837591285,11.671233011913241,-3.847807306305237,-104.25982141764821,-45.728469079162494,1.9497313824847993
-2.783608764421108,-6.9905627701235815,0.0,7.234452870747051,-15.429520902577925,-8.793674820417996,148.17592761168197,26.233389088219468,20.102293143965507,-6.4054968171236375,28.07858400594419,9.869033086363292,-71.97544321275589,38.54601622071619,22.55676970229917,-35.42730918379387,-2.5593150704836325,-16.31678735889065
-4.147446718224849,-16.831762360627938,6.794511777703575,-30.08760813707351,0.1656675370515368,18.184491914834982,208.07582361066451,29.369127828592998,16.714393593557457,-214.52806390850364,-24.240065054859187,-8.84658929378673,-71.2955431780436,-15.454242176266133,-1.9770568464948552,22.607037029122644,18.94966235610766,-2.37921018230071
9.83220822386736,4.235985837093861,4.701995344108536,98.30531676658819,18.003622960810908,19.514072984848045,60.74313342767654,20.273568915783375,7.243742175435248,-78.94062435217523,-35.91169904585591,1.1303600288457096,2.106223227032944,-4.216249501372516,-9.260352013271536,68.45174205786321,23.395231442866972,17.709388545538104
9.835293939982028,9.809115551364982,7.582498941195855,29.0027619230015,3.293233861568098,21.02663805127757,-97.7841268146169,-40.447560928249786,-9.84049966056629,-27.907661807003283,-83.66800988656794,2.4484787647976223,-8.601412463961179,-0.696352650364054,10.60182573088654,-44.669033545771676,-38.4176905344268,-11.637835649020701
9.368845519234565,-5.516389432453079,-7.756980541862447,75.7697608590303,22.419022705396465,15.322438880320275,107.07394039252182,34.121234216751816,10.087303354391443,-106.65442339670459,-116.62654248546569,3.6330972555890217,-38.220024066267044,-6.158313527868306,2.5086697643912355,8.12975996245014,2.7996421434231116,-16.543139303448772
14.018097421498029,7.270035785008124,10.555885899845453,83.42514293200506,12.55713662765173,10.744107150695564,143.06190012877101,16.03341775509382,6.248460379852231,73.84432722820065,33.28026587685087,8.59396009560079,28.064968195993952,-8.390609808097729,-16.12801207025391,87.09236120005346,-10.519528067147382,-7.879573909635155
15.925475842633098,9.228180495712493,-1.5776793122615653,131.81619085694592,18.566769229459197,-7.0542220560010955,110.67044766803873,2.8895449263537745,3.9208866582080093,65.00325705905428,80.57178885335242,10.353529028265982,-63.68853432785518,5.568682382907633,4.426494504079874,-99.01009293900383,-14.457637124216298,21.366451089747613
9.463972674263252,-3.404313239421843,-1.52284262929736,-96.11513344843664,1.441148931983791,-12.731754286976901,177.58840531985913,20.65912261090034,15.065573326136247,26.698763055967053,-3.11692477347493,6.7709478374144725,9.169177095814085,-5.981675537805539,5.685961349978519,69.76465574672059,15.36492700545795,13.943711248904975
6.797866118774917,-2.0798774450373196,4.345003224057071,108.03254569313111,-4.993112088251524,7.889808017154759,-19.451199520760298,-3.2093405398015173,-3.7049687408912155,-13.958080019904816,22.590624568138775,2.134305547716088,4.814131301281083,-16.45839635050375,-27.50815388706261,0.11078957303994136,-13.110329606546307,-22.137057301844244
0.3175854193848392,-3.645283953312412,-7.778891439128276,-10.46550385375586,-8.993221547037296,-27.3230513430299,118.96906637261887,20.249785050297106,12.350793993951275,-54.481695889119116,-70.61837306424484,-3.658619303643696,-39.774892435298874,28.15947639971839,21.013874723202605,-24.492812601570662,-55.06387439360298,11.42364834567519
0.0,-8.042485050846931,0.0,-41.142290127035956,-10.361152511175776,-3.5140544384553185,6.028303557171949,-6.527148074941435,10.084641574503792,-157.40237371950255,-51.055555598180725,2.428008910050157,-9.689687729117711,-0.08510089332995749,8.349188890593926,20.08733742398538,17.117408041341072,-4.530164135058698
11.766928236524869,-8.229125998324843,-3.8037913509642496,-14.97997716556457,-9.367735570976324,-9.714331752966613,90.78850102384682,21.89788901131458,9.209925089668195,-42.99301770169385,3.9804869248535337,3.285958056543785,14.025037212971894,-8.711056805404494,8.364182045849716,118.26049924689801,29.784066561107068,35.08001572272235
-16.04572403799939,7.593530644483011,2.4198123177064486,-218.14564735871517,-25.83383186728895,-10.078892459773964,-207.89370510851847,-7.3315483219168085,0.0,-2.537399704279802,23.142639768745642,14.18445766390873,19.46290170322242,-7.33274405435346,2.2587697553599115,-35.549674922790906,-25.711186500285404,3.638564724698938
-9.018168334738801,10.624623912425186,12.998577466540478,-109.37923213974149,-14.025612244542478,4.741768234045817,-43.09097760620457,-22.98411291797717,-0.6453848189329069,83.12632232118476,51.078375023496626,-2.8652838493160018,24.271993230978662,-1.758317902641036,-3.5442761265863894,-22.739329759856435,5.8709732058814135,-2.6294676929530567
4.954060790801005,0.0,9.14185296429439,174.87634157088326,-5.36237692490612,12.30627636517683,-106.11827802591286,-53.24703169611684,4.792902399451546,71.94255721571659,68.56242978322388,1.766941874507338,3.8917932477544657,-10.060104886990747,-8.568038579706602,-96.41076940275217,-79.98972478029273,-4.498905331805204
2.5808706879670824,0.7385616419871619,3.614655455793566,114.09141363282673,19.37587774066533,11.744819603708768,78.54201402430043,5.449689659340193,6.15595376747585,69.63682266233046,36.974317711477,-10.59799307720564,8.603489180116286,-14.477103280566526,-40.95721315493332,75.61216730284613,29.83154850656286,-9.949556901403867
-25.01170907969173,0.7494358898816205,1.5051409486849148,58.46499083096249,16.33082817343063,10.679463244839189,-226.37076609468167,-42.50278310033028,5.733425375420149,-47.6118419792961,-77.38986253889645,1.9503784778185027,-28.882105163016494,4.251123772512765,-10.372631636627508,-138.66239769226178,-78.84973284747208,-56.68931890953502
-2.1642620674951707,-4.41885911683697,5.487623876255987,18.063506554751616,-13.153464887459464,-9.535104211261638,-6.095013553328667,3.0508872066034223,3.9996313393095217,13.846858510601058,12.061158407340905,-2.7327001300669007,9.671524200023804,-18.68196032386096,-30.570340760635805,8.059981259464058,-24.246566564787486,-30.84690963031847
10.909042780477723,0.0,3.407320798609964,76.97123118578008,0.0,0.0,188.76030696639216,18.90436267615125,4.893024315745392,228.35206053243596,102.21689968794661,0.0,65.42850981075355,17.713747383520175,7.071257818350251,77.17196156400692,87.35736783838738,62.795826415130705
4.405452583379524,-3.454325036370784,5.38825793356946,-10.769885563088232,-21.51146592622393,14.70721328962406,-42.3485629371861,-10.858095019703807,5.247397515736155,37.105921782827345,53.71767526803423,20.18046197681895,4.743391940132173,5.320035925512258,15.080187266774532,-32.648857276627396,-32.08832821877572,25.67831128066036
15.76053274126731,2.371512951800911,7.783017444938549,-254.4042868684591,-17.958417468279382,45.181169961464256,63.990430286385305,6.851639738482407,14.024771055914224,126.44107441836671,61.308806681307914,14.471091931162151,13.05361807982953,22.69629922059214,25.333694951154783,39.26814610337061,48.41319538121468,99.50894570461668
30.14774164645381,12.889065453894085,-12.347090161934814,10.603623355507853,-13.514751402259657,-12.367934403217975,262.1754324665228,26.19130196026566,-5.330891620942833,-91.57765881244282,-33.68944004440365,4.6750188813492715,-3.43421898922133,-3.775086906611953,-9.853452236715164,113.5518995374438,44.392821866995234,-32.86746611820956
-9.139684498746785,-1.4602516848041098,8.858346098959473,-12.253484558290872,-5.335636236168248,-11.0328959493507,-0.9508797850334846,-7.301253246772106,1.4172990160448482,40.61108008245055,62.41949798145853,0.5684782166133915,-38.16866444758607,17.582762048970935,11.301765374971223,-72.07957960053106,-36.90485437026593,3.443256478212085
15.464156910068345,6.389409193250869,-4.744470373526534,-40.699728358062394,-7.8585832619810665,-11.914745220353549,132.00059070891905,4.400006268568523,13.622644495547393,-138.71700584119333,-158.82830399029748,-10.1064030226367,-43.26983030690174,6.089810094784573,24.7766748768192,-51.05877275885392,-1.2398903633904406,9.671544293744034
7.720329419866605,1.0205511807182823,5.706895477665876,121.51049129981816,7.386151078668424,11.965938110440007,-92.89328447402306,-21.675619104345472,0.0,3.2881981978291397,16.354568832933253,5.624878584507661,19.787141905242496,-17.049559922932822,8.379320377664023,78.42746091204289,9.777644532178394,-15.413527200415103
3.664614104340865,-4.006197277626458,12.435944515617033,82.29914495043789,34.44925703837418,15.535288647460842,9.72634678373925,-1.4109983730006703,3.1772667938120813,53.111875015244465,65.28701489704764,-13.52984203471865,-32.94246227833129,10.967135426158633,4.249379222576985,-51.253769185982755,-10.321817588225924,39.00429301721897
2.4720448200418237,-13.739695184006075,-3.0752141207370665,4.240230985124255,-9.014878024177229,-11.755742861703464,221.44427455727734,20.856744299068552,9.571472765297463,-155.22981152510235,-163.78343893853068,-9.079253013358187,-98.79611311039416,-2.9261645345764187,15.976256750740612,-71.10257069489724,-73.46754284824154,-13.922552214035989
-4.113435504132867,-2.5236297338815135,0.382420052815981,-14.524037699284992,-5.181340147212165,-4.458163624712276,-125.99699171839303,-46.67051454268465,-2.8346420586938805,-80.53138611481536,-34.70760836553181,-1.4520002873387101,11.490173028296537,-5.7918131027281845,6.79486418791015,32.80068679068511,6.333179605369086,-11.448740091744412
2.1567133129418097,3.083630887286366,2.2930949791957578,-63.43445983825262,-6.9127020748701185,-5.60291193370261,-119.49055396662432,-36.53594691080117,-8.072824874206935,-132.34511063052895,-43.955974493197154,-12.46257148013844,9.665249042315097,-2.6771016327237542,5.730049781736398,46.93119117947794,-9.163014690275725,-33.99042288132546
-3.4871606289003405,17.22354443159582,-13.533489337903204,48.438673737229195,5.927168721870087,4.998796960896579,-287.86379115089306,-9.555333409800136,-18.201546146994094,52.26441733175306,34.67714426097022,-0.5395938049206462,-27.832623650761363,-1.5164701204029216,-6.172394558759509,-229.27296561934548,-55.621700714271135,-1.1615259878295774
-2.025411322880213,-13.189795857765757,2.368191823223888,12.805548917383337,-7.8822557708417404,6.180424913631919,30.773358152231435,8.063295623295932,-4.263273888200244,87.914852728475,10.608072804413771,-8.957643933280467,2.9328040295090343,-5.985459165760451,-30.754787953207245,-11.263291392090578,3.040558724353101,-37.570319399156446
6.970213419756492,6.990539467794627,-1.2246000691903984,55.66385357274267,-8.264148390670865,-8.263277764588688,300.3180056027536,17.209571938251017,15.180969102181226,41.348012161557534,-17.275242712354334,-6.701847060009541,-47.68978752996069,-4.2560536522354475,-1.1388150934591048,75.01443551495308,49.08460069117091,-24.584539575216525
10.387364464229691,8.994131264890182,6.539424652013965,33.79052459264988,22.16316719881951,37.11527068805707,-6.76430586925063,6.1280926237208835,2.656976322861049,-36.521252281819784,-14.122325761204827,5.604203951048284,-10.184796576827903,4.2813277530819525,-10.623230345077657,30.670057978449123,13.913546134794826,-18.734655719763637
6.499707395706983,2.8829150205982064,-8.106812811888176,57.935007427792826,18.93520729031007,36.88711440889162,70.7467448776271,21.41820701646932,-2.5917737723117034,-78.49854373277394,-39.995786394376694,2.839704268717111,-44.05185523830861,-5.736294669969547,0.0,6.0012270272410975,-11.155408186719484,-36.64999556972275
-5.900291082556833,-5.207503104923434,0.0,132.47892777396703,24.569346670374347,28.498724848579855,121.93592844887434,38.134083073301355,-3.207744455866275,-95.16370414728843,-20.300959558743855,-5.585896147831956,-56.2899430631852,10.831613036798872,7.469517695297287,-15.667105573583058,6.728527030354846,8.210793052993267
-13.483092943607701,3.259839491142119,-2.6005007569785668,99.21872667055366,1.6890617423365164,4.229455606223641,-43.29087381970436,0.0,11.877316029842927,70.839079713661,53.674245267926295,13.121643262145543,17.521853455754044,-13.850604813879336,-2.0855435339135697,-86.25248884185794,-91.51597031348032,6.216426790059643
-10.01986522954647,6.3951407105478095,2.6054689167364615,4.755415686554654,-2.674292832483799,2.9470033305716896,-43.685337995156445,-19.030388064533106,9.085672463692422,102.23380514132191,58.60036906241887,1.1844316332905171,36.00013714412771,13.519436259382553,12.069002031203969,-54.96595887038994,-38.90003533617289,13.981657495913296
1.0027463562759802,-5.075165977473575,11.062151267271418,71.27533601623607,9.058845947209623,10.032265150908737,231.6907620919432,5.924754787040394,8.01204483174467,79.95836973307915,42.90596677722944,7.586578223482053,-69.69452547191372,28.285447979653096,22.702341982512728,-80.937361668373,-18.134414164314247,10.241435211149394
5.731062879380609,0.0,-8.086995414283496,89.26752772501604,7.121262683008876,-21.003275891289157,310.1090334372372,38.32522881868384,3.5437832311386424,-40.45107659845789,-41.477634007574,3.8164722167125693,-65.8284928937493,-4.9711839595069005,0.0,111.25677266192264,57.78062473204739,-46.29602092523527
1.5040984229335699,-5.316155521940256,-1.648740588372907,25.494416356691577,0.9688747226719918,13.990136265335991,241.1624464086395,13.30656029739146,17.909008609431375,-84.20398499203438,-73.34457924764035,0.08557986026443647,-60.56821271369977,30.601472214816983,14.742552769592304,-35.470851113275735,-55.96267828532003,4.572902711763753
-13.383197250300954,1.3539919881627627,-4.006696275597564,110.91072843441867,-2.771701183587918,2.6554269217256485,-190.0834454798905,-28.71036091111109,2.5884056429814666,97.63490111778727,90.20531867673036,5.429166354492862,-45.94607656892052,13.740637854127062,11.884584549519607,-144.85530609807387,-44.94383438760104,-33.45372430891632
-9.125657675964826,8.41945593560624,0.0,14.513034896076642,3.6814531751127735,4.22103133290412,-106.60790463518745,-16.437042926903285,5.5964655289913905,69.32268659181098,65.8721192079057,5.872110003651927,-24.503148086696974,4.823954087207674,2.7263514503354926,-128.79128750552707,7.995940108985623,-5.5092054012392
7.098830025092569,-2.033150029667873,2.1913451883773702,-20.735325829130208,-7.305654637335885,-10.407361273708027,-121.59932230679358,-44.709640762883815,-20.791862400316287,-46.2276926659418,-96.08699934689407,-2.7084753750085757,-42.38875355334879,42.77260871451648,24.403059860921864,-108.37897989431798,-16.90049361807693,-26.876370619750674
8.389367758158846,-3.1222120965585543,2.875785954249695,7.813120659518131,-3.2061382077338827,0.0,-25.14602904344569,0.0,9.771723882599852,4.529183654496187,72.06258035607907,22.380715789294136,-19.540459341065514,17.15901377791717,21.954464246993208,-31.29515805848232,-7.133542241065808,6.735663990330053
-3.7149946499135242,2.362913442093568,2.3416909187375303,-62.70402598553912,-19.741167578729925,-17.26382974098372,-72.75541575017293,-10.173306823666993,-0.6215591752073465,30.849415663545287,3.2956054755109943,-0.11284386500159627,19.329288971539313,2.5544920092538477,-4.118482748873149,-35.84469974564758,-35.668346909401066,-11.009219145449492
-3.036591935548677,-1.105384462603862,5.895301886631006,-265.18896507854936,-33.36022154848631,-21.603100752064407,-140.6874283273332,-16.748958672154913,-2.882271867076216,8.532076581492623,9.013230382561884,2.870454244076853,0.0,-10.42447060869325,5.659051135702444,29.113120792332555,-5.509255327478345,-8.695242858054257
13.892974724877845,2.630824992887534,6.786819147697215,-39.038971581013826,-3.8746797799997377,0.0,34.437871109900634,0.0,6.942434464151263,134.17627577631092,26.21135510048325,12.376809357527812,41.91606513159641,-5.70144071756839,-6.685618853162489,74.93908671169416,44.94835253689733,43.31017122278928
2.7110784331902567,10.820439128162754,10.845910519364175,5.1772634990580615,5.677645486247982,0.0,-11.549907965268977,-7.521577617938647,-4.975313809340585,-89.20312279021425,-113.44536868491717,-11.366282952119587,16.930248258006063,29.570121988334126,18.46247063743676,-29.58536148090424,9.647127514087158,4.468324531258844
9.475821413595225,-8.522513033952904,-7.796229290670439,-92.34445581425862,-3.646650455189281,9.107318467359416,106.66510602173213,20.762521877682445,9.115010914434457,-43.94023745738981,-4.0992756761508655,-1.9896702716649566,-53.42660806505873,-10.391268349971524,-14.900326190363037,50.47939134962961,0.0,15.30011559011578
12.209183013123901,1.4945839023947394,-6.493110150292733,-107.1501159426713,-20.16487553136278,-22.749153658823758,21.453263348241194,9.55925706300289,9.632660192984062,-100.929117141881,-163.00934268347865,-13.62156097380687,-33.20337975305068,11.031789892885655,2.547878542128791,-25.107909178377774,-27.67070206644633,-1.734023447396396
13.683194633780655,0.0,0.0,-43.74917132267106,-10.15596399931305,-12.264212621265031,201.67131349069334,19.52371384745817,1.3780804268415214,99.20608973554717,26.880475561460656,6.6518334956892975,34.654845009964944,-3.9004844988228924,0.0,97.35134623599147,49.66695213200911,28.909657591973485
-28.024415439407203,13.361068940067947,0.0,-237.92638727767678,-33.76562406242928,-15.507361807051971,-248.88364462929974,-0.5854574500285165,-21.482168585341714,78.99239796799236,33.76642129005009,1.194513550921644,20.44844127858312,-7.710326186445372,-6.430065327072316,-13.797512672554463,-35.77116740872768,-3.2531618457448985
14.492918564116138,7.479603240537741,-19.57767525767051,-32.35615503933114,-8.178592597103725,-14.198466565101796,304.4226866081762,6.292705815067798,12.7870884343428,-85.15043578752953,-33.706390996786624,5.918531582939172,-16.362582589416892,-3.201792969893493,9.214550288007738,71.98691531789925,28.15406082469236,21.43070567254182
-24.135648517234376,13.388689906252747,14.355413076234338,73.78649607013901,9.805150058036741,2.9817085407672272,-196.3910590650783,-31.692970559043534,3.4946297478679176,33.50963155439365,-17.778199192733727,9.657708161750383,-37.92317068442284,7.783447139392529,-15.509253935394096,-191.68110541644168,-40.855011625534495,-6.337104769556447
5.040152101835722,2.2641638371627355,-1.4785093869059522,-15.220164681462835,-1.3679640813517746,19.533099773570623,121.03732872124006,27.73626964548227,3.0690031833434785,72.86938226830091,39.119992917994,4.3521934808698095,26.073528461975695,-12.940380879566062,-14.383412144931158,122.19992448331563,12.694942739766514,35.398907159481155
-6.6472964773194665,0.0,3.694856912391165,15.485620857412732,0.0,-18.03865618197377,238.16359672234515,25.622703558715347,8.441772589198411,-89.59444428111344,-57.24986539816259,0.0,-21.928095764435746,18.48753853349643,25.477509040638562,-57.95406235393162,-12.924113569298946,22.294889910772866
0.07810036339692786,-6.704109076524053,6.175898644859505,68.86855138475306,18.899402190353264,9.475480899892217,-57.97047139511389,-7.3608174877417945,2.5029143146637605,-38.09356386891215,-23.929977742879018,8.621214260853128,-4.286927040410669,-8.408583685592522,-21.72399741449937,-19.942719987263754,10.008345434589794,-26.523321825655323
8.154594928494877,6.948123539998227,6.317566578299688,115.60361024070416,12.122790178226689,0.0,-113.36887357631736,-25.53483616678719,-11.209301307719452,-42.34009645212027,-26.373072961939883,-4.388958454527809,-18.548117871881978,6.148710856640665,-3.950246969102984,-38.02456112157527,-27.10472573675301,1.0795369108154205
-2.29100768231891,-5.363362395406388,0.0,113.09508711819176,7.0736982567370665,7.288912911207262,-111.96599058578671,-21.718010421361026,4.953653747406448,1.9962311467740637,66.3317643002577,0.0,-49.606383971049574,-9.136849717703303,-20.465174567605104,-119.59438034392346,-36.837393773067156,17.004890992041084
2.609867892191831,0.0,2.31272290315643,-235.33252660487062,-19.305030275711083,-3.0060045936391635,-4.162208438587371,5.435482267562669,-0.004306305557787592,148.05226487387566,48.81603543297722,8.630941021707377,-4.496931669703508,0.0,0.0,58.29793702462763,47.39581726362359,52.02392900573756
8.54599876364141,4.539091893532017,6.379770568293496,0.0,-9.959735227065412,-18.41861571818087,62.648732492714586,0.2779791507002288,5.781493865485243,54.62421824593707,11.667556984785302,5.010049747240217,-32.59940653633325,7.905499217504569,26.857135762837004,-39.81936636493774,-6.107169586431623,17.58018190975126
-19.77266541157669,17.632816206972368,0.0,16.621187648003797,-6.911461949920506,-9.237283555297482,-207.29651797338573,-16.27981674621015,1.6669507110599093,137.51934265889275,13.319260005080938,2.976678741264257,87.244268493761,-59.81178102766036,-39.5730675827819,78.99292677339669,-9.190483308018164,-41.487843493997566
-24.294431385863387,-6.5950914660206275,-15.918091927430254,79.24399492324655,-1.5727624858073264,0.0,-180.0287418692349,-17.004761678538067,-5.5306165101546485,98.15205904703093,43.4027883732413,-18.022506648357105,39.15520003526888,-11.014910403255367,-29.66047599211581,-33.55200404849403,-60.114664697820565,15.349746034010224
12.233601813599536,4.368372802280876,2.4970520946629797,-52.100229506667944,0.0,-15.048393074975918,-5.614453034051666,5.597136391863956,1.2906716509388378,-36.08022938302446,-40.045645117137546,-12.406573438089094,22.122648099670965,19.916682402011567,15.612381357619292,75.13782270053026,29.18706371717743,-9.429778784898367
-7.1768905811599515,2.944669353068217,-1.5734426483158765,66.81995877244884,2.1953759858282464,15.606901229079646,-55.634191643357745,-8.584868200113293,8.435509183993311,110.43415297519739,52.41536820294135,1.2961572500401448,44.11687065328565,-37.012097882031604,-15.750513103851725,64.89218468722974,32.28234472888993,-32.75269850452196
-18.183161944389713,6.277164713079578,4.725586848050972,-40.52185403386883,-18.75419407927412,-6.794077855861129,-168.13375880678853,-33.64484726632698,2.6512421608133523,41.22252137156185,-29.901626751759927,-4.279571169618532,-28.728024678847277,4.990783098758188,6.179303249547383,-101.67097322121523,-23.85476658539194,-9.998964381932694
13.264646146570039,6.49439612582358,10.501137529473608,277.0342375199636,41.84900755536926,15.295047081772491,261.59323634122956,33.19404877513437,25.358562629000684,-8.06023405853197,30.925048002748976,15.326484137146187,16.25288089588892,0.0,-5.199376079334383,101.57622524495734,95.71872430121897,11.729912964968548
12.785253616017483,5.304457416873667,8.386000436702895,101.49966435931992,2.6183740662487587,3.5390118042475747,-32.14320329642045,-1.3273354779014763,11.30873664636246,140.99762197465452,49.665072692782246,-7.952945270327952,39.1759379106374,-14.8194214362347,1.7321408467583002,129.61915875589418,60.21635299385774,-8.430994485552446
2.9021608383450546,0.0,3.4104530640656354,101.78063811642276,1.5297367760675944,15.519023145364082,-78.79172617339846,-33.13745934752574,-4.781648698118731,3.7848561810834513,-23.637073554355926,-3.81779858235394,31.36708629858495,-17.399360892485497,3.6901700192174323,71.52539759752149,15.45507641005318,0.0
9.014818560156591,-4.105306928249356,-4.989143344207345,-20.12531339108006,-1.9105280813770493,-18.043439724321487,125.0362054774529,18.92113085901349,8.682240170418375,-94.27787387596926,-69.41760320396533,-8.111856419807967,-18.560846170842684,34.66337532805738,19.91191732729066,24.839244019530636,-15.996719213455444,9.035499614741736
0.0,-3.766410639282399,6.088678213366331,24.674198436529828,-5.210630678583014,1.578574001556926,-64.78802712631771,-23.187216472021333,-8.316082124626895,9.843921261139757,-16.422616204643926,-6.206859722866311,33.651838305950434,-30.24379693496065,-2.0389442750374323,57.24306727468985,-4.900989258284221,-16.917131943803845
8.87122260009439,2.370962347343576,-2.0352287668365814,136.7359637676869,-6.775298178407344,-5.351052692744474,343.8525976196655,22.88166238341926,10.904550356176774,72.36815548418976,40.309706795880494,-19.141287017870702,8.111184258094562,5.177433461119829,4.711100224840472,164.22555805583198,56.10825693265611,-25.48828925164719
-19.6727543951859,7.362327154664295,6.11889854428617,-16.145268984199557,-10.437347242564078,-5.597524999015677,-160.408887496634,-19.410937234029365,2.2873355527139845,74.91525489134196,39.06912092122012,-4.291708485939616,-8.920473969282726,3.893577082602572,1.635752272960194,-103.96221616303339,-26.76894644247801,0.0
24.57216934996617,-10.675919205124003,-18.256906062685452,-114.01144638556974,-3.3696306268717247,-19.780636003654344,245.68578378312924,49.81111814548737,7.967495142951814,-202.97449649763504,-65.40393393030904,0.0,0.0,8.909416264579631,3.669704291627785,61.110782753585966,41.74268442561828,71.28718491101667
6.5050011201587346,-1.282873067327374,-2.594777391480167,-31.630681750914388,-17.62325054736019,-18.14991834043667,180.11295206354856,21.234575480428617,4.060508443360706,-51.77349214482273,-46.829320241315784,7.980316423850617,-28.233692706805954,6.663504796688582,0.0,43.79469289193728,22.739476940626325,17.4170880297892
-8.571663373836499,-14.331457531935959,10.122775584158083,89.92905625631704,3.457304227300602,1.9510355847425347,55.683789886604835,-6.9328297325869395,1.638063168918771,55.43834897728203,36.34897265302489,-8.777064354064295,-68.60734973391418,-13.538358013370313,-10.751393001307608,-109.89574340767697,-57.34837912731418,31.713054771585313
-27.267541738716716,23.953614106080046,6.743960587207813,-75.15942271304853,-9.456777742856596,-7.315934473306248,-256.5397613695191,-18.932149034918936,-11.694092114142144,-10.579342031457816,11.797467520227995,2.1842395200393185,37.38608537100542,-4.867131901039705,0.0,-119.00038983534718,-3.2635346823151736,14.729777753690712
20.542404542427224,-2.6958454715359843,1.4426175125192164,-300.8062505709395,-19.970115826767113,19.488494218407318,162.58162314333558,17.760080074318413,-6.683531268299528,140.15341463160223,9.008290220862973,0.0,22.422807034878733,-7.583464215816956,7.791843003179522,34.58609097511933,28.571444966496824,14.358957722060282
-3.718038343061046,-3.7603849249613925,-0.8944424442496035,-4.814911383273868,-5.235234795951998,-11.612541842627142,-118.57582638318576,-35.23354601473829,-4.532243090889363,-55.974146630350454,-47.960905550927755,-3.6348449135063574,15.663534196574934,-9.170288262308306,-1.0964974109377092,15.328248173999443,-1.8351501364894243,-21.196795338830327
4.405838824549311,-1.781662733836268,10.752963163812405,54.362096401901404,-6.37973377504045,11.364773566710943,-11.67750091130697,-10.964492102772617,7.869946059481377,-32.99397729905785,-52.34028185444294,5.325482368007788,30.51100399571779,-20.425668592600836,1.0376835038960732,94.61005342420167,49.259083406270605,33.80978118516896
24.300740595845717,11.358544915484723,9.123673869915992,225.69867103202802,40.10994393052829,17.961499445678996,218.51114248384258,52.27144249731546,23.326792886481982,-3.5922118636447844,29.791370177387495,20.026310599804237,-68.82695849932819,-2.5291274162050823,13.696118361144043,25.090984097990358,41.94586427652823,8.023596643431915
3.0973442054933886,9.084273612545896,2.1292453068576545,-64.6636671174345,-16.570776724256078,-11.663903712548507,-20.463745862253,-3.8418920436052573,1.8924974668676726,-98.51470155035692,-161.8669097456844,-9.298900993683734,-40.58085606430987,16.38626971941189,10.087837831980757,-74.72831516510782,-13.618060398416219,0.0
-9.870473798801259,10.531014212586632,0.0,-84.06063905028961,-12.531831547724519,-8.283327360834887,-169.6085116878253,-23.863824335470074,-5.49779723174077,-62.62735261096404,-70.76552836116116,-4.396827925199108,0.0,13.15265929391248,0.5501957928610689,-71.17841140948921,-47.36267599344674,-17.003561176784387
10.267079936985093,-0.8199182661004379,-3.467254170148871,-19.841007183652263,-10.25748424969167,27.154550184323234,39.8155719919219,2.148014196005448,-10.760786297720689,-161.6206882728208,-70.03344032969615,-19.286404240124554,-10.301281581145926,-6.550243882228253,-0.26737473284349156,25.686924987492365,15.681189912242127,10.142283093661803
-13.760882721743686,13.317261946666724,-8.434764347047299,69.59574092948358,4.861527795706178,10.685403976653385,-242.56808480940072,-25.24282002196937,13.59014046938969,19.965823509609972,23.358084433386555,7.787925627579404,-37.223498021693565,0.0,0.0,-227.2289865201148,-25.67563449648958,39.48975543686316
5.540200111930049,9.458417113148826,6.679643251375462,-11.978893479128239,-8.07948507217362,-5.934685753305673,-83.57707538185524,-29.092329337535304,-1.1663625293418942,-117.78633098591837,-18.547301333664713,-16.071234209145427,24.065554257071607,-6.232107185642254,12.061618104398828,53.04362907162564,7.449704164526015,12.449245551672902
-21.333858133422787,-8.384292941326427,4.475195854112314,-184.04260047845955,-26.32412127751655,-3.3562374161241455,-166.94920126829211,-28.92457770231183,0.0,-10.921596925462477,-39.14289340657458,-13.0179056281281,-28.814316649053872,20.88387457621927,4.842804382929122,-115.63577874541579,-62.782412817720584,-29.16233449453739
-3.4542733096442997,-6.673643816981093,4.356443722654748,-57.04242851985155,-17.286277903354744,-12.341714788027152,-141.21230454819602,-50.68789623676532,3.28885604510927,-1.8127293973746776,-53.25425932879823,-6.045982108445318,-37.41262959149268,25.480130312666702,16.132470883569468,-128.75174042421875,-30.82936918268237,4.335821298538178
0.8949087566717624,-1.9953557750953965,11.239123812543092,-28.76186110403383,-3.6466554209614888,-18.075186086081036,240.6972009012517,26.488159404015526,22.648121694009923,-67.50656617287844,-35.27033793292693,-10.7068603668625,-35.5293024532331,5.140447463361766,8.45852189265257,35.48612576678667,15.192940326017226,-8.501589229331074
5.836057157550388,-18.962675715228563,0.0,-28.60771567577663,6.6655879045821615,37.29985925058764,271.73425017403014,56.883151108615685,-9.053059028664139,-248.40824057285926,-121.26485523904307,5.958362202945027,-47.01005489963111,7.430413365601708,4.236499898998075,15.11045656747848,34.4646670204123,9.719394018897226
0.0,-3.414409994204124,6.072730949201726,-78.24218525161302,-1.6761635464292188,0.0,189.11704270454544,10.691799312290804,21.66539688494741,109.40990492231168,20.937484916836,12.886879416888794,16.863994529571062,-6.692846636304625,-1.0339657887516522,57.1218376210381,14.425202802686895,5.633913364861769
-18.087205214263207,-8.725310838980102,-15.645264636666363,51.43436271829531,10.14710201308677,10.385825029911917,149.14667986179336,12.580897100956529,13.399062681771172,-151.98812298613447,-192.4491906986144,-17.908748762577794,-52.8010490610068,-10.957377450101008,26.415562495014786,-70.39132756234588,-0.5516452539358747,21.834839792776165
4.245287853446851,-10.110028953412,2.5840475299836525,-77.38820179240152,-7.9940070738251965,16.28525319532852,67.91337631008338,0.0,7.380744199956891,150.13206703541482,44.35610292716961,-1.8799042471162601,29.781207955087503,-6.268332084426235,-21.219463309319885,98.46512453854038,52.215926532367966,26.72711005568027
1.255440651456984,-12.536900255796692,-2.781801286119859,7.587244963512314,-7.388149651379766,-12.773306106807748,53.98198041838333,-4.177153557266091,6.496254465232715,-107.56345655936397,-136.368423844033,-10.91215370924039,-46.21674430816056,-4.814913634553136,21.463902280200568,-50.38282986745119,-3.348071954269699,0.0
-23.604329686445244,8.4950251198482,2.7523143584414793,82.01374286464072,5.739248652335606,12.023228194459548,-142.47656486198713,-54.79147907887553,-1.5094774454556188,-36.508897149804454,21.62343789400825,-8.382341006528373,18.346199140986965,-22.297547599559515,-17.51678553497325,76.68351398574555,-6.060232826816107,-23.170075357583727
14.754170066660903,-11.934963265468122,-17.44109076968388,-88.50727543994104,0.4688035197314766,-10.944333061509802,258.68638096189824,35.13743338693234,13.901448275700854,-206.04589535740618,-90.69942722573681,-3.100768454251061,-26.875913948453295,3.926061439554239,-3.705515831308172,33.47948920994598,35.10770926051943,47.23496996267585
8.152587202349155,-0.7226737961189265,0.0,-33.72717071510839,-6.628765393401255,-6.986207087546087,214.5396594827177,23.4219854972734,13.489343510895134,28.204271894565665,30.60342040162143,5.733900119843073,12.868339975474294,-9.2754772779057,7.940873611446138,64.14918242004671,6.071271175974592,17.05321854549379
-8.409661693949554,6.1011812920290085,0.8581508423587403,-282.10780685177946,-24.05013260285504,6.57217507544124,-149.21797187222242,0.2214793983103295,-0.24431125823427297,120.40265220238946,29.892588886970188,0.6981090254838739,-13.464735159140334,-2.431464129833302,1.2968344362817799,22.61130915643104,13.098662997229718,-13.224346004817107
-6.234264555158745,3.333116732480255,8.147080168476649,-63.1443996815505,-7.928425944520197,-12.745169773768573,-102.58409200249673,-12.27957606697106,3.4218835854100274,75.75858035498408,49.22042282671958,5.549614563651938,29.84365575082287,15.284989610788717,7.506407814919205,-1.9387204534257108,-35.98319486311431,39.67371147344948
-5.902775439411171,6.2355529392073725,9.406357498682562,87.93644589019343,29.61725161484602,14.014519368028775,-158.9239840352275,-48.75436780343304,-4.4732426993314895,-50.32790154272726,-7.772276484192402,-4.581906985523988,24.171086802225574,-19.068021038691985,7.552572859496997,16.960698991420067,-16.72165819194013,9.655401571741578
-24.87635939240694,11.767222259427546,5.147586085585614,55.92764088626814,0.0,0.9704537577762501,-189.30064307274327,-32.04825395939606,-5.269075716485166,-69.45945122868764,-66.15890972044458,2.2652173506891935,-19.447411928131906,30.96428415530664,5.764817069683853,-149.50837414258962,-73.83420370185533,-86.0438411057064
4.034919390716081,0.0,9.134285547345364,65.4880969230463,-2.43843649087414,-3.3336802950352955,29.22618282762722,6.680382647533089,-5.862578912430455,70.20194936537858,52.62587027383256,7.6433074107652805,-30.603177511943045,-6.131381508396357,-14.684146988793145,-85.12884394439776,-19.279825823482117,36.91696988880665
5.074278051088233,-5.20961785961378,9.758297683388026,-246.0938086579987,-15.34565124795228,32.37139623452274,227.1183838517171,30.61443677615763,8.131716578169303,156.38563288444965,58.28361784831584,23.39623619991376,-33.31678882554301,10.917891259142088,21.48588555128651,89.19886002902587,35.71491748890205,66.09846980019802
0.0,0.6178521935670751,6.519515641082204,177.76476223262176,16.167862087697642,0.0,-118.42665772149832,-15.205915760725283,1.064943559329253,85.22318643697831,110.56706103086799,-3.874431668834314,13.14001459671211,-19.965053938116483,-17.122130394322387,51.75694886335033,29.03880622940294,17.05642843954746
12.576936529905524,-3.6512929454435303,-3.0519692919427284,53.67934135486559,-7.138120115276254,0.0,215.4741541839066,15.389123720192053,-4.894135925545973,-61.98728024525912,-21.32809120774343,7.41050446390858,-10.823009724812174,0.0,-7.7734213631187945,58.06421300267034,34.956999438825335,0.0
12.767477428200952,3.017798891365144,3.880816413590072,130.62240631643462,18.783931309517513,4.373584619753332,176.8944280445251,13.1000871422515,6.308714612574274,100.6821678578794,38.939602146114396,0.8505882715783355,43.25229979188322,-20.254514644269072,-29.002276893909333,115.13772127988008,21.910969819366564,-28.635167186982017
8.833457115593477,7.810340400050937,7.228090163241782,94.98379683769255,11.835732699782156,-5.119979366644256,-129.72079887189417,-36.91199286727886,-18.63148658631287,-49.87670960148833,-82.99697935223703,-9.94628685021021,-6.37092206749358,-3.608039604417584,4.577233383576578,-39.38639298165042,-40.23041526512441,-10.22273029267825
-9.181139014063445,14.536927990382157,-1.6716438671126683,-254.59156281491548,-24.010830182035033,27.73386732232692,-143.76232145954282,-17.166781665727257,-3.6307234256825165,96.86568136132018,30.672105962109256,0.7444013716106603,12.510350464657789,1.8151029620591168,0.0,27.258601024217924,8.489100529337257,-24.436729255989945
2.352597755867741,16.011633044062805,-2.925946438119027,131.82772321663043,9.293927472006226,0.0,-207.4213527525477,-46.363548115072675,-6.298953926360226,-85.44426003346685,-49.60843426547823,-8.58127355114948,-34.08163304160512,24.406637145765963,2.2249741352666925,-130.33231731860266,-48.7702768238826,-14.836081890218566
-12.270688735683791,-0.6434965539762406,-6.562870855370538,41.98545432347079,-0.477195923958051,0.0,113.9648308544556,9.793938564252013,3.8647842461132886,-98.41547597771829,-117.21643378781744,0.0,-46.47093668371418,-56.45197317880521,-18.799872616974522,-86.96390403364342,-79.04008560840002,-37.22274049576373
-19.55880836412207,-2.2557995119664964,5.885039214466133,-7.301243918051633,-1.3334424748182807,3.00255742656254,-263.0441965940328,-13.815314210254554,-19.01819914594472,17.889979238948218,24.106758629376863,-2.378758837277083,20.340041934320347,-1.0738017348559163,5.285888061453927,-161.38213716467882,-15.870878459486361,17.220534648798548
5.222615143004597,-3.780789561945613,1.678805230091631,107.6483819930666,20.87824202535545,3.7576255066335302,-67.3628001276178,-8.770018966717167,3.2389557768930057,6.685226560000895,21.171149733972715,0.0,20.58542436202293,-15.403253547615932,-23.152167496811273,20.078735986415875,7.211164799615619,-16.793316554543168
19.06465527123755,-2.857069705232476,0.0,43.880512156492664,-11.843599878130975,2.2239124440765514,243.48603951640493,-27.831537564025037,5.7282288009359865,-29.004568934955785,-33.35847552624246,13.21279739424925,-23.624514719855522,8.195146363447451,3.031916020563415,55.18575335322212,45.81877295539465,10.234446149990845
19.08137803549059,1.5062930874915312,0.0,49.308104912646264,-6.759199291146196,-6.159973931303403,324.7616815460987,18.642406301451402,37.56632659305757,60.941318119185404,39.465757369370095,20.508059160471642,-7.663640058638491,-7.06578605693635,-2.065098301873894,95.82899252128952,46.62598358937156,-23.384751146790677
15.318294240915458,-0.8657092826338928,0.7448467528537026,3.872078110010193,-7.88397219602338,-23.358762023093046,204.36566471337497,14.870041460560932,17.700047353656895,75.702533926296,16.424391550015287,6.1841907439571955,7.326854679419778,-8.797043126768513,-18.742248362285544,82.87580736336687,23.592834381702744,7.712315110129168
7.95862936722148,-5.4976856081718815,4.586816055290639,80.82389899624988,7.673951167485694,0.0,-65.32062237532797,-13.937071300778026,5.006503491553055,-66.55619771645092,-133.12399464295913,8.194361121194373,-36.57362437501599,3.508452105409465,4.773367132328091,-25.872526331520135,-42.399228486764315,-0.9271502403746013
14.20953394692897,4.398777658057521,5.545595309062677,153.72144182237275,13.031094682660719,-14.633748403354314,152.86077411550468,19.221268173764685,2.134623459114065,63.42496540987137,38.32369375824656,-6.416145538821469,11.748446244267106,-9.989422547377416,-32.49503260968028,53.45643598514848,17.922542164653372,1.5861306227778869
-1.6950561215627098,-4.766016402106089,12.97121157537834,82.10057429946215,9.742403308708123,5.571099303127527,9.061444731347475,5.276287109943348,11.263589569872927,-33.35968498176895,57.777903307544754,1.7503403284593226,-57.84255099722999,8.917906241432352,9.948269426010306,-68.55861123221761,-19.29530175143008,16.2205792623758
14.824282175913439,-2.701749286363239,5.750089182416388,-30.409968886624004,-5.706302743165167,-13.673993919895812,18.192463116252963,-2.438503541349349,4.028170063198228,77.10431977145434,19.350007173715323,5.7698921780052075,22.091937241329525,-11.113066946376627,-9.341351424152156,64.78791565061367,13.560266620844855,-3.2316941769082064
-25.834129579582036,2.9306228412809707,0.0,-88.03386964175671,-14.147205379419525,0.0,-238.83232474805365,-19.28117905397674,-7.311529663262191,21.07735765836807,35.40294586289581,14.33833743883237,-12.8822656054497,13.383759519416577,18.294644305666452,-135.26611325977547,-32.75892454649244,-20.94642515864905
-13.579678349761597,6.516732381888724,-7.505420258375576,27.7237685138353,-1.4026084330667201,-8.360528373902339,-240.6885767773859,-20.838022451431673,0.0,71.96914299845798,20.715293966876814,-5.319388602435572,49.90266949835064,-28.48628717835428,-30.218765890608072,-21.316603915605388,0.0,10.390994092574942
-4.575377054844387,-0.7305451303359645,20.449273303454017,-51.72107597959215,-11.738754501776175,-10.4822572845753,30.849113936717362,-3.638844759618071,6.060701512415764,152.31836272409993,37.64784104428591,-2.964344597879876,34.26998291248936,-5.798833253182993,-1.0011421911809757,57.47071002654476,36.848865460004205,65.2312138918117
11.677497405443162,-13.251347770585527,-9.446954388269534,-133.08496291884862,-22.93005382070391,-33.99089190804288,158.76707280544287,16.00037110044701,18.436658911991955,13.622097347172419,-10.839002470203573,1.4796973533287783,13.560334215593416,-15.439704019413082,7.39327626184373,59.811903002602655,8.819660237310641,15.72762004515161
8.928795828701725,-12.265569695670342,0.0,29.469155037233175,-4.576898230659053,4.797654691837192,38.01506065883508,5.188246181234678,7.884538938946502,-139.22899948306892,-51.083089650749386,6.675220123164119,-23.39294800209413,2.4838683086445097,10.212031151109809,8.852458784399392,17.50396662241155,3.5842424912128052
28.8363925534349,27.345035346050413,19.85222669940973,140.64493758494837,13.602258018871586,-5.167743311042201,231.5032490707212,10.185004029090992,9.23500001690881,80.34073185097554,84.5814395992788,-14.887686112758221,-63.651995827178766,21.162618395670485,26.238389663131976,-53.65987915396452,-10.37721469488846,49.83315325874173
-3.9077286414086494,16.096872907005352,3.8804264393709826,-4.839734703716271,-17.416058893134846,-7.990662405486114,-181.91770159677253,-28.693674337855676,-8.531910984741238,73.70784868188825,27.97734978908737,4.055881165268279,73.01301540030971,-36.71059790784573,-43.46397162715652,-65.93892093238075,-10.047502677362388,0.0
-4.525544943778228,0.2701759586442993,1.6179725693551945,77.27371978245525,-6.938575136174909,5.259673935457533,-9.965852086208036,-8.248673666996412,6.534790749257207,81.76631824391407,18.901384565854997,2.357345901305384,36.275233389133724,-9.809058219375492,-3.486640020842617,78.46386101154157,5.590933061001393,-12.5517584323199
-3.596343639271929,6.522095991253573,-4.934914067329874,16.05720017213071,10.835448241423062,11.121168385651965,-145.64942632056616,-39.44302278509075,-10.790241225105236,-20.8407239681978,-34.79964269585382,-8.646195635240467,12.81738842448798,-11.223257100598966,-2.5098637141096285,74.53215726112597,17.503124373741162,-27.860381221291334
3.175310888021757,0.0,1.1449309618414216,-47.14532602868747,-21.156054139259822,-28.072025290865735,-80.10248984113228,-24.720199005596875,5.028465216599909,-11.124729613035798,-28.459422355282868,-8.692359325028844,-36.72621681040433,27.396780465310606,11.37507859710928,-93.31915412991339,-9.54787917246372,0.09417771883994419
9.224877748184129,-9.14653238046363,-8.699080428579549,-145.7728215372511,-41.232382782877515,-69.18582843933532,124.46818170461803,15.782139117147215,2.392768684554779,-94.50679885573003,-55.27896793065868,-5.156150695149706,-38.58444635350576,12.898302550746733,4.467097607585405,6.7835476268017105,13.296060861064973,-33.502833550013975
-2.4431525630298148,-11.437975339921401,2.938401655995169,83.07814027135922,31.02808128562726,42.75422906846853,200.93682915392637,25.589940706848243,17.504116777769624,-53.357050713528174,-37.415540606079276,1.81272381195393,-47.40080451239754,29.934733618833732,27.661426738827238,-44.01751388744733,-53.029103961284896,4.083064429208974
26.541629256654677,10.721223399816063,14.458928667961176,116.82330489872133,20.017264736402993,2.479502519209206,75.09051593939732,10.09438937453186,0.0,57.44780463585828,90.03657277134653,5.2075245748795735,-52.44655372978151,14.303766654551131,14.184781933109882,-72.60572268023104,-19.71098898200915,49.9521458081926
0.5454444833172885,-7.79764234528513,6.839922830077277,114.04826579517912,-5.828286720465426,-9.801015432475584,92.56027940239817,13.363973559771194,6.346655955750353,155.90664170830087,58.78876431795275,2.530466059246022,12.254409303693627,-14.036057625942531,-25.739472002412413,61.03165019207371,45.09669934098099,0.0
-6.386409869009349,19.38633030612249,-8.592711046057532,55.074379376094264,14.928401121892158,1.302495263286756,-235.49157436088097,-51.640982298351055,-11.186652533861869,-139.08152019432288,-111.04589330364631,-23.681391935863225,-6.4880435036438655,-4.2157198187542075,-8.14549947889994,-123.58420948187724,-44.71974192668696,-4.014578966836552
-16.263669229758886,1.9891628831600614,0.21557822233029392,76.45318446611469,-1.896323065445197,8.78522613724748,-172.9709328104974,-23.54246856527918,-7.548679337357329,-15.976093095550574,-32.18829188253035,-1.1635511209837945,-7.560005322188411,0.0,3.395452254803233,-60.10551575812087,-40.82562731770596,9.644260762219972
14.722593298578316,11.68117708216721,5.283887393511938,123.00839781167826,-6.215130979569351,-4.581103596895053,91.13536731493498,20.585726921693926,2.917745147360931,184.06582072683065,105.00350461740204,-11.386442967683436,34.3247174176613,11.122643155073044,-23.608431815688544,68.6248502120638,72.55047357581628,10.430944608920868
-20.900639398852768,16.635114089683974,-0.5178005384544477,22.70628120055731,24.663439186832427,14.545095247682225,-280.0991068414885,-43.0251416573162,-14.060301769322702,-68.33409444533909,-47.15156714715495,-1.1527241747612926,-28.383363227787957,0.0,0.0,-182.34337938772487,-35.59097743715073,-9.264498871220326
-3.358267111407785,2.9285263896248748,-1.0586111656216992,75.314859687392,-7.550522040763804,-21.584945999558595,248.18807148176413,9.951936619583467,-5.429597173706678,46.3481018956033,19.21906217836399,7.871799476686638,8.116977601897121,-8.144403963780462,-30.050837016898157,95.10843877271265,54.19729200778354,2.32589604678725
7.549443323289544,-4.79001252041991,-5.20273112656967,-45.31953521774247,-13.519977288396868,-24.15551296509399,62.4731419380294,19.181622954023194,11.660161382115731,-85.28709456210052,1.7692053950269133,7.113106689525898,16.783564325179366,1.027162928578473,1.9550172340296883,50.93076777171151,19.920625776151773,51.46287602510351
4.181298110961785,-4.985728627628846,-1.8849782703034685,-31.579691194867777,0.0,0.0,29.05539107253999,7.709207804531686,6.799435364213794,-145.056545675123,-113.76032939995349,-7.664638767818191,-9.699689287960252,18.215941468854115,17.312754034056066,32.048114525747906,-18.747608697039436,-12.979762503852498
19.545206670308378,15.055509590022549,4.7651509740322044,64.09898822318635,0.0,12.65773605012078,274.1998134735811,37.58685713308198,-4.4457768802331135,-49.19912821827502,-13.21285862912775,10.67532686635318,34.05124968627436,8.035280159741882,-6.950948148182465,144.48687387576425,78.11218705298764,8.909638280755416
-6.5288624430471405,7.643626506581268,3.2218479709586085,-22.4413506548051,-1.8125472676408922,-2.076238847376124,-183.6678816631818,-21.948642454972333,-3.2296226700090016,-84.56314059228258,-73.52095741948432,-15.988677191036434,-22.137420275515566,15.918521939424187,-4.631872970934853,-134.72863737323905,-81.1076531769922,-92.61783248312713
-4.782067526412324,-0.0029760806486344377,3.7010943719239378,211.60640424081126,19.203067535750925,-10.701257541329621,66.38018328573212,12.262877198758089,-3.870237320473774,59.274869883159035,52.39181019419625,0.0,-41.98278050188969,-17.52149067517188,-28.78686469250783,-22.053477730288943,12.099175697008063,3.722743789693425
-8.877766616740912,-7.433661484480457,-3.9027905643950276,77.51404077541898,28.628075229513012,16.668848440681355,183.69727980375012,38.95774613315997,19.394287901890834,-112.8905927148648,-59.99231845732314,8.371161181228679,-78.31855684769151,-1.7463831467525903,0.0,32.43902178986151,15.535957405287887,-27.510927232106837
8.045675738371436,10.404401228508453,6.427540487800339,96.50226807967383,26.757196437991084,26.647940734165058,22.35087257179698,-2.6975756895470986,0.0,-12.41530152206913,-6.439106369397874,3.0836981985480407,24.087517958332715,-7.964224971032934,-12.050220192682817,67.99531123237729,1.825240072541939,-6.763491107069797
7.8297617073296975,-12.973909248730198,-5.800283301661454,-55.973883298798334,-5.386420823300277,-11.268677980134576,64.48684138851253,10.025230719027734,14.374461444993688,-202.65076763191144,-64.53077611647124,-12.902393201019992,-24.062493719530448,13.651648827194714,-2.592426604020175,13.469287917076247,22.20387263889208,41.4808902904542
-24.551848285758247,15.44705567419746,-9.24224150883813,48.75315928019445,-7.462099412113507,-5.381140947211567,-225.1007199151384,-24.9980924703657,-23.212918865110332,68.58521613837958,24.3901916964936,5.342590313241223,7.862520050513374,0.0,-39.05540312629158,-126.78550953541001,-34.34979730818467,16.30763632128975
10.97621080229304,2.7099889630716123,-2.275035575744794,6.053103585481458,1.9829771147622761,-10.914442385722765,214.82448048293926,16.4617177877929,17.796334252757404,107.34892468554655,20.815322360605393,6.214067289730452,7.945191194242667,-3.44454678207778,-4.950123992657746,85.65887598368045,27.62750513513478,22.080135956069682
-5.422387969652862,-2.4706972088699115,-2.9890520138711665,36.18413658773457,2.442696960011489,2.3359009250203555,-119.57402267486142,-77.89711201379654,-8.802000445316345,-45.31172172716489,-100.00373647796677,-0.617598319272701,7.260144795088057,-20.268375540822532,-7.097628815900849,-21.57641483704282,0.0,-21.877369648854142
-8.895816129947036,1.049090082469956,-10.133150157960056,150.18982380037338,-1.9433435498374847,6.77627489397075,-219.17125086658962,-47.20383007673076,-7.654409874075242,86.72640644272332,33.0975491069542,0.0,51.007977804788126,-46.99903475916628,-44.239616140575684,-59.84823040039538,-57.065100476213786,29.700438337241337
22.835139995482134,2.351212055576881,-5.927003566063843,25.01360348380607,-7.917585969211366,-6.695452710237673,341.980533421653,11.676589477509197,7.224963012587808,62.144084740574414,4.548350824856169,18.40692677846153,-16.45378077972127,13.232995240378829,23.90219446035141,131.27179357382508,30.79175504321407,-8.899359942164438
-4.698653497524796,-4.209280942309438,-6.868786591795895,-17.41871293569672,-12.430477626196764,-47.61835070479579,103.27581377392376,27.693276093085846,13.306161370051019,-88.72348187420721,-114.7376403461487,-10.398369861439196,-67.89078596660971,17.342521919581838,21.901070286568487,-43.7289836207025,-42.69100996876448,16.153318212465933
-18.315289333966195,-11.062951179738485,1.1826009000354212,-6.450578876544426,-10.272908796664659,8.252534724441675,-289.9375565530349,-12.697879999196763,-11.146402761707705,17.732358014633736,21.01527095885486,0.0,15.862632061297479,-6.606626188055409,6.481723804810999,-166.79604267375407,-39.95551369661265,7.832866248618984
5.171124394159506,-7.618732562246939,-11.107217867324731,-31.242165466161488,-3.516211592795281,-19.470139326783976,210.4021342352344,22.184611081028812,1.2495418962719196,3.3775404373416036,4.695899114604855,-2.1174903360341406,-5.88924643307364,-8.116783868460022,-8.192119796384484,63.127184178927656,40.501473847635204,11.405328234279466
-26.621745512683283,9.308947749194818,2.3329208489817517,150.94056010013978,16.891364199644467,9.335386361922174,-206.11651930616156,-41.91766058248602,3.6701405577950106,30.640832719607108,54.49145137050082,0.0,21.16125274057521,-25.194376746300907,-27.615287431689534,-75.13252134970723,-26.45902683951741,17.55490272056923
-12.085276749653543,8.079597028388926,2.8362311903727004,164.65817135738268,18.49284466314242,-7.783342807330979,-132.93201847437982,-18.711535665756973,4.260693216973253,82.05043110831892,99.35069704035978,1.4295170562715234,23.866048961542845,-8.413894206640586,-10.368186269452613,33.87802456198054,27.91672901314305,64.16083530226393
14.98661742191605,1.6734989629409702,-5.263492746351809,34.12789399852133,-11.593153416739087,0.3245723393636127,320.72388836655637,15.778670831716232,9.682054821389572,39.38960839024422,-3.3704372223564936,-25.64999168478946,-29.467094518804473,-1.9806322879110128,-6.030170137791603,81.66348841369614,33.54665768455632,-18.793116449569197
6.9949736321308995,-22.354117867489553,-17.84301533957751,-290.5408527354601,-53.3808402576156,-57.1177163829491,83.3482403325225,12.642876973468228,-7.844254249016317,-22.841436516988487,-20.10052676733806,12.717085569196263,7.3591271197741275,-12.539196264506458,0.0,28.02500017439233,-2.511343918976977,-20.04979381488215
0.0,-12.814987292983988,0.0,194.59671529917642,16.370171104246015,-19.968068266474624,319.87128320350007,42.47275709964293,14.593662817910705,-85.27412079870236,-34.800619362798585,0.9162257418101516,-36.3933074609557,0.0,-14.517942883168107,58.31785366561599,68.94263029879428,-61.364608672044824
4.0835793258049184,5.053046829093802,2.833636569671292,63.3263336238722,-12.775938528056871,-4.830005086239369,89.20380008705733,10.132257905081893,8.102154624482745,39.64893800443545,22.338815972869927,12.394894658622421,-41.418387761953156,-5.9610623077226235,-7.6000029325833225,-37.98132752377686,-45.295698191253265,-51.91335218941104
9.080521928542842,-11.649469708496982,3.713291446444215,-35.832263128079184,0.0,18.19550610542435,115.85323622709156,23.379949530364545,-3.9291120452029347,51.39992001819265,5.701701200188105,-2.0468542871011026,23.21045881163217,-16.27449584990954,-2.786530161378622,110.8235498284413,27.72085546872779,34.74078134674971
-5.651804989890424,-4.027462504015314,3.301105177840789,93.37243983069402,15.49634848689533,2.0962060494575594,-88.8794518293712,-23.393394689953308,-5.18128142326018,39.060816157816724,1.166365587816832,-2.2931980337297144,4.04571843692574,-13.34093581309823,-20.232514673565287,-14.913035930905663,5.762268817598245,-18.807032531617782
-55.157495850504795,-1.9306073088450177,-26.978143869346336,-49.068330880887494,0.512201936705363,5.31353029414446,-347.6021475688718,-20.41261735032521,-12.780203103155365,53.051105936597004,6.57302091086317,0.0,-11.350953586369593,0.0,0.0,-208.61425072790752,-106.82611700090445,-48.20183361024897
-21.08850821725691,3.5820889222477836,1.3101508960774904,46.43727161268212,19.69808383147411,14.739417823388296,-273.972107066672,-42.261446067033695,-1.3635073853400037,21.76272464283953,-31.362686401117458,14.9023299698144,-8.968625408737363,0.0,0.0,-238.7061280884943,-58.57068492623817,27.584904380979197
2.5654614516922547,-11.847027476661589,13.241849883839041,-82.32172530451811,-7.159259904866324,15.464472908739811,211.30224435443697,25.32415303043787,16.0157915870505,-246.57592884653948,-63.551705542634714,5.9089716380546635,-61.10590872555721,-1.980162264027929,-7.644168846819733,22.599587033379123,18.52278485486756,17.15867475112043
-0.1740107754012936,8.798511008672671,4.043341989547422,-90.02695007650587,-18.019706204279323,6.8058257687437225,20.292080917829015,-5.1004224453701745,-1.106608305811827,150.449283623004,40.923660533910244,3.1421629286441997,19.32691818198625,3.065579610616708,10.733259157720846,50.38883594624034,4.472010762062258,9.762839060900092
-14.412932070432339,5.718229881537784,-5.071009465408021,-57.20647938300256,-17.67128377692543,-15.69327168850389,17.557395782229808,13.306453233017724,6.584386410819564,-78.87756588405288,-75.27649932565605,-5.053387699278573,-18.660488525244233,31.988295946703584,-13.088089064915641,-68.7284263934901,-1.436855298180821,-29.96756212181515
11.437543822777124,-5.966659544950187,5.478060241164325,-68.56412812616223,-3.428340348346231,12.845096141676787,98.74917618742828,14.924337645133686,5.672082493983469,5.993252506553429,-7.334243486693362,-0.8016055661747662,26.569129625294792,-13.80312489440438,7.820496409456779,69.43329092017301,11.497975706968544,18.953998639351028
7.857627257962724,-8.592683078142624,-4.813993220406092,14.885712626473286,-5.8190539404093915,-3.560592049407612,130.4267361670149,16.99339101740218,10.606439259258341,-138.9473572782343,-215.4788663349218,-0.5408622721040973,-74.32962179393935,-9.446314014432323,24.55566494040253,-55.68225138843952,-0.9422140369299474,-3.4577798785728078
18.815198412312892,3.654788720125556,0.0,-25.00035358854754,-7.569202100652137,-2.243876873064465,297.5094468206317,55.094240980812316,1.9333353107618725,-191.58372981355734,-63.06311374354688,8.146439553927095,-30.085908285631795,34.95058092557068,21.44521134729505,54.49118746051252,50.20043314983273,45.89745864187728
-21.16054910450698,2.9193620651154677,-3.7273617049305,-127.79224798512907,-11.706476920747535,6.450839132489977,-127.5131190312061,-15.827845328485079,-2.2894811569625033,40.81266948875279,55.15457897111779,-0.29554621439304646,-20.136346935509074,-14.343245161636613,4.141538480381549,-67.57311106688822,-3.9063538991946944,-23.414908113321417
-1.1536019166994809,0.0,-10.011258504471103,-34.960423960062165,-11.315409077885672,-31.296783856760143,23.443993726139844,6.432489617767075,8.143846410775087,-27.185276552555184,-39.86655610389631,-5.133881952277491,-49.73513700100211,18.678466100521206,15.666184609404443,-44.16258843627815,-47.525044471429176,10.305879365459901
0.11743866136954985,-7.0268902711055725,4.542216923887817,-20.077171341826816,-6.924638926177652,-27.23088764056253,14.626580375951685,6.098403574077239,7.185990517665429,18.943243817063546,24.021324591977226,21.36288801273084,12.51492276093199,-0.9921557417772521,4.425242261936084,-18.207110460296605,-2.6302228928464357,5.483395862289104
12.995227061351006,-9.582176894453989,-5.528404805970279,-182.69523546032042,-15.256026405473675,-24.366044507306896,223.0300588819048,26.0482089604564,2.3246835721617676,30.864990710566232,-5.165562557534611,3.171997383135383,19.533593006508966,-3.3109209378037754,6.7318488682432935,112.8850794572688,47.49090375090547,4.203513871926674
-8.225160011725258,5.653015465660129,1.228680917078652,121.31282949836702,14.250405825000385,2.5010408377007702,-3.120861629867621,-16.537560915802814,4.152220362553537,68.98572982412608,65.84844512831573,6.154184272174445,-25.78369504385375,-15.478031196020048,-17.97600732418329,-50.89915212543627,-47.93612283976961,15.28235311907494
52.27280115689304,-7.747396870408201,-2.9475006095631593,25.23211288047211,-7.745245012613366,-6.719807069151061,356.1884556922105,68.67702691286568,-15.954998372252067,-106.18371498806849,-22.138043097655284,4.0327305919628795,-12.686134220377864,54.53922068635595,24.512095030146444,18.620171793052176,61.54020518482016,37.38790194060766
0.0,-6.840980883839137,3.967747489072978,100.84890100460717,7.697753478718724,19.73947178728962,84.39718984437233,18.933732958051497,4.781867768690148,-35.57064455580371,-19.595809220366526,4.780921943916123,-61.882057019630054,18.856007985772685,-0.8697935717097861,-22.41167048470435,-9.242680695904316,-28.43902768305007
28.640157047274755,2.7404104631420405,9.27089676662564,2.5581171144428927,-15.997182121903212,-12.900095154372329,304.1735807884111,23.851698695006917,14.323756854660152,-42.5889557394077,-56.62753721262203,-5.153736138649215,-58.11179846285336,36.09428391049637,29.692210211675203,48.712225347872135,29.18450631786764,-10.638664331569203
6.478906119012908,-7.52693718756731,4.536502439167331,81.43600431411384,28.132660895692723,15.772333479835805,-28.982647507265153,-5.96774800105398,-1.0337171166870578,-95.34239038794591,-20.234522488293603,0.44920584424015947,-9.612369955025303,-10.96448681931378,-12.109276002341538,28.77086631875734,-2.8305711886523346,-24.845264399372237
-5.179080334008331,0.5596217052514144,2.012778579281576,79.04788261297315,17.344830962220854,23.14651352143789,8.030614836438852,-17.32967197841989,8.010058987930057,102.47375490605252,26.134753641568288,-3.019395476068435,24.608469253617706,-11.959832736072316,-18.4370331826799,71.43897851015329,25.061091210051682,-20.188656969333465
10.294577865010535,-7.022655396613904,-9.452109846384811,-79.33714754226685,-2.575909140686166,-8.426939105908028,217.445429300306,20.93882332699778,19.610647745355376,53.86982628539746,1.4336589091537963,9.46111823721658,-13.683791144755805,-6.2726632448402455,11.028195236504622,73.94416125355797,45.01632224825973,2.2780850350226274
0.0,-13.777342585480975,-4.374001653054954,17.960467534157825,-9.80769375921935,5.344507312676044,183.71478791131386,26.15170895188641,12.459383869411923,8.43821521706648,-14.450513560432853,8.976198082580197,-122.82288324027111,41.76565752037204,36.02600485163062,0.0,11.45633649933523,-10.37514959951261
11.283283952273395,0.0,5.150709196750883,26.12673156048105,7.4573703726128775,28.887824126142082,56.896270762034945,2.999784485235186,-6.105366728180196,-25.758458858610833,-66.28158235758187,-7.884546906155643,-76.16909051518188,17.786553617170917,39.203003504834804,-99.03231306662735,-4.512292762973728,24.29586875180341
13.94714647650404,22.71143484649169,2.9425721817228894,135.69172281891164,13.454100762219857,-4.520140653807479,-23.75776709935392,-22.80645292872689,-11.08490580568261,136.49718732346133,62.200165940639046,2.721091116255255,39.87444546450456,-16.287021939003488,-14.511728457367239,26.88788157360217,10.668590621291456,-21.01120452671961
0.8618566392890732,1.7681566596177798,3.086594913801677,160.85775427517456,20.498013188726738,6.777708224056902,-6.981326443644946,-4.08885737739816,-5.088305319980478,4.999262206584975,53.87354008113754,5.244989604051095,9.255036465821807,-10.33702242980804,-16.469085008057824,74.37757181866709,15.259281368228029,11.144470726006261
-33.745242582182044,0.0,-6.854103995442744,-51.97708427310449,-4.869066104932121,12.279363434027408,-334.94268699186125,-10.118409823486807,-18.61415079159415,26.259433329929145,32.70946938465011,0.0,-9.822433194525818,13.821734680082299,12.922771582224433,-153.46299159100488,-68.75819034480442,-34.112449044679124
0.8291067115765457,15.122023540966534,4.1435005352496495,284.91453289748256,26.845106231824392,3.769413620808156,15.82135165261825,0.8878720864553824,9.990705787212914,194.55880482883904,100.58446315589049,13.320909051487218,43.702625972518426,-14.466022991878948,-46.410011442060586,71.61274908069016,47.594997743702066,11.25086294935761
-0.7113923809914486,-5.0296067730267024,0.581135596293424,-59.3097894635251,-11.184852180872905,-25.705821219199624,48.476100629599024,7.003769663419254,-1.5914918833160046,-15.717680465690236,-12.507647615957442,-3.854264072326732,17.741001037791506,-11.264965643998888,-2.6737697782996346,66.99994998046499,9.907967488540653,9.258546872774286
4.211887160258409,19.944313987379928,9.651166273231032,-105.08878761300679,-14.16908808988658,-6.6858370765391895,-132.77089288226497,-8.368319981570771,-1.4969180588880293,40.293525365656244,-1.9348490072281759,-3.4169453688585962,12.576332779314917,-15.653063183428888,13.180123410882242,66.35323865928346,1.131924104240877,1.4519743933929448
8.500146977688459,-5.663707976622307,0.0,-92.35722988580241,-1.0333398674716445,-5.465273934841849,116.12254361108309,7.086429397976542,13.16800625579154,-232.5209778079308,-134.01903934994138,-11.695408929161115,-29.82864687175898,5.932540130548496,0.0,19.205971701940314,7.633443175326001,30.959840665814454
5.128233371714554,-0.3038897340687893,-19.103996057762853,-27.84105040282536,-15.860744996576393,-33.55550403605812,3.654565332732883,5.65421322485946,16.389652822248802,-51.67890333757298,-26.05042185998099,-0.1568519554091919,-44.58441708238752,18.10187534154657,21.57601321227847,-46.372313793943114,-34.1109765994979,9.178608794808895
18.83934749869902,-2.613733352841568,3.0256089989860064,9.622532064443503,-13.479456212573375,-15.279018033748068,265.89852058888573,14.233101132608377,9.086609586166414,0.0,-22.429663569340267,15.385040214814408,-24.389470247383013,-3.5944263027344783,-0.03774635372580676,73.27107154325596,30.458467323638295,-42.06440045886512
-0.010358723407671036,0.0,2.2124463054300043,216.68973480106507,17.92776239959527,6.821041785087641,8.088041012163998,-1.2377347032297075,0.7388690956397758,19.543669002620778,33.84227215966225,-5.286927979957601,25.102582008265834,3.8605310338584857,-16.227566026374785,65.06184237943596,-2.7810858722880316,15.178340635404822
20.755568567408183,0.0,-3.2623850326386545,-292.7644435813171,-36.49954074204755,-5.591231207359398,27.001166386220508,10.271508398286013,10.098983461182899,75.53963130352187,30.13292298401671,-0.9173332688867143,-26.116495365932597,1.6525574143678556,10.546528233225217,8.185021744661986,34.78910151529974,11.904725294276915
4.77700552594115,-5.490029977118867,0.0,199.9441422886108,30.660914826068243,16.63743320849535,251.11655271208048,41.23081558458858,19.568669685820776,0.0,23.733997045897635,9.81590015622387,-89.45326286339635,7.999957422759186,3.313298710805586,24.319296047627827,44.46363439493021,-7.9320192814915345
-14.44330678790037,2.997115623035778,-0.8155478165103105,57.21051216373791,11.833939872028079,18.19660091527316,-220.19992232746932,-36.584977075255686,6.383512276133147,18.84769903647065,-17.36564358981417,9.36638760225525,-26.01788789743873,-3.6479857833356837,1.8456385981751986,-145.74702896290663,-43.465378995810376,1.9634976895040381
-2.892922150073525,-10.396260580448484,-3.5019497476147543,-117.21494967627486,-26.77979832037202,-47.33501355693262,55.0494792369207,8.001726074424724,16.819469156847557,11.051148395325262,-6.997047743006733,1.0300491215760343,-28.37652909983132,-6.945323981820072,22.723082277370573,7.221368242987887,-14.699291004781552,-25.042202433358767
7.875032546779491,4.367154983497513,-12.919890618660752,-54.307599067630555,-2.9723218699407123,-5.980087807461054,204.67922748061096,21.209629234305677,0.0,40.3775336447331,14.704936985380394,2.9274408526094757,-7.92835255516295,2.581077186622398,-4.802727633762502,94.76603734600059,35.09274050359188,26.559712924852363
12.818302387403554,-8.574425708485197,-2.822039736152392,5.912071299207967,-12.452577195497266,-13.418068503006472,263.04958422037527,12.297902260651009,22.352679082452347,16.77978117545341,10.77472251570818,9.0734100897752,-42.66937931594741,-15.063168800651738,10.97104755952229,65.65076898101198,-4.394431580222983,-30.998766551820893
0.0,-2.835211351523076,2.6175288226166527,35.33265006824636,-1.5855610675201848,2.803264944937117,44.42260977567068,20.22524770655785,-7.029753194447148,-179.00575175158377,-112.1865349137847,-7.7148187655177365,-29.269994276550676,-4.576298253395859,11.596375355322207,-92.48655896748542,-6.678767079224739,28.545575820779618
23.166185574527205,12.783075864870733,-6.185310741079882,105.85162023171112,-18.350534821768637,-9.898978934521818,347.47083951156355,34.73060384710616,28.02349251988894,51.173086282555964,29.504788445254373,12.766201710089364,-53.84879049797591,-7.469378700957162,-0.7850499643707088,105.31142932525427,42.465286463594516,-43.23803240551297
13.472417996879694,10.486251456511793,10.826490523870568,-83.44763702170461,0.0,72.63695892416345,59.39626652937717,9.576619584218165,19.95541192382689,224.0200614654533,122.78938196964975,11.50338476009604,25.103378362247142,16.367970262182183,-9.715192944965604,92.92695720517743,67.92035092750868,79.5028541561237
6.7414443457798665,3.0937541594417817,1.9334739871825368,152.45216663634258,17.852740133564865,12.196503214839037,-70.72183150160865,-13.44764617531443,-5.301260326959278,-35.89994666532479,32.465098391879316,0.4733965559127012,0.0,-8.821526346159601,-16.360615583649416,-14.65509619545504,-5.14969164656139,-30.03361083806972
-10.631106671110418,-13.282807465182572,4.974978246843434,37.720583421303964,2.0744372347845235,13.541194753241122,-43.48894300928888,-5.970018231689478,-1.6471413708464149,-35.89373087732434,-17.446906446026055,0.4901541543666987,1.3120939553601796,-13.296786687210982,-7.5337999158479505,38.19944538976803,18.38712247578566,10.867049563724038
4.602026032613561,0.0,1.9618767350308406,81.69241361911557,17.177973978351947,-8.43460819020656,-165.2305206280198,-36.328071142105635,4.132759157022701,-49.092171080207926,-63.0809616641098,6.744991559605482,-50.38324033536207,-20.52586995741045,-4.524166561327316,-157.88064323105908,-127.10014772221062,-110.18588068446593
15.947398572321193,0.0,0.0,35.976177221671676,-3.6777776374095907,-8.918540202047168,300.50839502950834,12.490676923714704,7.5809370170987815,62.11336013869314,18.193651221795925,-10.963795928767436,1.811283340039629,0.0,-19.875220171728163,132.29019668036167,43.46574049412551,-60.30049460133421
-6.400310012223534,-3.599317898660613,1.4652299780373201,92.96067299601417,10.416694110137914,-5.942712043985962,-136.27744371894997,-29.302984195999198,5.647605720878045,36.232149459033444,18.965341343582928,3.5199700541429095,-37.24011584998869,-2.7651847429565546,-17.878048940328863,-119.29639881181882,-48.68498690361437,4.945081387919487
0.0,-3.699402198747245,3.883656613922857,60.746523669716495,11.54208576914108,12.78789959305985,35.69598819023772,7.838997320659946,-4.581650435727107,-167.7306049129527,-163.3746053288839,-17.060020276453514,-20.142434344542917,-5.852660388356467,1.0187910402650848,-101.59461632411096,-29.40137895851423,8.260391535112433
-4.166485895859035,-0.329461336808219,-2.506132295859988,85.42127099202526,13.13466458902254,28.02678979621594,-85.70349150559468,-14.136795241790379,2.8352828217956163,-4.951368061077532,27.673229963113894,2.660014834538201,18.590018397176305,-20.888580463595837,-20.04576390682947,-10.91141612906063,-1.1418975452107827,-23.19635579115954
24.274574953165423,0.0,-4.596306291725713,-186.7074543639422,-12.687386423273262,-11.629389508822157,193.08296132985615,19.231710577215114,5.2346766230792685,102.12792528702856,32.647035069327906,6.076635286275974,29.388088587142327,6.630264043279412,7.273980914380596,111.72175881744464,68.05999407797697,90.31070956824419
6.308571867239087,0.0,5.460547121311511,-68.93054897969729,-6.799244059795799,-2.1344628408244994,-89.27869118482069,-32.82920797078498,4.758180474997728,-61.306634517690625,-115.92664392415632,-6.681182014588843,-36.15046317111846,1.1267571943768173,6.602487979096548,-120.36410785839962,-97.97090597487941,-56.45126909126475
-18.566242796952615,7.257725555152768,4.850723393063932,-31.82606322978712,-12.52815423280356,-2.9461143160617853,-121.8971514617885,-18.42785706420826,0.0,78.02474121573086,43.04349835007855,1.8306595936608747,56.728476390271425,-29.909851723746428,-25.662901136903162,68.57428339006569,-5.1956522152058024,-25.74342214489122
12.648716993177121,-6.0507108909813425,-7.200365856297103,62.45217269119154,16.73854524832541,20.509540597413046,-43.109532891441724,-12.213610556086184,0.0,-24.621315471210973,-9.14595562956657,6.841928812877952,4.078257671435071,-31.332723219900682,-26.434735838829077,65.12669086598495,16.874731788633316,-3.628548507920499
82.39220804079439,21.27322605795347,6.566534311773761,-127.64823690573834,-24.469531573430498,-21.81577663994084,374.4058227758542,41.07161470045295,21.270856113678104,84.13575120473966,37.39097286593551,-12.502743441301899,0.0,67.65909956996977,24.23000343388281,88.0992765491617,76.27954571851342,21.69980910619006
-16.166773089042138,-3.3183397107189094,-1.4038073400933555,-37.96481052298197,-9.578236730276476,-11.127124879740219,-136.1286357870646,-15.569862529191902,-9.298638653606675,27.53659746190289,24.20802224030616,-5.201597937597875,29.45539805099137,-29.300102812530938,0.0885308207744674,60.38205798764275,-22.872141826747324,-28.229427077496496
-37.67618941304592,-4.054363444020628,0.0,3.4294212531421566,-7.786696826399563,-3.599433594976463,-144.17864174842285,-37.829276798324486,-7.971256650667641,58.11678782384211,46.09675304948036,-1.4850679585632716,-40.610557894977966,24.645893750470233,9.114722539225895,-142.9323508700572,-14.240554879814402,-7.1730472242911105
-11.811902649259556,18.308316440731804,8.603908417492889,-10.124747667006583,-10.144499299501412,-12.17327389118749,-149.48425201204952,-25.76278091292265,10.750871152696318,130.42627987769563,13.073265820570223,5.812000894691092,78.32395407935756,-11.039189924016712,3.942267892687268,54.77094823621705,29.752738031802576,48.919155853881946
24.132508742344346,3.867957366930891,-3.5275384918373036,-22.90492620737704,18.39052974090396,39.7804745835678,272.31819070179,8.389886011588043,-5.786926104460815,18.395929934902487,-27.093027454064917,-7.772842124351399,-5.405307241368546,-4.290375420393118,-15.809884001129854,81.7756753307373,55.093711230062496,-30.805018723497597
-8.931413637527653,-4.867133315235127,4.792118292640327,-58.60373597169057,-15.017684784952767,2.1520792790032113,-142.42431563647227,-33.1304338382336,-2.4768133589474006,-42.08276865810309,-23.580649904757394,4.130410106646374,-24.988536876829066,30.98755077036146,13.52746328860308,-102.0628080605896,-6.400601167353421,6.8465799104344
0.0,-5.8906483952541215,-8.066311130573201,-118.34336614631852,-21.92434733045858,-37.77703509254099,100.57614599549329,18.045611510186767,13.394952360293885,-127.73995353355191,-40.87239742212441,-11.666328639427206,3.9238048252053583,-0.17350900953094464,-7.41434178080274,33.409205241217556,28.816877481643054,66.91766673671268
40.27293358697726,-4.499069115149378,0.0,-54.7502718454039,-4.048053748152461,18.92943468139272,127.00438100780524,34.56397873170798,4.8851615225882385,-205.94840345924632,-72.4247579795366,-12.33630385107193,14.318982475591763,11.143146623026345,-2.795041281867174,104.21713213867477,29.117926578615254,43.58354698586588
24.41784606422841,0.0,7.065998727888575,-283.9458046774804,-18.085010520223054,22.15814640331826,243.43031530042626,25.550255955697388,3.0305996096296295,102.49262333134939,51.69875467718802,11.559133255420523,16.31798371031029,-28.734208718483792,-10.37744850188684,56.887874211687986,2.8072022799491516,-15.544867999174926
36.46632015245687,-5.235362359494911,0.0,26.213765614557037,9.786394071073426,25.7990737062608,298.80507080406124,18.052180575493107,20.379053590267617,-149.38865574951848,-22.18589876542921,4.580161891740835,-36.20732545166372,18.172131751291364,45.040708979456625,76.66603410498556,65.70074116877221,68.21934224922904
15.716167892445277,-4.090483164602179,-18.852075538325142,-68.8133577891892,-19.708855771259042,-24.73505473685244,89.58545220185452,18.1766141608629,10.368533493715695,-94.83083751430881,-8.263529367191332,-1.5894244961911743,15.570355518942867,1.673578673043741,12.174116158666788,47.49191982989734,36.61719230690255,46.86589179404112
6.5189460343793515,1.1914555564328921,1.952856586681756,187.96510472794367,29.416800693047467,35.01229820534194,325.96994455817907,63.113257588451134,25.396921198503073,-82.03815056960211,-42.72616800302486,11.394836260197879,-1.8412258455989141,4.154016801365663,-24.47113615732766,106.27493811514312,89.81027533431151,-45.26860053158191
12.528082172520927,2.678328190452363,5.758453413968906,226.52095008939582,24.069158109392077,9.649770385299224,290.30403041124424,29.45036956559858,9.932337802244607,60.10003402644585,42.03158889198164,5.610015127222114,19.624241123984365,-3.5376431045093515,-30.18504495456782,154.68739351905933,69.12958781085702,-31.80907818236176
4.9120788083805795,0.0,0.0,-35.44609793857704,-9.845215331923542,-3.2091228882554574,-8.04619917332559,-3.5806929600823514,3.4402292411070676,-22.668654990359855,-25.74303505793757,4.311488436442807,10.125635168382543,-7.660924222496855,12.220808338956656,95.61287654076732,46.013348436112466,44.98541983256898
0.0,0.0,-3.793227120586567,75.52619883182035,6.540028859524595,13.373833774548796,278.3152176630237,30.001122016800696,8.810419910391852,-213.03688029354888,-51.22647351957401,0.0,5.458433571734842,13.093795162588112,7.868122646106199,85.96282881324515,53.16355696579285,0.0
3.5739830182787973,-10.621002314752767,1.2877037760178172,-50.40018765516565,-11.35685538065853,6.486857811856432,130.7092546430887,16.47055728004387,6.022210182792192,-276.0484858162836,-64.65107973326445,-9.104183406724248,-26.122212347879938,7.914992995449172,0.29962574474744963,37.776382435925115,34.39876780796408,49.837042932616924
13.016611495952588,1.1013213052646154,3.4493765222419692,90.57322693906326,-2.0079564741015576,9.886063424616774,31.65887436267961,15.994401052459118,4.892708550416043,-47.381176842809296,-15.184137896068613,12.633599331706577,22.703677162217556,-10.30154925223446,-8.801856501674015,63.86766715054718,18.61971231592556,5.309125502151289
-0.09538307661104187,-7.401453623771486,-3.2702531347598742,-48.36232290942141,-5.629652871789186,-27.850701408239974,84.47702804766165,7.612899753463976,1.8499084577282705,-84.06639505414518,-39.96119995597793,1.7391021613853952,-30.077861133927392,8.279180310733803,17.589006576522312,5.368634943303654,21.422481290569692,0.0
14.91666244504285,0.0,-14.951453296932442,-97.25813484780684,-8.72974827767914,-24.02856944975753,218.39813078501052,-3.392804245438089,28.319221365233837,62.52906990506586,27.451379436355598,-2.095563878664205,-28.93174125409084,23.734336435223838,19.345461039338158,52.46455177815717,14.107774456227846,-3.1496259944317444
17.556280582196234,-8.948469100417801,7.115996217202619,49.367267278959815,8.805192624100519,28.969535306520534,263.16048368067646,26.02976872263997,9.604396258196365,-11.775040251340737,-21.179945445700696,0.9278133717001782,-72.44397456175814,26.960979059094658,22.815586642922348,-43.131825731258566,-38.300033311925,36.25831635498861
4.80865714268821,-9.33746540780861,-7.192795932486157,-39.398631381681376,-3.798787453583136,-31.47737840848283,96.85117687649773,12.843199250907976,12.840299057428064,-37.2372153685702,-30.89468881552462,1.87581364480374,-16.885649692215587,-0.7390638870177572,17.50842557834016,17.806358665517678,13.873175445398944,-14.76689607191498
11.192513485217413,-7.791299398994438,1.0107633317400764,-11.590219387920804,-4.0236455315422655,-11.920435214688267,46.921331830456054,16.87439652348205,9.083107849006112,-161.69141205953798,-44.627791353662936,-1.0283543193325984,-21.677699807307544,2.8075808536052227,6.9708481004237886,1.9203082516672298,8.168093210999768,-14.044417260161396
-1.429190022578971,3.900011901131441,9.566607950795014,-84.04103936568538,-7.505681988292748,30.07272321574232,-43.692440568409495,7.374594894397249,1.9813330001270526,92.11430644077448,75.19119535818936,6.78143000807317,20.982511819976164,15.939045484103032,8.67954047773494,-19.61183121788548,-31.50513495623299,10.575037231511985
3.488008115829863,-7.613222938859459,-3.8838577351871484,129.60496574020735,18.46100056357545,2.9732841851767726,187.01147722173624,20.773822878844292,8.180378186123452,-11.341038991932828,27.45104585508656,15.282030009520069,3.956106255285967,-12.208285557006603,-23.945131362388096,86.48022457364806,39.13453098633462,-38.490872008942006
-8.874056950947704,20.113129396641853,-12.400309239709715,-213.9936213560436,-23.29637351261789,16.098724101847232,-173.48923698243564,-17.467199845571493,-1.930012040805708,76.23706119583687,28.051618508225868,-0.7936179624977757,33.190502338313145,5.522695853785076,6.065747720237771,-10.6544725822541,-49.85022104068797,-1.5775861232784791
20.460069925436823,-5.021360233434767,8.60448139813997,151.33264398195064,15.677940683354601,29.953073377169062,205.82188979876062,35.28970658398975,8.627600508854695,29.27978350085042,33.35472152255004,2.9992423195671467,44.4737912657483,-8.540014276561685,-3.572962627111098,149.34069629111417,38.60331212752872,-34.24820255968757
4.026388038109165,22.557608669936744,-1.0765563717497897,9.154030286437578,-13.98398957371721,4.316198450432504,-90.48147618111518,-35.805082388361946,12.7160374244925,188.10386135668634,13.862171375767023,11.066009653064338,98.73891655305123,-21.246581526060826,-12.968207660060072,65.75173983547113,19.578952584194628,35.486957533397344
4.886202351786691,18.970944538842296,-0.733841366930743,54.65677571738415,3.6271684692724473,4.158023587244584,-125.20802892890067,-29.9816841436264,-1.9314840456100644,-144.3856582878066,-51.502310950877934,-11.501469319231715,6.938009113605057,-14.255553619722306,4.0476128168849685,87.55891004069107,28.80857364527204,-14.938857254669415
60.57623261032026,12.290272420960994,-14.58153987079775,24.072259701982006,-7.541035777487977,-10.870327884893161,429.0563882101372,56.38326663364935,14.874622620077353,33.07027055935113,-2.93426976557819,21.872660490923003,2.4525778738812165,2.2088213543858566,14.5930463252429,108.11382919770243,53.82789727713489,10.013200582166405
20.79610011571139,1.1821755947173433,1.814262873850778,-29.049176469792474,-5.92159493123321,-17.688349258286635,228.1809251299361,27.215839252237075,13.708758266001743,-68.33145931103756,-32.69055861048894,9.597387849006854,-54.30329401988211,11.21451659024924,7.5787521731854435,39.20565139927225,11.93643233376092,-18.815346895304685
-13.827024953933156,0.0,1.7203938583044476,-58.101479917338345,-6.029510641066475,-11.217180144596536,-160.18438544513555,-19.69919509532815,-6.649009575785381,6.82674419766248,-30.027922635346012,-4.287478778574186,-3.663577614658869,3.0557398561417672,5.56078445189657,-87.22038833064781,-41.33514462079028,13.613931974622801
14.783803048824291,-2.258509077044797,-1.8453940140909875,143.71372391388607,23.86318212586787,15.674322929873002,243.28622487082018,28.684638332994552,12.857057393487032,21.324914060325618,18.659230499329606,7.954484667451097,7.653471800844385,-8.634219602481352,-24.007484931092055,105.39669465701942,58.041324090482654,-51.6637254499625
2.113012884609594,-7.673631007022051,11.319795839595793,14.462782773011998,28.07696030579739,39.38130775660125,300.1709102761671,33.760119315298915,4.834824042060952,-150.82543103505998,-12.445071038497858,0.0,-12.461606152937364,12.046356665733962,-2.631044261515384,79.55240005532684,67.96061918369789,38.51425835709813
1.8578501613456473,-7.937920684688331,1.7577243500458088,-48.361436881220556,-3.1367433996994905,-19.848907606793404,45.15152560267668,3.479993788747638,0.6789468065091162,-29.295702704240128,-10.129441557357794,0.6714549820743435,19.643198079039713,-5.402193866730146,-8.20213804366356,49.97719748437656,11.266960245054198,6.9420620163101265
11.354022433612462,4.638359347943909,2.931899649588079,108.98173055053334,5.507687317267825,14.232885327263526,6.57266498883175,4.6156665154608,3.740824009898511,44.24480735650571,14.64425072583071,7.040800297732678,32.904554519472214,-19.881412890464837,-15.629006677662181,47.04576817074687,-7.131454327468576,-12.722806210916985
-23.81502979404255,0.0,1.767097745342782,0.0,-9.902476327000144,0.0,-212.91208590427652,-43.66975592930617,-1.252639144163158,22.35236527990473,8.319496000442268,-2.3787672334591865,-54.700806559725905,39.27494884269227,23.63322195520854,-174.6089037259722,-9.615593411400658,-5.984023492064068
5.4864437784275895,34.85535639342027,44.30990600808871,9.657709912641838,-8.197290167240997,-12.916719997890645,-89.65092908061816,0.0,14.302137797131973,114.97088532834779,27.155384354532423,12.187699473557796,141.9497522965549,-15.442888367523754,-32.0298084726838,-25.140768131402236,22.646708516899213,78.45236825425368
18.432576134698248,-10.505679693252224,-5.185865244320912,-72.39649457040287,-10.747549776042186,5.972455439874491,97.0132899648172,12.07481795134961,15.558644764177544,-266.9695653673843,-144.5934706984516,-16.73793482967288,-33.57100833036954,15.116678813341581,-6.507653250328407,28.33541721903063,-8.677647331830276,-30.174023838489234
4.132280187362209,5.163873151302625,8.590904171918476,107.01540650682745,-3.832399062812871,5.558042219008551,64.32646704980479,23.017708595097254,3.4389842577849667,24.07694129314814,27.04296376497222,0.0,2.56400593167771,-12.704276489190123,-14.746374735365595,49.06885947230309,-21.756833058241643,-32.713594406328866
-8.565801715964444,-5.446446074155072,-1.5823433918786816,15.169869091667158,-2.633835895360986,-7.167635989772955,-304.0704277230594,-11.137745701973216,-10.063733931391093,76.79200703828495,14.926740606653713,0.0,-29.477815599624062,7.604326822005052,12.511246118850838,-203.0202205439036,-45.30107384489694,-16.643310881164723
11.975939315348395,5.767856557942457,13.28177463004632,44.056068374015304,0.0,-7.3439240011643125,-71.36035169598966,-17.182761922122385,-3.3164914099753218,9.423278280022446,2.0869034975005736,10.392070644727365,-35.57764920768659,11.963159312235655,16.27771905555666,-77.89691576823928,-27.359514662681804,-3.0511919139639048
-1.0021137898419847,5.765502037522588,9.17370181072457,19.769151572910697,-0.808638740498388,0.8222104924434976,31.826881120716266,-1.4491492388147844,-4.512627960701701,17.378387103636452,-15.218133333775285,9.91676612870734,-22.89452572379363,32.62314255571728,20.72108459183662,-87.35290562404894,-16.281202605351552,-36.22280080088818
-10.653132062531308,17.749605336346402,9.974527521083688,26.933176507980885,-2.337970912809844,1.6478660848549151,-189.23310283701545,-29.623406479655102,-14.22920410907881,-19.58987753210798,-72.16656325994326,-2.6697275459666554,-32.71670413634455,6.362431447741034,-6.0382181739896525,-102.96782294626449,-51.072498755717916,-7.138350848316406
6.5630730500062615,-8.466176131178777,6.2686236186255995,-10.623488328861592,-7.110920496290723,-7.920039091418215,-44.05486073293102,-27.14133691676819,3.533265824842945,104.04525076414275,23.97244578731157,1.8687208878883759,2.796404289063833,-9.205571869983183,-12.100240996867113,-23.818074039569368,7.756448929496129,-9.297883994032963
-6.913652881078858,-4.958165403558061,2.445090885613553,34.21499003398202,6.350577196940167,27.895008655189244,-9.612639460700146,0.6605036479823513,0.0,-128.6693350397278,-43.81409709733017,5.862989322057478,6.2666743274323435,-15.524081145587346,11.830590025944765,67.34561101217868,56.75149811094647,45.40279970140496
-1.7056095078264235,16.527624876255647,5.966301248601838,138.8703890423536,13.853153470807413,2.269224652149341,-122.02774642129943,-34.38497410655259,-8.156400733893177,48.100551734133404,44.64362011997278,0.0,19.61600400453478,-30.55482439348789,-2.632482195620714,10.582243372965689,-9.838328255156153,-5.344386877718591
6.662867633708468,6.27570450702883,14.950548634143315,44.59387891314294,25.184844817825578,41.690117181732056,114.1799236285329,32.944551326723314,1.6448623891142569,111.35625995558726,42.87459048852462,-4.640893569187811,19.13429252243534,-11.089311159254429,-14.28302681498303,96.5390173019639,44.55381214232953,29.89582654707226
0.9410965479552894,-6.237039940234345,8.526276963375675,-46.406928764778,-5.677989764849816,-2.5658970184830525,-36.271729787668704,-6.556401852196645,-0.12037227832094013,-54.43732767894191,-54.33087001268418,0.8897352458761002,-23.419519207381175,10.856359618634492,5.5334294413673595,-0.6368887034466164,-40.71384920861559,-3.4730625074443253
-20.22786436214878,6.836907059480417,8.90591972838051,-5.162755934315704,-1.9579764393551966,-8.522302015153109,-205.1443509785694,-22.200289783034698,-1.9270017231802155,34.561592390006076,39.91151472642315,9.71659575731993,35.51604089103649,-14.519888130487825,-14.790881550900039,-108.82231838668534,-2.270649411852302,27.751629131534344
5.640799509452582,-2.31727323241201,-1.776029296474943,97.26329632062647,18.36313825606575,23.448715941991615,221.2626016951679,9.165177155820466,1.627579706882519,-96.90036172452841,-43.56725478791184,-0.5859597392737925,-31.116259466922564,1.9631132224154777,9.943723546676692,55.23286872995506,51.66970451925069,58.65912285914783
-0.7513439396750932,-0.7322683126814942,-16.2296271838585,-89.30900413288977,-29.756808295851748,-32.53821261053874,48.53839667306001,14.383629808086912,8.904856929152595,-116.06427974062471,-179.31308689372852,-20.729213758719276,-54.0295145700268,0.0,0.0,-42.19761442361245,-9.877105198737752,0.0
1.6276011606457876,2.298323371598052,2.0802187897578777,-44.886480307837516,-9.411755730567345,-23.40359275811893,-30.24254411197332,-9.002767155584365,0.0,-113.66737027040125,-38.302223572377194,1.9135394204149831,9.334077229996899,-7.378081771280073,0.0,56.14948676751501,34.247550065575965,60.41008789767841
-5.308647938414039,-9.86375888104762,-5.035696973612986,-120.00331143027847,-17.444033744598563,-35.52042090841518,43.392135351790024,7.9045588851110935,9.091474986560515,3.6386488755962074,4.221784608338791,-0.8359024256727068,5.147981189959602,-12.360939841391604,11.76238147978347,49.025055215706224,-11.508108676890302,-20.826925258185312
3.251326601699922,-5.8577966129780545,-1.9647366888627076,-46.96373108236528,-9.910562454330035,-37.85279513833339,21.213484688896557,-0.0034582071001271085,11.627165090781848,-47.771573683153406,13.592732034281951,1.9756910399357888,-8.30966561297006,-1.3394429247827644,16.00190021282267,28.433047703824595,-13.126825320726292,-15.627630559712529
14.866359100770566,2.00032653476071,-6.25087317568126,117.3046087899179,7.487846058154074,12.946057566723084,102.55985860667872,20.105276991838608,-1.2649070972898675,-98.18512872980006,9.268187822999618,2.380516615387934,8.04028069282988,-14.966070709848077,-11.253418268315544,112.26232108866105,20.336953974930108,-1.814121810215397
0.0,-4.872586173699942,9.106090902644445,6.048312339016585,7.6009203815894235,25.03062650777571,-46.54056621830506,-10.554245110058439,-1.4439050894895025,20.064459621891242,24.529785110307657,-4.089360896492295,29.4092925860505,-22.02364859967396,-15.630479699237622,37.72575948751701,-2.832360889287721,-19.427390952320557
16.63312168976675,8.050104393729356,14.78487227113114,106.04205618108693,20.445728924412343,15.015102276633511,132.3934030917076,22.373541814519996,6.831872807735101,35.66745603607923,34.05233604809078,8.386780083503524,18.548327030738378,-14.406483511424904,-49.30096931018083,104.85365580101747,6.93511872285824,-8.472528163643517
5.416214579479661,0.0,10.616477989315522,129.0454771829429,9.671318645817683,-5.427688654503181,112.84010879854145,20.013781552583026,9.244367214722793,78.71161157374475,48.87048551421622,12.46576414075919,9.485001261330032,-26.118183853970855,-34.2026816601945,49.648621066814194,-3.470763813661579,-8.779598029996919
5.081075200406725,6.628843574397492,1.3236504709411776,-24.381127554939876,-2.653433652067614,11.485151046098121,-25.233355698640644,-11.86424987259624,-8.405439974728639,-80.85887000530818,-58.64843466711758,-4.986547685108725,17.812653652178916,-14.416072708927338,-9.42348962295741,41.70796539172934,4.844189337941616,-16.672843088667946
0.0,7.303918726078727,5.192149503037436,-35.05425371712241,-0.9004907335120197,11.603874977694751,-65.95574620422933,-13.944147274012854,-2.4630589608855895,-95.25097465680842,-150.7293980277434,-18.926422288952242,-30.862217250913794,8.837642997178055,8.69367573385664,-3.773631366920869,-44.08043104926431,-6.48760756496381
38.13324691218906,4.32157398462528,7.444359901534897,24.92871219716139,-8.494418607701002,9.687520064956802,399.2295873070256,90.10073792136042,14.976782939214385,1.6695036294164103,-24.088657397142654,11.216183018901328,-36.91114596011923,68.85590487779952,50.472333364693384,45.87663019877381,74.17837224806648,16.310156231207316
0.0,-2.6397273393399554,4.922326175969803,0.0,-0.01327064057399899,1.2458726849007542,153.64473808935068,10.524903928682159,14.552096875663478,-118.14155444764961,-172.9094741480647,-13.829029795343729,-87.11540702921859,-14.47710396133206,-8.14555030145182,-95.18104012750054,-60.5202246829981,-34.47082606459401
-9.10029551631785,-13.212367522839394,-11.091106614805838,8.767342178990473,-2.9406369686853897,0.0,-167.72426019725796,-12.960737342901579,3.6325569213375113,96.73585404539607,-20.876683117979727,-17.227816103814234,69.47139624658261,-29.320010987755857,-16.696426033367587,-27.069349016602146,-21.664612942934564,31.311314258648025
-8.694666817671145,10.66150033677846,12.052481472032012,91.97426400036561,6.534189429647903,-5.19345232423875,-158.63785450208061,-15.269460439617749,5.363470378376712,77.93547251527775,37.406993295376445,-4.646694521282896,40.40356494555612,-21.54081660962767,-31.115834995396792,43.603539476316826,0.6194422139850598,-18.21128822002676
-7.042752333002206,12.790456350398788,1.782411008245152,-143.30373789763777,-29.71597993710552,-12.202202162197192,-36.343649282875866,-16.449511857806787,-1.4928474744098716,160.99468391298132,23.14773058059492,-6.700805952095092,31.469952786130435,-0.8985438933124404,-11.894065724691295,65.89802908188054,6.566476508219039,-28.376752556083176
0.0,-5.926495739365468,-8.599142524609878,-45.12070606353121,-11.968703358594663,-20.66019201377984,149.9133244783692,26.96445896844816,16.684027349326257,-65.91027443965926,-44.69513492706178,8.569332502159867,-27.297913685912075,1.0015335443501894,-6.15984390971377,46.471959419725,35.52123993917455,10.310673022866553
24.67798240251391,13.145283814275764,5.12337745576906,-63.47678409088172,-8.06939068988427,-23.93874453819223,115.59846948269512,18.189621303220243,12.573523352512725,134.22519582180834,22.85048349378374,4.411577652937424,21.443014150228098,19.940159967243073,33.095292786017325,43.73431185578923,27.014107045355527,27.773388729542432
54.481833950719185,34.16048001511513,21.427897772870075,0.0,-15.218773507464386,-17.321428491781536,348.1384709131337,58.95535595736618,7.270406779496132,57.15522509013324,17.831931059596215,6.259776608746673,32.814006951500694,181.4847926938661,51.656502561429114,141.6500638091663,100.59775879171988,49.84617956700231
4.051987048180415,4.161417704511096,-2.3655067831954777,-58.80398475848998,-9.567348385649264,-25.852985866809355,98.70287972277906,17.22361066282746,11.930803593796583,-106.22690344816237,-27.1978153255396,2.2569912761982067,-17.362296303659942,23.56045055298841,17.17674493649899,43.15065359279659,11.43737668777681,10.190163881456906
15.608507336599713,-10.079631849975074,0.8530105271342621,39.32063216860895,-11.977121144215843,-3.422492415871478,162.01872744170632,17.493618851516107,2.1400714371585288,23.59006263412206,-3.9412180951306732,5.4447510303080175,26.60883954708996,-21.835306880316917,1.0039887058398809,87.33231379238387,1.4139129923548963,13.596381619622036
9.67810189739227,7.66123728222986,-7.676232689092272,-334.86651421389877,-17.447710571992232,27.403362299206282,229.32591437649612,16.144168027648128,2.0331030473301297,107.60662967870654,32.36415878533197,1.5563564630092586,-66.94617837556666,-5.265651813972581,-8.310381817584728,66.9100728461906,52.14951308568101,58.92524379910677
-7.102687784047148,15.0192085998198,1.6966663344869781,27.561758687506142,-5.5014206659431375,1.3053038838572513,-101.68749386677699,-18.450015828251768,3.9022250644871934,182.7445323770783,43.7924503674771,-0.480838132252066,50.86153296607898,-50.54812382438497,-26.03815918297878,57.445031403987024,11.277555458190594,-38.772910477622816
-15.134175260899715,13.629338894466873,0.0,-221.70924530114075,-21.40960197630063,5.918863212584536,-187.02671810763866,-12.659808545052424,-4.461993684161561,41.71796175074678,29.303164622902504,4.893442590182149,18.685641080839048,-7.06652738492825,2.6269092542982295,-20.707395802974506,-46.429901021226655,5.280626526676258
6.133651446666637,1.1140128806139873,3.5633772704784032,51.92689399570946,-8.86119424623753,-4.600933782389962,-9.653131570883815,-4.846723506675904,2.7304409886190135,42.56713974463015,24.128646967617005,1.179164749917484,46.85266179700518,-19.030595828518056,-9.607193822926032,119.29270350843741,43.31695215805318,29.46357999982581
2.536734035063229,2.5540802013877717,3.6149857489581394,77.35849387609616,23.481916364191328,17.721862819023414,5.544366828674907,0.0,11.329200088553494,77.03295043195901,50.20126654549486,5.073538635450374,27.067342443369686,-20.94695391689058,2.611431350770776,62.34917441951338,4.69279560061405,-25.588638647040455
14.840356819209635,-6.239571150727889,-3.8096775309371624,-109.66889302124817,-20.572510410385664,-32.36317185661836,139.01439279507431,23.554502734674678,5.266293190363906,-91.83747238628429,-21.469395937055296,6.230338518126625,26.94452177484103,4.2945673966651325,10.610250685152199,67.18232750590231,41.16222299004935,24.12057823609937
0.0,-1.0933785590649208,-1.2380035259857154,-5.392540267596297,0.0,6.441578642185194,117.27419489013818,21.096083348877553,15.507313241239025,-128.18160056566757,-144.2689693893089,-12.20238539993176,-76.60933475744848,-15.010014303776073,9.174002546175734,-89.09160404720048,-71.91954327076184,-17.32586543300488
-2.345040952962984,-2.3465344823758754,7.227636809152102,-69.05831760136513,-11.682496137771338,-2.9197561012975357,14.142158921643109,-3.355403023186158,0.928534007450089,102.15602044833075,67.96841566735088,0.0,-7.7561717963860435,13.352931546560168,13.53969462089196,-51.30917094955991,-44.77726267696274,28.81988394923213
-17.97238237906792,-2.616075425918397,-1.801233350578575,16.185253294016945,1.7025512511345469,-3.7015071451347175,-103.98112432800986,-16.940944279193342,2.3046491554025437,66.78339109822747,23.313008474791964,-1.04841632486138,6.909825050458806,-10.644138213472084,-13.814714054717792,-89.24135460182524,-54.74901915960768,-8.012814611210018
4.011881891163967,-5.222177253698144,13.726221305604026,-58.009187867345695,-4.214894067741504,-8.19794067967877,174.7705221080039,21.491972378264386,16.371302151870193,-279.36325317706985,-80.8653088684313,-11.013641990209301,-33.657695854932065,4.662302025864663,5.718409422577267,36.68049465500663,30.809857675804576,28.301390331594234
-17.403101828548703,22.065339215625066,0.0,-51.37948900899336,-15.140029216477444,3.872039227788649,-147.97414709659202,-23.921009390079465,-10.725703828042066,37.7415454808648,-33.75125332766233,1.8032427633485075,16.181201991432484,-10.483026087789927,1.6399678991985374,-86.33925241011673,-48.463356776307094,12.399744854520634
-33.69414050211909,6.15536081652738,-10.688161267212848,-103.13057499670573,-5.551317104014758,16.481170069938486,-238.81183302680407,-4.785499404056848,-28.265909463277143,50.59690828762789,16.436627867138935,3.716213011731017,25.36714995235532,-1.0868705760746378,-5.120431428174074,-74.55291331884172,-27.57843980880962,-5.106425618485218
11.83330524112635,-8.984937641764997,-7.7646629609303215,9.329013115201425,-5.01901708798626,-21.73899850813794,162.78891271838995,13.759295348372556,12.87290140988161,-95.50743159713889,-90.87046781301275,-0.33432002468476657,-30.8479758139308,22.690783392534435,13.627219396768176,-19.900312915683404,-54.34530851684232,-12.110967718031105
14.76184115059675,-12.564471265575667,0.5537881593838764,-300.4638203453391,-52.87890792690431,-44.611616754696044,67.70774590713214,10.87427917194887,16.17478496143994,26.793436836266967,3.5095955354895025,6.894330210379662,-9.660897695246517,0.0,15.999018461578292,-4.344299039695342,25.962148359850083,-12.874080186974055
-7.922685457254641,1.0402887941377363,-0.04696596440828435,48.28384445635815,-1.317476952270343,1.8572497519872815,-108.43947564813017,-17.800107714001665,-0.9113677970586135,60.49790760173423,70.40973943611364,-5.2193535495995205,-8.217289419226578,5.179192284156359,2.899316146770679,-116.95348513928768,-12.940814024707517,-1.791901235278715
4.473754098656554,1.8070044785061974,-6.907979344149257,70.58404538561554,-2.345708351873624,15.760950502663212,306.09453002177486,36.07826689558172,8.326728707886424,-127.85022892102157,-36.022471938224605,-7.227972006400857,0.0,-3.1966192599404737,-9.43302608067133,109.98698378770673,53.967792344059674,-26.47347102021132
-31.029192894732745,-23.169481381942152,-4.9992974719004275,99.17380155293043,-4.88568217481966,22.002937386553523,-192.4972977346813,-49.03792085291131,-22.853687993666004,84.33182312611626,91.40552383835912,2.9403009029543323,-5.368322465705771,-2.796388502631608,-20.54638175681217,-52.90780089175605,-79.72221491688032,-16.484052634006446
-21.363237873552684,-1.1787889642589477,-13.541645512646769,136.88794834906628,13.742724183470047,-10.299687736874246,-289.6652023104854,-51.57192969357378,-1.714910265250099,69.4117640814577,76.15349773908038,11.597229775395075,15.69299869154113,-16.941895825868983,-32.51758665700542,-3.3008106872248337,12.76768565255971,5.441200344089523
-8.873975231323866,18.756467122357193,2.1966893371491016,92.03608132811837,6.3992372512723,6.060811348613468,-206.23320569493114,-46.13810754836784,-9.889104911578876,-93.02320869267743,-64.62147024992414,-5.261987467730329,34.75634717953576,-31.20670502565809,-18.189933950725774,23.495531654410915,-47.4936756542012,5.41617959096709
-7.923521344735027,-10.95376938113214,-15.255570096950539,-41.061547825347596,-9.637162848395635,-38.964281533681955,82.07808249153736,10.706013459106408,8.523963122227363,-216.42207465034107,-59.944261708517494,4.187572168158664,-15.013893097392959,8.434956845212746,2.8747326409215423,26.147472343524516,6.451683251041288,-19.23069335978687
-18.766648032792627,-5.497477357882868,9.783882878841865,111.89076423446467,-4.590242178304915,1.0762725678347165,-136.2258550242409,-20.782622921880723,-0.45526772024549367,48.752915136916364,78.30008794288997,2.166678332243378,7.616852030911165,-3.5713047426462605,-12.749238387864416,-75.24121321203691,-37.73504114697005,25.720792847421343
8.359210204124032,-5.79484884184194,0.0,-8.147545237384987,-10.28783398044799,-14.76498032673592,95.5469371109106,19.82507812562641,11.066726215637079,-94.49929816120985,-16.010887940076437,5.089860548254576,-40.40445308169551,8.2139980753021,20.24784043143746,-25.658629637862465,22.909759693428537,-14.698654935239798
22.173607878615844,0.0,3.466442538497356,37.784571831228874,-14.02661827393083,-13.38869878300968,283.76188432284374,13.798758686186162,10.344874122461572,201.495048800301,50.564848748262705,2.051376893963561,47.749777081518296,-5.531029336680914,-9.27707613798844,130.66715972198656,80.54579788291622,32.6307363149715
5.069219312450984,-6.9927999031535935,10.981376120756659,43.43266545151687,-9.523076312812126,-2.3488319344881567,17.297654602213456,5.422408779067578,2.460208998816838,27.25071368561231,58.391913636479174,0.0,-63.84539285236847,17.791666707815484,28.591412855029205,-114.05954657063229,-28.992414229392665,13.367575184255358
-30.63471931835508,3.075512502607076,4.8433307734992175,146.61162665506305,22.33830469772265,3.512575552720343,-94.06727331000968,-33.71199397484879,11.230854123512048,71.45648804167091,77.20694443573561,4.336669767506458,24.75195329991595,-11.661311368926842,21.9311840562413,-15.020292735681153,-12.774145822557776,19.78629639609582
-19.949401444826723,0.0,8.350291263425342,-95.42264744424692,-16.53644201379771,8.639256390145084,-307.16611739226585,-19.409151011993185,-4.111638369094346,-8.926110104853715,17.522994989576606,-7.633707269587383,5.915385245859364,0.0,4.383903419367566,-154.4491990762514,-58.26566220712584,0.0
11.32817441921422,0.3687437174430644,2.443186607179919,214.2168474847617,15.812340930177697,-13.47089054802753,295.85596060711964,19.32101078701629,18.065585432945184,36.866097301304904,48.61268928298073,8.160108756866174,0.0,-6.420241144282322,-24.317157750586478,121.3030889300705,53.42584283378143,-32.085978158160515
-7.875612607172158,20.98691634656074,5.519318182657249,83.74530282268657,8.535328528804921,14.82756012190684,-187.7949778202226,-77.17207858011362,-12.151784756057621,18.227691420808437,-11.988886082035688,0.0,66.39726781478981,-43.25087681012458,-49.3247254296853,9.37286399907221,-11.615299724310404,0.0
-23.102810234693774,3.5349322173004687,2.49821140110651,-29.808209970052953,-3.553803978749437,-5.167594925676666,-203.69947051688493,-33.609606812127105,-5.197657690055018,-97.74048425746174,-84.40327487789494,-21.918910913367196,-15.303618373206582,23.75902587028137,7.221930139663488,-110.33804798381249,-43.88263536792486,-12.058556606692832
-4.486018927812523,0.9061633115660921,-1.6675240445730004,98.10466164032822,15.686627080211183,0.0,-114.55485375289386,-48.008276299737396,-7.371661414806841,-8.722943993886362,-89.4749804771375,-2.2799713388668414,-13.997976398318293,-6.648735738924732,-11.97907047242411,-23.651345723528735,-48.57969254192113,0.0
-17.053669174424716,3.600800471085099,6.485211749070564,137.10154115018327,18.271522680127635,-1.9162117333380357,-97.9862307389911,-30.007063341573204,-3.7046860230265093,91.05445018982165,66.92348968624836,6.395032837940915,23.71985881094731,-34.094574894924826,-8.076892164533568,-21.80178944101224,19.08706001718343,4.857238493067911
-24.915628200022514,-11.85364613621699,0.0,191.02257514926964,15.088227201451863,12.41092798097461,-291.24674314485935,-65.41119302127284,4.139426811305968,68.40815022261978,63.842204902599754,2.238703909367759,27.650718120958608,-33.31941112995968,-38.67685632264086,26.15310027806688,0.0,-8.697102434696056
2.9502545641966464,12.96088675632925,-3.9924271331485266,-56.28049198652281,-4.591476802583225,-4.394835042169387,91.2757181235062,10.322947172855175,5.942986900645242,-117.06879139528286,-188.89686154907525,-11.791095586611362,-44.76404733641549,6.228600325650931,16.557662584499198,-32.528459943476385,-15.194615077975815,-0.9389180395965013
-9.844128907849264,4.181941071935238,2.7108211837814005,-154.9838708839045,-28.219733464121067,-14.394034166892105,-73.56631466001103,-19.589446384765,-2.7318074737675246,65.38253597452706,43.89318457255018,1.8351695363715845,20.380654029380075,0.0,1.3526714873030934,-11.741639952310608,-29.36779548783786,17.08422367308907
9.241908213967454,-15.961993466912078,4.815103531459185,31.650666322100843,4.911626002376186,15.657491492939794,242.44002583308486,6.596682577010389,7.172915953433653,-123.82378236752434,-48.56304552562185,4.029099982962945,-60.019438960743614,0.5874008679570256,-6.798940604872194,18.994313528115782,25.47270858040608,-11.502763602660863
-7.1428802022854265,15.253385960331737,-2.731391398891697,-6.652720512305705,0.0,8.388965174667222,-215.15720654073027,-22.4430012505008,0.0,-9.041622733803262,-20.935157643025107,9.91169493402593,-49.47152062513499,29.906293112881926,23.878256416678923,-217.09677261991118,-17.694105706703077,-5.611853223024923
7.8064556069431585,8.245364542831792,9.73239206086631,76.95136134419695,17.724010381827696,16.81592945046302,93.68801423665367,24.40232201529011,0.4527258476174874,15.07913140804745,15.48659227140789,-21.64683559953579,20.10050131509327,-18.056280744379787,-21.574977315352992,63.80866722147997,19.338043348913278,-19.69275957744287
-9.542791871180995,2.198194480676686,1.8869471501594695,-9.268008238463416,-6.829366346807025,13.028292468062745,-76.73608626515583,-4.996560747581338,-6.6928979315756925,-36.493710672671895,26.917002252890185,-5.3197531011474775,12.161708654271479,-14.541429507909976,9.283352118024252,65.07593811908758,-4.577802358292057,-2.103837214737716
-1.1569843670402262,-2.5692130956910333,7.166059603487413,-23.608311952661367,-7.131112987070709,-15.1023062710845,-150.9114711530939,-57.93654938081911,-1.5869446770979474,-7.17978167294545,-62.32692553919326,0.0,-48.02243287742756,46.49445045006648,16.362673404367822,-131.62073727858765,-20.83908150199535,-11.203005639792877
15.20786775683057,-10.369789384842823,-15.291461936752235,-54.184658394964245,-3.778591540983686,-11.380520762268178,105.12441940034107,2.4193587221071766,18.84963309199933,-129.86057469367083,-176.89939638884783,-13.94042431005696,-56.104596390132585,6.47956392671154,0.0,-59.75083898909363,-16.2947388868097,-12.503676509284219
4.671199304937199,-2.7033819060664666,0.0,63.561765525890856,23.537829935727096,19.461543903535357,-13.523685233236682,2.211764274812822,8.344895461917199,20.906877382545705,36.81110165868529,8.468997424988626,23.651522578601522,-19.256594921587695,-13.522042858370517,70.94795626570154,-34.14046284199996,-21.083763462829268
-26.274875821954573,-11.077146426150142,-17.144365583452586,138.11675795769884,13.624280863996203,-11.565160747596812,-223.04059512337977,-42.955735551588326,-3.807111054129756,68.31227997826502,69.57655552952382,-7.4768682646629765,9.759989806890276,-27.294227806711792,-20.806129144192898,-19.40358708695094,-52.386136843389906,0.6034222741656095
-1.8821424192576919,23.099504716825773,-0.25499969198440003,-187.99702787644264,-21.483624592205597,14.751382453818865,-164.0833453978683,-15.936685809494492,6.629302491175014,-2.545751843780204,-11.684239540957105,-1.9790947131318914,15.52409633365319,-3.6230048792012273,5.812917568231307,-19.253667049459533,-22.523289580113556,7.919257805669815
-2.9944570168153652,9.04777518434737,2.3547912382793004,-13.698411252960964,-8.071784288913895,-3.8937718360417444,-243.5279883745654,-14.191417384127508,-8.655780467689029,31.109474828683698,27.4475504863847,9.079759024048135,-32.29335806049175,4.1619385098640755,17.837073067624463,-217.33024945706651,-17.909994125326474,6.378399734301183
17.610108735845646,0.0,0.0,62.67455299183691,6.284600208182896,-4.646479748077845,-157.8618705943099,-29.660093716709103,-3.9093001990737246,-102.12472198543738,-69.59647005853961,0.0,-40.109635436669734,-37.48554029758053,-6.544857622207114,-143.28961747767468,-114.145545187512,-113.80831635987613
-22.960376541824722,2.3340952390453373,0.35724197929181395,89.94133269892878,11.563654347038984,6.398073354532772,-190.5407014041392,-38.4978204202495,-11.198385876554697,-5.362919263459461,-1.045221814457609,-7.201933078777382,-7.052534303032809,-18.936847271207405,-13.081975395114657,-66.19976338227178,-51.72275362444893,5.384097159687258
-15.392307320618746,14.917597483304222,6.795992995753952,98.87514659513123,-5.763078752818395,1.5261696747987699,-176.7496900163915,-21.026151541486833,-7.480350119954115,-25.65387773437865,5.126968295853571,-7.7597757101970695,-5.413101640977147,-1.3483901939823824,-1.3050629543875008,-63.26562317360708,-13.655838339362283,8.793455308170167
-20.148625811560677,6.308283849478515,-4.9239971095639685,-26.97229182370195,-8.421821317625538,-7.316012271585239,-199.5399749033962,-21.183377485592672,8.223745267745063,162.95128825059425,29.93628123340124,-6.717602102574285,27.2873254205571,-22.129491099227117,-9.304857924660032,21.171677696858346,-9.968045252849812,-39.687503883211974
0.0,0.0,-5.723326607155046,26.466813156017274,-9.475983223388852,6.292917992183196,-46.39093881804088,-20.15790664686242,-6.543162163805762,-77.37459459814656,-154.49792281666572,0.0,-40.94495697171541,-3.2785964163421717,-7.4228696491854445,-83.39878537250905,-104.4055201707634,-45.42835583966041
8.785676973021545,-11.819153305846994,0.3647267356044041,-100.90169047462115,-23.119070901680377,-30.30370127185276,66.78588631142632,4.611324098523817,17.879710711872487,-240.1364072959238,-95.69047416032238,-14.646702427403476,-19.02738246794397,-3.7568069468480543,-12.500362627308336,32.916747967957114,9.45158229038152,-11.815152294239226
7.385731819684743,5.914940959477546,8.068941807520886,87.52018289608463,-6.141015853042156,2.8203986977612887,15.860530792538936,-3.3378867551374984,-2.1085941652574167,23.276801322287064,-16.193352066597654,-6.237396619150561,-52.224771345311254,23.28266289125641,18.83545277747777,-62.459711524718735,-40.03536385682638,15.041223679420717
-3.015948443681492,20.268765119405103,18.944815502173938,63.262155822347765,-9.548455389922175,15.067970683460377,-175.31151977774283,-24.849101341717834,-7.492810933492201,65.97614008137997,44.11351161518648,7.337253929524607,46.81724629370781,-12.766040506693058,-19.67762845806271,-89.33149537410146,-34.80731007709222,36.84055875192638
6.841734010761021,-8.350538865861061,0.0,-31.33286231304769,-5.434648579077025,-3.1327234426406196,-86.24947148309755,-35.89733342233096,0.0,-88.40685819800598,-130.57674824350426,-14.811701363874661,-26.430310872911512,5.655773169239291,7.009728310630857,28.056579612191356,-38.39232471871897,-16.878180843546204
-35.629464489111584,6.663926196548789,2.7953491432962223,-39.17843975938156,-10.243633668426506,2.0938799994552455,-325.93362479217933,-18.368493362515412,-9.558371022306034,54.94766889040585,48.016537407734965,0.0,-23.561676207347972,25.639247696460632,22.21733792277198,-162.83217563427237,-69.90339906780267,-55.33661808621093
-9.949066969938922,17.806936066139656,0.8429970228610398,81.67264545132237,3.446113467057314,9.985214819884353,-245.0787755820757,-39.30318812385813,-17.718754975825117,-46.47080155084371,-51.806542930004355,-6.468733042200441,-28.602243267249747,5.931376984438543,-1.193673227830065,-211.05853942561174,-45.97744852390235,0.0
-27.376822454633565,23.89265734556579,-21.23929782678703,19.397198228283017,29.516139947556923,6.923921019037604,-158.54137789206897,2.892068022334847,0.0,90.35046496470437,14.373604139522818,9.036799953189604,41.91246090502828,-17.686441997144108,-73.96595185093894,-115.45890199567803,-42.23835668576278,9.899843057689054
-2.922537692206453,11.529050232356767,-13.451825859273313,-153.0421444720924,-16.69291799985396,8.765162486001978,-222.46014528210947,-7.6203210979228855,-6.317145873799297,70.72830322015756,22.91446000728183,7.654077085905191,19.07749136585916,0.0,0.0,-48.82529077390806,-23.964341683746223,-21.509812226732095
-23.184219862735254,0.0,-3.746675060590935,93.07744479826938,16.446661198381104,-8.899315671570253,-279.2579511296178,-27.190781337868398,-11.59770125509519,39.20665083171172,41.12363116653292,4.780660335720321,-21.990348479598808,3.4118592151625813,-5.894566080540268,-208.26791480798403,-72.09232274034984,6.329612416901114
11.766251758027211,-4.95264499189223,2.558848346525838,118.77985884637147,12.32126324997531,5.62382315379848,-34.8833851772448,-6.759253024991071,-4.411864044488468,-15.808604811144066,15.137760648375565,-0.7306283178747089,-2.953600054686896,-12.68484980618825,-22.400594128130216,15.441292576097249,0.0,-28.060933117342643
8.653880467330207,0.0,8.467132667180698,55.088668900586136,-1.045886021510667,16.372765608613335,-7.4428621690301116,2.0229397268658307,5.710666117846531,-26.011459523899287,-4.337191166487621,5.556501474742311,18.501592881977132,-24.254899002729314,-27.79071995103058,53.90656812185458,-2.8872093580736222,-36.211696120886245
8.146308507193519,9.739449883058818,1.6485202474916023,-25.926327639021785,2.8218016110004087,14.001656711731128,1.993071809718916,-1.6120695260903983,-7.85121915157649,-46.085831126180075,-119.48219594552727,-4.284427866618899,-26.765314004972794,41.3995082834674,28.430789106622473,-78.22219972719171,-11.834385089597832,2.7449261952826305
22.109389019814657,-7.7628925337687535,19.55043186908664,-74.37489548011764,0.0,-7.869006445481431,247.37598635429234,29.800413686564344,-8.558168274636248,-119.40333873224509,-52.49028038773628,21.70373236374898,-18.37229274693346,4.822009935706205,1.714823078551518,18.06673030485747,-41.23916585085567,-32.11129055437847
-10.54560590267568,-7.290868520568188,4.566742929425535,39.78147570298521,14.794102078260194,1.6010456623716973,204.89144216711696,22.761424537380808,8.439502357570731,-29.310549029867847,-4.119037790281939,12.955363730885384,-19.170866946905296,-23.989925353762313,-3.2715632305006612,-68.39323318000461,-61.1911261689374,-16.773786224000517
13.972669973340595,4.450376633571129,4.096410255494861,21.054922607991145,-13.510437852619935,-1.9458948895836348,-37.18233468947815,-20.860506764893742,-3.6027861937681527,-76.87221884577119,-104.9636101489879,-7.117814261330452,-13.777620805557593,23.467263312433836,-1.1564992093564108,-56.676681808300614,1.2398909590942697,-26.88718850312989
6.273278114053406,15.25727878372522,12.729620473547413,77.36284167581628,31.576969130997046,19.506127584607963,0.0,13.755390854244306,5.691329802305539,-68.67758418579932,-11.110611034108265,15.062180877130473,10.390909568570915,-17.415568536498498,-11.291867394095503,67.13412576193254,23.384652741711545,19.03199208960808
0.0,-2.4341952402971523,0.0,167.0485128109613,15.525118321406676,-17.94986696653555,62.46154003408435,-5.869394419944764,-1.4417497912342434,127.51743495684454,52.78479994917545,5.81213442158816,12.530494273444088,-1.9763814483528794,-26.9850877513733,69.65826506651253,64.17041456968788,-13.577661325773647
7.851998212703756,-1.797239905516601,0.0,-35.116571088437944,-10.56593949616175,-18.44436220412154,-107.29187682203762,-44.708424956609996,-9.147562474422463,-46.817304857652175,-62.97955228768139,-6.296690310100568,-44.38030122108102,40.09197022961447,30.254050533799077,-97.21930006615753,-9.971166476380661,-10.865100858617666
21.217312890088504,4.271191660643503,15.331556358122748,41.373109210704555,8.13676932947794,14.783545086587402,226.1065127372986,8.674624196799156,17.280235158961933,262.19656091263,144.35788348108426,21.7646119497842,64.7431851496555,4.03582565757619,0.0,170.7334765951883,99.20429384819126,91.04259093696578
-3.6662393152697383,13.06260606029965,7.8144885250641085,124.619097139634,-7.023315041896636,11.736967131775183,-187.50153717387246,-46.29359352837604,-9.720140023291732,-39.07894829396654,-44.6374740846181,-6.953310291670725,-23.58188452644147,8.610945221786661,8.934934594123769,-127.39963836737468,-19.47753475827776,-19.448600178848608
-11.492733026875923,14.100019547860025,9.421939735303054,26.59733547141839,-12.968649011835412,-7.942651507640093,-131.12584416125384,-28.577504533112357,-3.3418595270312084,72.99346341624212,63.94704880235037,-7.7391065844617115,37.17843294362911,-23.741124904216814,-3.16741646175442,-48.27209415807185,-47.901399826515906,33.34625864113046
6.193423382626299,3.9943899309111845,6.396183581291406,104.20469595530568,14.932155670568836,7.074074469364791,-35.77686779260041,-4.674653537919882,1.2242021100824765,26.705659090552132,38.4994801192556,10.427207477211361,-41.13224349755193,12.167594276808869,29.08692766827271,-67.16488006900465,-3.174212676757742,10.576694596666044
9.549329750597174,0.0,12.930401504699036,109.77878243756516,0.0,11.322021985885982,47.91330682499934,10.539419531269722,0.0,82.34110056759948,52.46910185511405,10.304116947194748,23.339100749050658,17.19317695509323,21.366621445374367,-16.468726218843724,8.570895715904504,68.77353499976357
2.41871136121956,-14.575153099696024,-3.801689350064746,-31.035963454594235,0.0,24.78626689569584,59.198669585535995,0.0,-6.138073341863369,-129.81236409312103,-208.4987159971285,-14.25559331187316,-42.7215380801268,-18.268082651783384,14.41398304768644,-55.84463739451883,-42.80098205835717,-13.512511478915485
5.453474588365779,3.452899998290078,1.763721030869903,-125.56958734470355,-20.52189903885044,-42.06877155289613,115.6698208993611,36.23827735544984,15.73264886044102,-180.28860499415995,-41.40857650347929,-14.47717583943204,-12.715792060744729,4.092455481463591,2.037514841243952,39.95623227964265,7.33294475357099,8.449269373857959
10.346056125489145,0.0,4.035941599237602,139.94517568716347,23.180119749393725,-4.1980401863564225,-1.4473191270336627,-7.017432338445228,4.510205731131481,118.55456536648833,79.00524545080286,8.421052767362506,8.477419454302428,-24.702823277844022,-24.689743620714424,90.57560669016095,37.77528750289971,-53.057057713694064
5.730486342009455,1.8900552630936787,-3.0445203616253864,28.36140524859564,-1.1959701540742222,-4.877555225378004,145.2699450189207,15.393507405292318,4.206885694935007,56.073350580731635,1.2130418263058744,-0.8545001165825631,-73.08632508536726,23.446783830011924,27.853567554272566,-52.65993358471837,16.725208780418935,-15.267542827192472
5.182865337804072,28.98163207281014,8.007096679034468,254.4170101612848,22.046920666648152,3.0237995059792158,33.660236233260015,-18.685810304081485,13.750506483384276,137.94189733447902,118.05224028531909,-4.503649366957142,64.45834695981668,10.977221519977228,4.548366335550102,-25.56498467696221,44.70254797570296,37.19577610324768
14.44208415570718,8.528984638193485,2.3516528573946434,-343.23038694362566,-14.99013282320847,4.780354647409759,13.751692016114827,5.21211398038699,16.71673644786958,132.52467086376134,47.24584522738424,16.711527323744953,-21.483159263359827,0.5373940716102877,-6.206786177666476,60.077677032067434,56.4016537558002,74.86838923628846
11.226740685800118,4.604943783619602,7.281892080163046,48.16764678659703,-4.551006607010941,-1.2188028204112602,-26.60223289789051,-16.521902112132118,-4.508982329755465,-93.2660754054625,-143.2882520381989,-5.869447405753549,-23.293612159928234,17.654754601062322,3.656691112022303,-5.08602658409648,-46.810537063486564,-1.4549102124099704
3.5217049655961863,-10.529224283831931,-7.93246246733479,4.769988084755889,-10.868587710835664,-22.328906220353062,136.53773923828945,11.28272742643973,7.735153440383121,-58.15792752029811,-37.28830802611383,4.332714897869754,-59.45211786470396,30.3202782759265,15.751582851584153,-16.431032404290356,-33.29982385433709,4.616514972504078
3.5536938716796587,-25.69668045535137,-25.676465809684196,-251.50489309225833,-15.285802613595122,-77.00070368924999,144.14520769661013,-9.442901131612468,5.780161449728445,-242.1901071418826,-63.35210876390643,-8.945857329370568,-132.815545088607,-35.19715094242712,-36.54296116182706,18.749893203480006,-20.58910793669762,-68.90432582398023
12.6858765335645,-9.420986205941325,2.0536405234717856,-30.23352945235875,0.0,-19.55754208714385,125.21659136123904,20.747547169682033,11.471774535928281,-18.388228829258964,4.42421109493295,8.182672820246712,4.352272190782726,-10.78557752647824,-5.085667471109749,81.88288025133507,22.037902472426417,11.6095948221041
-3.814590528515987,7.188682886789807,-4.967263285732184,-28.120117014119188,-10.211151244789429,-12.163946455305712,-33.33868222082002,-8.163756234891439,-2.649450467047653,-94.99791183513835,-109.30169513203492,-9.732146544714386,-38.80356970956502,14.638533105228625,19.526717000750622,-100.14093188252018,-7.537796305211772,-2.7166373310134873
2.6237743541176046,-3.047075635861814,-2.750404118409488,190.2806786434138,23.715170842137447,-2.3085422281341876,10.972328763168775,-2.6387817886065257,-13.168424724285112,19.231124239850352,59.67244651468487,13.6960541913846,30.624743522753267,-14.892254335531176,-40.21180218030176,27.26208745006523,6.570616370369775,-11.374321328719248
79.89242031353496,12.765308445302137,13.676410319190184,251.55801373939963,43.60119890821052,24.122932637311436,539.6839174869864,97.11314024038256,-0.08539411568789224,61.95969097469514,57.72916549321605,10.323560911892942,-76.64283750460581,56.875174310788,62.788584487189716,151.7855685627101,109.34172522617853,41.449915690268654
7.712586718638177,-1.3762655118767444,0.6421113795263885,-74.15130379144873,-4.735400447043176,-9.72451095575578,218.77928391466494,26.087533818808758,6.553501688946456,119.24489556711656,48.43515778862316,-3.0991735359590717,6.287100893959137,-7.2018084032872975,-2.2225627757000925,102.92280718422587,27.802641488618693,7.764021812696342
-8.031689270804637,-6.64847872374979,-22.166893006542505,7.486378347782767,5.589527112210121,26.467121071261968,114.17010384121883,13.758055920344413,8.583181800629358,-176.92742477467715,-190.5219673012667,0.0,-49.18646884178635,7.558192837995066,6.457226058466312,0.0,-37.33534328991105,-22.402230035867206
5.381442125091825,3.2247291426064755,18.22870583915584,65.06545786065038,1.0493674846077126,-3.5836881417578565,278.62274365665894,31.42772304098803,2.0893841448006327,-34.51487842049649,-21.753915491947236,0.0,-37.76145557914464,32.19791512808033,17.532710409512745,-69.21186025004091,-1.7838935747808427,2.5846267653119526
16.8413292511489,9.2957114615061,9.297226174788548,154.75692680805133,22.18991927451872,17.411022874293433,76.7158350096537,10.929459071825466,4.854006470118179,10.140129988591129,48.47746591752138,10.5884637968274,-69.20616250222325,12.97164861490478,24.449330501965942,-47.17798192564594,-28.034617034889877,5.947223621700687
6.800217648147526,-2.1756401241391123,-3.4885903433657615,-40.956751833029024,-8.1597578016796,-29.28282209975574,70.16646989166816,0.0,5.0318049027013485,37.61345499279678,40.81125012624711,2.882473554479746,-47.24701694440769,16.360364490241846,13.202595980667416,-72.23391957960104,-33.90922138796485,-2.158806426540856
10.536659982795467,0.18248593436843427,-6.614946929200339,-212.32385269060833,-14.875060101967636,19.945376871081358,250.10770143143387,13.251128722464719,25.031485309508813,68.56362447179015,38.377420658772564,8.056970730111727,41.30920233176305,-5.641794340118751,6.709241317652497,86.71732222105742,48.922234504644614,48.01261582107594
6.288576107230422,5.770217696382518,0.4918852225969229,-79.27993170647456,-18.469391879007446,-2.384734124290848,-101.98832773622284,-10.636280541491676,0.0,-16.000806748943095,20.38218359069448,-16.458796753896095,-12.71601610513247,9.906209561880774,-13.673840773326168,-80.09407347109733,-13.696162675343412,-23.432603480371654
-2.3089889566986006,8.62532270573135,6.093162547130351,53.43242549755712,9.623395178453125,1.8345864877517761,-87.56413264699854,-33.654175319228656,-5.904823233346753,104.92937824435562,11.108499957500957,-3.6711201856396265,27.427506759818623,-27.91751640494783,-25.8095249132887,67.45933907762725,9.275432700726673,-16.208520495971584
1.962666004409974,-3.4008532986629,7.615736253209901,58.13365602926883,-6.015375106948953,-6.3876207076073,290.5710713782017,9.544945496602258,9.828206499837682,-114.71352556100076,-32.460692319248444,2.9212315760710594,-40.89289797163415,-7.824562875731447,0.05634812980687786,59.14316854413904,59.15750523677009,12.592871876942297
10.961056612802933,-16.6801305671495,-7.805823942453039,-23.72306251624886,3.111527030725327,25.398219433297196,271.94676654019815,51.54554229734658,22.6383558224527,-228.78679339828605,-39.9142753712547,-7.155429169865052,-4.833513931558506,5.1015366389531405,-17.583431237568004,98.9859795963976,50.99902967345127,15.076157556938597
9.090250523152212,-11.231190019446625,-6.360865916836201,-2.471212153329599,5.241934412583046,9.528565364344646,-354.03561930198816,-28.002963399875085,-9.445478586498547,85.06152261469397,44.60660774301384,5.951123072096349,0.0,42.080666791230385,0.0,-160.20616418078524,-85.10836239807733,-25.81295803198975
9.874484568631486,-3.0957531113888925,-4.891486497394803,73.36827792574238,10.506699748849464,6.3185031572444315,128.7008584278064,21.999020438984545,0.0,-29.28813585790054,5.026925098222127,7.984894886855057,-19.50491136340792,-26.853340267356334,-20.121562781197408,69.83899903998001,13.514037695782694,-27.04635994931249
-3.8841229991051125,0.41531271693118316,-6.2091355040274125,-116.74755978455536,-10.388957394239968,-38.707273457796354,33.90606507493089,7.183302190429168,11.703635854559488,61.113254144505916,24.09184001093509,6.023276921961032,23.90238957979382,-6.007716853146332,-7.6344440093963275,89.47334080566264,3.9664114064688203,30.944909612725695
-1.2946894149167905,0.0,0.0,95.20131230955026,16.900923887015164,2.417622873178286,-25.732418648220104,-5.635059314285041,0.0,-70.93143323115639,-133.6401097508674,-0.30893649198248835,-38.96728426945043,5.06218404258575,4.485761564957778,12.405675881960025,-42.70042341160272,-6.876578618094555
12.060499213819133,-6.407367253212661,-4.947665260997766,97.0255931769396,-1.924310171170854,6.1687969271642356,-41.09963173528675,-22.66422737008856,6.058490835041981,42.92895494995514,-2.268020732503596,0.0,24.990298801840524,-21.123175530799536,-37.599126690266544,67.62001193876323,20.0122651126868,-9.082476701964765
-8.967181151827562,-27.369283040585827,-3.6355090602822226,-62.59258870036458,1.5719639430516457,3.6592516280629668,-12.945716246480627,-7.692080728492853,0.0,-109.72847162527786,-214.71878061874207,-25.85747384933927,-20.759265852271763,4.73262245144715,30.49377050311863,-63.10418156950799,6.529013461815077,3.1843236265007704
11.889736822644343,0.0,3.7440550020785546,93.80759709759585,19.02509037825142,20.568994928884777,36.05901168380543,12.07720794425944,8.358906394420432,-62.09635996999567,-51.46014486506246,12.038364049314655,-18.17420878641411,14.48888444714516,23.79530254469747,35.70558301908785,30.232369196549847,24.361391134741922
5.270003761895438,0.7662393759701024,2.7945505527651178,44.60944619045681,24.621721730569213,31.284246341164017,-2.2310309879043015,-1.5917608624874091,8.169615353730915,-50.68790033170014,-23.47283807830433,13.163444585230234,15.2115395563844,-14.273241289753082,-5.89175539817942,68.86929342462489,11.032306098085288,3.71893048994545
-8.538969182799812,15.476779901229442,6.209738909671282,52.46418829815214,-6.516074851024755,0.18682796894332004,-178.99923543461475,-43.51981227584176,0.5261536693952696,9.804061027732006,7.709935084183148,0.7338987195886795,21.38822056858114,-10.701103472394475,-3.176505150362376,-24.003406514900078,1.8456895440217063,4.532897497668273
-27.63050706530316,6.55920432559219,12.49037142658068,-50.577686592417685,-12.489603639325098,2.629191417457502,-143.14533588524085,3.6487863055535965,-12.075432060890476,127.30766510795439,-6.287218893378123,15.81273826263752,65.14352443955988,-18.102189870127546,12.023025292154854,20.65429400738719,-4.369073109100756,35.71454387126584
12.21361787519429,-2.2489154743161586,9.47235095378464,156.8984402044463,14.54239477481644,5.559871329094738,50.56635023658208,-3.144898895317903,4.979418435881426,51.824700067673824,15.807185660745937,-7.145687544047385,-42.3631890831637,-5.284150128998901,-24.18245705118412,-20.698994291838005,19.815467436695375,-22.965470204690945
-2.528164926723593,-1.7222441479694672,-6.150969004759081,-96.46804197185513,-7.675818767078776,-36.268138238707316,111.83216324217923,13.794138565067321,11.445001917045664,-91.56187078696317,-141.78010394681536,-3.301594328622958,-60.73799459848429,-5.812193820655028,7.819320994982396,-45.07469414794068,-2.3711998598691792,9.814872669276099
5.566847107524366,-10.420307956630035,-9.54298431616084,3.8601965773530886,2.1712764237413014,27.625657498803562,195.21486908915782,17.0594225659652,5.062125503254099,-186.084783454731,-156.52321819145396,-3.565556753849429,-32.903961813181674,5.077613962912223,13.882660045056287,0.5762582007207023,-41.77436470516241,-28.606594799766754
-9.924321970795154,-6.579239477979448,0.9056451739061411,163.9355647055345,20.838306788176975,2.748870878293009,-38.18650002515717,-7.556286896743416,2.0572219846099262,20.83207672971545,61.75122052756067,7.463962339372771,-22.998200862280108,-4.975385563177479,-22.189809609038853,-41.63559092579551,-26.36265641219021,2.3054789218647755
7.229542454710098,-2.4173068420007318,-2.0519590303210045,16.54333498764712,-3.5664784544853587,-10.48608240396435,-77.31604289999784,-11.488413419144445,-4.226207275084476,-25.599982770581814,5.0457389967432835,-9.338943804551848,-56.29905902479352,13.267093549310642,12.400116338362935,-96.72515831476791,-17.755979713220142,-10.961156350839474
1.791984935833917,-10.182072676695373,6.403339845446432,39.162712142760256,-5.783248553740714,-8.638561495249167,98.16721229346751,-1.2494461627885871,4.540363010934716,106.64100092057068,35.774647452101256,-1.501824396981755,-6.121233472485331,-9.215419433888423,-3.077244981310359,-30.012458970675713,-13.799052523564324,-2.0245597637438664
-30.156105998288215,6.742782523469468,-5.809411097870458,144.79200458484334,33.18984800069321,-3.703219937009317,-215.35956981107805,-26.57837488444065,-10.601093911418696,65.31018024979849,68.71233253093769,-1.1159688790117674,47.82615997352037,-18.035824586496293,-15.420637287213342,-89.44811378182838,-42.01652616457672,15.438742032138848
18.87868417623809,6.244442761564975,2.570520164068296,20.57865329830662,12.984760931292124,82.80105452902896,146.47028463848602,18.950966287456865,18.60863020421393,-65.95205524183476,-60.64791671412123,14.630610123942107,-7.044783639493452,11.62641237813925,22.816361697185116,-31.349579250690685,4.673059743633027,-2.609493817440409
14.033638956493046,0.0,2.1297994647572795,97.21059331174058,-7.905237791893984,0.3077353890136816,0.0,14.160653857697424,2.378273303333697,-88.4665883473743,-21.75831041080216,2.372843241391509,11.104133877039164,14.206658599843653,29.77204725304725,18.274463549514095,32.16646957239513,39.66611611649333
12.62372741402653,-11.252159355772495,-10.802713528273149,-124.27622641998985,-18.441310441263035,-32.80039658323567,187.89003794237033,17.410480095744308,-1.0283421203390832,20.164640035549386,-12.946348035014609,2.530450329687026,10.000542485762148,-10.368306492377389,0.0,76.69186956235238,46.44681310882647,27.23301403479357
-10.249352873293086,9.030009565304042,12.496233937847625,63.18547595574773,3.9640817225398086,-9.103938777875415,224.28130207692604,36.074925465247574,18.315196602701494,-56.11068420807727,1.5668166254259455,2.3835867364664374,-13.55823620309929,-3.610878057646508,35.575360250401275,-48.35278880787336,0.0,4.470832259141275
9.006883936763225,-3.6280271041661636,3.482354164075604,91.73747083232942,16.590633532413335,3.850421365404917,-35.41736174917508,-7.749299999876099,-1.6245146368101444,-117.83651516310321,-58.30634621312927,2.338791786243844,9.433796318816034,-23.49656959457566,-4.58026629379546,66.06607475766782,25.779593453403955,9.954689656842241
3.267260069530534,-7.023973432816627,9.499558888233897,148.03964223468677,16.6123264101217,11.887351965853936,-18.23085108681821,-4.858279192484689,2.7793286386209948,-2.529437287552359,51.2112257491552,1.5436925100202383,-45.550523723508185,-14.187591378913044,-23.411098817059333,-51.554725915998524,-32.22544971935677,-15.144128895036424
-3.754879745180543,12.30402720992793,8.439770055298093,31.158610495822096,-2.687708942074628,15.783589725948781,-121.62840425756657,-29.85808879953612,6.006210420481051,79.36613644054312,64.41761200603733,-5.3553323286131285,33.8876886193339,-2.7759976701471296,16.197848521159177,7.0750421693120735,-11.419537539226706,33.1476283323729
10.605412895510954,-2.3138929235554406,-1.9883941018189337,-27.02147671256998,-4.539879601786658,1.954302264925602,94.66787019863825,25.45722984915438,5.5051245646083204,-105.96555678296119,-14.312799205886769,9.147835263056244,20.235488282524006,-6.681853139804781,7.0677102282678135,65.63814105997413,24.01045404895475,30.70808592387013
0.0,-10.707932375423145,-0.24202065494374966,-7.159827710926265,-9.861024301989197,-18.757044705287573,86.9738447146271,12.457344880462221,12.36166093398539,-153.2322571773859,-171.96410031776261,-4.8785225972873505,-59.466066438434325,-0.09221954750138456,20.915439245856586,-67.85811155058599,-35.24191840930151,-5.948724257492643
2.031041121165405,2.208225770189328,-4.88632697281183,-82.31458394172327,-28.536639834922497,-27.521140945306517,-19.23285894980657,-1.300304742023276,-0.30508633633041254,-54.25889851223994,-104.74852861962893,-18.379134882224385,-32.97464840727142,6.922342010636518,4.079903134558058,-22.552106237753318,-50.411248392650236,0.0
8.861074841968708,10.291835899159373,18.293936515686973,86.38805531643222,0.0,0.0,83.5291979974219,2.2653013043341197,2.124719237296531,59.008834461934676,11.0839951920139,8.948409183773332,-76.87670756238418,-0.5721251183298793,24.72726371710744,-106.27971128041278,-61.250719685604295,44.40023825469116
0.0,-13.61233688491649,5.881726219003439,-86.4097383497903,-4.249543178537889,-20.01083967419157,174.92036584771293,12.428830525678075,16.25672117638608,-249.76913998151645,-83.33295420528788,-16.32822044482958,-30.91404212599904,2.925562352653381,6.100366534515672,34.70787337570274,19.831408201431042,49.61833139290431
33.322798824020275,1.2435874216754201,11.580521105280898,65.57868649811178,-12.669091989474492,1.3239898007100146,345.15933312868475,58.16026976327177,10.85692562225979,-64.16343601068927,0.0,9.369145507243015,-45.98040813691647,49.08949622820919,14.977420295082306,47.93581263593968,42.74112009811485,-7.622355525480657
-5.770713363166269,12.20619910332789,0.0783578813379649,38.23275586757789,-6.873133484422779,0.0,-147.3042653528948,-62.25118660914204,-1.9279655796294057,-3.0652531222604713,-13.661615255423273,6.8813007153054055,24.471096006314188,-14.404428954833987,0.9678426202196586,53.062036697999666,9.59024393138937,5.1216642579363025
-0.16215897346476937,-3.682291937759369,-4.0829371589689405,-208.30664345435994,-48.90058952980726,-60.508975033243686,86.69387232654985,4.242333799617514,9.373512838980112,25.768814927433922,20.325776320352777,-4.867358050648241,-23.42443946059049,0.0,17.450889204532714,32.74496284169237,14.855933645499709,-3.1297985143795017
0.0,-2.3312956567207204,0.0,-15.385112255138804,-4.990068055230372,26.734904960212287,-84.21535128782453,-22.04555558621634,-3.953075238069916,-82.41093424028739,-124.29055777192602,3.897671908740685,-23.904397604283645,26.09860537516037,11.210735967587464,-15.894933911526081,-49.09241149285624,-5.653870365827345
52.65151414467985,23.999435104686313,13.479733189422369,53.37014714096533,20.08554066738395,10.46903142620471,68.15466495879505,36.40238441272065,19.78592791999127,136.95247294963394,63.57385736129975,-6.2865587321021374,88.36668063997256,18.80218893878262,34.89047595043488,119.78717703078267,103.03983593506882,167.190536532205
-21.22253369181996,-5.699031176330463,3.561215237199469,-61.078909578270945,-13.788726957167924,13.405893497466431,-251.0240343246482,-15.236573057207709,-6.268405652961483,65.69625734769677,44.14241138522845,-4.098304026024306,-18.079461677495868,28.720276829649666,12.13509116716228,-132.0775253195353,-36.57131285414708,-26.453196256439128
1.4423943746947434,-15.986007553949229,0.0,-22.819711663080447,0.21252595845063862,7.637860763410866,62.54733041301448,16.776814729722084,9.753480754370601,-231.8621131187685,-112.20288635975066,-4.00442330592746,-28.294707438376353,0.0,0.0,22.105904947336157,16.474684988162174,4.004271801013886
-20.900466630733863,7.280817410872031,7.415449342395951,-21.102023811976018,-6.528541189158529,20.639551400644116,-64.01173775356135,-14.70835514928921,3.6312043359963675,89.35804743263735,23.194712557840013,10.758679355679536,33.77255211700176,-30.099863773676947,-17.328143201954,72.32640328555583,17.59283001111676,48.81465820667462
0.19798389272130254,-5.737183187876341,-9.364742507141596,78.6832454476876,-8.373555838803517,-9.87188745744966,5.215522768551388,-14.590244676446874,-9.939361102058673,63.683307299472105,-4.626650592837484,-8.793997542456763,-58.705798489227526,31.49666895142461,17.967470408219576,-84.07430415998842,-47.63730178296697,4.8383760542815395
-11.402580895251118,-10.378990161216189,9.521485987278657,-44.17482778239216,-5.78306081237113,-12.272941389156447,-90.29201173901963,-18.381324651658062,-0.6949751515592062,17.840418407839202,49.49768790294774,4.3869915008983,-43.22314789529327,-4.475350940621354,0.6478765725877946,-80.28839626391115,-15.15848372075814,-11.600670229819656
-27.188886660674918,1.7769656494139447,-2.7661518785729773,-139.57533853265377,0.0,22.678597080393487,-288.5941334195807,-22.763962139170633,-8.50157659304171,37.88529132142624,-8.338915594001488,6.000601683396714,0.0,5.4292317539785175,1.5749256857734764,-153.71745593074667,-65.32513295682206,-15.509587028492888
7.061164257718667,-13.98436801611102,-10.756977749015102,-211.03460543018858,-21.97376660714642,-49.16587355854911,166.85553426889817,-1.1133093680926331,19.54426431449815,41.11336819699845,14.555468658597958,5.776657630874695,-6.56450028881937,-1.2032242839540404,9.456471900866953,57.129171182877336,0.6236168612298801,5.282433333862546
15.626531801232726,-4.822909875300324,0.0,-35.779769370929834,-4.196449224258552,9.009438791615308,168.48562788208994,19.47708578941129,19.4975198399765,-123.10998961021777,-137.7155478781044,-4.664206833974218,-62.29650757844801,0.0,12.685694732082176,-39.369291259402644,-18.378709969124,-14.251153126928102
-1.2901621812913817,-10.433104229324032,-2.602590926606493,58.638541964758744,-9.367649127148427,-4.374947831172724,113.38024674569421,31.42081625256385,7.869687762019667,-163.21405704844491,-28.405804421795754,-2.5324094440324725,-15.528099583113557,-4.34817039411974,1.1946623372907617,34.739637914437495,47.89140528367475,18.72029787211443
0.40466165132866827,-5.196722795773125,-1.6565735202059608,-17.78802268001797,-9.784557733639579,-24.118603253421597,44.56812903504914,8.688478145638907,4.421826648353929,107.18506680639018,28.8322194297571,8.19366102290736,14.566283824680102,0.0,-5.9324923784589165,62.902768082986434,27.886115722215695,34.60187285686666
-4.125340908040651,-5.583530498765125,-8.929057488772916,-112.07062785613195,-4.892510750998623,-10.772186954360237,194.78698730169387,12.732096071172606,7.904328985595774,14.66951176520619,-26.261865838009495,-0.5541364005365063,16.45581390307896,4.313747301276915,6.158618952722341,92.85856407012977,75.33476807910118,44.97812868726845
6.8922004519975175,0.0,14.356421012404864,-43.496402167059856,-1.7453297653740034,24.15989000548845,42.999408250810966,-3.2577739520763527,9.757760074193037,100.80327080867823,96.49859925351107,16.652438117679754,11.872685487122846,14.027020105780702,6.688429819465241,-17.563358661516226,-35.157682882484146,31.43332203069542
-21.768136932931878,-4.921027390755322,-23.22818922070638,105.81782410480298,5.600707730292079,7.727727036413046,-170.66629628974533,-12.146000941645145,-10.068179465929516,105.27023452035762,89.24312087283633,-12.696393700376463,49.59147736090309,-0.3151365453367194,-14.344739750045736,-18.20998159533856,-43.05058279704225,28.101737654978223
10.55740493463631,-11.111378959050496,-8.50692761785913,-107.60914413566711,3.5514649589267178,-13.432429170478148,190.757575847307,21.4606940803492,8.31639562539218,43.23112595465974,11.059964284515589,0.0,0.0,-4.416822122775358,9.804801756520295,62.88430927116009,40.27595600623043,28.999689365764937
16.974744609439014,-15.456162362902305,-4.972761685739054,-34.43638890711191,-11.979354577237176,-2.873493757917084,122.52817685540572,25.157011070761257,14.997548738946215,-264.6271121738261,-92.73511176838286,-8.663087778260417,-12.390778386007808,7.490030396181112,13.522916402844466,38.74959438392224,28.246351698867795,7.445040496837237
3.7358688728202485,-0.9098531514654363,4.119201884421568,73.4605262271151,-8.305922031870917,-6.492434272507029,196.24682377442093,10.24137245049958,6.7521173612988425,26.944061882917055,10.310787161034977,5.108017457367236,9.263914819714426,-17.355239360954858,-20.529067573585625,81.73554137987247,21.424481902809905,-17.57717615797236
9.32095852525278,1.457739814459032,-4.927354799281672,27.196720571871253,-8.409655616361263,-11.082272229862093,135.6352617502989,14.212252600512626,-8.773625916097613,88.96324000507971,36.86230509349642,-18.57831633232644,37.012982161100894,-19.386267993867424,-12.511250718843755,57.06679649116045,3.178789927354416,4.920852931590389
-17.06851311885001,-8.007217136508734,-4.694058463831613,60.726070499265084,-0.2340131402577469,-6.036446605052079,-92.03109992737917,-9.185294029842966,-2.8817461752004983,32.7974817351999,50.916274438799604,-2.3342709394977406,-37.28699011324248,-2.704833318849303,-3.584201921424597,-107.07100198520959,-0.508166234325986,-6.2172047590518105
-6.139658850507659,-2.1037232116731213,3.637764720394778,152.09320278047517,24.84682413894716,17.122827893640025,-104.71813926270117,-22.905522559915394,0.0,22.092746487908627,61.988720663613,16.0652669930784,-18.89973355203389,-9.789164502830191,-17.123108297308814,-81.00783914929652,-44.30822353946004,10.312283837244713
-58.0558328073259,-33.30450952785505,-12.327943068118651,119.0945093296508,1.7339296276656886,10.611813703262902,-345.8927362239662,-47.07823321160814,-35.312654658285645,-40.67243750962073,35.71114882531941,19.643520050167293,7.5636903146042105,-6.091384086102184,-7.112811075850878,-123.06786305758543,-100.37881658422343,-62.71269999957178
6.482166275864386,0.0,8.87987891071328,90.07832724519838,-8.412613435418836,0.8339562829407976,-9.918400202942157,5.517388487822416,5.160891685330871,-31.806299982899425,24.88143694691158,4.936691195293157,13.37506228276241,-34.42868004171576,-21.901133381106124,76.66078847916353,25.368609683345003,11.904372549321607
-40.567166609248005,14.278830877446476,10.019365832829923,-140.97787758422132,3.2203369447105032,15.718559616367255,-289.587756676067,-25.335137193982856,-1.5501644486166137,-14.862049228029013,-1.260206170067168,1.7575636346212822,4.896149087658347,-0.044720911576923546,5.243420432675217,-149.062545830434,-58.97874548191345,-14.953901650590296
15.795183045435603,18.09583572475358,25.012840110977645,-48.47810785485419,-46.47281891507408,-55.35800198001341,-12.141701048029004,2.796767382133689,4.586246463048256,7.8481711296575405,-14.141511856116514,0.9811774921778038,-18.817552869481844,82.86808745504679,33.76554350432193,-76.96410521873572,21.698631115157838,8.46618178618607
16.072015775739903,0.0,5.452612516708191,312.74963711021644,22.178037277673116,-22.08882194482993,108.01313946160656,7.674082849933986,6.262158520446354,223.59758233439854,137.6446138596868,-9.957514904227777,82.01867802806346,19.231211935172265,0.002734041685054855,71.4652693389053,79.43404301837735,29.869327752625395
-5.86989298433013,7.621418969287048,3.468997739407603,-8.28728813136876,-6.549226088789006,-9.586380013063508,-161.83555824693326,-19.545121494794174,-11.7739275796004,-33.23674360758377,40.635606477645915,4.2338424896472615,9.613631973617444,4.27321777408239,-2.5436469095959513,-11.260861680969075,-9.509369889378378,18.898089377246066
3.4752219228212295,-2.064709974669307,0.061561891962836075,-74.54341499354317,-9.656824287876278,-13.781149538769089,215.45729463377455,21.448547821242666,10.230281185785516,104.76811763506322,14.18598822701414,7.779578433734013,11.736192057354591,-9.402436191902753,-13.04253384561657,97.10971307632359,51.46968109489458,19.347639563914413
-0.35098877057149586,-0.31807393422703534,11.287166490495066,115.8820401245283,7.454283182163181,13.640597355599851,-30.048071894432184,-18.421692961061243,0.6705470426539784,47.08602740422982,15.985823049403743,2.052402723280116,42.65776894251637,-19.108586246146874,-7.1036893517283115,67.83425740752186,10.612973694229817,-12.672675822918961
1.7733232916992088,-6.546349907801155,4.803257362622849,96.73535319182012,10.866367083759947,4.841994275576338,34.01307136186445,11.673450748885825,10.345915826995311,-148.38300035634578,-78.73946508845246,5.460235352528377,-27.115773712224794,3.1871093198719143,-3.2827138837999934,19.740505527809574,3.0018202142536574,-15.56001293579358
6.514037997225492,0.0,0.0,-98.20298462005972,-13.737150696392822,0.0,-123.37484155372789,-31.274006250781216,-11.990095440819719,-91.02485420817496,-79.74044803464383,-15.544294326543795,-21.954316874681645,3.941257338141446,-21.541818476821344,-61.09544535802987,-30.792274995390347,-25.20260782588275
12.35973527142134,-2.6681473919937093,-4.890303731174134,-44.83223682906775,-6.2755422224473065,-13.702590009657282,149.8064355020377,17.451745487910703,-8.071158708051074,4.969411709382808,3.330738211378872,-3.2582183697103253,10.97454959335758,-13.081922858263415,-15.79687811650138,81.21399581679691,28.88955672072978,6.376330444104212
3.8329091395002677,-4.867912643340396,4.029105071816927,173.62872348191087,19.761914085023395,13.809133988764426,72.01315658949693,3.8061624286888844,7.322113610352051,11.907556868752097,21.52512484038122,8.325095646894171,16.995896049681964,9.274854682636565,-5.227432445015297,65.00424184530065,24.32517517372268,7.341143317126182
0.21653761464811014,19.669520397377447,10.029428059176759,-6.73148659796875,-13.41886951795445,-10.326841940342398,-215.6378955529754,-17.49705014183099,-17.797820575203286,-16.885054042577046,22.67035406475194,9.94499814063665,45.09460188218406,-18.296151703543853,-40.70161865600451,-22.711489798487776,-7.610290041879703,30.30472078029453
9.46777047394648,2.045331179813423,2.4441354643979536,-45.144703344983476,-14.342206440031639,-21.99991542483793,-67.06286863030564,-20.788658044924805,0.8843938242367673,-61.37027533741138,-24.108667130891064,3.6725300613677754,29.816726989329066,-14.592141550285497,1.8985308720103502,59.5304154376629,5.416310218167632,-25.451785372244956
33.746907607787946,1.6543647168466684,-11.000803299820012,-53.576743405762436,-0.5969508224801489,-24.670895468218,267.817953941312,20.722813865590524,7.710785201849898,-91.09384018367334,-37.513479992096876,4.082529034217442,-6.415335813399655,2.440924166095424,3.2895957900644035,64.16399349411304,45.77443393806914,4.851134574258737
-29.479968572056308,16.609671221438074,4.700205214489144,-61.20326532077802,-25.06604985883854,1.5816167670664958,-311.2235697407599,-23.876476515107946,-8.50754556475904,19.855978840875867,14.76014743291446,-3.9233714012685548,21.120927154258503,-4.026257494668825,-0.5744377913851504,-196.72675797876326,-33.59482686455551,26.25476913470709
4.392441692917214,-4.98544372815957,-5.2328418739324745,-207.55504857417276,-45.03016969647052,-59.65631267819439,34.03336530828541,21.86856982070824,1.242764067687416,-77.5989574935567,-13.503302863290031,-0.7396600133177903,9.142084258095538,7.238680934355424,-3.6642981665701573,45.17002566500971,0.0,-17.384343921090874
-1.635503988803345,-13.32273619270925,5.4174321627779705,-231.45570733548013,-24.041681613051917,-7.596883477031295,0.0,-3.530090940692113,-8.34694019573843,122.01199532465463,21.49433079775145,-7.4292784806677705,7.797222171841791,-8.789448345729578,-6.178077831654414,15.555974271462786,5.728792886716208,-15.693708378168083
16.267192622036976,12.806494613699728,11.713606785034404,145.20554197113034,23.879425175755266,17.944112787100412,3.3422078705615528,34.72933704436208,1.1655855511707536,-59.14730028950537,40.63065916874102,5.516197975434409,0.0,-3.145671232414526,0.0,71.53843352733786,19.79902176580215,14.040487235399496
-14.719116722015773,-17.285510154651764,5.282595453078195,70.63829897491266,-2.0939348533787823,-0.07505950210573388,240.72970120803953,44.849625156579506,-32.00845805674059,-120.70944770272052,-108.58604369436884,0.0,-85.39601562690157,9.941027925829427,11.60696600089058,-34.877085677823025,-80.04026027384039,-24.104302274119775
10.688208743533789,-0.48258083384802875,-1.642361844237852,-167.02315213693996,-45.2487009950665,-42.43444732665107,88.43726547675774,12.942061657787537,9.497383978915979,57.16977247931742,28.075953768940867,-2.013764189127611,9.87354580066855,-3.367784311834712,-3.432959224504153,87.81224294014284,37.98970292480127,45.41524886827618
-14.488597170923704,20.135106448785592,12.964372826626988,-173.74845483304864,-16.336832750328227,-8.19526608102769,-242.13360402150502,-15.38935788084476,-18.56437576252864,-43.308684589813154,-15.931531668280762,-5.030719100561001,-7.053351559652733,26.43013025800674,-5.439144459965716,-105.83704599993958,-61.45125103485117,-40.948163592489436
-2.002940461823364,-4.807994414185242,0.0,-61.22671060970794,-10.821110543277074,-18.042497641044072,233.07162316449643,41.21914483832029,5.752168817088949,-203.84009515368692,-54.4339991031926,0.0,-42.41115250646411,24.172928096390788,19.013313305727166,14.964616529021663,21.94720688983301,-2.551600060696714
-6.742577935560695,-13.090919374814362,7.533629995304524,-22.9247821580728,-7.084318776336175,-2.8267980500322376,62.35040713342815,6.383494796865537,4.355404005301979,103.92454707414569,22.422362036490924,-8.801559372163194,11.304077271655457,-11.69903183503885,-16.377274436966403,45.99595268397229,-0.299165534219284,-7.292142627992206
-13.182685884437795,22.16061443866072,-6.062953717628968,-115.96624059104235,-11.932550019414435,28.829193382769006,-185.85939554076322,-8.830537505012455,-18.59686280030168,123.16074968752636,30.53536299299734,0.0,34.77821936979833,-3.8128003598337257,1.0969794337986059,-48.5810547307146,-27.11198191768392,0.0
-21.118706881045473,10.724887778963918,3.0563943774051276,-78.43920482928016,-16.533251788157095,-13.374078471541715,-118.99569290463954,-9.954921962383489,-9.917946202615404,59.98029140137124,72.2523163253726,-3.007740445321184,9.623652565663111,3.742220474631328,-6.144410064943353,-47.01007384291349,-33.62227740629822,18.18500706679592
-2.5994041481705974,-11.858186858546258,1.4277353781870104,196.74167736642713,29.058617389580245,-14.171292961029026,73.49181627378645,15.157817031188033,0.8766015795890589,83.20660817076315,76.40557683543375,14.965597761414786,-34.832973496344046,-21.2441863625794,-32.65132599795797,-13.845487303933744,33.137133238723976,-7.031071048258241
10.310097862347972,-7.935782401155936,-16.716321263523326,-161.12979695773174,-17.51050178304316,-23.998555751976,152.98312599936872,18.936303077791116,-2.6593953208662073,-11.52758754699697,-0.4923418378411171,2.619433501643383,7.3649232586363516,0.5485134203429616,12.089860742692323,44.53509943246971,25.25363112608165,21.69931309032387
20.901297522301146,1.2859397096046008,-4.521315131039464,-26.79764780506398,4.055939584067876,16.944389063325744,119.13176939005207,22.935602153464274,7.318994465488169,-27.658311309932976,-3.1795958021805713,3.6809346326705916,32.39370146100699,0.08719397470699311,1.817346142145632,64.11367279390248,48.650264981957235,35.432263987412625
-5.914367569181864,0.1467778276405115,-2.855492530696711,44.82787348706407,-1.7475258694295874,3.0998326688237103,-184.6322483121732,-44.695872748525325,-3.129807026459702,-74.98149435551593,-79.54715583556474,-1.813132644017535,-26.946474018670152,9.230757190107742,2.1857211744077385,-140.07995964708522,-28.792464312471015,-18.728882739100072
5.6460757203889775,-1.051015621394662,4.595911417755708,50.86282520110226,6.921419199127641,19.682395301087816,-35.365915883472894,1.99694470868595,0.9288726202856452,-52.196462038722274,-4.466515302253872,5.052489038319147,-27.23354459868339,-11.737159107307978,-16.57476387772834,-32.585098787872234,9.436960716037092,-13.075995250903432
1.8776501606473444,-4.7521652645743915,4.87905525876223,10.077932140480982,-18.51036424552965,-4.562031416580011,149.9132197361898,3.487845264512864,5.268664511174775,-14.20439592408349,7.872314716041857,11.053077497726626,9.07307114733759,-16.506913520556587,-13.474279324301616,76.1235692540468,24.685287502290322,0.0
-52.518606889458,-18.97664565256089,3.0071365589674586,-34.35796266962132,-20.213370243235094,14.447431546719299,-353.8003975905531,-15.263300856808952,-13.773946391480209,47.94914150911639,41.17258949645635,4.526430367190817,23.9813788994547,0.0,4.66933440535901,-148.08174108786577,-57.3723769539497,0.0
-20.58841143172582,4.242965168186731,-17.536689460921252,44.02294095746523,0.0,-2.7350671509044653,-306.7952681378728,-20.529606829517906,-53.80474831674467,93.9766193577108,23.84074088367257,0.0,29.884582942788025,-17.25682585126825,-14.760547696224448,-136.23839982913532,-10.817224802633326,-4.787908332304198
10.74611680272242,10.980041947356376,6.129228743490794,64.19941947880552,-2.710399787329729,-9.415050957988353,201.96979577488227,14.052259004745329,11.37823241118976,24.753863364833418,84.14362907110721,0.0,6.99582577880439,30.317722861932634,23.624965421694117,-76.38631810410101,42.066107110931256,4.111396666442715
13.813755950188028,-9.341941995478681,-1.1594818046505821,-54.20665734711572,-7.3700544276854325,-21.145318048750468,92.3803688283593,15.771486100809229,7.033339944221283,-18.37408334783395,12.998179854013499,12.370741267202487,3.688060294070681,-10.767109070980657,-6.38922838123946,49.270737777526044,0.7940189315574478,1.7991111047820425
-8.620933659554959,22.06697847740082,9.801093422108638,213.40512132762265,25.09446294375601,3.1087657667063624,-42.8985695095142,-45.678243177490685,0.0,134.45470093116415,45.31708135732674,3.8491928146259684,45.33398278086405,-30.32309101999109,9.31043850280714,-38.72909563109051,16.20056980634079,29.934688418017345
-15.320415390513613,3.8725275983267786,12.321527624366434,0.0,-7.491941471800919,0.0,-198.74516588852245,-14.250235277695825,-1.2097175788600207,64.69201154131001,53.76228248529414,0.0,45.98624460953081,-20.44365320566133,-11.967308691161744,-108.27694641795836,-22.545082982701082,28.955240596122763
-24.445982152585096,3.39529926640735,-22.797573614391975,105.56744125416434,28.845133886324078,-4.899120450365576,-357.3628345828309,-36.13256397272049,-22.700633298546666,101.4982800818735,40.00691302161062,11.549400488833848,31.974596187853994,1.1017838271280325,4.279864912211882,-138.98425934701314,-68.3715293877443,-11.010099922753511
10.703184161126526,-14.809016050667164,15.171794485274464,-18.035569805690745,12.274315460563091,28.54626168346683,225.2212077372744,62.059675581694165,16.067863822143,-240.24474135446158,-64.97310162594698,12.920544661041616,-31.0990661116139,12.73144273703131,21.95716187915672,20.178430140082508,32.808395924618566,41.35381307351949
10.854969200632878,-4.860858442538241,2.494809560145198,-2.4087393545409004,-1.3783070719886388,4.231307787516579,234.88026522546753,7.124515746187087,5.2199164574532935,-135.3146672163979,-42.61415159876018,9.211541253598217,-49.41464349630248,9.693335952014895,0.0,20.291694146597454,34.52027012952918,-5.751231640903541
-8.945147733922877,20.300766148902323,6.037934415360336,48.33186305161736,-4.329285402919474,5.813910968624827,-178.5513020306641,-36.05157998479655,5.96839211310177,87.38990384153847,12.530008276379935,-5.959276662827036,22.87914852127319,-9.769440698793312,-7.1002474846098185,-16.881621450785904,7.108765807361243,12.451746459795253
-23.46253074834502,20.619609332256868,0.0,46.810446980789436,1.861446387174882,14.708231364867931,-275.3426950184026,-40.216893532174126,-8.428859781904334,-71.41010355368604,-15.256745991425335,9.096947803950748,37.25683740657532,-22.959292840257927,-8.330258598800732,-158.04240258899165,-11.151666308796818,14.364808542368166
-15.981493670980448,13.551883960276339,0.0,81.04039414293335,22.166845405559243,12.575912812320682,-144.87185220548312,-74.15880119840902,0.0,-9.959027906678758,11.93143919034534,-2.5091900998940577,16.887900768454987,-20.358015349181812,0.0,-10.856214282112235,1.8374673546743168,0.0
10.515570857103848,-1.7219855010091785,2.499515828495446,91.67688739112849,7.498074681803396,10.88173070415737,7.6453713847459905,5.416283320532162,0.7815792394676514,63.31807389108845,29.108727833449475,6.783398639864414,-9.798256072097605,-4.240990543791733,-19.200746859554155,-34.628751171748306,29.194771105655875,35.304575291451215
3.245983725529794,-15.656107076726025,-8.27967638193652,-125.83340895693196,-23.439090880756286,-64.81037672485927,151.72449342338803,18.697138123368696,16.304765898651322,-51.348278913292674,-1.5293429116723856,4.669616635783948,-23.34718320326371,14.932346636410253,1.6866509923840338,28.86329272720641,0.0,-21.50935411749903
-1.6866320652101843,-5.0154139093656385,12.560027323005514,25.214249218722767,-7.500682055262023,-5.035427399814171,29.136945399885935,-5.718503404102276,-1.4590169302513598,68.87392728857198,43.364183094059584,-18.361234656111133,-50.8321460477769,-4.918397347955915,-13.744902311611586,-77.41841732885186,-6.711512892333045,14.459197259691077
0.0,0.0,0.0,42.62468520262445,16.32209137254442,-9.513475525431197,-157.40478167339714,-50.43030686213792,-2.113008343089407,-53.69931619477232,-120.56361948881988,0.0,-3.2796441111328902,-7.753066637073358,-2.3597871735386424,-116.63100390322836,-94.68513159368344,-62.458603261262624
21.739801778682615,-6.006541309849716,-5.244329737045417,-100.79212499719276,-4.793468337826665,-24.68725990816346,228.66154975275933,24.821452414766977,2.368171506307605,7.656910150678318,-8.26838339794426,6.285293480792587,15.449376660493083,-3.31890459582192,4.167628701291569,102.37103375598372,57.67462824018775,15.862092581667241
-2.9107925626903763,-21.90726072600261,-4.11394822571043,73.16279955729323,-4.61999840869959,5.090610416274796,89.66838775001825,19.871026103060583,21.39810650595779,-163.83794941669623,-99.59457379447184,0.22445959268611024,-48.95661019667369,3.9276368069563605,-8.081621923173442,23.30265879534774,15.099207310744996,-14.299216278825895
19.828786310848447,-5.786025743517782,1.8373831175797248,-66.9730500374005,-2.2897442542313837,4.299580546167449,169.46552823131464,11.686645084829225,7.715731138028453,69.59325321764989,37.961953737479114,11.349659964436997,10.166000940430212,-5.09955132510843,-9.247599619903694,66.31274933409824,37.590887078411775,17.971465855528663
9.555111278034452,-6.312450846909686,-15.677598707094374,-167.36069719700828,0.3728829588284747,-9.77358775834855,234.28367092911708,9.211379959827081,13.909035278204136,30.605415278546634,15.536179459097955,3.6997835380024475,-51.74501752811207,-2.174578568180304,13.456668808542856,69.31419871855877,4.430526073635663,-31.337336485786068
-3.864163817422941,-2.3818814927778362,-3.912870789339999,-23.51625614611815,-9.460081743280611,-8.248115954073006,-10.09978843621183,-13.186467463247736,8.132460107308455,-160.8355910498958,-41.71086141464228,3.934823701332296,-24.545564041175254,0.0,0.0,10.556574550155583,-14.40702194794656,-13.635073148669562
8.825249718041349,2.2570915088574797,9.30465583534813,130.18925328397205,7.522681989673069,5.223200980021919,184.17078870233988,15.17921385985052,0.0,141.3259073784734,64.48001273048742,-16.19922577334911,35.684734329694834,0.0,-7.119373958075126,108.80572906699666,57.8053746148585,12.132371702059004
1.4269730563567085,-4.738052011652878,14.36935980046674,18.796720114331407,-10.622454533482447,4.900567901187675,13.29459349565761,8.753945026252527,-3.2482306877348543,36.8500658465924,58.94327012143344,0.0,-38.27931900804939,18.76795782820689,25.81064503169127,-43.68362050082822,-15.49572673587439,33.79323672583804
-1.3996209901061665,-2.7805200135990473,0.0,122.8260594336066,28.479285908134138,-6.9264713396013295,-0.03082364527031298,-2.3239230988290633,0.0,81.01404237214811,40.156072970786305,0.0,29.01254066690205,-19.99869636690055,-7.563597582442645,34.15941021735706,-15.677220407982572,-2.6844447940869713
14.345655897378002,-1.6721473149714265,1.9708305455121515,67.444235673601,-4.11963786800162,-6.167728977936572,14.31663382311586,1.6457102854889085,4.935624779097971,87.49744591901232,35.23894877036867,-3.3888636438677326,29.77036515435212,-23.741230102933265,-9.6505990878878,91.36949850038494,26.323751895837553,-0.9135104624830888
-11.253713769229659,0.4189659193155159,-3.464001721680315,15.746827528626921,-14.06405711777243,0.0,-55.797676214464175,-26.760521310703915,1.2683855891394,74.23384495131235,71.30385663892733,8.708035938011605,37.972208245573405,-11.998918861875369,-10.89492971889359,-42.062963557018726,-45.396521984597904,31.620865782021028
4.981764360685532,0.7658977694632111,-2.9599666617403266,54.29681644253221,-23.738192864095325,-7.411432915456594,132.26404878303765,13.991874283010596,-13.513827479678575,-69.31438433936636,-16.945238280588207,-8.08829384164813,9.971330820501336,-4.908567071377638,-4.07458422050921,65.37258340973015,39.61166574737678,1.6167880566204076
6.394371515958398,-8.571073242727504,-4.6410806499881625,49.207055653020014,-14.592659096120142,-6.628041139431767,158.29491854456046,19.767188417172203,6.770642186690189,-107.9266005421086,-24.872644926729908,10.220541829925454,-22.336312263309118,6.876194111558891,2.751656369573618,40.647122279783616,37.40270667181433,21.16476949521433
-26.656456320705768,-12.946376750790098,-20.61120395042386,119.70303693902912,30.119970458048247,-2.219867282595482,-170.4173041546357,-16.406599853649485,-21.332825828218706,56.79743771623663,35.03912370427221,-7.462052164134878,18.54432634682066,-10.837996560849176,-15.451093286375345,-91.77943342518867,-53.74554183457269,-10.146792796227345
14.204222506451048,-0.640372653771861,-3.656376540695017,87.45768807888822,-9.11614077674337,-0.5881112394353424,35.57540667893801,14.041362300645687,4.704072543347534,-50.86137633920492,-47.02719310954574,4.765770178063466,20.851938315925125,-11.60129954165436,-12.92022564401829,65.4869227901034,42.92533256528639,17.604114547311383
-29.77022718636993,0.0,-12.801566608435706,124.27500733339876,8.044081449320588,-16.168776032539586,-365.34121101903503,-19.731265893942673,-10.110113264338333,85.79159253842167,48.0723940821367,-4.451364184368446,-3.1829506078389245,-12.949775190340244,4.806341239252495,-194.32254551350454,-111.471207842678,-58.37881121567466
14.394687996865077,2.8722144484053382,1.0905419643405971,-249.3034433752281,-69.68284523966341,-36.85947686965599,12.886166860251818,9.946958810954344,0.0,62.40066957310476,26.97519390518978,-9.051441734636766,8.180572146637877,-8.262134601856834,8.23050017369994,105.25388655363244,68.84958442037414,72.70257240108675
4.438694323427382,-9.844780485615532,3.8604092313711384,-101.40134768747765,-8.745354369780172,-11.728401977663408,199.9175129991905,22.688713399239923,18.66584696015236,45.05457341221374,17.536977249436617,0.0,-6.278097593702483,0.0,14.217233817492984,78.91179776944661,50.28241737167817,21.736210031776864
3.492819244391443,0.0,5.330679798530586,-44.63894465293772,-5.291723525959924,-15.483688809406512,-100.53369513398812,-37.462714694633306,1.801405315498002,-23.737656745259333,-51.38318885442678,-2.7077483127901827,-35.24983703715847,27.471974058397706,16.190091287183833,-117.00650181740416,-29.95511293097512,-4.257046959742013
6.638870466853431,-5.7296429214482885,6.865226779118962,46.333335784215954,7.288069364508508,13.330680171313178,-80.29054180407404,-15.15843730679914,-7.35887490150197,-90.9912278444221,-120.93653750759863,-13.721465746982245,-25.07414123850197,0.0,7.21709030146919,-1.4326393200786947,-46.972093571160286,-9.109253377045661
15.617926737092434,0.0,-9.036979692290387,90.31749393409028,13.00512098686222,8.567343531877984,-59.975255884373695,-8.198265636053462,3.387608225093778,-50.17226137318256,23.020231250305205,6.377016172315039,-57.76816871834956,17.32396075251465,2.349056772887697,-65.65264542916172,-3.341249448495615,-7.64917716017473
0.6083230283182187,-2.8310681103311217,7.407660537989468,-9.852197334430421,-1.734288450913206,-2.185846571704793,-42.720771778762206,-15.648882265111533,0.2931044089235715,89.80417360179288,28.28603074448069,-4.499424530281323,2.3205478008850564,-13.446496063821684,-4.760408555984684,42.801286751769325,-2.599222690230776,-26.763941959352096
0.939162892342396,0.0,0.0,189.20699196867002,22.6481869355012,0.0,155.79016107892505,32.47640796259369,17.549912119489747,-61.74211394204827,25.36426470876764,16.764367898662925,-16.85373459615846,-0.32329729792831924,-21.43900241316813,51.41162014841023,37.666573112038115,-19.00508292735526
9.157481119319893,1.2314333495752894,3.4871998707206084,140.27191446209636,22.872171604437465,8.372612681370741,126.7978347731176,3.774958971790282,1.1048396578266513,87.33679266675996,34.2426820091871,3.1309582930210023,1.5840677134225274,-43.6575139012023,-32.297236699394674,92.97941757431379,19.421449897665987,4.933972728700155
-0.17368552139875906,2.6652714624884957,1.7877910608569587,60.026872980067026,-2.2604596351151898,8.572420563166563,-42.331667162768085,-10.87643601239515,5.615180233190106,34.76255654928056,9.164588894475674,4.441314699790828,25.42801885625628,-16.083332340886326,1.842706205046078,99.30211613337597,6.541220453754258,-2.133629876459679
15.29883191581094,-7.804576387922757,-5.204791870811943,51.077179076945676,16.50692528082233,26.034387762468665,219.70081016697497,28.617136483040404,2.6620518765008776,-41.92606864496861,-22.717315664477773,2.851134563986702,13.517049803702061,-5.768753480744263,-10.200505837918117,100.44612366310434,53.54557755501891,-10.106095650663804
-0.07329283610186318,-14.870759766323175,0.0,-77.4394371027832,11.678848173915727,24.860552199909925,247.4440523488685,23.796178104629558,2.09009711526326,-141.42475408984876,-54.68114166795145,-2.8476567428770565,-45.256550100633504,-18.46054332837326,-13.879331500468929,62.16895507835498,50.02103884657297,18.8674135060795
0.0,2.010210587357035,6.07203849714154,100.72194132719628,21.01066154230963,18.88294801367261,209.56084377453456,27.120662216167627,7.7409889321218355,-23.149377167094276,-13.916019753324608,-2.270540541890872,26.85205614593156,-10.12173183746493,-25.270270112450387,147.81585222811998,55.11387522933388,-30.080006066937017
6.305168027567365,-2.082913543243278,-3.2373224405521928,-31.96526650029892,6.2921416779888455,16.993332704784553,141.7572719940397,27.380219917029844,7.66263426702828,-80.06093241660064,0.0,9.220645779669486,22.54951784907315,0.0,-1.0597516704387622,81.69037476403717,35.163761769380905,19.22139804349851
-23.142122121347775,11.18058708031998,-11.077142175224765,-99.84406855273457,-2.5317379380250484,0.18616579375485234,-227.52630912554378,-10.14771879934622,-10.701344385910133,118.27034446941204,1.472783291435777,2.9357877031298227,41.87946215727016,-13.723784233361075,-21.556321476007863,-13.427089124188006,-25.830752032571507,7.408932908519262
3.4494206730083166,-4.635378342396132,-3.3666848535611,-20.218107401346764,-3.65738555556874,21.210347892501037,91.01409309517739,6.027802701355721,8.190151892475866,-64.57801999046146,-85.78794138564875,-3.37904037395684,-20.792708363117878,29.100997689896044,20.857246550620133,-31.50821966692636,-44.22713937686629,15.236508200787014
-1.3972100070382982,-1.8899555012970897,5.742077172974492,14.114790723690966,-7.4367525716915095,14.223015568857083,219.08307429980403,23.489480115282074,-4.540818408843818,-7.606032794778041,-37.96908762090684,-4.213739735428199,-99.0544244794079,26.402966109733406,17.55024646059098,-7.712865607777133,7.9658294927999025,-2.3870390732035673
19.981546321880707,1.3925155306994423,-9.692958967156557,20.9962898465879,-10.017801059975763,-5.823566619244036,257.1070962911838,4.951486744541434,8.595440654682504,-75.45521489304076,-32.87602443382755,6.310284432428856,-7.456375462406688,-4.316975534298998,-14.01899979870946,75.25097889506496,45.503018346538674,-32.049192203920086
7.413085548879414,1.845566000014378,1.6912782529232573,0.0,3.1306727426703347,19.889304138912802,-83.83706407038298,-18.451378572341042,-4.4779073715123685,-18.193516933645668,-64.0165470937592,-4.979869154440629,-8.695368981628134,7.001434946769158,2.265393524347592,21.50356301353413,-50.767046806733084,-13.528139532915105
8.084954073477673,9.389212031525894,3.920353909515764,-46.52699717791819,-8.129617563308427,-7.158238840419706,57.30558939118667,1.4844267882034823,6.935100578085757,43.204293633142974,-10.011870360810345,0.9199758635992171,27.95727390668962,-13.207082342850828,0.893384970211978,72.64624939359899,3.3985281224061747,0.8333007553233642
24.842618232052974,-11.153381786807023,-12.970038632586709,-116.65800279282588,-13.6113199681285,5.8736497800378915,271.41560536618186,2.0416137302496726,15.367345282240624,-130.58131983985496,-35.81170784122574,-11.056596575301608,-13.005149843687486,4.406833149079405,-1.7521405753515398,98.62116712070598,81.09211528785735,60.16907539673343
4.618813817778885,-6.966182422348436,1.6204713818831118,-31.410883220868122,0.8031323555870462,27.92058291741975,-52.106567738178086,-17.943829484379208,-16.053974037197413,-76.47173819114681,-48.681662132152795,-12.313693988579077,19.144461481677528,2.7328532076269587,4.383918702847598,54.495075313646964,25.208737252066264,-25.144958110719273
-0.4264303562038699,-3.343509755548261,5.299943467924419,61.21356399148492,5.680402809234583,-14.28629663526797,6.728624298240135,-10.439146492765001,2.0352448610699274,-105.32261463612005,-140.0777110684294,0.0,-27.973181912360445,-29.952507081583963,-4.4218820280961575,-92.38561499754769,-82.40920981021067,-52.016909345726276
-7.790188667160599,13.418477340714826,-2.0305302007376502,105.26774266840633,-6.658377174793042,9.893193193101995,-266.5953643769019,-39.584357671539685,-18.596309702426225,-70.29741720097209,-32.920068672638855,1.7795901289590959,31.5251235180826,-12.044853744537606,-22.64798570241183,-90.22977677950131,-41.38868517817729,8.045769589780093
-9.120563055491582,-8.404635156267206,3.934435147013581,53.052103795033275,3.9794020182801986,5.83451202288725,265.4555052428545,30.008042342983234,10.89088480001694,-135.89782096759515,-24.511982219675467,0.6183146333630958,-40.24384267509279,-6.70599125928322,-6.619919796293261,38.609470571246625,49.00752507320866,-2.63076003279528
-1.1139405718707807,4.5582558565116225,2.611048761875437,-10.14027207437501,25.254505795299274,80.83285422338588,61.00585845389532,17.459900256260937,9.338898976565853,-63.40847053545362,-18.329499065459338,11.280993664226695,-31.601114925380227,7.973730645830903,6.851085263951366,-13.810007074073887,22.01053193021224,-9.98896292869594
-6.761052128090375,1.6396224455314532,10.181492149175753,169.01590379261978,20.631029356894913,2.2446042102221138,-122.06855041540535,-23.651843783296275,10.664319472664411,87.69196661490187,69.64953502158077,0.0,16.691244787980324,-14.022041330490383,-6.911935345540703,50.58753263453552,7.213174012154279,-6.204511499608884
-5.677105745060969,-1.2940846225256477,0.0,71.82011316343636,12.359680080160127,13.852534127013477,30.392574996081734,-9.16091594972772,0.0,-93.6553748258287,-153.21729652710178,-8.31365037953334,-52.07436549368786,15.104906432854449,6.972324981247215,-91.24965551894682,-17.93006092350925,11.979111625514179
-10.88930681303485,6.600524012961338,4.890933608246418,76.41780747710683,-11.10216145655057,12.229244564139465,-135.5699600463815,-48.498315027410385,-2.2742319997207345,23.018383462873746,6.473448753013335,4.031504752186672,23.441672535182665,-13.393356422994922,-6.8745444353403355,53.03386358744207,-2.7666275441072528,8.027183495765968
-2.768856609564753,-0.004225284684965294,2.8863758861078823,3.156165323937973,-6.618625051521675,11.816275458269681,-19.016902934170094,-13.607103272075014,-2.3784750327891215,-160.30136089031473,-63.46616316580516,-2.5521572067272955,-24.298815765531167,0.0,2.9406550379407155,2.6594512025384853,6.421541322932873,-26.787449893086773
4.1302013387966845,-4.023122260592018,7.326884303537659,56.94128693308747,-3.742650160981331,1.9044475745945453,-61.50208068854884,-16.65502114871984,-11.74501408443284,-136.86201405500907,-70.24460650168747,-6.879016690313676,9.418205008348227,-9.82461235542092,-1.4140776062594547,33.77681727069344,9.991685238164036,4.339335097109057
14.411696989042552,-8.7780832516443,-1.371924882416964,-45.54170750449752,-3.498847193791763,-25.733871417927496,89.51606603761228,10.791575660361605,10.849974143529579,-90.74629247215243,-14.681793420825494,0.09106405385680728,6.209545557351654,0.12819781183084258,11.255350448996799,48.48791577184326,17.01725602507722,28.370791805779543
17.900283670343683,-11.074734260204586,0.8752424467091132,41.71164586648639,8.161615884749672,45.687023877455815,127.57615107801003,16.26932788786057,11.261168381929513,-69.17169483805857,-126.73747223117519,1.9236789184082346,-17.871569073109534,11.449858191649508,-7.7713856726775425,-73.80579795864497,10.043265126761735,32.61026665207362
4.957728068487091,-0.09772724008987495,-4.435040593502283,84.89561970612677,12.124404086116018,13.226082708552815,93.22765909084808,24.782933827617462,12.052352496005014,-135.25073818544283,-39.823523179443335,5.673497326601102,-22.325043867617886,-1.8059034144891504,-6.2949619531199525,55.288993335527174,23.415911582424933,-8.897893768650022
7.273369891652156,-2.156546670064238,7.049618689836198,129.24438460138893,31.110576220474975,6.281066953608525,23.069422909721993,-0.428592363389092,6.383550963360939,13.461453452490963,28.490330880606503,9.992922043308424,-46.982680406193474,4.9291704955004425,0.0,-42.764312120073065,-19.924285412228716,12.642070019548612
2.141304444724661,-4.721782427346873,-0.15625187065409007,135.9413329633479,-5.221326649479256,8.034819736986863,66.85923208077024,2.0153108579318437,-4.935905380148367,94.03665867092904,24.49752877204846,-2.5943714250067567,-5.988884717821829,-20.809471260911653,-15.607599516683305,1.973098327171568,2.1015215009719657,16.33933711902739
-9.386618371794494,-5.0203418987574695,0.0,1.125711233247317,20.367201055208177,27.658286490319448,12.209979724642492,-4.683068436022348,-2.0759869426841835,-94.58740717688266,-112.29336643573882,-15.501189009372357,-15.048971666230162,11.262646858387438,31.632338535011357,-50.66296166720889,-8.031781453258214,9.020791803386288
-11.54828955095071,-4.366883161761868,-0.8921994031321606,102.81948017130772,25.736225065217802,11.027622803298936,278.5214504114253,14.923961684681569,22.696689759256348,-117.46286877800303,-60.43962384308084,4.689720822921726,-19.418603537606742,-2.9611785399352355,-8.672146328113183,56.08196617447871,43.27909281993809,-42.940165580103894
11.39501302804848,-2.9870557700939324,0.0,68.61412721078653,-0.36478932892085636,7.846080918982955,97.0693000346749,21.59099122306315,8.79349812409704,-161.0147114606381,-30.31456023415868,3.4883252159834197,-4.511172641357978,-4.612346025803287,-4.1848877769473685,33.93185230439468,37.71253586619581,15.7438560595415
13.311125523994802,4.547756420357172,4.812844695160989,148.80904519732675,21.93650475791178,-1.4239475884066555,372.22761729513485,52.19692747094265,-6.655687124363179,-5.246808654630984,13.504051891560191,-24.31829994933121,2.039364460372046,-6.789933249853038,-26.79342702430698,135.1499252447329,78.5568750406747,-65.75346624824726
7.456512766803121,0.0,12.47818440789832,75.34852829360189,-6.1556206438655545,12.279869881994193,53.96463653617757,3.5790139914275905,5.432177355281611,71.65393940690032,28.841783647254385,2.2678459598313325,16.241886853225605,-13.75678846557046,-26.211192142271532,16.88808544227996,-21.06494782365372,-32.20029552758109
-3.8062663393734373,-7.1735100810684855,3.4492388224311563,98.23758501549628,18.656342846824057,19.22299120762767,107.04418343322037,17.70214968013921,0.0,-15.875642076729847,4.264256359693589,-3.171282964676038,-84.57039962556222,13.89631203624163,11.311722621131308,-58.41349460953177,5.577175939125999,-15.940509227204757
-10.732914231102914,3.8088678024919815,1.9505462986302518,-93.24605358659976,-13.792727100941914,-1.5943555003540344,-158.279598634503,-18.313112743845245,-14.35015034521815,-65.06225988889808,-58.54080237692417,-12.06221816320606,-17.083815487645186,11.565421039751476,-4.448539431195548,-68.42073477597553,-46.7991519369458,-12.977451292423325
15.082369674208309,-15.809562256811772,-7.798381097266915,-30.12712657722097,-9.565389773132592,2.3115219119557175,278.5905523064601,42.765313994586066,-2.3828527813038423,-242.16837482945945,-71.66818390346485,6.8638970029054205,-29.864928005125957,-4.4607555922074065,0.0,7.891773039924953,14.829548451887137,-39.252583807714416
8.67972217936818,-7.336787207310927,-7.588041672447961,16.317202370372147,30.344042667764306,38.025351621883246,39.591470624738626,11.801147830199383,3.889833377120451,-172.88401452453076,-49.30755149666769,-6.482763866827551,9.614045667601246,1.428557009689776,-8.27273098066914,56.75925273777558,33.81439230582521,54.17046956859251
21.10531962828299,14.974312673288923,16.824865989738374,60.88174853617539,27.056359295627498,33.80759859812404,37.74493358498733,29.923731262579324,11.134795434327113,-23.201208960163974,39.355814318798345,21.3036432766101,-35.72973198051046,28.743225078738703,25.223045353462552,-18.882662588620914,12.624448361875766,8.124474262452964
-7.473547961556188,-1.3579377040262173,-1.019164524015113,71.03130205877872,-1.8368427227118125,16.057373084537733,-120.66751545601814,-12.127534372266862,-6.054451196792758,71.09787606057465,37.09721391268333,4.137289967390098,51.08039576068342,-39.24359570625766,-14.992520595371648,85.53400841968931,13.7980884431435,-19.755442401282664
-5.501648117824485,0.0,8.271558506052342,-30.004251049161628,-13.262418731985704,-8.062938940965214,-88.55684399248436,-7.974348360451028,-0.6737960636603578,-25.49374315426552,22.443650044755042,-9.152685153282954,27.022700016307365,-21.353111227958074,20.898848821217637,67.49306429594162,-2.2396945276687132,14.507273025685947
29.232739309772036,4.560356590617326,3.4159408537262763,-293.58403063737904,-11.038767012155658,53.73119678856409,119.82274676022186,-3.0993359053322735,40.55670029422535,167.10883172758395,35.87004320174085,12.495927432916218,-18.19890466757813,7.625231147456724,14.73544154624057,28.856960927162042,52.6279061703554,86.6132951927141
-6.749781132824822,-6.0636490237618395,-6.936299834355042,-10.660128205193217,-1.7818677171988475,1.0431351093466323,-7.769889857804565,-1.6311237936421206,2.816723632671779,-126.59715984855657,-156.96490225690906,2.224538656954074,-31.47696521154128,9.011060350536416,7.687632168391584,-79.82739381043366,-43.64491171975644,-6.374639692741596
6.448021611223901,-8.725638797185052,15.00847607974625,74.42083797367093,5.159614042361305,0.0,279.73453004673206,51.308182801898724,-4.262585410506657,-23.982902563922753,-25.56309915601617,0.0,-73.94563838691913,18.15055162373572,13.196287023531047,-30.728120941563372,35.73300475400515,-7.14687335559438
46.452428382787836,16.41276964532456,6.964532207258922,-1.471979522742176,-15.615812432611992,-5.701233145228658,360.36822677397544,97.01196661978572,28.696089210922626,-136.45035706123375,-30.607559486882742,7.900534955768526,-26.888392728745867,28.09054196536958,25.342709509543816,42.54895947317477,63.53047208628114,28.928351993404988
4.419139090837844,0.0,0.0,-162.01280334806512,-37.76763534234707,-31.893362746724208,-86.79693291833722,-16.00301967380783,-4.971519360997329,-24.761957292367022,-14.197860370603767,0.0,-2.486437153779395,2.593002721723504,-11.281580619221458,13.625231016825131,-34.13648509549988,-7.379618895570729
2.539066913602525,0.0,0.44101258627286394,-44.661374031641216,-0.6453452039512071,-13.691764246328518,137.45175454878554,20.76432245284618,15.16008215058861,22.633456090735862,22.09380416493256,6.818390084782085,5.665765970005284,2.774721089561405,7.261344943944669,28.66556322254169,3.731893117991563,3.14635005392509
25.80276037023168,-6.699444702931721,7.849234576384528,130.45605118162482,19.53163370656601,11.146337902598345,338.1329541382874,90.11375978337705,7.114618923797711,-144.0778321206614,-79.3390213936224,5.900129156790438,-31.01514597801128,-5.835135992448914,12.807235971736898,-6.096659756219604,49.778094630589464,12.791115591179334
13.810220640330025,-4.078844385760979,12.394295625481673,-47.88056612770685,5.796973183949493,17.901201890838102,222.54870846612644,12.766875437927727,14.635496318266242,-114.02606889721983,-116.31612130408224,-8.34264667329249,-59.62301031461343,4.327200470332029,34.64903403061701,-27.105029235422876,-8.479074971256336,17.07619260395579
-6.591768362239792,7.604849547929977,3.8416210189737345,76.53338230690323,12.055051092471489,4.73185113249557,-179.16136263706466,-26.64565120709508,-8.362557862132196,-11.017596282482174,22.479776072779224,16.700950346238727,-25.210505521433944,2.137291244779902,2.3034025321337728,-96.77925038000124,-37.89641523299066,12.130908766560879
29.908717257537095,31.69433849434091,16.023964168369698,25.91365100216873,15.949470974550977,31.288132549483503,-83.67660976042102,-7.251713283798663,-6.576415590791968,-47.77478124502414,-48.74627440239796,-18.872378954501258,72.53951686337639,49.073681807129645,22.257743391774376,-15.94658302157607,18.777033330781503,-26.76688654233969
0.0,6.0830131484679155,-3.43445213111517,86.60472001648722,14.961540488299189,0.0,-124.81677992137281,-39.679783516303516,-6.886392405190933,0.0,-6.406306098067206,4.32141352000739,-32.29067639496117,-7.512444931841976,8.621152667924646,-136.1775836297485,0.0,2.5553328505786794
0.0,0.0,0.0,107.79821526474969,23.68916947088876,-5.595644528681928,-111.68009969146368,-18.400858999969216,-10.648277938808846,-21.201607786199755,23.831461132579435,-16.18726139130659,-41.12985034170106,2.944317867156375,-17.98798975439522,-61.03249038767201,-29.78957742357705,4.977741406772736
10.591326578994527,-4.981262949110802,3.2276186175973427,-27.115542196859927,-6.973318298334578,-10.55227557938269,-112.65598869173888,-50.153700688659754,-0.4628067615199304,-80.05563096068276,-81.42388069105643,-6.900324265084272,-19.191030224312655,23.762849127200806,13.711626196290656,-115.05050563869169,-15.477593955227936,-13.60786667665377
8.636575857425935,-10.166421222258224,1.4972643769336176,-41.67865943106248,-6.868206195110043,-20.30596161617401,35.38333154049529,23.198021038874852,13.552771154356888,-157.03253459858118,-25.821123482195695,-2.5616664627087578,-20.610283767566038,3.4983367696841485,8.458248381464335,29.77562191729954,7.800940758162089,2.6956587872630564
-31.390746023655616,-1.2273710480167161,5.372152991047343,-17.617161738873193,-8.54374641526926,-4.948820822322753,-137.82632251518316,-31.77594878055397,0.0,38.01741702825716,40.90823569271058,6.036242855794937,34.23371758733552,-16.146841248501463,0.49987463205579624,-3.580775888955667,-3.5265324807431147,38.09579675506558
-8.435267502843667,-6.1862631275067175,-6.026589996814547,37.96107740878458,-2.4296843236933756,4.3330584034407265,-120.45237208167744,-68.49414961211309,-12.545330690094454,-21.10300584000682,-88.4615442532346,4.5502778876730705,5.49474518028858,-21.126239625686008,-9.896146954672751,-13.709343213022324,13.546219131967849,-28.93334799028071
1.5143556853842024,8.249160008671286,-1.794427061448716,88.77443879300695,-9.939388482140071,-4.764636202896163,-171.84340375653616,-28.35999426069415,6.281976067559064,26.433148187939846,50.40102846840943,-1.9477647959799138,31.02581007046062,-20.454777298216186,-18.58752620171276,17.812188570623302,-7.223138859900861,4.946362869634719
-16.073222018123946,1.887816706322874,6.6093153310699755,-44.21364365720404,5.755210355501848,15.38074062699417,-161.61736098737188,-29.65347217972086,-8.706833201570577,-46.49770432680366,-39.34543014297023,11.7482108949023,-25.08327614122869,3.5868954073142625,7.1659350801831305,-85.3320116610912,-22.98782542113399,-14.31129339054553
-5.569571852519301,-7.774974702771372,-8.198383040612573,-44.50185787348164,-2.7329522532915234,-20.481203248447542,58.806240029296475,3.7140729904549477,4.1047428018695955,-71.17603889486224,-132.9404055362012,-22.21395736780037,-52.50237661453428,-1.7432302226134835,14.173871147940964,-58.68936608965119,-36.2662745650411,13.149139676920754
-11.347601404359139,9.363473110000077,3.7588734870103586,12.154289329090881,-2.7508505435044004,-0.8302156489388067,-178.33834153667283,-23.526137811361913,4.447569971034868,48.76508433212537,10.26773428391359,6.41709840843131,69.85110347989853,-37.82302292061883,-16.72784655605324,85.83231055112427,-16.764956498657487,-51.92630753183053
9.523397395532237,-4.207259625379204,2.044388703539792,-223.26586755360873,-21.673517624845676,-15.956143401608,248.97853671520704,25.17639956147734,7.149272249655816,86.56483986248736,7.609246674145373,8.35164714394834,-21.127773258972645,7.348336760134711,2.94609217118114,99.39082955606963,48.09711707634307,38.80905553220873
0.0,9.8401351709726,0.0,-25.100987470800035,-5.096872173962943,1.74067343856257,-115.95443584572749,-22.455365066201335,3.1755333187461496,142.08202958073724,22.233958331550003,9.004967037824876,39.06497239714799,-27.527540894905446,-21.85508039558612,55.224345988963165,-2.3860019593128343,-50.27093762753222
16.832461831108326,3.2808757368341444,6.722005241132526,54.43535485391111,-3.915949358500406,-9.15552248285242,-121.35045965742508,-17.014540408678297,2.672667924427252,-86.49090764447114,-108.70093848987818,5.832122715613635,-50.27962162314738,-21.809936489581847,-14.260503722778992,-136.88556565284793,-113.00457267410412,-76.51537045837256
18.301085886323065,-6.816817181008837,0.9621473617172146,-132.84082835482607,-25.68654631568766,-23.219901744389098,21.61741415647903,9.416724130526978,0.8030765282901574,83.21290614381903,22.521564964178197,1.3094563484751487,44.33007820018087,-6.0240649690415236,-1.758608284279648,61.80553273724653,-6.639669285878739,-15.749968045403676
19.065708101635273,-7.360850115531099,7.582092643288572,82.21199656154191,-0.515656745464452,-13.54343266387636,335.64688738627,18.58438133156167,5.759553951818974,-27.338591609256703,6.672116344190493,0.0,-8.892633612725623,-2.746006399798986,-11.680396727402156,109.93636551221681,56.0065714220605,-58.41504419012119
3.3430870397493186,-4.821705292827446,-1.3673169149683293,159.68906786982768,20.440850378321507,3.8238995715215447,-7.1449066139378,-4.593283796793293,-9.19706101892969,20.743775262509597,54.897446668434725,11.417885839859217,-3.653566985940644,-3.3675139143107584,-29.96637132537612,3.0306126478496482,27.116769727362517,31.606235378906092
-28.31373342435788,-3.4875654251387376,6.070991779617672,54.356911034355306,8.057615998848538,10.242848835997092,-144.99285352415833,-29.312969838592974,-4.04972358927148,33.00146253521169,43.86314441598973,3.7619445023418465,-45.88972590114316,0.0,13.665543075528655,-127.27682201222645,8.655651423960078,-1.5652421660208802
-2.0617465650661884,-13.806967696596526,3.9488188548484136,11.42607147753984,-3.302020863965071,0.9286639778330394,126.07639935998174,17.09440866829638,4.389813505275281,171.1020950842531,56.73667418041597,-21.428415021118028,28.512516400751363,-6.1769843077866025,-2.494423527533827,49.8494011931564,8.252190807109802,6.1803221566370325
6.089517554161708,-1.057606192458398,4.5588029125644915,47.56610912949653,-9.373102698522926,-8.33243442968705,155.86233216425234,12.93486521538242,5.536146014310745,63.993936039932734,17.228671099313953,-5.24911486339388,12.98728561263649,-11.636210270136411,-12.138283602414726,59.63472547812939,-4.761552581921825,2.7930413316522618
0.0,-11.544828666152268,-1.2748461416905403,0.0,0.0,-2.188471051786984,39.8396177134458,-10.885332281993213,-2.2509947045387504,-94.54464056786576,-155.0397313936001,-9.54676918375664,-27.90318538711398,0.0,11.610852086895743,-50.46716301408752,-16.626255537923736,-10.712869581578047
-6.02954455489051,0.0,0.0,0.0,2.7809747915395513,18.79749622152186,-196.54338482737694,-15.068952748510165,-5.593733609360165,60.300807946589366,43.24877648908724,18.38764582909038,-24.401880816452074,25.528623998214332,23.60467971748245,-117.98617398935463,-28.301317327989874,-16.035329233411005
1.618984675469545,0.26351925288716066,-5.669278149123972,-45.747704741670745,-18.116570779775486,-35.134950878566876,53.384754641117134,-3.3706735641289263,6.4545470383455275,-17.02663692496639,-122.68080217380673,-2.5609572584112867,-35.95323900197339,31.850848200369246,26.45553884729452,-55.33002973729375,-19.747094814298432,10.92203970613869
3.5452127848052704,0.9118948415189828,3.9103911628047814,140.4820861691909,21.191073650188955,23.33936971941777,85.98643489864021,29.327417361352065,6.014888287390038,-1.0002015336553038,-2.995216820182728,7.612123123882568,11.83042378005328,-10.662300208344153,-12.836707219760449,59.72711297753256,37.19619553159996,6.211469199056637
17.33219849349947,-3.884346673824386,-5.543108136361138,-72.28461508047322,-4.991407899541407,-18.462372572544346,230.3294587660868,18.482270957135224,16.417332870162852,18.130067363399917,-14.300043270792898,13.250975621600567,-0.885446190214144,-5.8166903179575336,0.3783808435410415,90.00664241257763,43.87835044945666,0.0
-5.765226020006174,5.797754779240022,0.0,134.89600478253692,-4.076517406324131,15.504968394060446,-156.66533896045195,-33.57227434470581,6.76947668167689,47.44159357389714,54.66456117385964,-6.256428665521737,-34.37160542752391,-3.486596863206406,17.768996576453965,-138.271658977127,-79.57682272510931,-17.50520541848516
-21.430215925198393,-3.749401750647351,2.13487354250617,96.46198318866988,-8.793186975153652,14.433290057149975,-263.37284851605784,-20.427935042969214,-3.2108450672719093,43.650324917543806,36.21313315930513,-2.7863524614845008,7.378889766272848,-12.471717512186913,13.774266010369594,-235.8784775856364,-26.99279538434533,23.051958692454093
3.87555996135141,11.62651368817984,17.0703628505818,-49.076885931611706,-15.722156362812155,-5.299581893499117,-170.13577790777921,-4.083449651809135,-1.969938308017461,0.7721997634417864,37.15056900531301,11.236531057950113,19.375010345167563,7.650956066143922,12.861107467695188,-94.12446484189444,-1.7585033644071995,24.36312309117531
24.477011867092767,0.0,25.34682894959684,95.98391113886677,18.547097155407567,18.025609425430506,337.8451122086085,64.24533244812116,0.0,-21.61116956234265,3.0123804863123054,4.1222962350539305,9.113314209423107,27.035214512655195,87.28816805162431,5.946633531281047,17.76571132924387,26.26895285504031
16.28195836142322,7.173904655359502,14.473180460778712,-149.5966796794163,-13.325487272416243,1.9365705978936127,-110.81216633876082,-3.895739154398913,2.4242514577961733,-76.36057715492035,-12.651568345819825,-12.281997911795536,18.04787808183068,-14.259020461672645,20.395665760001112,53.90366569340782,26.910820119969525,-11.408772639785468
-12.471283858261986,7.0883029696246584,6.562654447541921,69.3677532978023,11.174350848942131,8.683447498733738,-173.14038625097479,-51.44366004019008,-2.168156826509712,6.725981617155214,-41.6722616800375,11.699571656216298,-30.680139970375425,0.0,2.748615125183335,-128.81524804821058,-43.52485002623832,5.824251341797549
-5.299155202072508,-3.070507669587637,-11.077426631757273,-31.083251661175602,-8.244256885761375,-8.552837878045807,193.94335163252748,24.056130841922325,5.363075774598766,16.993193460378123,22.90487613409933,6.182099134009771,-33.84389952004695,-5.628446370734016,9.047060155523306,43.32239329415107,-12.798212693453305,-15.00567169305117
0.0,-3.30687793315897,-2.383161807824978,-174.64559320406565,-46.57668990568732,-38.40098548485199,-55.419763243720006,-8.241399718486521,-3.573365436531993,-106.00469243516908,-24.705477229493013,-5.289600674673034,-37.36759305741936,-0.09085081161889365,-3.6080686385266483,-19.201513172966326,5.028531759477745,-4.269610094964037
7.833234119507863,-7.407615818474484,6.377258914156784,99.23847609463066,17.797296409401596,2.81034709623915,10.29375220983048,-0.34181824849566195,-0.21258210705118008,44.004291016254534,11.026723401152866,-3.2328002998443086,1.6812716503710052,-16.64865591081346,-18.602724804702206,37.77376660928117,-0.4935620204262804,-16.103644716099097
9.6152699593154,-2.946547486829868,-1.6762966935903334,79.39249861430756,-12.384149368703994,-3.023053359491915,238.77625566094008,-17.51787586340584,1.681665335756056,-50.27988901978015,-36.45808943753525,15.200141266523357,-26.480838076412123,5.775445520114441,10.003611986590458,52.7758852689405,38.71850835592186,-0.41464144402044667
7.388758394575359,-2.1652479339428594,3.617060756833232,94.10188226724313,0.44666018940108915,14.370103650336874,-57.91236381868519,-15.877466219711076,6.61697181026661,33.73523089400614,-1.1887002026953783,11.465421322791629,26.2935985922922,-17.323682518697346,-7.100518937238863,87.44388485777876,20.14528441112497,3.186993100456448
8.152482299136196,-1.0842097415874985,7.901097200210611,-24.81602281865714,5.641006101112684,22.590691619124613,-66.972176246842,-15.948505655229708,-3.8450933534094753,29.997213914007016,-48.8455189191278,4.554240584222081,-7.802380318555633,2.8072467579357347,14.900699620106362,-5.9538153258744355,-56.20758894758764,13.540206029259707
8.962863973767712,6.19277986442878,9.931298574954566,113.24158463168202,29.5574534660836,15.780199217128303,0.3603917379905063,13.062484651984956,1.3104886617048643,-82.88192829164856,-14.765717826985643,-2.2400911750269543,25.987959656703147,-24.523677047607254,3.4993157748152806,48.44468241348586,23.665316956444624,17.87095188299662
-7.723222277317106,-16.37896903894728,4.151133066568968,109.56425977825299,10.458258110120559,-1.964136377831767,-169.3680520776033,-30.45686686532984,-6.260977069748908,-52.5409079951509,32.903408323907726,15.608159292785418,-25.77043434967631,5.228349102069843,-1.1832167674305962,-38.2086312787613,-34.05584631882263,4.758909166831046
-6.187393337605022,-1.7363334090560005,4.633036755049224,47.77489267911049,17.562242684742998,16.64663274762246,284.53052985445555,34.779641016379536,10.455650875256866,-186.19249176912857,-20.535422779230487,4.084969823650905,-45.34383930686516,10.442170472668522,14.566135589831093,33.565806575458645,58.34680047322056,44.60764608926053
-0.5534087074263889,-11.236940522955365,-5.090372410991504,-246.26943582633254,-27.35493264895394,-26.039264810519533,-4.297329389586697,6.498449321342723,0.0,83.12903885306203,23.464353212238585,0.0,23.460772646213517,-1.6372507970176087,-3.5291581641783134,28.33587555940889,-3.355004459307508,-31.385659334136363
12.793404722921263,12.153861211889003,9.561787888862396,-62.01315485078461,0.0,7.173851074674879,221.83187209681026,27.466319905789394,4.974333361595545,110.12712912308116,66.15573900065677,9.541786258617424,4.958957897643182,17.919067009036045,2.592424153378451,83.2382876079594,92.42185277037731,61.199473683497786
20.787682303741015,-6.59053391260545,13.416475393956206,-13.565452481084725,11.210481369533515,52.61057384854517,272.49273720465965,50.76948060306012,14.88119231809535,-161.0023059150903,-104.33914530404923,4.32284616262392,-23.049424275221284,31.062726919058843,32.538165995884505,13.486802729873869,46.5577853797249,12.25382426619646
4.6194398559153225,0.0,0.7001948155537058,-45.549507389975375,-4.996867562847766,24.64116321338958,-91.41981392109875,-18.529810971156447,0.0,-62.02805953973907,-45.05362589177816,-11.237516201686185,-21.8925066031793,3.1807812660972306,6.723510187588149,-0.1639349379945357,-55.21630545744903,-4.383793007135921
0.22630755578213618,2.7464011918900546,6.58721474764974,-59.91959957497631,-9.756349496986994,-10.106498784056548,-89.89874925829469,-11.26774837163742,1.7220282710823434,7.098675650667911,-39.52926189523367,-10.583157487587924,-27.200968019771047,7.8651483873956245,-4.469031369406097,-48.62051916807939,-64.30656213220801,0.7211288662273319
8.267478692524445,-3.308868987497512,-18.036135035218226,-37.45016469238753,-1.7808795026865,-33.70904001570644,88.2886837557799,8.591966195986831,10.39047433225341,-72.28743008131578,-96.29378702671418,-12.28240685826675,-24.839535482029657,29.29118268193127,9.963585541862617,-23.225537855401893,-33.17664632475011,2.948581637766665
17.15392657109538,4.1828638902244055,-1.7310118806436476,48.74491673280016,7.934965201111782,29.78192445619999,123.81427315151655,34.03576028933599,5.895019888906955,-9.513815434293173,-5.373138997728537,8.279913610050833,18.6411916893903,-3.002545275875296,-8.78518922163711,88.01310839927909,42.252638097542174,11.800413015145182
24.335166177667123,6.546109738593491,4.502163433409077,-69.6451960546881,-3.7841601650052494,0.0,263.2738090024461,15.6650501132088,-9.369156344475561,30.05168223687516,23.597373417629402,3.927862417012654,-49.13176789588646,11.732779611307466,8.96667098893555,61.6954963314367,23.059934612268364,-20.394479508780535
10.879998866093302,0.0,-0.8970331607630008,-69.43522558493312,-6.848172419302368,-8.221212591509738,30.696167738525094,2.8172747613236884,0.0,-105.54260230069124,-162.5767823076468,-12.194790656801224,-10.475110684940825,15.23045875453015,10.431064884103007,10.838582569713619,-18.475686786683482,8.102267728660479
8.917424765777264,0.9802357676560015,6.561317464963436,-44.31333537631114,-5.631993698322075,-1.912721919700372,13.151099774310826,1.9162355491120444,8.538327982763526,49.09087493798918,22.291774676473175,0.0,25.930070847965062,-4.8040439175251946,-8.235662225229547,73.87831834676979,0.6363702987710855,11.636867181573734
0.0,0.0,-0.13093798755270666,-16.526563628669983,-9.074791788572085,0.0,-14.696647488465125,-7.035831280620103,5.210142801683039,69.73792765480358,-29.34205738303693,0.0,-9.635938101234471,0.0,0.0,-28.647175012683654,-97.12499925586854,19.33346882796377
3.7308672056075105,-12.183806165894179,2.149828182998379,91.1773267955677,3.1299063330822334,12.88914089980079,19.429739847895735,15.006553051042028,0.2253912041570728,-175.3102195696135,-47.4510990170432,4.655655771266933,-12.929445484834515,-17.3492358647889,-11.729160212128603,37.76519724134145,18.581313092038048,-10.905469108360137
-12.471166690935263,9.794260962195612,-2.113597503013296,35.003303826499796,0.0,-6.198895525914172,-216.54009373416932,-23.529697624092293,-13.814503378174148,58.22204476257016,55.36378132244859,-2.721301752616136,-60.839360426660406,49.45146836722882,32.27633766325636,-202.8249771018096,-31.950302261349872,-35.83260528154824
2.541116512595454,0.0,-4.299403913529378,33.95707104289034,17.92761614305385,23.197500436866363,7.113414039119239,19.391660307612156,2.969776644685912,-138.7473131419791,-22.93846846531973,3.1368805380100464,-43.82466207741616,3.015486382114525,-4.078420108302487,27.228107284591793,8.091404015918785,-20.772694202410634
5.772194993653285,-5.073384170151866,10.21271037591548,25.905610905093376,16.000848739775243,24.76723551810777,19.081078231147615,1.3020682435948947,3.189409052573134,-6.213185184843111,-29.87892975238329,10.711026718284549,-36.01353292628882,8.724540047057877,8.709217637532758,-19.36715190292072,-24.183294987718885,-6.699544808070851
14.1313905362106,7.997612886769854,6.161591374382437,27.525917692130633,-1.396504326958677,11.812034623686785,21.12280329350283,3.906277946890689,-3.578090969159332,172.6340202463263,56.05717376794108,7.588207238876748,40.627966829932234,-3.188043193436675,-7.5410574520343765,67.22120213832335,8.49779023174823,-44.344213956980866
8.047063613576448,-10.503122245861842,3.3557629694983357,19.33469483145272,-8.605183173732845,-9.946710546664118,48.112622530290004,9.974080354312925,0.0,-107.97585945235636,-124.94380963580315,-5.3918769268695925,-51.77565550005258,-20.25447786773552,5.703387856296968,-73.12378414522641,-84.65627631783258,-32.86761772045355
5.904297777603589,-0.06034009662301071,4.165042529490798,78.76572806276867,11.635913661276945,4.460857349436355,-59.02530795944162,-13.400396117759039,0.0,-110.35460224784582,-44.621620206003826,0.3150274385534018,-31.138433713351365,-3.3318784802781827,-14.28656441794035,-11.971531648420397,-2.3574945288559475,-25.619348898264462
8.953767276215011,-0.533241540452084,1.3187305554771471,117.30166852892474,23.140629179634324,5.880691015913472,58.967862749618774,-2.1745047833549327,5.577355784203863,114.83362597330766,41.61889119647414,-20.334860953255053,46.78193739802799,-10.552805170269657,-16.38645970029595,44.08976647789771,2.7542138163129737,-13.082042943644808
12.75786124107565,8.022231048029985,-4.60761872827099,220.25812642872168,22.986400993612353,9.99165673582743,-10.908171882625025,-19.964961484907256,1.5871984790028217,144.03997351504768,73.58093465538717,-10.397111388788842,-5.024554665774465,-17.609202063854305,-25.00981415006256,73.71864837077796,20.010775765661688,-23.62807704670928
13.548573546748473,1.386042918698323,-3.7188835820874884,71.11982225848023,13.993199832829381,20.23599899665486,160.01332133801014,21.855169393182198,-0.8230276217580024,3.8874037635589196,9.706335991705405,7.7473151779986935,9.314030160930972,-10.232160730208172,-15.702658758524052,61.84558596436623,24.95936876322139,0.0
0.0,-15.991875864168998,-7.25402652251286,126.04373709394488,22.86867708628988,0.0,128.7139138762983,19.061359080529005,3.5743875501512496,-9.10307247758858,22.208291379081704,8.23252753945832,5.8495303792208615,-13.48190624835166,-25.458951306032663,77.45361887944836,26.4540733398073,-48.03157930359379
0.0,5.706764907686951,0.0,8.971959806959504,3.2768555477888044,9.902618741054766,-8.50138157404959,-11.199946391859896,0.0,-69.82683477834146,-151.60604339843326,0.0,-23.231998992668665,0.0,-3.994099129763345,-75.91353512119768,-98.9278583260284,-36.107310095539106
-3.6474613321726306,4.245255681799032,10.062853336489987,-32.11423572885003,-6.058177461674597,-6.617669177365787,-28.33540005216897,-9.716529997715698,-4.255949510478587,93.24074179636952,20.67123966358209,-9.93762197890819,37.309681982962765,-13.87571949457297,22.416659641339834,78.6787617337505,6.6936189195060045,7.422886950396702
0.0,0.0,-3.12857327548875,68.46684798881529,9.643739256886033,14.155121495094459,53.359288996779476,8.373711729711282,2.5261611603695604,-138.61692407382273,-85.50188734139805,0.23150987679280166,-18.827395229249312,-5.458245104137696,0.0,6.835304300557701,8.638371051497701,-32.86226799580139
-4.063534403497792,-11.857294692018275,-3.983833759288037,78.05773309246602,0.44560141207909665,9.765024334132466,101.24116069873959,36.11840979526291,6.974375103207646,-114.47688630672162,-71.71028683383156,-2.1327085452000625,-43.87305318746804,-2.5917206283164513,5.834786737666575,19.83283036327151,-0.1847199130857466,-12.784891611242596
5.159560976986224,0.0,2.0583235672694498,86.67734713691179,-9.55087494969041,-7.1539554913663785,111.4826053293245,10.914774918333896,-0.6959624494088437,127.80750328339226,62.65816773367613,-6.27588309075002,39.17019514786044,-17.59056167830675,-32.35966662258262,130.81700859912337,34.214633068023076,-38.968168583771444
-15.491055639023683,2.456390980320299,8.1273257215819,-60.14435177908218,-2.940674115154011,-20.629002673905866,-86.96696060504235,-7.703264491993524,0.3490134237188572,81.6057963588099,45.43698318393609,2.8343391643257188,23.990133092908785,12.532135622194074,18.484717613649202,-11.917371273588044,-37.345827315760225,16.30715424890583
-20.92764272639823,12.776815609340806,8.684275842873697,34.604734907589624,17.03563647563436,24.09753381162508,-209.5501999138281,-16.36011033723183,-16.648019546061118,32.33446186134346,24.910224628331427,2.9964143009614497,11.857763821743788,-23.322860170617812,-19.31162744925693,-158.3156375559531,4.318300624313032,23.98966893294306
-2.4463533986107784,0.7774037303738957,7.586231474127076,-39.83183249099344,-6.047381760528112,-11.572840169342859,-42.258584030555625,-12.176423328075463,-1.7668926518323989,37.795327506208,-5.859944594133925,-2.0551215135902825,24.08437137104812,-10.549840369685286,-12.619264290223812,26.018978870441703,-11.832676123163557,-34.2249807502071
-7.027362040368395,-14.334324394797012,-2.1023319206398123,170.73033093106167,27.223698583972805,-2.618486593497558,191.73408132874403,21.815893846450194,3.2964918686436215,20.027010314231305,68.66095525681091,11.309279713841649,36.76755224415094,0.7730486517435251,-34.73556779138842,97.22076398500289,45.22864412187467,-55.91577379286764
9.029497890614131,4.691230865607925,-4.44936981408367,43.52417942267851,5.7161781911819345,-4.877590002964175,-33.10646551325928,-10.031870044385377,1.8922806461389001,-98.67516575308996,-157.36031586045806,-8.048567977864787,-24.675773846817133,-11.927771946550413,0.0,-67.52087640848686,-55.35310108012917,-42.16631638325481
6.735688992971376,4.776899223730768,8.0061416959986,10.20993128525158,-6.9810715003077295,-6.181408879149555,57.98708556410525,4.622668580402478,8.279973749819455,61.88864837453363,12.150435614501282,-10.36439491705824,-30.43343808692369,-12.687081333643242,-14.63294529385471,-21.92406573318218,-12.990326704635256,-43.0129326224014
7.244822801978131,3.983260654344871,-5.5973875440081535,86.72735030472649,-9.745627408127726,-5.427545169556544,327.3792529630666,21.522897513876718,17.138505481946808,64.47182451552884,29.136728237056474,23.027136722932347,-5.243867555307078,-9.986084021544844,8.501956648053541,147.4688115538678,31.73285859749849,-26.147854199156882
7.759064537080814,-5.137585028478835,0.6045733822897953,-45.106188755822856,0.4937438594921484,-10.017220485607815,26.543707450079918,15.977039365893022,2.6857621936229763,-49.9514284529477,-22.286518285397904,-5.306077140467268,32.74609516958336,8.289589371487095,19.393457494852044,61.853641185849604,30.293066969961302,23.597029270758256
2.0050069545652085,-7.552151008060137,7.755750036285171,101.68739322367925,-6.563574140986652,-12.265436892634483,312.9655384422578,23.019925045034793,15.866302324914614,-100.68123954814213,-4.812722206422633,14.090539630628287,-47.141646654865184,0.0,4.528942294205353,70.75814983085343,41.614132350014195,-24.472171653366615
4.219242670666466,-2.2047187347317054,1.6036699202551628,-41.22934299604495,-11.527975337372022,-10.075008421002746,83.14286125925118,12.963114466399274,21.525480683816657,-36.129689773394084,20.074901057556055,6.820423921791988,-6.698395713948019,-6.194835753649077,-3.659286180747003,31.009064310775024,-10.033351862177689,-2.7393639923715796
-2.9195503267865535,11.990284276648284,-0.013284656191965971,30.120431408733403,-12.039373989201422,5.2249605328906314,-81.5782917406698,-25.602561422705644,3.786006140552379,97.9329584446876,68.82092405670018,2.4455649649960884,44.5627633170842,-4.75422783061155,6.29796193249134,-8.484774766768602,-40.27382143232948,10.502930705284541
10.044479957684677,-20.521186486731104,-2.1878001531868505,-50.55504988726201,0.3757359665021274,20.061323889838604,99.54891285582745,24.12223873018082,17.2463742814515,-143.8199576227418,-19.999676132697047,-6.291319558148977,-21.311143519844872,1.6146210292796772,8.096954393744808,26.49811513607013,27.67949023401863,41.56434548373272
9.293361725219153,0.0,0.0,105.89039784777512,12.632492028828068,15.97422529331507,36.18475287070882,21.711852684387615,-2.0113079996355894,-137.06531779957476,-33.41197709869399,0.0,0.0,-10.917931086994404,-14.944251455565611,82.73455461740551,24.33625955354814,6.332684695755603
9.648744983789248,2.2099781320325826,13.930904355752492,67.86449661947678,9.282763539584842,19.05202269232408,35.846379298634545,24.96146945967032,-1.8696054307592453,1.5984536938924265,27.768830320307828,0.7278465377546157,8.854526991948495,-13.379802080875946,-28.264704213920623,50.62626470773509,-11.851812122631584,-18.650814911491636
-4.124103750484769,-3.110064520083676,0.0,43.17741912757092,19.746617031860094,11.285702976324139,-5.655600324425831,-10.1076009775057,0.0,-92.32770389659184,-166.95977955750178,8.218505001250474,-32.66229588953109,-26.938360564726725,-11.943313527394258,-105.31602318301124,-105.87031278086567,-47.196182361847434
-5.675018186479655,21.0805988616489,-0.9106529125776572,-101.80860127375392,-6.545791676360105,-4.158621202086271,-174.03945309501555,-14.989651550355982,-9.723456014650012,78.30852487546872,28.83547641077447,17.67485902812863,51.75306454471251,-2.8229208930532574,13.03667865900749,-77.72463932209578,10.662179411064088,12.08606134605941
3.971857963381784,-6.9878848751656,6.98944230005448,76.28451750106102,15.602793840118345,10.260220281373815,2.0660000607385367,6.544035724118337,0.3807338732507544,20.454005399122046,9.049971933195907,3.7867925756392715,8.940148876414865,-13.489485908555187,-30.713800408511307,20.472542542213993,-7.098797902125886,-34.34730529163417
4.424657602151492,4.012748345254604,5.46850675705568,8.132315373714189,-13.973531780569692,-6.457461837813499,7.352739108146067,-9.203191810973884,-5.144081947539344,8.711257477425857,-83.77829097994523,3.159264161244648,-71.18848229898526,45.194865101242506,44.9081115966736,-107.84960606863994,-18.90783436249497,17.458955047447404
-1.6441924841916031,-9.43236837621378,-7.361356179522951,-33.605431534512235,-11.43663188487393,-22.592917016303183,152.0424097712185,26.10494085836472,0.46464782797162013,-160.76498489455722,-48.4210469128949,4.294444406202481,-20.20409067068902,9.746502705011995,14.087410305552227,23.73715700269776,8.817322852274113,-5.434844304957622
6.4806726625814015,-3.9247970009553264,5.857248418394388,1.6524527548280794,-4.450974776932781,21.12497764166465,-83.30701848240264,-15.526067694125123,0.0,-75.58240852114676,-153.96273073672555,17.704178553596623,-23.694688308757737,10.794341248387344,2.187974632982141,-20.942482832666805,-41.19640052058844,-7.392959386325344
13.271064403849493,10.030343543500313,4.877430437891468,-81.22937726639212,3.7565691172786084,10.168273144092133,6.029609526848257,-21.054227265579115,5.514066140933094,188.37337363616564,15.231725673154376,8.381301763214823,41.20938745120995,-13.509678560621055,-2.4952991597267653,142.3346475465601,53.6712041802798,19.96312137130417
-5.3672522183619416,19.84593816605111,1.919732884901616,71.87677630633083,9.010922172750938,3.2198331505208673,-245.54086722091296,-42.13071256037947,-25.38841274854728,-106.37868870390712,-84.13561687832174,-16.14490474289892,-24.424681601661874,7.658922816171208,3.4374055819826914,-198.32805994019247,-57.173885199053345,-8.78096975033327
3.24782141373207,-2.2771153797834245,7.649875624551583,82.36496890271786,0.0,-1.2001949556873195,174.22896058990466,15.246719649222863,9.49391036293051,34.81795264002029,42.36490818383427,19.72482733818411,-104.07718779223731,21.49335208871732,11.56516055937867,-36.59589410022447,-28.4129058524256,-43.8591254815054
12.684676195468782,-5.326323744320872,-12.169129922953871,-49.31486212270075,-7.584691024002982,-37.295001137238856,81.77800979153426,23.33824654015814,7.282232779500383,-82.85923978474376,-60.11073308716436,-0.557278291393567,-9.201360290951136,24.11098435821919,19.14951630379678,11.909240862326842,-37.0862739236483,-1.1936145558626094
-22.253024617023474,0.0,-4.117866052927641,101.55362077929973,-9.535035275356464,26.796565593567678,-225.0325730234828,-36.50118409721185,4.125849560190272,127.7447194628035,34.6626797508304,5.057607890111112,53.52070099185296,-58.79650158655122,-44.25808677798824,27.20914021254628,-8.103695968614836,-19.315577711748475
14.1555265904317,-10.709293213490831,-11.800060835731246,-49.920512767002414,-14.685949914229555,-10.401233233819699,323.5860470549165,55.251798764063516,25.671661945968587,-163.96697412043085,-76.14499157723533,-7.800023284934499,-36.99642359576282,10.870604441748394,17.190602432181052,51.263542264289754,44.53290973699092,17.164676964999842
20.598196152004615,0.0,-12.407424624025953,-27.471235124185085,-3.18958815825239,-16.85397974306041,231.40921794615522,-16.295842315839,8.174161121464758,-115.32650834105169,-8.854196373829321,5.043826082268121,-26.389319181192864,5.168567749565832,5.524246312893441,58.34410685213718,16.828943593799334,18.53456984506313
-5.739901059996105,-6.13930451867176,2.818692439287527,2.0232759739912254,-6.7768134708575785,12.886733650936547,0.0,-5.208330259559099,-2.63499634042027,-101.98543673057482,-38.03498648354671,-9.836389557759853,-32.652671256722755,0.7640572641574732,0.0,15.589498321286367,1.74663491425747,-26.057016096306
0.0,-3.2543224971742686,-1.6135975394690034,0.0,-2.4771811381760496,3.4035365838975093,-11.70235315099871,-10.539776769313145,1.7358715768149375,-130.6026886500021,-144.15323314340336,-0.9761892917057197,-31.598354844415997,17.55613259896585,11.033870899689177,-46.29208719679571,-25.748522755532694,2.07432772929144
-27.28183194094999,2.2289575854149164,-13.892169240556267,-19.58387868221555,16.734590419984716,6.502109914487436,-175.60989498272352,-1.1698365296661646,-13.714255403806142,85.9539379316265,36.2929932321613,-5.243748974805207,28.874795139324977,-28.246530451039906,-36.947074777647195,-41.395909688120774,-37.93873145946637,1.838341677401047
10.23743711563991,4.518314314779501,4.119801546733094,-79.48595854318093,-4.729341922527406,-10.314436884881175,159.2116165758556,13.122058328836452,14.98930852178121,105.57086399445701,54.35777474994383,17.668717740545706,17.235748689627016,6.223093266030711,3.7506794597156357,85.20572689529908,58.355184173663574,53.229950643990946
21.717221341716424,-6.04552576831279,-6.492584409957645,-35.76701457591288,-5.84788982344135,-28.36255074395342,111.46394106819281,19.545696416542363,1.1093828800171608,-42.64194866364808,-1.005503607623072,2.3900389465320915,23.256573226707104,-3.373763939316701,2.4947289489824547,71.50453796953923,27.65746326779094,46.50819105016774
42.52911949078495,-6.737619741461508,-11.188374884802116,-182.52050976459586,-27.564271653627234,-39.55484376621712,301.01585318503305,23.890061400604356,10.365354622825118,-12.349109274360472,-8.287443528305001,5.940541256635118,12.628111441569013,3.9285250578667408,10.99701778307705,130.14979742937467,51.74243789639079,2.4913648020861956
-9.192380490965261,-2.726926980658201,8.224021699494962,-93.2806419009461,-25.550951800293504,-16.249261491643697,-12.88534333382987,3.590499744864177,-9.831120255948916,31.597899751802956,20.223339680623326,-4.660547537290506,17.529875253647642,0.0,-7.635349721898239,13.39024221455562,-13.497132969618725,-25.96680129888901
10.806596571682013,-4.926817708324431,1.4081885276567023,69.9194961252594,10.742801742644472,3.1746705809670526,-74.39649104999278,-23.0824509256779,2.3169382677895065,-57.24312668840357,-159.0879678873501,0.15315569156255893,-24.724489384191127,2.808252696525334,3.580882161838884,-27.382271274625634,-43.743817221063665,6.893067037511855
-30.291555583767227,3.687759062588646,-12.097262552231578,-76.32642319748514,-10.907648047909918,12.497047191897057,-243.31192078417078,-27.27922221309927,-16.804019025838496,-49.59280733062244,-39.052050119682164,-8.905385647492087,6.8693535421580965,20.96722524991718,0.0,-147.87828736804096,-80.78418241216637,-57.82275394251201
10.89342189091153,-3.23450702007179,2.479400095091663,-126.11865006735918,-16.69451920915966,-38.06698551693534,105.05223110044439,6.4874992071064135,6.213663657349766,74.29241111806543,25.007914811347117,8.327331753944671,43.23107738518576,-8.260556597719447,4.805784680288825,64.88430773317316,22.611295327642942,29.459213547315187
-15.8886547887447,-7.440697843405578,-2.028867911709951,100.96068414054518,-1.6799153308681292,-2.1537383490223165,-113.17355083285713,-2.6999111042441712,1.7275756547614485,54.021504022488124,51.325592018539545,1.9919269403730662,-19.829828608879843,-1.1724706158465965,-9.688622745945311,-84.20040886245125,-65.87187005484444,17.707612417914476
9.257797972777677,0.0,6.046963144678807,-67.34415647143426,0.0,23.808180884329524,268.5346306520671,31.72075169891886,15.91551016764547,197.71414870961155,66.84151746300196,-9.000160934677067,0.0,-3.9348168126737146,0.0,138.60055803964613,61.99513034493508,22.328862870283047
-9.522097476463188,-4.62436614743357,0.0,37.03480568347956,0.0,2.902835588270463,-159.1840366156975,-55.842881581920096,-0.2999408170399938,-89.11801820225055,-88.75749930975572,-2.561305288783139,-29.63656628292672,16.610853691322358,11.440825880520773,-132.4932860401247,-15.33806894478217,-4.753435373016941
-3.2660718282851766,0.6561813870721025,4.685675744447968,-1.884832370526874,-9.661718140183874,1.5743072095386212,-56.48452829772327,-12.957351997561148,3.7132370724191226,-11.869808574756625,1.8616077968036289,-8.985091086137752,26.18588971881791,-17.869407331841636,-1.0432104428177948,73.80656374016509,-8.084521029998614,-15.74863459013018
-5.838526239961205,0.0,0.6036962549678859,55.21192063096204,-8.658032898960561,3.6452334776005104,184.42930789790353,19.904977822159726,9.279782201385222,-5.675662376338815,-27.98999793229151,10.483746995437556,-139.93194442763308,27.253330529133855,18.404924156222968,-14.808908891005446,2.0762391007027268,-16.296164089436218
9.516419233755013,1.7906198338984298,7.274553496818007,-40.796130751556085,-16.238776251465808,-10.096650314164698,-87.54897151184144,-32.815858052175855,-1.967606063661686,-57.053730888311556,-67.50245438398919,-11.90507456123773,-39.925042524544565,41.091631698501295,22.524242983480942,-107.08358362871483,-11.532843104939909,-18.81291768119769
3.2842236732705126,-3.6678238635075817,0.0,-65.89324168632831,-25.758783935614797,0.0,-102.84223148699289,-17.863046692152405,-3.060426223613205,30.591106416247598,-57.60342415978552,-1.0115891851743046,0.0,6.2447717728953664,15.768294548725843,-22.39165470412989,-49.336235161626774,21.31185845254413
-42.96619359492764,16.52711729671139,-14.305967075956795,25.270787145712237,13.413541839946278,22.05601915994823,-298.44494308804445,-18.469824152489778,-20.246512433332338,55.505306323593125,12.366354821532347,6.375622838281409,28.404755815268086,-25.401063377670546,-44.879081809476304,-118.31393875356278,-68.57079549499161,6.516240251418424
-29.391426751997912,-1.167809262624399,-3.1237111023628215,0.0,-7.555707543831471,-6.26722181910376,-289.6660402121178,-13.87043826144423,-10.493066063339443,27.57530109154736,40.121200362037236,5.383569808674927,65.82002948606475,-20.265742981726568,-29.545686801838208,-51.99165031161114,-21.802396595468554,14.825843538999607
-17.002772756395352,-6.027508705155652,-5.735627904638204,-336.77219292329363,-26.780281367234775,21.131201405898942,-127.26108685592213,-10.814810545050113,2.355259390302216,46.843018994503026,22.29011415178553,4.863985931590801,-13.715601687503392,-11.31073808500217,-8.159072284859988,-52.940222012741344,-49.45875461736016,-14.913948680216095
-6.136493115709485,-4.275899672013331,-4.845917682908395,-12.833915320693801,-10.362469746926573,-2.5088809908335645,101.50276673060252,23.625978990591143,5.887226285354471,-90.39708494192315,-23.410273043011227,-10.85597954308667,-43.55410284874025,-0.7667445995323305,1.8209071264321943,-6.877195603930725,-5.181673869331869,-22.18064222372263
0.5855918684202341,-8.854674290290108,5.823177820336068,93.47694659032126,-1.3251681702688467,2.6988912598997805,-65.19420084564116,-5.9626139632995905,-1.0140975280874984,28.577164147272732,34.413426372245816,3.4130164764375017,-39.98863626175038,-6.235750682489976,-3.474308553929123,-83.38400326015937,-52.71748479106149,14.507170167769189
12.695115117174652,13.750734209041264,-10.917655442210998,-44.021482022163255,-24.453345209686788,-36.66847704206691,38.505051397331414,12.863294212136898,3.168428666049813,-8.805229118270244,39.739697950264365,0.6648447634526472,-28.206068091129005,52.50632246878036,26.80571893643333,-72.75556852807121,23.63309242659229,18.91124218053391
6.2336444984648045,0.0,-4.062029433670137,212.813375133981,23.22912227509113,13.043635033424794,38.941131269642554,-11.436068974210448,6.820908494231634,128.56343310633022,64.76726109932434,9.591841253645681,-37.994236064263276,-20.22766593560243,-12.292174179148805,53.659347462768295,31.715100334406433,-47.86868861181597
-22.64658304443523,6.086687096066451,0.0,-58.92452335072109,-19.516014047612575,1.0039090972930511,-198.69857855306597,-29.941484279363817,0.0,-35.34918459726116,-13.467285889807588,-6.336856645008462,-31.299170285570064,11.344906203691302,13.344295488778279,-167.00323337944093,-22.129398777983553,9.6178462552067
4.562970179855015,16.75424888523316,6.985032350796237,76.49535477839194,21.056973205578362,10.657183960169048,-133.06982356438613,-54.15736491242659,4.173329879795488,5.203159242596422,-26.32948255919104,-12.221685344382786,26.046484513604312,-13.44522706897647,-13.595593938747184,87.32546236514314,28.109381999928843,-27.01297792699694
7.024401525403243,0.0,-4.644079933023179,42.887277452118035,-6.812807179826715,12.156614717782524,72.2026637175821,4.285840119950955,8.268582506326275,-132.43260219375813,-56.34299718351283,2.5822493988664887,-37.06983697041246,5.483913138908651,3.36957991431274,27.51451843161669,1.7102599821527287,-32.2541410797436
10.303495828970409,0.058479250504204286,3.0246902706145575,-49.54460145987322,-14.335004331627163,-25.875697797622408,189.98676518239893,17.06242285818704,-3.7080341882739347,-29.732770733932032,-30.687166746313007,1.8568505587986754,-28.182350551016615,6.4986532390921985,8.385936942774633,57.46877819389865,4.193229460241445,-6.905729057115906
-8.536898313337733,-4.312720824389617,4.412524758514757,-54.87454028876966,-1.5848526942597747,-6.70991279338954,-1.4554247915249303,-15.851115333467398,0.0,114.31466060258995,18.180110242771814,5.514153654468502,26.37190498696454,-22.2192959038349,14.5662064316397,66.46442457917345,-2.267713991689119,-17.045869087451706
4.784074751562729,5.311050360831828,8.655308963447409,17.825484295788264,36.71640217887494,33.51122160117662,-55.86031873584084,-6.478828948873855,-12.517864759830378,-15.666393747808325,4.775635711787046,-14.670524354223296,-6.082076649485244,8.317442963083462,23.046770321522896,-28.71520076156854,0.4267566128008395,3.772420555519699
6.964042502337236,-2.849768208484741,-4.95961306823343,-50.89649255479874,-5.674246795877725,-16.819137499126885,155.9567591686304,17.266154154620743,10.512784454438863,7.407260820358765,-6.91005700668791,3.5031664254864263,-12.946929987747703,-9.971144381094048,-0.17833331784744305,53.59054478326028,23.77934219189418,12.885616141123819
5.665522783966765,-8.913496700570299,-13.207762067950291,-99.12543771266797,-5.101762774709176,-18.002221890389208,148.64003795947474,12.949609094608597,7.493075763572828,-266.9000256723011,-97.57524769238695,-19.338531123031235,-19.234533250415247,8.397020193593672,3.638387279066423,17.91321941820957,37.98811654682827,40.65265323686077
7.924648211491783,9.100273510003483,2.2134130038925424,140.9439348609996,8.922642401341697,-1.09317264678821,181.99596785089787,14.81155847092277,4.2748235779083865,64.44452869231132,61.96423447493412,-8.390213162331456,-44.826285381180625,-7.673262101371139,-18.08879912295091,-8.78867342161692,-18.354802571890005,-30.3586866929395
18.919150081096817,2.6520417149239477,18.854267790674967,68.8274125674027,-4.565927780152055,0.0,62.31256257646273,13.23887281106808,3.6603132274089325,63.23401918374532,67.45361710542917,5.389619988579998,-59.8791283736565,16.023736371667056,29.524419737805843,-82.7319136003286,-29.030342031697344,39.47219612508826
2.4034098981215712,1.0849534215318914,2.649782331835076,64.77907754206967,-6.342497070883789,-8.503945514191837,40.12250087344479,13.724104546539674,-3.923994153411238,101.1440301265434,28.202335155756884,-11.517139131012087,34.174087996680825,-10.829283034846137,-11.432572089657326,47.3589591409862,55.872206417535615,-9.335397104764638
-4.525220158150907,-5.72093078970509,5.107364377980806,86.18540693126478,18.170941582820802,8.966297995090995,-56.342876856708216,-11.896533633912908,-0.9718508633976306,14.044219735072211,3.357629491751621,-2.865020636294896,29.067078118756037,-31.086531885890818,-13.501266026641648,51.89546321077633,2.4800458210533236,-15.74490113611462
12.739673512512528,0.0,5.777874182372014,80.2518879422564,12.932336000339141,9.369934480923849,196.4595158999089,29.552362147024503,10.70130947485092,7.617595895753378,10.83012561889008,11.002034484419346,-84.59768983478546,17.063235979928972,9.27193862709041,14.329104422837988,-4.579509504713127,-20.70141866486307
21.935469499674817,-5.412135891658052,-0.9142399197400897,-139.4494303412436,-29.060616895824452,-37.4626167495103,15.26731765931384,6.127187618098901,1.6920441522863692,-58.003532253119914,-33.908182552668094,-4.708440683363289,21.569011946481034,4.006693856170695,3.0683928797635573,73.52098228779938,26.800624219108894,28.12379953287831
4.9841944031391945,-2.1467375248166136,-4.054352704458398,130.89421537113375,17.480689080754562,-0.7802385955031299,173.85415473611053,4.098338987552443,0.0,77.31559135178351,34.72066172676983,-5.949898327882203,2.572663984581216,-7.288034168897852,-24.845803789218813,76.92603705406115,31.05284580816305,-39.88311400265343
4.832994294802949,-1.0555199841702945,6.219921127972187,38.51201254675769,12.371499816895037,18.722058840193434,-0.9631196172817258,20.047794817089848,7.425294432253693,-131.3237559712256,-7.482064631845437,13.845996646286947,12.566914938731111,-16.201006189203518,-18.50928353752114,50.81019352388411,17.2766059324743,-3.568321483105354
-57.587037064754625,-6.645056761815211,-15.03211407141291,-93.29226485131537,2.3636920612051155,23.309474414537743,-364.4157549017677,-7.490336195167581,-24.511009820118794,46.70605898565742,40.87668584587159,6.77474113148319,22.440893254022924,0.0,9.444104185809712,-85.51255382245543,-94.48430479816172,-93.15408890612957
7.764267254833698,-12.66250785709993,0.0,-5.390909952974228,18.840831807518953,33.52605614849796,132.87076443190298,25.977661455699167,10.452527793719943,-121.77171397697114,-29.885288564842163,9.278486137331388,-30.762053186599957,-3.0438113178580353,-3.3806269136466995,49.97332860915498,26.573824120252468,32.776929768488756
-17.79122852885173,18.868614613020185,0.0,-170.9822829144694,-18.917133161609804,9.37795623429848,-202.2988069470407,-20.959654921498846,-1.979036119685032,64.1864423869386,14.95729489341494,6.968767892386211,12.723988269739841,13.652683254621458,-11.568894137463127,-83.38882238217363,-31.571550194881233,-27.943709469574458
13.47919350985974,-7.532628955887189,2.5653793077054026,73.46057833893907,19.35339980108904,29.889236198535272,96.84480506309487,25.835806522957203,10.184438070257176,-27.747276834841653,-55.32462604348666,11.960877563327264,16.572914470623132,-7.88638776018128,-19.19792391324537,83.9939698617456,29.48030616332307,5.724126243156604
16.635599538343715,5.6267266805214025,9.708895541215732,213.61390903514518,28.29448691322796,15.19971718777686,365.33231508688806,55.36128606225346,30.509378901076644,-6.89098527463206,0.0,17.570316125070445,-16.88082818750663,9.877505614000551,0.0,112.48698858619858,76.50076656289164,-3.3042814377697596
-25.558182804810134,28.651418046417636,8.24199253957164,-95.66126963197128,-13.963562458624349,7.494555437901761,-201.30546704228104,-11.103301532094054,-0.29794418821641977,91.55436471315798,33.727046586160945,5.309573554934696,35.23056667429181,-4.191612867523735,14.015392333461602,-64.1028086425315,-11.38335460461076,3.313588448811686
-16.03874911870423,5.24614329696103,-7.8629964163303026,36.77395450306271,-3.367532586695403,-2.955507664481194,-139.60960973266106,-22.814408434564232,7.124986297989783,68.85623597019547,70.02946889131931,3.7148507802410733,-32.060530247145465,11.440662612213043,-16.75180115871775,-130.73184564989782,-4.392427892187209,-0.9940161588654348
7.355582293357016,3.7616021078798907,2.8947453088685484,-120.5331205724644,-7.7852859156364085,7.618381100749633,276.5195397625151,23.616569659721577,35.905443480096565,85.4927805908706,21.329245631840855,10.007635963609339,-5.91005474786732,2.096560875395596,16.315620881949993,97.46896602586516,53.36123003165747,18.751411820020394
4.5787545909196945,-2.1783381070521726,7.794497733646386,88.25899238505441,17.21939470846834,7.724706679595214,-56.65149908002947,-19.48600528550013,0.0,-51.61523028743766,-20.97817314415299,0.0,-19.903187085953537,0.9145284444636682,-24.027676564969497,-29.60855840075294,-11.68351261281748,-28.22190351888682
-12.058078078709247,3.980373248834991,13.266333914153144,-1.277985304895079,5.653975454296032,29.336103902708807,-168.19225188504748,-26.831369095262684,4.45776502780361,31.185022095217917,41.529214083170196,-1.5762553977206268,17.81566154278438,-17.262468744442323,-1.420905662346513,-40.31818214959411,-21.458161324855634,18.95053001565074
13.375916539248605,-5.341689629823008,-2.5117379873197336,-16.097278730026208,-13.502041073431172,-25.497341241803,188.637981975084,15.797620124782657,14.646896951762384,-155.1236176768098,-167.82573898671322,-8.545264350620101,-50.863790314125445,4.079658755508989,18.81296903429816,-50.06403217689306,-47.35008434062763,-14.485944908013607
-1.1931091599595316,2.0210507246555256,7.0860058437294535,122.5469026997023,3.6756079666784056,-7.91029788906537,226.63791478784987,16.81349742722058,4.8883023041413605,44.43349662271455,23.688758285354524,2.490882539016069,-29.80400294216743,-6.3075126259338425,2.208618651423819,77.51282214002744,18.30577520079176,-15.869740325294288
-3.1545614085072367,10.370998593537253,-0.49944191858361614,-184.89872685899076,-35.79984195952242,12.705721106912284,-120.70343509101751,0.0,5.550405401600499,163.77253841495536,47.471859809681604,8.95441187840005,-16.69581843457367,7.13127043307783,4.733234282589933,27.263643512723405,16.222064644129993,9.714637865078139
2.418228642591512,-11.42332565363762,5.2842557152378635,-23.758717070358898,6.305868997874275,26.04155195553447,168.3179050065095,37.14055350289073,17.03757312592061,-269.79328347159526,-93.01138935413002,5.144085233925678,-53.26612964775689,1.425773934518766,4.8449283648401185,19.66881271517115,18.061890562187756,0.0
-5.125893773157054,-5.761180719934436,0.0,-176.11968125985535,-15.496292430934115,5.755339748277097,-86.2198074613036,-22.741867363837322,-7.455113445510973,-135.16294446342317,-60.223858726738214,-17.571784419803535,-40.52670641938652,-3.8349168006021186,7.848597012259316,-19.650717213002928,-14.292903055111381,13.495910317878725
0.0,8.792396838413174,0.0,33.536921018486154,-5.8061625898205245,-1.834493364249543,-174.09036220818945,-16.281087880689885,-13.15627887698512,-58.63235503931377,-8.883251115451449,-5.988104131096305,-18.926286542567322,6.080537936429585,3.359447995241768,-46.4474875269077,-43.57530078439352,6.285784298180204
1.323353465045428,-6.575369108863695,3.186133411177995,-68.95564256769367,2.2719481720992216,-10.09053673380601,81.1124045173038,9.450402891966961,1.4330295789321363,135.51001557037867,31.27676381418208,5.748901684943324,27.714563458142024,9.425047486750945,26.172044972533335,60.86342729928295,19.476223196807354,21.806546998367708
-2.0568195975166077,12.121461165258514,2.4849709493781895,-84.58510317404874,-7.838893839693487,1.9415955221764782,-167.21685900198204,-21.856322978581566,-9.508990682424166,-70.54860070397685,-68.22157518524524,-11.180949391138986,6.005331131942546,9.904367708859498,-3.0401178086986476,-84.98580933985535,-35.18678475533175,-16.15696328732554
5.515141350414826,3.713634022965855,20.434591776895072,-62.39155375289362,-10.796567095691463,16.833472746577062,-13.611177207339463,2.3579062746910306,-11.40319002317487,96.02709826143462,96.84057650150105,-15.686352732294909,0.0,10.358972523604164,16.823639054750043,-30.320954513809085,-34.736613585748536,16.456429505776327
-8.303585177968435,0.0,-7.066177863794451,-93.51547024554952,-10.398548411402704,12.669106990872992,-106.75723850350408,-11.07504681987592,-3.9213935080621876,95.7486703402179,40.165091515024955,4.439806901095979,29.78117383239331,-5.75303151683601,0.0,38.95498863450149,-10.376362511668654,-43.32233586284633
-3.549438595638086,25.773848044396324,-4.794912809742708,89.40389068331758,0.0,11.719939041685198,-237.2965866677256,-8.147697526492017,-3.3089634713525333,39.23815761186174,24.418218436829992,12.708425130101917,59.01075456652516,-35.804811008880684,-47.22545630693594,-106.2380347042494,-25.284055280870447,15.878118723450939
4.931007488624618,3.779358861111416,14.940866061897687,26.242417665336134,16.970514438951472,31.827841213005048,-23.073691627022182,-18.391272549289766,-6.756550887872957,-62.439567743156125,-33.945828002483246,-9.938437265176391,-21.01720971784833,32.337163504461074,20.094231519495114,-94.91600963347024,-13.667941591152964,-5.486806082303673
7.86846543482214,-11.495179720096662,8.248672806718979,-4.471279389400133,7.906578312931278,27.937376315615516,227.11842515666967,-37.764104385202785,1.7515503182461971,-135.1167653184431,-17.074326272888996,0.9779771254735408,4.5923401904916865,2.2762575904443927,1.2924475502164545,29.26574791801592,51.56101036169752,14.118429043276393
0.1960703465230728,6.526696661311972,2.0650693981151975,124.46658657681375,11.068480603684923,5.642660062772897,66.68307388717682,23.5800774514653,10.536268783390994,21.26885836832181,26.775147869432754,14.98925394643375,11.073450377652902,-16.803691899168662,-20.326477279980622,62.996215203764024,13.535657659069406,14.649745698020809
-19.505950987804564,-4.375131570107753,-1.7028536754301071,-91.60601326952829,-10.381656700339363,-16.937576588860612,-143.65641052155397,-17.858185252801725,0.0,-19.64681849195708,24.480614741029175,18.398382877421625,-31.23918638648179,-3.6141535658440813,-9.740236700469902,-90.10285736386034,-12.540585561672115,-14.919966462555522
3.8356166677790147,28.36675197147087,15.462767792656242,-53.526306363006256,-11.178369230728691,-2.5464776028033986,-207.49991212325097,-16.175558640194147,-0.5826438704833747,44.58288733422798,36.967945631754034,-4.644183063188632,46.13385868568281,-17.973969030380523,-7.953605102367832,-94.9716539309243,-11.79527011226203,18.123489995334552
-9.036700821750491,-8.212338975307583,-0.4528800519972926,-220.46564379452437,-21.64534884710279,-11.805266578722138,-69.32774695092866,-13.708304236922698,-4.759850124438458,36.9825071647865,35.52876173389899,3.8156960491864194,-29.561674897090466,-2.8612470493830267,-10.957410688267318,-75.46150775742773,-2.624262894732961,-1.7855029287106845
15.523316394952264,-15.159928791114538,-4.045152202704307,-55.64354388839324,2.4259288327767417,32.817277178530425,99.83060564732774,22.26473229322324,7.118152249534669,11.80318998685564,11.213307258376465,13.958477665270255,18.753312527149237,-18.939184399314325,1.2556921502125535,134.70522231607973,29.0188304288191,-11.894962704992281
-29.849604880042975,6.3367837936161235,-0.2635047436136502,132.724751738325,-9.10662381930566,14.692354198911328,-256.4611079273635,-13.90656207566165,-29.155100124216965,19.813717512039876,34.80231118031256,4.910737909722473,33.21964669422047,-31.615649286000174,-11.98068350880947,-129.08753875316438,5.737870011715913,18.48531142632652
8.949636900915486,5.258320908828586,0.4934794584851573,201.21928411783867,0.0,5.551941578206057,303.9211235224407,21.393883149029737,4.682522768010965,67.31902534371258,26.686403707278963,4.950090392716773,13.755165118601829,-6.849542953582432,-28.950116050581777,143.91128434990165,68.27730045251256,-26.461692920615178
-2.9114505995278988,-4.8001753458422645,0.0,-7.670731757648486,-22.48843723046858,-17.706831122975313,82.11686225228169,17.618441243339703,0.0,-33.63717845391544,4.07047710578221,4.49882123979895,-10.632426734069417,-26.178971315536476,-10.480176985661162,30.047705249462116,-22.15565521507213,-23.002188543675228
15.144171472919625,0.0,-3.605202157448489,-105.323700807676,-6.717275140961931,-5.312527568972153,-6.45152527546431,-0.7560493420371329,1.428159145240185,-139.88413869236825,-109.47050494463883,-15.071727011517606,-4.057803549902573,10.029272918118442,-5.801711770226922,35.764477012982624,16.324881824719526,-20.991757229693008
12.616637297135421,-7.925946218291147,-5.353572304485026,-31.769865842648972,-9.753355078206923,-23.83483665694693,170.53913569626644,33.47116736886197,4.163919985711331,-186.0052237361618,-33.62155481654371,3.69302877867425,-36.19077884818454,15.69370056595686,16.01589596641637,18.65258346179876,14.691611886875638,-9.663210659750192
40.15195171778627,-9.656419441535656,-8.75520398748936,-147.79666926192766,-9.123397208775117,-13.453454135477806,314.2213354217418,15.726875592560491,37.00633547614019,44.63436873264398,14.057244593707853,7.761714169065673,-23.160727722614403,6.459733155714078,-3.2531664776055917,87.64600675671716,60.97628141963582,23.83583295612283
-1.9724395019763754,21.837518904762177,2.400430701545712,-130.694064107607,-20.328046634548574,2.3142563631614004,-153.83886462830245,-21.468725156845743,4.129154102484689,69.4879878989457,-2.7754951717567096,12.980762360169537,40.59020763844667,4.14418378804112,5.404788339706954,-17.49697285562309,-19.089369942215068,13.26040373130246
-22.500392815370564,10.344250392296154,-3.8265859167961023,-20.237047313143844,-6.706164529382683,-6.7046307954679545,-176.89917537404756,-29.76046257590745,-1.2411501619895853,-21.080785636252216,-23.75429934167652,0.0,19.730499300883395,-4.208130375147473,3.2701087482938522,-2.6905326930953133,-51.412445727196776,-5.161362558030419
6.948351153963162,0.0,3.398779304997815,28.15936165005997,3.306763887548531,11.694618063472822,-94.87871318667672,-71.68421825178936,-11.690518347852727,-28.254410570350988,-131.70990402731334,0.0,-53.1808809364407,36.664149816475735,11.279523237614091,-75.72457738126793,-12.508068230067003,-10.920262978835979
4.617379666868991,2.9367617429884443,4.229118443506939,-286.4198353392648,-31.546975650702468,-45.56383360095485,53.11488406172735,1.6984889412557131,-4.250481888994557,78.52591846237479,17.954760480941207,0.0,-23.91740840490699,4.175321212435054,-5.9489828534625655,45.34544213060375,7.594753242438436,3.544138144031592
-8.636555475005249,5.825940285434772,7.254986476095861,-86.45659694054795,-15.967559141914847,9.706384720056638,-18.99866428528074,-6.549702715859074,-2.6601875315281833,72.33939926961015,84.71663040770032,6.4810657858641845,24.41106136119418,3.646452385139405,2.6544832230858844,-42.38002275626983,-20.473531191546133,20.21109278869606
25.914760270091726,-8.938298563995696,-9.049661020472529,-33.6424664005342,-11.311360679420412,-16.23579478494097,178.31632353356713,22.3095081671568,-2.661330516601556,-187.21878274424992,-49.704108044946175,0.0,4.342406805070225,0.0,0.0,70.12862775107601,33.990972660409426,25.878273731459927
7.276388878144768,1.730818302186695,-3.0268096846843817,-42.82016480476491,-6.376071859300652,-15.808719170649084,188.5604128958083,22.434035030779317,-2.6814138149249396,-27.881003257696918,-25.02390188889833,0.0,0.7159672203867702,10.291645676233628,15.476105834755787,66.54640549268288,23.35136710715163,16.801626779555647
-4.44032959653647,-4.328392497045127,5.762109128138063,102.12884962781573,26.898079254901504,9.848077408307995,-135.79907929384987,-14.177489850973643,0.8928550036905781,-18.744059136558235,46.54815587459749,7.382150339150924,-22.233138454675096,-6.591936336136683,3.0567547499102843,-72.92048178282495,-31.31476466831743,-1.9655755492871947
-51.957007276389184,-10.171132411884336,-30.689131240424096,-100.2113844620276,-16.280277589018215,11.25622347784421,-386.9971181945411,-28.808307501325764,-25.04287494172655,109.91498252431606,33.28468241140571,0.0,16.106228493249837,0.0,-3.538127833667607,-129.80348083025575,-81.74980669793345,-60.89750220075496
18.169769447580375,-3.362423967894877,-8.356312901903996,-129.65111517531844,-27.72257248101535,-45.970864078254124,84.21861631342705,9.461051700045942,5.416734113194641,-111.75661509448118,-17.870814705740862,-2.0725724540278807,-4.67831458244701,-3.645704992662571,-7.146187022042806,48.90788083816418,7.422384895909144,-4.980681950005902
9.929176985126725,-0.34585599308914805,4.549730985079343,-49.21982504622722,-3.094205931846624,-6.368172634096776,166.7029602874431,17.40080701137064,0.2886075686999714,91.2094857858217,11.546863192808374,-17.2713390198665,4.364160303883319,3.9942764736278455,-2.2201840990491855,73.26434108544684,18.546288878027852,12.063490944335967
-10.58127846263695,5.767656166572004,-14.483529295993517,23.230594914737733,23.751143790156664,12.471192995253274,-237.56683163008964,-21.977444718580067,0.0,71.34210523909532,32.66496565876693,1.9252787054460454,29.563582325472765,-46.32250049179422,-27.480498364260477,-9.123115620424569,-7.217863945347791,1.5545439897769597
34.03826908842735,5.207435951430395,-6.826080717390019,-37.20101234201299,-12.202088445124303,-20.99530697090827,365.5693364034845,39.79440084153825,10.47596630080468,-36.617787439237965,-42.02039610219353,11.481693778196039,-21.31337075593645,56.90510789450151,13.956187262032717,50.72883520781124,55.63680341092662,12.018714040619841
11.781702374572658,-3.9700479530156003,10.662038966700937,81.43267199202656,19.83684760842453,9.591257842831208,-23.57151640275052,6.68469673132579,6.945046926276026,-75.74252589145648,-15.707883328434653,6.607792245847062,10.555518265746967,-12.351474420878986,7.566502325011172,80.62763860708324,29.172118046149595,20.88356387417386
23.27346392847406,-7.124704576101152,-6.760422263972467,-110.65379742038527,-2.778283199304697,-22.471189144897252,249.5093563559962,56.632331685240224,10.948165740167017,-201.88075965333323,-43.73917434455801,-3.953078709917418,-2.064669063957228,7.714771838020262,0.0,63.238153301845166,47.59503313296294,55.55759245614455
-17.757123247135155,0.0,-6.085933419466549,57.441649555124535,-6.267749015492018,0.7976277381664176,-232.44703545874307,-28.387007322009506,-5.027547869325467,154.71795199407367,15.769132629936637,3.160439186461224,48.79447291447888,-30.362044706199445,-40.799361506928705,31.303230985434237,10.313020056164175,17.596761299384042
8.119468421661745,16.96638138961939,19.05211803074904,16.91440089534856,16.187276843404124,13.676511164113355,0.0,-5.590369112478046,-1.6742462481282903,-87.14249349003823,-132.56358356408703,-13.158029383546973,14.805923918481717,24.572847656498695,9.800230193179704,-32.60267496734926,16.04168385472957,4.877722925067189
9.154123318224077,-0.6894057676452037,4.235894083700019,83.00984842394429,-0.7680542511953821,-4.15532134849244,25.075655790332686,12.049623285275947,2.697726034653139,70.82592714489796,34.13906012321105,11.985096533372992,15.838873490640173,-12.438818657856277,-20.905021023842227,43.9489194399271,-15.02228143846353,-27.09610371872253
3.87160689981793,-10.063286428995248,6.823943672419376,17.705141447161928,-9.723138090650819,12.911203529821076,153.4382544993192,25.149312817007388,7.653858920655622,-200.8256385974148,-151.90941925377226,9.640494490023553,-19.18064026157237,15.61930651006105,7.829176168121473,28.493749141051698,27.271504465141895,5.019492332304054
13.502007524918916,9.92402354116819,5.40094535650694,113.37737760877799,28.047478362036866,36.718912841873895,58.93411608214799,43.75832562938101,7.613519640662861,42.53895564339242,56.7450458595541,4.315804456858456,41.004726247699814,-23.872896017777574,8.376557692051325,191.90009499803253,48.93950003459593,44.25458779342341
-13.263498144435903,-0.4675072978158496,-2.848239860480148,83.90664344021816,0.0,5.486498463958463,-153.42078177288602,-17.842844249940715,-10.525036869577466,-24.80391849499969,39.584206540379995,-10.742553732027016,-29.726034135526007,-0.055806847676616575,-10.083659905156816,-56.203258068345306,-43.321857206885866,16.242099228044765
-4.011433707651852,-13.543619794462904,0.0,-108.5924279053772,-15.995699030518326,-28.002532760732592,62.019679502881225,6.779783903481138,5.040173489393913,19.97343670454715,8.722804802018379,-3.3074559436856332,15.743040333806544,-11.658320250387618,8.371220154951594,57.61730567801865,-10.48808216725738,-17.47124738815583
8.117126693738694,-1.0068740474374953,-11.06403390350309,-21.313172019500374,-7.68069547045774,-46.79504206406006,128.3203773106704,19.049770337987315,12.12663568675207,-43.31875841534353,-54.91022660995236,0.0,-22.698138512556984,23.600900945590425,27.545726648851186,-26.037883370553484,-50.389750632526685,20.679493243502236
-18.393706011471448,22.961460562608305,7.061754810284688,56.82198390924481,-8.309941441642117,6.489641643205642,-232.31090218095324,-35.050681923760536,-6.801344212202887,-90.35065711040072,-38.82739651038401,10.36098602371777,64.4292643647579,-39.36012762261856,-37.385113279368476,33.23549203057739,-39.383893730758295,18.437647824483122
20.366624881626738,-10.366361346087928,-14.690059892276192,-176.0671415463414,-18.194125241556687,-57.60594737102327,170.74134008349236,5.080737178900009,-4.439485621248901,14.788774213842558,15.61362733130837,2.633027368456552,-43.52950646346609,38.45526996278613,18.443297186940807,-54.039563154575404,-35.94692850130506,18.041056085500742
4.903450769286373,-8.981982392298107,0.0,-114.5451554515086,-34.17402008359248,-43.60241933799786,9.947018958832848,4.220867167952893,-3.3682409109566387,-106.56785232653095,-46.72379465748319,-12.24932043228088,-4.908849132241969,2.9992897185768883,-6.796467921612033,59.65203986116387,10.851863913571929,-27.043615387110435
-26.87225467865202,3.881764727866438,2.2489006774530407,-26.07557787198228,-10.730620185781621,2.0574660591773464,-147.23117625802,-17.10517514157512,2.0834036736978976,54.912274592260786,72.10690310989278,7.106930669062191,-50.83297887490422,2.860262564141708,8.641240880394832,-111.86418818864149,0.0,-12.37942541651097
5.402356470738545,-8.273938909054122,0.0,44.686451466433326,-13.008749424192832,-6.093336257994581,204.63964002355607,16.69481078166185,-4.980437838591966,23.87809701641205,-7.164169805974454,-4.321768166608106,-93.89096871581697,14.502983131335696,21.12023845078359,9.627026279273334,-11.288121737866964,-2.8634915979029927
-25.066318350204316,-6.627994569141398,0.0,16.006229025553203,-5.511695434395659,6.479856617038649,-195.63900405234415,-35.54083265340137,-1.1308799607161726,1.9954488216959176,-29.771817421042638,-4.085855016850155,-52.247772887737526,58.433236703943955,26.4565329793524,-196.21643523202653,-77.38761171423653,-90.53384747957625
-12.004231939756584,27.156131781466872,2.357554442640665,34.018076829597774,3.626617395728598,-4.067641514242966,-225.85904865175127,-16.465151163081064,-9.705995793181472,85.59491124199259,15.606094138024181,2.1262487060036106,67.79386400666874,-37.24404095377553,-64.54770106679076,-107.23473657574662,-14.432029110382398,27.07672023167791
0.05996487901042624,-11.793257022922278,-0.7128962447023479,24.84266988303154,-11.357279362386159,-2.864986473461053,214.69012736945785,20.303489533539718,16.55164513749449,-69.12065368887603,-30.528042733351043,12.616985111964812,-82.87904095617098,5.246873798370365,8.493477908238663,35.507974653500945,6.622107329572838,-22.90980177539248
-12.108001756678604,4.058775242553599,6.535820391170039,106.71193559952512,16.66968815067397,21.791211785244837,-157.1681712715852,-66.86970301627142,1.7300694921779716,-75.1375498977135,27.579664759273918,8.794545730058354,8.848762755225847,-39.8249685690405,-21.88724286825279,66.14943140346882,-17.473938503560127,-23.151622085575696
4.452067454957602,0.0,-2.975505229367785,76.39144186172898,10.374673076088541,20.627284584535897,8.035421519854193,-8.270151747062732,-1.019376976991662,30.350536251951127,27.910987935277042,5.529698570692486,-63.20441497821531,12.788400069223195,17.34615748651843,-58.5474780402201,-33.916575269735574,30.33196292983685
9.599157231463101,0.0,2.2933596709439397,-238.7038124248261,-9.919909049134123,72.51456830310777,284.4718860198677,9.440094858179428,14.634187707386731,246.967866056199,130.0510398580738,21.741179945285168,0.0,28.012199880099093,21.666716995394538,90.32927868382782,50.19348888098629,79.869091380089
-10.713745629776003,8.406539276766484,11.543847327861664,-95.17950967536378,-13.120547664899501,18.105584253307818,25.855775235645382,0.0,-6.214243892612542,81.46382704490692,79.29372722466734,-9.294900600512063,-18.224232168590152,2.302022231363498,-0.9438056674083964,-77.22638133524802,-38.186664116108865,7.666204013217985
24.7095118018446,23.21078193354296,19.62762545740955,35.43370137964754,3.3787140395975546,-6.116397759663115,211.33263697325876,22.15861121752967,4.872042804280193,87.85620850669125,90.15831666075913,-2.11122063265666,-34.221815187044854,68.83808759120802,81.07167683100448,-84.29796252666536,61.26414064341353,48.92531844822054
-5.4562527244960854,-0.4086900340673388,7.853286382771385,8.695212830869721,-0.4935922371298664,-1.2278463999015823,-51.296394610794295,-15.458523221741114,4.791543666076502,158.9781719841634,30.62558072847564,-16.037742842720625,33.94825862764453,-31.632942606384493,-6.61637921176278,78.44243799904297,62.50120769571199,40.38712383675778
24.976438510287853,-4.050093419419645,6.711599039408264,-23.447363879341424,-3.4852864983908494,-20.338408369535216,285.50523846848546,30.43666161465196,-2.1391891175943734,-72.2305835390148,-25.6293151878123,3.9422964364600737,-23.798063933810912,29.659479034459036,43.9948380940828,-22.46246803265043,2.1247684137100005,26.34113296171222
-3.3019505767440505,1.6084587939465183,-13.625797519192682,71.75078541817388,4.262853435707707,0.0,-154.76492245551825,-43.90650399713646,-4.8340275965294675,43.399062832319146,49.72978619182141,0.0,-55.83792405733331,22.18263572621996,8.362641761744335,-153.8698300877001,-32.67251119517753,-46.69816014434127
25.964726069399614,-9.12689275230879,-17.158996609331133,-67.1201283583103,-7.120667396479848,-14.874606746599138,291.01058864622775,9.04840761873411,1.3389675013741165,-29.047941053223752,-8.530610180832275,10.025422016231616,-35.29401224819074,0.5411848084566898,-7.744477202220242,71.22686043719989,33.95149795393155,-28.29824616860418
-17.6121695254501,8.968964413077455,0.0,-22.275853385070125,-9.849488483606367,-5.5241240316721685,-229.33304535298777,-17.419654111150393,11.420946472041209,-3.375911968486767,8.032421758945258,11.939646852270846,-29.56783685408642,3.3958063314014275,10.768207754171026,-142.85586734924192,-20.274484678575806,-7.154226666097486
4.635574129730322,-6.610953361622861,7.908577238780962,88.03111489242383,-10.003859554229237,2.734653078127025,0.0,0.541147372545641,5.265774093768109,17.974168410376716,19.09354038683553,7.471979785196316,32.18245742347564,-25.107630490971893,-15.859009280194597,67.8109917345577,-16.848941958449664,-3.3253292163713866
-25.703699012545837,-4.124079879768477,0.0,131.99178511088678,26.35901753346168,8.492426721630249,-213.58786644615958,-40.14033675851237,0.9644713461528639,51.01668178695692,49.77000969608403,12.723966725159043,25.192228174249284,-25.72815165955355,-22.754622301651022,-85.20717510163763,-33.29359826257087,24.017542901515526
-19.266309784151932,22.809020475123944,7.488302509723961,-146.16748051576835,-14.958101777105668,4.774164118056883,-239.15847889211065,-10.43317540769075,2.1373958195169336,-7.9696361266815945,10.703244515728397,-1.4185637068807444,-3.9106301273095556,33.47579877811159,-4.0076442132814005,-107.12910905136651,-58.040723461117416,-82.20360565396948
9.97955836468883,0.8385308909901549,3.9889083489826884,-20.366770175557225,-7.504660534606412,-11.876218839048475,-87.7796172339295,-25.44182938678729,-7.561440597649157,-62.46751279355205,-80.85528762722879,-5.264992464793733,-16.840891018077816,29.56337402099296,12.276426492325832,-74.03178767002998,-23.313802766457172,-54.075066039817216
-7.6183607614521325,14.439225671525332,-2.700337450781266,42.219265144145176,0.0,2.301816876670095,-240.82357421602106,-10.73226615831635,-15.523278278716234,77.97002532728251,30.942007414738654,-0.6564571236375334,-30.925817298880713,-1.2642364744532482,9.256897907267481,-215.19150323457833,-29.14136447910512,-7.133025110679853
0.0,-2.5289325712328306,-9.323269291513578,-91.67464049608687,-25.726089137729446,-16.77236896108948,46.07942759016333,3.7817343972132953,9.661623179430308,-97.99636345443052,-197.13125847471844,-31.796980739576394,-62.31983864014506,2.3877627325532167,5.686798712095287,-49.8881071046634,-6.3106309469898205,-6.925517059046001
11.39299381250845,0.0,-3.0335391678846335,101.29111291706008,-11.837178723910384,-20.720233771967646,201.54943250326824,18.527818027241604,0.7379980424083146,45.54272876865143,22.423153580141015,8.514077309733885,4.113311623398665,-6.50618417455678,-21.213361776424605,76.64791074161208,18.267254450122607,-13.039189082668315
18.610294799484986,13.545626921109085,6.232562653286907,78.38630095813075,24.231139198320516,12.449512433574057,88.78648163290691,8.274411932791612,5.252368379009511,41.70102900845726,-22.673034770152466,3.3396866828935474,-79.62154879854744,15.425405065549935,7.117497305766132,-57.17030849721758,-31.77800837587229,24.01894275294842
1.7742245452124932,-12.715111355914566,7.765628652322635,116.23850171885167,23.117468606486476,-7.567712138842547,1.5352634909567926,9.308515618077404,10.020588124074068,20.126968458751836,44.3447770206082,0.9068205227229543,8.79985492838376,-16.042500860932925,-30.49907188748771,37.62161693927738,-12.110232324744397,-21.40186421498484
-31.109285407357362,2.5636882008730937,1.4029125209437172,-18.868042993879783,10.892306449358342,24.81179388219777,-214.973144641943,-30.680002085623105,-5.887264603626321,-32.96777382348072,-20.878922482550273,0.7833089673623954,-0.48810426387192596,-12.853132187448026,-14.691716456586155,-100.50508329366136,-27.75094222420736,5.833255893555815
-1.564827357166614,-4.707487153209246,-10.231354588117362,-20.240311352019454,11.029788016327474,36.16728871584272,-10.256792609756587,7.203129819136171,1.8728500020760375,-130.51808315123904,-156.67100647776223,0.0,-9.039695807511798,28.95376393339654,18.146942253854544,0.0,-23.377718752888924,1.9941158977442797
0.0,-8.719565643885607,9.825356055864667,148.6282961528277,11.584820454431702,11.415299158986636,-86.7692790118209,-2.840831628493829,5.746743065754482,4.4192178982408405,44.00071278169209,10.029804456159637,36.903378631393096,-13.267095600135214,-28.214753248388675,7.87355723464017,-7.935404267622849,-24.017579304369036
-11.595992330772777,17.27595497230667,10.862871526544245,-2.0722909830278557,0.0,-9.597968260412612,-234.1980386922505,-29.945637422131384,6.4764666128211275,-23.224852063365432,18.056349464969195,11.598066557628279,-25.690169264219772,36.04736497572643,18.622899780909282,-237.23277362158535,-31.305534249310686,-16.2830092968386
6.3118482511288345,-0.8464783633755358,5.581556472620155,-19.49630476324393,1.3091074895183983,33.649871033462496,-1.613137772097454,-3.152865510680281,-6.565784637442098,27.782351019000505,-18.44016518381001,12.151801812124308,-26.02332471753846,-4.691685932483357,1.3353348005935348,-10.540395745643224,25.68151387119777,8.80213035862731
4.739695548066973,-2.74779637127185,5.522154065889686,38.8792517548585,0.0,16.249452260236016,-64.39812337715668,-16.17459940486886,0.0,-55.071517306754906,-27.683187939632077,-7.9723767386357025,2.0017435948208497,-4.1188368557389765,-10.742803064987545,-9.47811030317151,11.511652239683983,-20.79543772510648
5.903455986241454,-0.8217780957727518,-1.1362961265102385,-23.595498805341926,-8.712973177029822,-8.810344626637542,-4.9333018656672,-2.1812174696385394,1.6786485265339832,52.8158238161659,32.09703284584503,8.197994671961473,35.3369359776385,-18.051550067457008,-12.38250824738813,61.67925332750398,-18.6056594323557,-21.73849586297618
17.614118654685257,4.0368250721737455,3.399780899378333,32.79737538607012,7.877653648926338,14.195996647223192,112.47532123090738,40.59836986058196,19.550443022513576,-235.39521042718354,-32.36392703351748,0.0,-10.818979402944198,10.732044350439002,3.682195603414109,30.962510887848648,40.122479705696335,52.83261411238462
-3.554087228603738,-2.808669250673727,5.345323940974811,29.993566307970028,-7.02375214418359,0.0,3.2799032130085686,-7.849797410236596,-1.2873267665008215,-132.12895597365198,-113.98368274925457,-12.840426335138497,-5.776932274238918,-1.6556190367563726,8.01425618718104,-69.51103920186088,9.41833413134149,10.554371575648247
5.116559847654087,5.810776667966152,9.008549468155707,73.00929709743954,5.847216770544615,-5.297220049897863,-182.60184131701965,-33.89415808306953,-18.45184833216177,-121.40808042763805,-132.1776813791826,-8.156647615980102,-13.655374271387283,13.495744100609485,8.307878222804032,-28.783593162351885,-31.556735040886846,-11.030320744335313
-13.128294346191838,34.11768146187689,-8.104670917711298,81.7085067097649,17.784919611345007,19.149024859381832,-191.21550209112618,-63.154163922577325,-6.040611920761505,-91.56769504189089,17.885626743603815,5.4500142698647895,58.059388076020305,-26.679583047972596,-30.6556947565612,37.63868905892598,-8.93564242657018,5.954646027923957
1.2725247199701846,0.0,0.0,101.74376163086401,12.10733328962936,2.1457394104955956,254.26510837317048,10.040299735854399,0.0,14.34434717690397,25.955340061155514,0.0,3.1042739005914273,-3.6203961653664285,-27.923227478567895,110.89530776936918,42.33493312243275,-38.63117603168382
13.655480983350929,3.3151422194304923,17.53355695586669,106.22526528485733,27.22012926964657,9.334522046798915,-6.937198943141271,-8.589092009413628,1.2016988409712335,-2.636638914788196,-21.646180000411775,-5.4703152378262,-23.18207077374124,17.994250305989684,-16.706437965894093,-58.085946533323174,-36.62891635834845,1.9506013622833578
2.4932589695655727,37.8105139753546,7.599617400490549,-1.760085444207983,-36.000667244516784,-28.63079287126726,-177.60352497253226,-3.7486308125595866,8.723200112338004,101.6259125477332,19.259770733169454,22.77422229622297,91.54511657010126,-46.22175020726594,-24.77380696712313,-34.024504932496605,-31.30949311550471,45.130762860776954
36.94298804990098,2.1307232624837367,-12.116836264341392,-52.79262226461651,4.574852547078375,24.27138358382735,303.42749526885484,33.677570603817195,15.320794809749206,25.07980278127866,10.55051438025065,12.433943140152909,44.06489056096744,6.78673581419246,-1.1033692763357796,153.18681458403736,40.99310990674245,-19.327560949418626
-10.524709512406774,-1.6730743719857186,8.676834917554922,-121.28979194325137,-9.268766986033283,-25.698974379382907,-64.28614767033322,-5.509237536358984,-7.90655135646177,78.87434425902707,28.065564567473146,-14.186200491189117,32.11288189990742,-26.54849749265845,-28.256033431363605,77.8297322415223,30.855523842214662,33.40542342127165
1.9731621356558704,6.441478772161676,10.729816812522694,236.22200627505396,22.052603154371035,11.447649256446791,329.9428508199925,74.78073060190162,29.08496522861898,-72.26728152591214,-52.926724610460575,16.295013775020976,-27.65588381802426,-2.8133869597444665,3.1363033904993642,34.38108007918635,63.54043620804527,17.63102404474091
-4.139521516725889,-8.21884901060458,-5.790091156602395,47.261247802199875,20.3827614642845,25.192488713319744,189.07912953899108,18.429071973701955,-3.4558959007305656,-132.29449559486994,-128.24941826403168,-3.2175716345611525,-78.62040813791782,-12.843433529468369,5.21849212652926,-49.48479042622336,-65.60023497375079,1.3832434093550035
-4.448836785244227,-16.75012560183463,0.6271027941514281,-152.21839219125553,-32.29966043613116,-30.209761951010293,87.50435259517478,4.25435055356226,8.707263461244212,24.34807512535483,11.861768928453355,1.219874054961756,-15.182846037293173,-0.0670953552166197,21.82704787053196,22.0672821349512,-12.182870337843289,-21.271502866181663
1.3470602664614184,2.5515102974123804,12.501295325820298,93.07626671351,-10.333222095882023,0.0,102.80918274682097,2.7765845002422167,4.248150427912684,81.37743493305979,42.84785147750027,0.8361490208319271,-54.32686986537852,-14.895165632190421,-23.22945466280743,-32.10635918382063,-7.957840973118283,-15.929784449026641
5.155985057951239,-2.2304794765786236,10.438491917005171,106.16047690550917,31.789460060061757,10.728874831134396,-41.47142502357445,-11.60671910323241,1.2829389168007987,-89.19503610453053,-6.319875398527216,3.171448699469156,4.898413501299263,-12.881928363642633,-11.95172188226654,35.79260677747157,-8.799521375188972,-12.308630153787334
1.907002127684784,-5.867986025033676,2.880555835904778,74.96109286249076,-1.906455986456929,6.879518378847251,28.683056758649418,9.673523737694508,1.71800959834404,-101.00536176082713,-40.26332443555602,1.8838984013395728,1.8229814220211769,-15.724038432412273,-10.862968666552387,39.450718609938654,37.665990675620236,14.551750006115618
28.263515189788574,4.380319210945202,-1.6527661942839165,-18.575406503848445,-12.799450511825075,-14.701853588641818,264.54549466731027,15.20398648153454,15.581366292992863,-132.24244773124204,-31.430675905387446,9.156375889374738,-8.997540021379201,-10.718247236923702,-3.435327615598086,88.85169267092172,37.50848835448694,-26.56882355511567
9.133761214376792,-8.933714704530844,0.0,73.35126844717276,17.338139052628303,20.236984866219686,166.02445033584098,26.21053260031563,12.171600485654753,1.8768704404118939,-4.632663241808296,3.0701895461135336,5.649182258415931,-9.597311646485586,-20.099877443264248,74.33630465797013,33.94079911861201,-37.83388116280736
7.69042747844067,-12.632253880614346,-3.3597802279597904,-22.090900586718583,0.7010230029666175,7.038610777705691,197.8447459335145,-12.815876694542869,2.8814714991055337,-138.7944375321795,-40.47705821824479,8.159455744021258,-19.06094306385005,-34.23040856026571,-4.3555457898556575,22.824965004827476,22.882738495577684,5.921747761696395
17.32392610705862,-0.2629315813940682,-3.389148289049684,40.9439757058613,-3.968749720414786,13.25813797452219,122.1945328545265,24.034450832463886,-2.5859434926649767,20.76077126034954,4.290235129479446,-2.542300492668006,19.192519195620747,-21.89606939435293,-9.969226121745665,84.12636502780016,8.846754454274778,2.5600349836602163
18.834677726930106,-8.651537443388479,20.501091057507615,117.7080800007922,12.910012370686658,19.877855293479094,259.22319323668074,35.49418076064204,13.10699769745587,-38.98804554736511,-29.558709236090756,-3.956507401534658,19.277508173375427,4.279009723134349,88.98455024552881,-47.21656630990672,-34.84542268776176,37.771771104011066
-9.86505649219378,-5.302586205595378,6.656477480152636,-82.532336857753,-8.182474216551114,-18.53997486766337,-11.396446829554655,0.0,6.4842975349867675,17.343146863230146,5.351384270820505,10.021321374106149,15.288741049900466,0.9664747214541052,-10.944573526980575,-0.11601205316103044,-19.680540808616165,-32.524108946462746
10.71004712108563,-11.531058258549605,-1.790548073132616,-13.21800690826446,0.0,23.652078170760404,89.66783159845112,28.604386196478895,13.949016112659624,-141.33224373543408,-23.714198205287143,5.677033689571321,-26.770976852338354,-3.1560975701055436,-5.133663677602759,41.40630635779168,27.218955154673992,18.39141494243993
-3.998654534860256,-1.6378333109433882,0.0,22.14217034508775,18.161062275299685,30.778947018210207,55.46604849362885,2.99576077814232,8.357488346807662,-155.96801882464484,-199.1354665591362,-10.096638237582493,-31.635048267030193,11.049065004100111,8.27854963873748,-29.804186846908042,-29.243071099997994,0.7298075007989269
11.241292466590718,-14.549459184564075,-12.216007601649963,-155.3917209831027,-27.54158889197714,-43.20334069878551,-17.055252548511817,8.435503373205504,0.0,-93.15579385472876,-44.06700317405574,-7.094685700366427,17.24057914501088,8.226346912765276,-6.2340492698809555,28.146090738162297,1.8675768613511479,-39.44451466002255
0.0,-1.5036139535167463,5.357997030378606,90.99811990160858,-12.380107265135248,0.0,66.60072331875446,8.395897092130582,3.7195575120142292,147.04428136681574,29.726595423677914,3.840503189485241,27.25528535699578,-8.655113998223499,-19.5073348927802,84.97347660874397,50.1130153000079,23.1841887065425
2.739284672194028,-11.202908161638158,-11.92013867751715,-1.1311721497153397,-2.28820982943167,20.534743743803304,18.095822320536456,8.118511545064697,6.959260871148926,-118.01148534533286,-77.87457224013458,0.4291732397148813,-19.313924096468696,17.387911104511524,10.450409458995146,-2.36487298850028,-36.7716397720102,14.615055542399176
-33.24891045135783,15.503473196058012,9.640210157457746,-160.4166461139915,-31.395653576970215,-6.002822985668282,-217.8521051749991,-31.806748443706123,-13.706734069950757,-39.81653951071989,-42.360991434382456,-25.124362055711078,35.86525416440287,-13.573605561814343,-4.949113007613808,-67.49334850722559,-25.06396230031931,5.7443924270679645
0.0,-6.071038846182588,9.094987220959029,150.12946189753197,6.039116228778312,-9.44813083222176,-59.812492904490185,-24.43792653926469,9.315321744603036,26.41207282653398,61.56528483862559,0.3796233527860196,-13.259843892680825,25.360583046231607,14.983029884264768,-114.21457752026458,-8.753153723260628,-13.071670708351007
12.508341322602755,6.588645960144455,0.5323919223883045,186.05492136502252,31.48851844531003,21.443495604543553,222.45635381690295,45.113027550573925,15.34074487714761,4.258538099392165,21.305305774853114,12.02628051675502,-75.18069376886424,25.676150388844583,17.180720764726207,-9.437383322659265,32.85919216935161,13.9102264421374
2.9319106138144524,-1.7822223674442257,3.2008987239371653,103.93023865711471,6.819040949395024,-6.698336470578555,273.271518386079,13.54811379036246,10.373707361065618,2.9786398212200145,6.480293558150402,18.333035811257865,-66.32686396811505,-18.77566145190004,0.0,43.4744741233829,29.593492420792696,-4.81666953472984
-22.091625287093485,-3.4959223135413215,3.674667248798438,60.15100756775702,12.654488875912312,-4.351234696090687,-277.3938501068142,-23.576520067787715,-9.624081832547082,46.31812748049994,-1.2474024851876173,1.8017148965395577,-7.373862738688248,4.793490495381292,7.7842599458619555,-234.51450980534855,-89.60411249045545,-32.50701847047378
-11.196792456216274,-32.86463650424186,-24.622310438170597,27.47026681811309,24.522378421629693,0.0,140.97798752941785,0.0,20.17085687937159,-76.64819428535928,-7.812494734919234,10.710152362705506,-43.98573321291759,-63.31515058822996,-15.472267735371513,-117.25575635763022,-66.73757238134226,-34.59298987455196
-14.436113365233574,-2.7158302444420275,8.496535288878258,86.71980031332505,21.421010456847622,5.286018560682852,-69.68888364618361,-23.596074593092425,4.3402925977932,4.9167096630019556,-41.176927121521075,8.41545971064755,-3.912594897372411,-6.1373964222382895,-21.28470465761412,-9.586697657631701,-44.4855266038493,-0.610653820384158
6.331565443719189,-1.196355469259232,3.3945747816197014,120.91850817977165,-4.400846648641909,10.184577972422256,-18.63911956192621,-6.730323829269044,-2.45688079251518,30.477225040688868,-5.22438929190212,3.3762656496249464,16.828291023519856,-11.132395474608558,-24.93020906636759,2.3240680901801656,6.724582555499672,-14.502139075207793
-17.05687663099835,4.7388640048679544,6.130615518486099,83.09144632378249,3.464028567802668,-9.155027614642677,-220.47761996209505,-32.44193045860371,-15.177586151053266,18.008157832145873,31.2629340553636,-4.212873886573032,-15.646139015650759,19.18595297289111,12.354690293082191,-187.46219648114877,-75.77918302588469,-96.6501804647549
4.844018255737457,-1.880568495834181,8.819151778759384,11.314548203816111,-16.814421714619733,5.037766946443061,-54.30929588696448,-8.228659301790856,0.0,55.439720014628456,29.055304511077065,0.0,40.560508428460395,-19.866800286990834,-6.604060659210285,72.84845631869885,-15.565023641955621,-25.692898608704056
13.249901934276107,3.6833313725909202,0.0,87.0050587723519,16.12277034318101,5.994396473662831,-76.66291232828048,-25.708027637778354,-3.4083363628956818,-39.12523987702368,-111.18715367735895,7.730832367426417,-16.640280597035463,8.313784161613768,-3.6591670222944197,-29.103173534948276,-58.64934503020349,1.2756467433339935
5.481260773329992,-2.188198307891063,-1.87078721926896,-63.31686181846165,-6.477117133945668,-21.430773610627906,197.53732096125972,30.746047332590717,19.411325594383626,17.16390557251684,-5.27513959496809,13.097516557891632,-16.218213300631838,0.843543147923872,10.787250760154766,57.213347122943006,14.779524478897306,6.6824509194752295
0.9135493910523138,-4.532048815645292,-4.682927019408674,52.609364257886405,-16.549545041591962,-17.360578535488912,284.45527923409173,19.43626213937283,19.515448203366486,-81.97125629379659,-32.30103585823051,-3.3292541061250382,-50.963478257654074,-4.079090871618829,3.599485574670243,43.2795407560172,27.34913847964154,0.3728895716356817
18.929176256758694,1.3868479194755516,13.732118059834036,-2.681921273063499,0.0,16.936602664173726,78.90647458101061,6.404610842785074,5.238358230329181,128.89574661961964,117.05997634776689,0.0,20.983079733788667,0.0,4.726009492256546,-18.682043438692546,-46.54182821278998,26.14863451025036
-4.599469671461632,-1.907703555251322,-4.725333600655348,32.963075073624275,12.124854244791626,40.331612968136405,179.90571213450704,18.079398091636353,-12.744162943005708,-5.506870341478748,-18.33787568840376,-18.08610327335421,-117.36930512339957,10.409101431792465,12.16505165475422,-36.296128255402735,19.69407655668778,-7.452348743137577
-10.189169771799222,-6.243248691308184,-3.127597552702284,86.40040655750155,28.396578344230708,30.889941532534866,205.95307711482448,22.64601424100527,12.644179163977526,-47.694983583396024,-26.488453463683395,5.302299481222285,-39.204843309800786,38.53534668312166,14.231435876322351,-33.127349522889794,-46.72703515674422,10.029775825550217
4.597862045933102,-6.5693304676272595,1.0320962146406094,65.28001445759665,-3.6588506130287564,5.282382250121883,-100.1587256527705,-16.229539723294852,-2.061574301679767,-79.46823693971753,-72.6006926369238,10.024884871668577,-24.952263872747842,2.5410636786307776,1.2490274473482283,-1.9341239417857488,-38.63025528075497,-4.6678468843171
-26.696091485130353,-2.310436072291514,-7.296537867184469,130.23867464431183,0.0,18.943826907931086,-264.10701890350697,-33.55129439634442,-4.7474138285468515,49.04979850646594,45.33424622735317,-10.881180222983554,2.5372690260636452,-23.698592233308162,-19.053845303391327,40.973545465956505,-9.252660726138735,-5.4907384678153335
19.558537635538695,2.6350975111602586,13.007511166303045,120.19627629998779,16.91798577929293,11.101999082329664,252.04846071491696,40.60585789260442,11.059434708946934,-27.508003414785904,-33.21848078987092,8.25021872316576,-16.514695787593663,0.0,61.9362759067586,-59.28898146083627,-55.03568162154385,26.449616877599397
-13.267190587566127,-6.472936860055492,7.882022096617033,114.17444792655157,12.651167995007532,-2.354427516730536,-83.61471065288754,-16.206318952471342,9.544339542946219,51.75515498388076,56.02943925686137,11.52591011984815,-33.587606802170114,4.713699220124237,-20.330158615200677,-53.71031180334199,-39.10336286471348,21.582302665569387
8.865085094895996,5.020192895364596,-6.405871571169973,-25.331470947023497,-6.358286433804902,-17.119745333597784,204.00775005072953,25.932722701554418,9.893888791720265,5.270433740722393,-17.447436493914815,7.816014208768104,3.2182150855799914,-2.987852487544842,-12.406283606401336,78.30904133933655,40.2167617679398,15.917118956018953
1.2299009410199024,-8.553241325322086,3.5484989506728826,132.2504206091902,20.46097341467846,3.958054932310453,51.96511194601026,10.906553010754081,13.259832123649172,120.74920225958407,66.0320591445507,-2.190186557275499,33.931012639181446,-17.090641550128293,-34.14108942641438,91.81409948885597,48.02949180691993,-22.72732249118087
19.15941546160897,5.077757030544187,10.755541060981551,42.635680661173,2.5116220489256205,12.6801131972533,347.4171476911618,74.16598785293341,-10.455383884302787,-78.8931906316939,-18.320384682885937,9.351516734016505,-14.859363582614234,40.3549926228978,24.386445211806432,26.55603211576411,60.49306120664785,23.195576346338385
0.0,-8.126866843052001,-2.182622215262998,-7.056913192821343,-2.190549815761836,0.0,40.84695319301604,-5.84432073794466,3.775599938796581,-153.00444266980338,-17.453462137432034,-8.71892521639188,-28.65602610151269,0.0,9.868680800382496,40.68524915816902,14.782296136420847,19.905379785104344
11.375643481378102,-4.657444911808409,-10.6120207803296,-93.45706253703912,-16.205353442010985,-16.28278402452634,4.533950581329794,-3.1027414419358768,18.284883009681387,-3.4141293577884175,36.221211083194824,6.039903467373873,-30.275451983103196,0.0,10.014220890906612,-55.9955123229954,-25.870180414424844,17.457324526486076
12.917327390209426,0.0,4.143866540216737,2.8974537796314634,14.620543961483415,15.27636186723108,14.97802666323992,-4.514468706829093,5.859527731241803,-97.61869471444903,-185.6190826920147,-5.030476579796263,-16.36758513786713,-29.99828894689844,3.7673928874396236,-54.797938818224374,-38.96940393947872,-20.023525489459132
-24.328304164231625,13.237816061253193,-4.444305082347369,61.289501097056075,-8.259227340450602,8.901610977301381,-293.4341814820163,-29.964867341500273,-18.016254003685575,20.952702273633292,9.734803398633462,0.0,38.51745967345932,-21.09482278234252,-14.616496014572943,-155.30815422450354,-13.095480092183678,10.855807408160388
15.932981431350317,9.385980319454637,-5.1967332357752,78.1065452910175,14.907297913280436,24.202001534713503,104.57147902267025,44.508252102824166,-4.805863829004506,-97.66263457581601,-37.804867579891464,7.7090681486805845,-40.0812160335673,0.4864020131670383,14.802678938624485,26.533693242409086,4.2066461989035,-2.9873072605548714
-1.0076299814703211,1.4980887471390545,0.0,54.58168710468678,7.796058203198098,17.236358129491673,-125.84334847769463,-64.58576660490819,0.16223717599782228,-53.43122650568139,-21.63449474503971,0.0,22.84051287988443,-18.60026458608283,5.0480638635825805,-4.516729016309966,3.3452966923640903,-5.503491643815039
-2.548137077132882,-0.8283712210881047,7.054192923558877,218.8076836063798,30.535650108481775,16.61342894519608,230.89024847743963,37.26876941781702,12.80741120912316,-2.207547781790262,26.127766253167746,5.890634524057901,-90.82867169256319,3.2678580593773323,8.559437779019625,32.389368120010424,37.97087086208409,-15.606045189156475
0.35617379666659565,-3.1280372962046266,8.393954197327432,207.88185075205627,24.958551270826757,11.45958888709001,211.30487544081703,53.67131214741365,8.889280223174174,0.0,-12.288718032247793,11.403419518246594,-86.39970273771445,14.555597456683039,1.8109916218711453,1.8379891416653318,43.71437737068777,8.287731313804898
13.118378430950143,-11.108502021004277,-3.5820006194591945,49.69218382453548,-12.024186357489102,8.25341607031995,101.58631999810625,26.89260060645093,-2.7975733501015214,-114.2197170520897,-52.25172697701434,6.388730737396295,-44.66289500411377,2.067908159004838,7.692582456184218,22.41208213772164,8.039787319911841,-15.620412420067115
22.700172551972102,18.678676828228983,21.269475413603864,63.17218833450828,14.906211911659899,10.361783663065335,180.86523966908368,15.663794775448055,7.012959968386187,14.78801897829769,73.29503656040694,11.012264677590872,-15.855503778330494,12.668265871576532,31.06589070695897,-87.3793059378685,45.19257822338589,-5.541485808641255
-21.22342575092231,7.074725039702181,0.0,-16.224085590093864,-9.407463226278637,-5.669607108759744,-227.41665194729424,-42.28349798599866,-11.164276304819555,-1.5578901685340396,7.256433825907423,-3.4771632306391824,-41.47285566496899,47.394122073581634,15.218460350569252,-205.11234594509247,-86.58152658824847,-95.0987047333864
13.571514188996314,-4.692986106497384,-1.87733843777326,-69.66022062000081,-5.572020248946626,-21.47980658487391,225.23812559968087,55.247522863907,-1.8388452197946437,-223.5323451245994,-72.06488953641163,12.906657465377155,-15.803788581006483,24.81601269829563,0.0,32.36227800784794,28.35657221396077,24.982434969432884
4.943138615086641,-6.136884579808432,-2.5210896282362674,-34.986083379210605,0.0,-8.912982094727104,-81.527826870086,-23.509749685458754,0.0,-90.3454209428648,-131.0692629816322,-6.584858067022229,-15.461383907198753,3.6080022210633618,10.039847360369993,19.229521085141293,-46.82809129465501,-1.181678556304746
0.0,9.066559110988528,9.232400018632553,89.6302416514393,22.493785763187503,17.161468744398555,-159.45735044507416,-43.80867073153952,4.182634532224907,-15.638101810908449,26.492786420383943,3.6986311277583934,12.395794282444918,-8.05463521289361,-10.296678893958598,-22.380057652657662,-37.30098123050423,6.627315363432217
-23.86075116454598,-5.139001842210201,-16.37251471241511,-95.18880478167235,-8.607579714991928,15.374152947722404,-320.8622350185294,-20.401795586870026,3.276722834527181,101.82644536727135,37.98247313889114,-3.298978634790772,15.763094083987626,0.23255003234309624,11.880850630827474,-121.0989921649162,-47.8640256138507,-36.92487116619168
4.2441370285561275,-7.572748611410029,-5.964098128287069,-42.89468461799381,0.0,-13.041606669892385,89.68076921969465,5.669634340065042,7.71448223647539,-110.93709165105375,-173.092087887503,-16.784382371478337,-64.82791182037354,-2.572152373830739,16.990925669458683,-53.83188337083546,-29.881124346852047,-13.483150505490983
36.14646154162708,1.8211868355488972,-1.038082485009214,-41.42001677702219,-5.934056356859235,9.292774582364538,254.8454553997455,22.122459890353507,11.306244999493781,-18.73094442497272,-21.286296944013078,12.542891934815795,36.22954051155931,6.485682190490385,15.905811144913974,114.37364879387142,50.341067654180534,3.5124548845039953
4.6296727300980605,-2.753278303688992,-2.8822829316181493,-95.79839156077733,-10.64069187124154,-9.269102295171948,182.4847042080477,19.868591660027445,1.3938359567863292,-19.30409028123889,-14.386002205844175,2.395916769981434,-19.737620805467124,5.516648136065239,13.631518618321055,51.20924083658147,21.835943420444575,16.788935371508984
-29.05359598516011,3.877638454168788,-1.5935483195645583,110.33578553081568,10.961921548285002,-4.753049667418742,-101.54418619671081,-12.752813324910493,-8.405336757197906,28.87845141391487,78.15224018303478,5.594297412278355,-52.420356157684935,2.368088502610897,-6.548854387175327,-172.00579117923687,-37.4988221890331,5.004288179759868
10.852021238501239,-2.4271605774209455,8.880135957116421,101.44846796568561,-1.503206458019858,6.341475362011445,24.166640077669417,20.62099358720754,4.538160459102034,54.25626852108,43.432885372523494,5.18169003061293,46.31102237439705,-9.987489146824759,-9.943625365737878,183.78148311147268,51.25439417225607,23.39063447875833
3.783424546794662,1.458770452029049,3.215415294024913,139.86472126638844,4.481971592744077,-11.098072111921395,-134.40675918828757,-44.56484230270763,-4.435472952398858,3.2451773366010284,-38.1479892562371,14.370901723258676,-32.008586217937676,-16.813905537018538,0.0,-93.97366147017134,-38.01099500795906,-5.316517438077682
-4.662861230863534,8.918278277451215,0.0,52.768152900964445,0.0,0.0,0.0,-7.965588212645741,-7.837741685671358,-50.69933638455693,0.0,0.0,-30.109462748320592,24.690316454075223,-25.15118531717135,-102.83006781650514,-28.522054730022607,-92.36585500368659
0.09631470385513008,-8.899892523550097,0.0,78.33536486348044,0.0,3.0062924179065287,160.00482339271096,12.66042912995084,5.682178171147202,13.651753813187701,19.545275819586884,17.106387931377633,-82.82938461240255,7.117968960784134,7.433898220855164,-12.397444933651569,-18.515130283610237,-28.90960097791097
-9.700388337749539,5.805788618791655,0.0,82.79170482561628,29.619749168494856,19.148221195532575,-209.26363526191219,-41.90319124436035,-4.915408469818406,-31.299171199519822,25.471055020736213,22.275593421948315,-15.182284422392138,10.468428052209763,-13.991216064633793,-174.61954952373503,-8.770158261894627,14.769210985910092
-22.669698351708437,12.289807251970075,0.0,-112.43219547030274,-19.914302591637455,2.8352606024539604,-239.75655333288546,-15.854007420440988,-2.93025891776267,17.974461669650264,31.973506390499907,7.34622338844486,-13.535837546143364,14.523834836091478,15.69416371882873,-151.35132169219847,-43.123396039244135,-6.537369742654619
-2.817780570469547,18.083419114894998,6.553526737812069,172.0667653578024,-2.133204029611716,5.033794645719709,-184.87154021302524,-23.662535557398467,-10.483133740504547,3.8217719700725095,33.18896476619685,-8.766236892285253,-35.8002702928916,8.289254658026174,-3.3944644277734266,-152.31493047688105,-10.171913147469455,2.33867664115121
-10.654613016626755,-12.892023541631644,-6.151168154791451,-52.523934233300906,-11.230931018498344,-19.58483613030797,61.060731598725894,10.090079359327644,3.889829636348989,22.379553496221767,27.210145912601273,-4.7416685838969554,-2.0897903122771826,0.0,15.02233679190634,34.406839214706174,4.827836588734415,17.929735644015253
17.666805883573833,-6.409312511098737,4.339097356739588,-15.011097834115503,-7.289625198928438,-17.276481299619384,170.7532376410477,18.802995307503057,15.815203398654065,-140.08552304138357,-183.1488758997946,-13.275896382050345,-91.15425960714214,-11.492663410539167,11.253689367289395,-57.8623309614042,-38.30420562483474,-26.859701931628024
-1.6895784458394427,-13.291342232244029,-6.877376016115347,37.139322833003796,7.544563957163235,8.881693718876253,236.86411012388606,24.716805548404768,10.455218752724504,-227.7680602130158,-86.69529016313203,3.3223762627284503,-32.03113561009278,-18.657542059750668,-4.266345269030119,30.155477208720967,49.140429901652226,9.039795426267979
0.0,1.9700321661085483,6.523422746351484,67.83770431783499,20.57359474823386,22.76482706107505,-142.88374153790562,-18.131246784513618,-8.505060547349984,-39.25830804246773,0.20870527978673387,-13.78860620947748,-33.987456715429325,5.008045586838276,-16.80886780037925,-59.436954282067155,-31.092892101304674,-2.690225473538135
12.651007826812783,-8.452499591849588,0.0,8.408097378197112,-3.4685166233735485,43.49860719219279,124.76279878851905,-2.155604578068222,4.7079440962798085,-14.753200705059378,-63.179969209867714,-2.625300195074522,-47.11583391651754,24.854574349998583,16.39526155386576,-37.41878647485279,-49.13657223853335,-2.517689280011588
-17.86173994020452,10.513033819123784,-5.294030229138096,81.74221084024329,0.0,1.2424936641414215,-190.5946834995216,-73.92732471087375,0.0,-1.0382363831653096,-24.695011376756536,-0.9672771087608586,53.88511916061423,-75.34263494962015,-32.98564194429033,86.53738226799172,-19.172980318752902,-37.042870656715195
-6.536856613409859,13.080581416087595,-11.935011442981725,43.01873475011739,-10.039005649443023,-3.463795691229981,-145.7245011657767,-17.921493226662008,-1.5361918264447831,73.05434150163809,78.80748637437544,9.85573138039214,-7.490052727943444,6.039452947071358,-14.267491015730936,-118.91058210624233,-10.22793286308986,-0.10178622772512824
8.43260226838124,-1.7707643860357167,0.0,-9.554062540082294,-0.4314414463065781,5.255690439091347,-62.58197940909967,-9.336884264408296,0.0,-94.38431180567366,-119.91064920847035,0.9019777499236845,-2.645621438876559,6.867741412670687,-21.864964596988912,-42.583619143330864,-13.436897086482722,-27.295817455951067
44.40305675896838,10.442048833610242,-8.516426199518886,-196.22135913460838,-18.58541592235586,-4.811041310459916,382.84399216173006,48.238113343759046,24.913415754912524,62.14486468885553,29.667049408362907,7.537625604744019,-5.2678439143203235,0.0,6.297256425506513,92.39177194814516,73.23304824927159,29.361543448124166
1.715066351837783,-4.418839063545556,12.45618789569391,98.90254916963971,9.849317252761198,8.133850783527475,-42.113305964712836,-11.400202313258967,5.661505736400706,71.88757064376982,82.84253098344516,-8.418686492927717,14.693887457571725,-2.7877833215333716,-7.1079847452945355,-35.772926774326166,-34.23265051320751,26.59251836334434
-24.166665367959194,10.907022790902637,0.0,-224.45879585266405,-20.096817715266162,18.838651508235394,-296.44249189539556,-5.205589188929663,0.0,68.42138468212688,31.367866498863062,0.0,0.0,-18.63997438544979,6.392878963534798,-79.40839320894791,-91.49103768739354,-109.38979477228793
14.025108707268215,-6.728402936788111,-3.795601814117127,54.74023501571925,-12.479060105571458,-8.176046943512246,261.35719569372725,32.01854999452745,4.36740359170645,38.399645234277315,7.299159452422338,13.086415927148927,2.982291522130619,-9.120949128452112,-19.853070513856803,127.75960072453503,42.87252841400388,-13.71904330611028
2.999735836571748,-4.733810898290856,0.0,80.32329035341664,0.0,-0.7402388143050885,-16.035173936333106,-3.84973501747519,5.432741066920733,66.85970093626081,15.495796544354949,-11.061549542928887,8.940133410031653,-5.243941686341001,-5.957487594797986,57.241259412216955,-0.6954500536706913,-12.353075722950791
7.6182363624265195,2.962559196640883,-5.982001246549372,181.43032568644585,13.375116499929069,-32.36799875501435,87.68657868207787,14.504428160331448,1.6680645994995476,170.55861371368155,66.48137301053464,-11.248293636816992,19.788596461297086,-13.526028562575666,-14.360661282402152,63.411672065482506,66.87191913155985,7.592390622643279
3.7904763756636255,14.881336954516938,4.8182567381623835,-225.1524918057144,-43.816156760488106,-5.428189624608218,-107.84532684716427,-10.958653597353633,-6.167751569470405,131.07016389795098,21.028521548163823,-2.9754255104982676,-5.59815357963003,-15.886367178077363,7.761359434749908,37.174257696488326,0.0,-20.19860951311108
2.2072911589130806,-16.814044093873004,1.042184837973146,138.7233188686098,8.235493849447277,14.666877036993759,125.26114286177211,21.161404343538614,4.981776699622943,-4.315078428850383,17.61938456642123,6.901400310078501,9.036094075531686,-17.50138653908758,-19.708343931032434,66.57983996099956,35.44938251627818,-18.03356415237829
2.266673432947942,-0.7020956297841582,3.8810773964596508,115.67977519200831,11.842549565474314,10.571286756972338,-78.98988463012341,-24.599211008184874,7.244211463602696,14.779441014826885,20.43050192613234,7.119840349687401,17.49716064065795,-12.965522808120125,13.025479767401091,60.13255851160475,-7.39724088151103,-1.774146146064652
3.8484681239570344,-12.16620579332407,-8.94423060367274,-240.8985016196902,-35.933105551561525,-38.24004434056732,108.45409816059617,9.981002744120861,3.297178007483643,70.74530589680049,22.545430831433897,-5.255604861442638,4.90766665518459,0.9285702114037122,11.28818532521638,106.16464531724499,37.05112732856838,45.915803530138454
-34.71322285691212,7.75961682490316,5.86792690830462,-139.09196006870695,-29.855044116152538,-11.116121074759294,-252.84811324687266,-21.5585263033648,-14.708398363776087,18.62604476294771,16.385207466907026,-3.8542889281264894,50.95940572685779,-14.103732171965536,-2.462643850022936,-27.034884901536138,-24.018066449026698,28.17181832745507
17.694470694583483,-5.773181246969554,0.0,-275.64315018484655,-27.1447993180485,-13.764679446359642,265.5010668624863,28.84614761241799,12.54226350514381,88.08091313833854,30.15793378826128,2.217162996328447,-11.026413630639397,7.7230866983167745,12.379998888247028,102.60553051492934,72.2597778323116,57.37078440973187
14.623688170853603,0.0,-0.6574493228530598,50.224539705642655,8.825368421735362,12.832219831365142,125.63060236317921,23.879602652722852,7.322963674778667,-33.35613902418558,0.7535868257611945,4.874120573091951,24.59565446472569,-13.477901366681879,-22.51031453205158,88.86292733300141,33.182368129073986,-14.026214008333454
-19.522566525121572,-11.707582851612393,-14.209573686648204,89.54073108399939,-14.509402372627962,21.75809010668912,-304.73538737540395,-38.88338948317086,-29.932838702994477,-63.65816693725373,-4.451513149158492,-4.241161692934206,-7.379852019962947,4.147387262256839,5.8529178255424075,-182.5276343376882,-87.03082460629764,-39.42982451425905
33.15415450061028,0.0,-4.191355151984882,2.8840133170683746,-2.3419437479944856,11.759016190603333,307.15297832562715,34.24539216532405,0.7597858405961626,-84.03726659505874,-24.611228303798427,4.426670574575718,5.631873161956152,0.0,-6.164089953227709,135.07858277136856,40.23501199812365,-24.453426250476525
-4.729541696549992,-10.973754978399567,2.692561172318803,184.4639217528627,32.23664830144498,12.57270681682386,20.032284582837466,-2.261886973959427,0.19515020664744873,66.89062178702655,63.07765600502737,9.620252441519797,-53.140723425041934,-4.544124334928171,-10.199105872350923,-58.853151246353626,-36.78012809795816,5.294907407097071
-8.947562900596706,6.1597359410369945,5.136015581697193,-26.56521045602712,-5.59502070447964,4.611335706042523,-258.9714117308629,-20.61891550498789,6.028334432283033,68.02985694457134,39.74943238653648,3.859892041541339,11.066280027361552,5.6025335019403615,16.130232660779637,-136.4005978021212,-16.520735361804856,18.65223141255484
19.356450087100928,-3.847134566049128,-7.954159079076579,-90.8112982718428,-25.187469949842004,-31.25214699183176,74.8531535700698,14.037436526296768,3.607217264348462,-109.1602782763915,-47.179284474602525,-9.756521030609287,15.906526958349756,2.391665186079076,2.2384344183601645,54.177251562963036,48.46052702305624,109.60824552018167
9.662926222653727,-6.377685766997581,0.0,-169.39514850066783,-18.24990345118757,-36.90400810963569,166.543553435633,15.67466932697677,16.286083655147458,-83.32913066144577,-36.43896203053561,-17.877492042176815,-30.669660843464115,-0.959418658440949,6.9145550426704085,39.911536921621185,18.632752923158844,8.888874776927082
1.591630156369852,5.824528363327672,4.066310727838316,-79.11874317268223,5.298367940832102,-1.5081946418252787,-4.339448217755294,-14.106105225751906,-10.898958381461934,-79.61171537707243,-137.1461181759984,-19.72457542465957,-12.616879347682271,12.76823458046959,-5.859505655255545,-32.10918944047182,-4.249904681493381,-49.609427521047564
6.025389992802528,-2.137361960022829,6.3762450833266255,66.78603706065103,10.61516523626505,9.001755261534871,-43.07589736592373,0.0,4.126522240117748,-74.28177478701569,26.33255306553983,9.63988979864401,-23.302554603428202,-7.791061940270138,-22.791805441825243,-9.590316164398258,-8.867596714598522,-31.785094969870975
-3.1959924830960706,-11.201966862405577,-6.247212355598646,24.22482591842119,37.475047378585366,70.54650976320613,155.79103134223095,26.250536022689065,0.6309556663656306,-73.47034105629866,-73.10233330894279,-18.49537431591825,-22.214731010599785,28.432761016861942,19.26628380377318,-32.83765366040689,-3.877842752926223,25.556640657648927
-12.015924021692358,-6.996963419416894,-2.9153297594970833,44.67505234262128,8.62399611281409,0.5533002995709906,69.27181851612139,20.19767171699453,7.130468395330018,-164.9259518759609,-130.54201491756308,0.0,-23.73954134150692,-12.6847155367938,1.39251266137786,-79.2501489617012,-48.7673196896194,-1.3722870216589627
-16.62697608180247,3.683951866610955,2.3689902095735427,-134.25979946454655,-16.56392035595759,-0.5217311240754032,-179.3340527042781,-19.203176830136965,1.0794028260985409,-12.209173087121973,-44.29287171271162,-5.237926500083899,6.7441774482476,3.8305184322753,2.154528780157171,-70.52635936071769,-57.86844946902798,-15.245087981235997
-19.970387963859974,-15.417665837676964,-7.68954662800177,85.35990286267263,-8.52193008388169,9.281771131297868,-388.48209612592973,-32.51392896596985,-16.715488772765617,80.27912895676866,34.160689132197184,6.260603017899543,26.575094353811608,-12.236019190919192,-13.026112407887744,-126.007982334695,-88.64907706562887,2.1851058447288665
22.40624467558298,8.131205241012157,8.579146195214443,47.19944000938352,1.7362356253368407,9.736539358940874,-29.01881683658643,-13.201543294633082,-4.168069231094683,-90.25641685189721,-106.9363770362694,-13.644212529765403,13.545257923108228,23.82305410755905,7.193352597506157,-40.86567841107737,13.073279638987756,-22.040387076901652
11.56455562818428,12.623406897188973,5.17638877020548,177.54045229975668,21.324790416215297,1.5782846410577618,-35.93120227177304,-18.62066013045164,0.8645879414663274,69.04701567388348,79.18601861111107,-5.923932598909072,-13.833909022111088,-6.069626953887161,-17.45739089022855,-86.3509841075484,-94.2872334352466,19.399987975066608
-8.73279878077896,4.947239378591512,1.3326286633226654,0.0,-7.558628676003612,8.212410793393886,-129.25532434210567,-35.80809753274382,-5.543257165668384,16.85373882427818,5.837506328041576,0.0,30.73157189206591,1.478728582699018,5.748654912133149,5.549660843870796,-27.151852579771674,10.674192712941647
4.156942955441245,-8.32401802090524,4.178110922543515,95.62680395570307,-7.689864771066858,0.32650788409754244,-6.071679209294807,8.427716399095274,6.41549493399044,16.410744538326476,29.771506751086577,6.666841073450763,41.60967859401854,-26.94325189457045,-19.82065307120277,73.40565957629616,-15.197842881981911,-3.414303452962173
-5.424945624356915,-9.693339759423374,10.397471611484551,-108.88172556082418,-12.016431329298157,3.1600428084670606,-45.75322092787801,-22.269237656244663,-4.706289464994389,81.38721490616025,64.01988373061089,10.079065724773482,8.867104876855333,3.066854793388334,13.389089290222278,-32.46335525480078,-18.077327637669285,32.6990309354735
-9.3386576551919,-1.687768812970335,-2.496628529555047,12.268359786557104,-4.722181865523538,-8.916189798950755,-171.59892605158453,-14.903151934537231,-6.455270592026798,-37.46212581301284,15.29061802637903,8.836537122261976,-27.49344992874038,4.467959106621373,11.642256090535064,-34.670957986553745,-31.45278226802304,-8.579676993419355
7.508587133800348,2.122693579710545,3.491428202820943,95.58808379657167,14.898781266845319,12.94727861719942,95.0901614474075,30.275392098832462,6.619343313290615,6.688829341622325,22.941539149523887,4.858194651226049,26.489525778950796,-24.534977893169966,-25.17896476603596,76.80889478049644,10.8116719416987,-4.917719641892177
-21.475268927139368,-25.671650678956926,-13.246943222508817,11.381772994121329,9.339121213804301,-14.25433486021932,137.75463174495806,13.595261105464475,13.95096760402947,-116.41709234066613,-10.243666541827723,-10.54157032974627,-65.55814980910908,-49.07907390320793,-16.372882319608063,-107.03349195940233,-66.94617978427074,-13.092630147220007
14.747966445366908,9.165614259351798,12.064571487309248,32.61767281256239,2.2366402888231187,14.111385741811722,83.83973729752532,4.440677358326157,5.994592961684806,40.91032706150935,-52.15700793017981,3.478798386039312,-80.80098685334167,21.818652963849082,17.384661844643677,-52.229046274892816,-50.2169405136198,27.170840131195384
-3.1999371908434147,5.714083302388511,10.063116919100054,65.45475914847707,4.860287742313653,-1.2399745537520914,-124.84707339453821,-15.86747462511925,0.0,33.80240930781189,52.285799061928216,5.940702566407904,-35.95310879424921,4.259927765249132,-2.3767131406012103,-119.98504543374541,-16.119503864949362,9.62575418000975
-23.555659165112587,0.0,-2.624137361982667,31.636846534880856,0.0,-5.582038283343242,-245.09211738226603,-48.44399775354943,-7.810976275298561,-51.70527041201038,4.441967755060584,-4.5624937787023345,-35.75798240385722,21.13636949056987,12.479287447835782,-151.90543169315862,-50.27937381595874,-33.92859806362969
-15.966583769382641,7.400870453157748,0.0,-120.78143124445225,-18.74111369389409,13.666049456558975,-187.16840654478054,-25.616758988548128,-6.391873578450614,158.30140953972185,16.38344322810513,10.099826979536559,18.504693601391757,-5.2742682097015186,0.0,5.1701574888219595,-14.749894877758418,-38.61723958333408
12.122866858516087,-1.5301994607620817,-0.44156394202279114,76.80254853225989,-4.577334826976799,4.67180612442205,-75.55586346761726,-14.463115619808702,-1.2599103858138867,-103.6507183269916,-110.09357330852069,0.0,-35.18946117852217,8.895579936275684,-5.507825590843904,-27.566810336351175,-33.89006155378893,-14.622910167885436
-1.820003288067932,5.436874327544717,8.62297065813767,137.2029364042519,19.32335729963912,5.903597977433341,-131.49953838090025,-6.105642345761519,-2.7135677381468617,-13.738347973511955,76.37692262396473,-4.1192333097876945,-45.66883189885408,2.0850160359649115,-8.240556529117708,-91.53243655897508,-38.04059266888775,26.500853609800856
-22.801375509826045,25.15745436646616,0.0,12.425178075148116,-0.06740910338218942,8.948604473619012,-258.39134818746226,-25.282668483813886,-13.750506969275536,-109.64127156838094,-49.25457634925911,2.636736812091863,12.755189237433182,-13.891758973541954,-14.170815250812357,-121.72329325912938,-30.177004733667005,-5.155389011870511
-1.9190747546762295,-4.988652779595152,0.796995201823999,-32.32792073712134,-10.452693944378431,-6.730342047665865,50.9273951339556,19.911702020579806,17.421124397471004,-193.89570678296948,-56.038571612501435,-3.08891125829794,-10.153064316047614,2.6001580090325382,0.7294773382831081,18.16370996875,-0.6285939668885815,-1.969726850355329
2.916031347270245,-1.279933947827824,5.482775098626978,30.552476661584954,-11.90947066886927,-5.589129909323904,208.56390697289385,12.408428893002968,8.876349114298126,-13.200217902924951,-0.0817677786767113,8.132843769269096,14.318322594579387,-13.15874995377351,-10.458878391957152,92.41618073563751,34.913194977510784,-5.190403644989601
-8.501072171654389,-9.42573434332653,-3.575113850404775,-62.13806103171849,-7.800928007643715,11.30537410069531,-26.989935293852927,-14.748804888182734,-4.242577880997894,-160.9922212091556,-79.80303809272355,-9.626424085718783,7.220061210079355,-16.082667489136416,10.231370519147271,61.289959496187166,31.313964102689965,45.37433316315469
-18.253226949846137,0.0,-3.053467853500525,-95.89008436935278,-15.926386073079918,-12.194220603942199,-264.9244953604,-13.438244480665468,-12.96461160792476,21.399616148999687,16.82413890057819,0.0,45.368211085639125,-4.614847601865353,-15.969156863673453,-84.79422557586572,-7.566129782664015,18.085384065528388
-6.602424720072784,17.479627745484162,-5.822708952231191,8.853256884235018,0.0,9.79710536278451,-165.60172348242364,-26.073922688599392,4.281454808606991,28.034340735579335,11.04100268941718,2.7939779210453093,55.94509143312102,-60.96107834760732,-13.529613857339708,102.12810597321814,-20.09496316905483,-40.727204624522166
21.214336579662525,3.3429900395340155,-4.9995870702388645,21.741157843818925,-13.281807167870088,-12.326551969925978,241.15344054741564,33.05653857204244,9.673699140407688,28.138901750433376,5.209330691665603,1.5780066878091752,5.652541607467202,-2.9197791351058875,-30.886874041448902,92.51183823444782,46.84755195998006,-26.32075453480917
10.97161021172568,0.9001437597971323,-5.2505077341191235,-96.32097507865407,-13.565106307742475,-15.05623129999574,19.501035380213033,-1.099854785779,2.68365092183501,-210.78361037363808,-72.64721758650474,-20.784233637449653,-13.483549826038997,-5.007913851669435,0.0,37.368214612625785,-0.904982481716855,-24.224934220893317
0.0,-3.085560590925848,-2.3960861698269174,72.75356433161961,-21.04086530360624,-23.45896440095296,227.07722826303785,2.832774881911124,6.388801078546113,42.092916732094686,10.93123637543264,18.713042003456128,9.663281829122779,-10.114846659968473,-35.63617855080818,98.19397167870046,17.923308928223474,-35.132563640776084
13.364034779855528,-11.920213187720778,-13.661024252226941,-203.85238778520733,-13.942424013314593,-26.9753901519351,204.94444217369582,19.61768390023987,18.261485646122782,28.860175589370876,-1.7143211728737333,5.599113159200888,-5.512120677109472,-16.43215460127907,-3.0025393932242475,60.68990664050417,6.217580460905422,4.183905343752038
5.047768728600857,-17.68065403985726,-11.901852224696835,-192.7509794945634,-60.607553127582946,-77.93871851420356,62.287895702255305,5.487490062393503,11.943188515334468,3.2669369987079095,-49.628224726232766,-3.756163214362824,-17.365381199044577,9.465090170857913,0.0,34.19323304532677,-14.554090675380833,6.575866924047887
13.643829327362742,-7.027189519738296,6.1390471499898736,1.1107478114765155,3.502569223779407,15.360731639491258,72.02696703223555,7.926672211780018,11.824407959742366,-232.58043358967947,-163.42548431727965,-6.708823821660543,-11.72402973297587,9.566623317756491,6.438306312625429,11.718295280570633,14.996099789782376,-26.7117057572014
0.0,-12.039396763991412,-4.27913325216731,30.12647044036876,-3.9987496745075917,-1.5462729128030035,232.33521827766504,23.369258960945583,18.99192788070802,41.42531606285387,34.74009807190582,7.419550757324802,-78.09263865879778,40.963523704532015,35.7193121952345,-1.1502655375656303,-4.893397854326679,0.0
-8.48895616034154,10.442903846557755,-1.7744490131979611,181.84168157902033,3.0849433886885773,1.3670498039750512,-183.09113878893024,-31.005885419065166,6.140884643507651,15.317031771459304,58.172523317799794,4.893634213457738,-24.919374980842008,8.1009714010696,9.864205156178906,-158.65956261724799,-36.96840905896815,-9.735901342089392
12.95339015922365,4.396195954322836,-3.623370416550229,139.59515763209603,-3.8668426238219387,-6.861319859184263,353.4636372619985,35.328018112815684,20.541190092277937,64.7771442392735,31.068540824522273,18.63574483019492,-6.354640112915329,2.714435626644606,-19.385118326491856,146.57589447621766,50.889090010542326,-57.15675054920291
25.59974436802932,4.442040227271592,-5.875375933714767,273.570501171545,18.26027185977379,5.388032950540072,358.00772252290045,51.619378843515996,21.2125777174692,24.94010360675392,37.48668903090158,12.45397432515029,5.032346963047344,-11.217527989957716,-19.61579855010507,146.60560814376154,104.24585785888677,4.161951005393803
8.774869402126363,-1.3992906993613072,2.717531652798637,-54.68065661293506,-6.321647306694144,-6.179517841736355,-86.82992070254264,-30.15342987272861,3.615738129586048,-60.311473682455954,-95.6718591068051,-11.220041202494764,-31.220755178444584,25.855079422473214,21.631212651639206,-65.79320270051382,-11.97468143980775,-6.081037858925583
-20.833848557105004,21.316659397248927,4.92187389087788,-28.499954837094762,-14.663098407839342,-2.983881109845569,-201.04683303020894,-23.85264604949873,-7.343920011380543,-14.861858192101035,-12.893483308023166,2.8338664835312626,53.28001957931078,-23.169763179466305,-29.873722866806627,-52.853758366951105,-28.8878844503333,18.657212899789272
-13.902711451686582,9.149538011002969,-1.9297658185237867,-59.418648527763466,-15.779385075825958,3.949405727014577,-218.40543453679035,-24.337385845055522,-13.259915362928526,79.23324790223786,33.1953419960121,5.259393084907844,52.58911268500291,-26.02546246590385,-9.66748055978648,-79.24663910183322,-5.81083499567521,5.907509635652957
10.113369734341195,-1.1899992931993435,-2.5495246540335517,57.9600159508523,-11.304410724005123,-18.180737002064973,203.31695870609528,11.764673702296923,-6.246631865085861,28.756798991203386,12.519433959604909,-9.784153021751763,4.894076430642534,-11.257361436519291,-20.49354262926496,76.50391803449044,13.871808756210045,-23.7504179092237
10.94344415549309,9.719860133891153,7.393507233687838,87.44361791258436,23.79084497750155,7.5584925249264066,82.52152920411217,7.460668644025897,0.0,43.77424515372189,15.092481120781395,0.0,-73.98001625179603,6.528083808378632,3.7436014377500593,-66.18558402084925,-28.53046808580143,30.639624776197195
5.31507294535535,0.0,6.646338519425831,201.44441465705032,19.122733234607182,12.827730148462589,294.3780490375522,56.787210103314855,26.110960761322026,-59.622713793169005,-37.5645519974149,8.254385924631148,-30.431841109903075,-7.933091023203323,-1.6573710419555692,28.450254798061724,76.62080273357464,32.72361143882324
19.41458721775347,2.179738011176668,16.09151259405058,130.17201113340892,33.499312723418534,6.162532038735159,22.897451442076395,2.612066802424478,4.2900658806748755,49.983789278913626,30.33288943449664,12.040095394483076,-44.20913194153843,7.063855326713443,13.740941120855782,-42.18510957948105,-5.958283307561443,31.27552494120971
14.07828512141066,-16.06220631925364,-5.521116645279679,-92.6906415848145,-7.336116308889931,-23.82238018440183,250.17384899567426,35.55352005519151,25.7757153264621,-210.55085400348793,-67.69846102189649,-0.4357727747709428,-24.688885453447657,-7.279218502447413,-13.156167467123284,45.58297409105741,26.286339233646352,43.549410251145105
50.38347939571898,15.033672185039194,9.53807274275186,-67.59348095718815,8.845133410490389,-15.503343788464308,304.77252719726664,79.81647887540699,25.386938446243,-105.81549271860369,-32.370096114706065,-12.931508565886581,-35.59126851268719,18.364909368308403,23.27450702753147,-19.636395597593435,67.79432380686129,-0.08440517071630893
-24.971405876225486,5.717389988107843,4.141838691213142,98.09950843920518,21.07338425055749,-1.3274251479259014,-140.99133173621843,-25.4531148018353,-7.083151992675556,56.675951752856065,71.68972885051646,2.2215921022124996,24.358679103833307,-18.574422251171836,-7.9631724616456525,-76.36317616497554,-45.754097765901626,31.30758816334236
0.0,5.7844375637988295,1.7656822623784374,55.5463875516502,-5.69601250857098,7.8437233507837565,-44.25414347757426,-15.010492164172963,-3.5279857000015142,112.13162399042805,44.30350926876802,8.26973466357956,42.523584263376335,-13.341747118074693,-6.921178928976948,50.86486957367943,3.8290401316536737,-37.5818823838338
14.228918983554486,-15.679934054703338,-3.5193827565784295,-53.808675528901276,-3.595761704749918,22.296221678168607,89.32866717164282,14.691578054207644,9.683142875297012,-231.97177016336283,-123.62937568197619,-18.975735118513114,-20.19718671084202,7.046346289910421,9.548837486830282,45.63076063981706,31.00299440860462,31.571847632219857
-2.328230345549796,-7.825366670615142,6.224553717948775,9.564749030795317,27.27971979899848,42.75767295252564,-12.400296586663288,-12.495889245569616,-1.7396836765148878,0.0,-52.94074242422412,1.0904408444531324,-12.862205435986882,1.6918775222551674,3.780336401031901,-6.415456582717201,-51.65041861692374,22.437632683527795
4.812007180065799,-11.00903666530022,-3.13428713011897,33.21849890136836,-22.400069790258403,-6.919023908898703,216.2700316494039,11.254661942658311,8.527323932629189,-27.026445847289825,-11.90562176789064,14.660608060014813,-10.521460476845705,-4.474940597224856,-12.277296897016337,67.61182460597504,37.42919551217805,-25.670807717693492
0.0,-3.036334284282525,4.953926289381212,31.073329895871357,-2.449246636184504,3.1290961796955483,-68.24471700667094,-7.181395004687533,2.0245495194918237,23.026386065248264,36.59775264361454,5.903267751348508,-2.4490940980796982,-3.5880237824678334,-20.859338863520456,-41.827081421948805,-35.89685120627629,12.785607440776658
3.7847297391790753,-5.552811585598288,0.7077479539357638,2.064245144639193,23.604371210362057,23.42146248342806,-16.435673044497133,-15.694033244895548,0.7366993277712414,-166.889276716935,-77.95152328436171,4.514032625152184,-24.66406303919402,2.596633315591427,-5.291486691769372,14.393303154709475,-8.585422865072482,-21.693821118844795
-2.298977674750944,-9.8470323081575,-7.996572995539062,-124.00510625468812,-18.628160590570715,-27.192100816951033,-4.202864723610534,1.1421200876091742,4.01188274859668,19.134719682102126,20.781862921068527,10.588563365820153,31.92149352209901,-14.599523393074875,-2.44336169627894,59.68083884618725,-6.299081162169648,-3.369881834519802
-24.470015969363217,-2.468476644157699,-12.30538668710925,43.03290730108181,-3.6703034610279937,2.0963595493725786,-275.68696010101445,-12.632814843593993,-9.392704131413442,53.94097324146351,23.071053237493683,-13.302987221148248,-15.688178574997483,3.092404272877419,4.098064023326345,-194.23478395881202,-57.63592359899882,-8.536151855750688
16.06892880314999,4.967885800467413,5.791947312525406,-107.41482004971628,-5.342651244264677,31.257832752625635,299.16284628649646,31.588181220249655,20.134545814886454,140.8945096327054,35.50910185090714,-8.02751477740311,16.043674168349213,20.243073300145824,10.99272659363492,78.13920577645251,72.44799614174379,58.97310767767431
-0.8408735999615492,-5.5253900223735,3.8631914042560416,108.41084330393193,17.94912526947893,14.764887165378047,64.35751016291734,7.198291570330469,3.3166538289841054,67.33311414864583,38.47463190013895,-0.6563600902201406,11.853494560180621,-24.997638055817173,-24.19504067576209,45.58566520764858,-5.130932918571549,-8.920607387349378
7.064684140245047,1.6486500308215382,4.98272449072882,50.70858863390519,14.72409936253124,17.732987167026955,-41.07128789189518,-17.47176659678801,1.6250284656719483,-79.01413251985592,-174.9358628568168,3.5451238994585585,-31.635358432156817,11.067167366154715,2.045881853113231,-28.281701911262925,-43.13193475275118,-1.8114870185403902
-18.665863855878204,0.0,4.227894463887634,-158.23713929065153,-21.260553289786486,-8.179858237937694,-175.83236842288773,-28.268007427730847,0.0,21.06607881771206,-26.90310188924528,-0.639831413427303,-20.40133542904942,4.131936424015065,-11.06840749857955,-86.8255066303315,-53.2550826137843,-15.591941026809081
0.523437059949074,-7.40258220508097,3.25995275995936,3.454002050502999,-4.399846232641454,-1.399994225543161,-33.97107887384564,-7.799968769777939,0.0,8.853047036426439,-9.482264569706125,-12.09844147884326,-71.06193147901493,27.639931969612718,25.842814072096175,-100.69221838665528,-12.320020661054828,-1.1245926078010484
6.497317256200329,9.08642148311947,2.6547332463073854,119.99527521622889,-12.286118058887809,-9.61051514753453,177.59425517638104,16.560558361622896,-5.517223904724431,129.597547675218,46.4472622080191,-17.503990785479154,22.83063987676937,-9.208666984679528,-7.490306764766133,147.93764431590625,52.69786675497872,25.347093419405383
-18.818570827518965,-9.819576109069837,-10.882331749129493,0.0,-4.306895891970658,-6.982752846606639,-298.15845315953396,-19.166551584365347,-11.669020348714131,51.44501713861597,16.754487894114202,-1.6498656080682663,-7.130274042044115,8.522744140356973,5.897985765428377,-177.09216337456718,-79.9262176539202,-54.97190468196277
3.8222664383678087,6.52300183837291,0.0,68.02842018241215,-5.319324548854918,1.5908542388954021,-23.79408925310198,-2.217543645441924,5.944175691160824,77.23061421140318,50.65412991657921,5.888666657970681,45.72780817832925,-35.09840483023257,-19.724264070254407,125.38391134841667,55.31345441644863,13.500196195532226
-5.664046030615642,-13.541370548758376,0.0,-160.19384124322377,-31.97022437535955,-32.740381060555194,110.86494293399483,16.937306032806852,14.702500651092613,24.153027164884083,8.745757665167003,-5.956839086399285,7.519325477207278,-4.159813603051828,10.387693408425053,65.43409230024156,-1.7482530291327152,-8.298582664291057
-12.722159101902053,17.505909921289394,-8.61274812934456,25.25495677063131,9.906514865969339,21.36730802023932,-163.4286050197274,-20.872026368664372,7.422948666932128,170.2861194045195,11.204601696209757,1.0836428213561033,58.873692822850906,-21.917802915292466,-24.729679624441193,41.09282212541892,16.35697914496024,-9.97779430186165
22.89458661442045,-2.0386059916048485,-16.52948127066942,-68.40324590932826,-14.652139430014225,-9.045165969390291,144.44856466451512,12.45956239063395,17.132401845344738,-128.0499298836962,-169.05888909532544,-25.91546420752496,-37.465668192062324,-4.474358275231805,30.516017654540093,-29.877383843405553,11.732781475214145,-6.651484065615875
17.14807183899809,30.029288227140825,6.239458450418725,-127.17011411982523,-3.173186131652826,-5.305791541644794,-74.98140156554639,3.780473647502483,-2.3232642339124476,160.38700930913933,23.780304936303555,2.3778497934832368,41.174005616441306,-14.81932722352997,13.346455435503385,30.274929653185797,48.83039514252304,28.13132002628933
45.360919094215525,-7.1754625085024735,2.196235594618734,10.339853952105594,-3.411384043396762,-9.736455052934236,339.2541045695484,24.598621370526857,13.262256042712314,24.599609679569173,8.290272251464412,5.42614785674044,-8.981607913839573,-1.147689280588873,-6.040186601318665,100.03322488718099,56.63056103614122,-51.93047250783661
0.0,5.707986835091585,9.559525913943222,20.053815587517636,8.077620838869544,-10.928681527533815,30.747179522295735,-6.505700524260124,-6.1687370858965105,27.807156924895914,59.557464212847684,-7.799294175731053,-28.976435092281022,3.7015122923108628,31.10581563148485,-61.105421312504845,-36.502455026933156,-19.237985916171375
25.516065112999538,-17.867936722454296,-22.13326693114536,-107.96211783516873,-13.18163599165635,1.388531091325925,276.40266494583983,41.21904640816702,2.112336995068723,-154.1838361061666,-47.066290206688414,-4.473412098481407,-1.9516090252964644,5.095715699378826,8.829852613444794,90.4924959907233,52.54230170447304,41.89701725728966
37.40676904633583,6.138138912370941,-3.818455805376556,-34.61691795276935,-4.916886078865808,-12.626120299845917,338.28546808436465,40.621984820589084,21.74093620574812,30.874441401531428,-25.56820872189418,8.258093679064654,-8.770990497237186,-9.057702042423367,8.61930390545394,67.81987771042148,54.89405424071637,4.3284108753746295
-1.5123513544208769,-3.7025507385213654,5.421539586719425,62.83376316555967,31.350447352020108,51.62759834530694,191.19479395141752,11.823859020718205,11.44112265314497,40.37160964935779,-49.19783805156747,9.195858547952792,-46.73002368964045,12.965756661528774,6.775219978849141,21.907200035520432,29.158336885151716,-8.804209612497289
1.7885766644564465,12.160589782017336,5.879282766258491,183.98968027482996,14.564682735986448,9.174020473530737,59.02901971019501,30.547410821804274,0.5247736445415007,23.764684017768253,36.31111834152133,11.320637342879886,3.8569462893733424,-10.124091820660837,-15.16373292954611,117.6199661032767,22.503370789708665,7.484094316799315
19.782742570297486,20.61476011241909,2.0534684547653015,-16.69833861999849,1.4594360184928026,-8.216903259858649,114.50270759649555,2.660206109895131,4.694778670020302,125.55791101568613,22.058328343948872,6.491101286200041,2.3535189679155946,10.4049455869663,39.98049467734676,13.596336694728343,25.387041607100866,4.490263826487762
25.232894577527695,8.312764712684505,14.163865747873995,133.67639449808468,53.527666694333305,2.2119714703905435,5.9854085771605545,9.709757421181749,-6.350107528480196,4.7299119633651046,46.710879819230954,-15.65023293251859,-34.8227150396352,18.558070772108145,5.241906949976236,-31.589880177121604,-14.055902411895223,28.245790646594344
-1.37849527772251,-16.662797359006184,-9.344063628198066,61.5073399954734,13.526055645472182,-1.555647013532348,307.07404358295923,43.02341278041671,-9.92153925206406,-141.6411476246511,-52.16735348522831,5.937608061376376,-55.55669620636899,22.983249209572467,17.575828716381714,25.017382129040275,47.14186383303236,22.87282157233676
2.5728065325653593,-7.521326990004219,-4.7243602023631555,-40.98029307050894,-16.32764214121015,-17.07566461417194,3.6493995186950743,-3.059275111559974,7.331291791461304,-91.58638827905393,-34.80153429071803,-1.835561900368646,1.321902785368989,5.490246200342153,8.33198230794126,57.19055387291774,4.130761624741159,-9.0492262212218
5.305457281811384,0.8513118818695542,4.784590783008934,234.8551653418487,16.30853263860779,0.0,167.24162547424362,26.67533140413421,2.9532452360031143,172.28066099974777,90.21783822767097,14.69537236443522,86.12967869073717,19.940100076165095,-9.064267549878176,89.90980743011521,68.8571866396267,-2.806790659764715
-18.550954539266673,16.63865618653941,0.0,-18.75086178982422,3.617673630137556,12.155379403390294,-239.45116465788948,-31.515971041015916,-38.71081950053634,-36.64809758516779,22.519132351073512,-3.703965173946407,20.6869195035454,-21.786594066190684,-29.981076323233648,-127.95043007194873,-19.786304848641066,0.0
-16.911033936411197,15.155306268456794,14.374214751731337,29.96922662687582,0.0,0.0,-205.19373288960637,-18.180003793186756,-16.333978347961963,-20.27667112423557,-55.395569172128454,0.0,-32.24198153965858,23.564593529091738,6.310573890948885,-237.97612359117682,-37.54296259419829,7.9787557719077995
3.854666995936998,-5.010783620419467,1.9011258021395565,-12.069047609865798,-3.2845980145548554,-6.469199826599054,-0.5669677801840578,10.171885689441664,-5.624334056531373,70.65501137224317,41.591794300987885,-6.8079378713892655,-30.90352775914273,-8.961299196117567,-18.37528513677368,-40.548115492393954,-19.184690070680503,7.582667395305354
14.064277854992099,-1.831718567192443,-2.6747370153827097,-59.513614902946685,8.450848782629349,2.4619277882898127,54.400450816994734,17.110766305508108,7.256825073534016,-55.707953614345065,-10.358466606236826,-3.415851920022914,8.001956688084997,3.422220893529962,-7.968902731598395,65.50364702268467,17.75694090901999,-4.496785314169287
0.0,-5.648871853214991,-2.9468481263251594,183.8428257830297,24.48574877696816,13.537224461295036,224.83475125363478,15.96966625657305,6.35765731813105,0.0,7.908794423003304,0.0,-76.8010755315119,-2.6810810869102024,0.7230196325607088,30.548264417542335,37.63570701234666,6.439745936898646
-13.117850606637003,22.346816914476136,6.278487138074848,87.39474005699293,-0.4492802049293507,0.0,-235.44992361627598,-18.78359858204219,2.3420229156820573,22.195344335172745,-12.893313461334571,0.0,-44.39041766812416,28.739875569749497,26.772092537983866,-236.6802010556536,-92.49101843407114,-81.85840937308211
-9.392937410583531,18.15470632961559,-2.60733034636899,34.53232252719202,2.3887122673563304,10.20570994936907,-216.77870468139534,-28.014518607616562,-9.485207320390716,28.94099489702853,10.602326768516564,0.0,0.0,-28.24438257735004,-24.96678388897936,-164.4614476698505,-24.72475975758097,11.076706408478685
-4.9624851333743525,10.192668602074937,5.583668419692262,-108.72307479860861,-12.854936241037468,8.095716591496833,-173.48941081778884,-17.728060235513308,-7.036160100825124,-50.07767664549233,-57.59809654012885,-13.686991784530475,0.0,10.677317954123456,0.0,-106.38611980967735,-28.34631773167233,-20.192274751067657
2.2971852744731227,-5.761649750215458,4.0349869754876,43.2481889450603,-11.353790062837426,-4.282496168775192,88.27749869628737,6.489323416953489,1.1052275206097228,91.39593069806993,42.47185706707605,1.266243604605844,-47.70337255299238,-19.15100174843065,-17.789651635568664,-54.60874994056807,18.999002182984917,-18.383906782836874
0.0,-3.7567559381434625,-2.2566924887979916,56.784378085309335,-9.641979140383945,5.061263078626428,-1.1301480522053822,-6.3451634317214864,-0.6916072989746618,101.9020444415136,19.25719466679592,-12.859709169949411,57.98636212007961,-8.50299172757951,8.656059530547331,56.15836480313599,27.651281977500823,46.63296270581077
3.810436998461646,-3.5391989578102625,-8.469580203741506,6.142270595850487,-4.3258696492445425,1.2967186177351702,280.82821423766666,16.37033374717299,3.154264227509117,-44.47274472637105,-23.170804063316258,11.684713256585217,-69.51408738298977,-10.090556969069146,6.154059585118968,50.07127184730572,50.97919274964779,-13.294100910078669
0.996226788291601,0.7098673811474169,1.8784627552324824,-5.853537038365383,-0.19292090012517404,25.315984223022028,140.78885803352637,29.772921710584125,6.6919611765621925,4.158404671250534,-13.711981846077421,7.179711079420652,17.57507822483351,-10.27184035289778,-17.040540296240643,113.50456097667636,38.829018591523784,17.54496672531809
-26.497349245435895,-5.325366345971468,0.0,-77.58779625207059,-4.737519948868546,-4.921512135068894,-117.81542158666825,-32.52524666178346,-7.880298925117528,73.49555835329457,8.558265755677937,-7.886250534565418,21.660127466675334,-14.838080742545221,-6.561031971966114,13.757613414576785,3.4082735924017893,6.1943653853604985
6.473153001904321,2.409295643260239,4.070354462640259,6.315207362192758,-2.636924978976928,-5.432362031413826,46.24022513330749,9.4464869577112,7.988920311531225,182.98669018862554,50.794133937536685,5.350202406620955,27.970078493061727,-4.26474380948487,-8.62769269605891,74.58371183013865,40.53453731537342,23.951952404088672
3.1581798151776463,2.1389556491170714,4.866095275223437,78.8378046896115,10.289872583102603,15.130190040564774,-128.29413915048494,-38.08939245713964,-1.363458151681461,-48.56104206708159,32.88585037190022,1.891054263160144,16.436315139983595,-22.35563682059268,-9.119593078733937,68.57036645124926,0.5414617840603124,-11.069928313106738
-10.353589870737395,23.79867404011749,2.0647117484467015,-41.82512344012113,-4.990458561868425,0.0,-233.87463759349268,-11.196542441343118,-2.723501646917484,23.708030758569997,-23.044105208288535,5.830556549280907,-17.52441346473176,0.0,3.0199333999301854,-249.68635175377054,-47.04577272936686,43.492025199795876
-2.778747552609403,-6.4086547812701165,3.335028989887466,-30.166250033820955,-10.57393150794154,-0.38463844176797163,63.096884325084034,14.25012170329909,2.9125627190856562,-30.28503534119357,-22.93535845306151,-2.6958008464072565,19.98419911246033,-19.93761629125722,-2.3728403449827917,145.39088723309155,35.63666896518507,16.569529145324935
0.0,-6.419699748748526,5.590819339707613,-154.4815483846943,-24.37677218115424,-21.09397157500705,-38.55654531055877,-8.181611510655834,0.0,19.062293580808827,33.02935494911601,-2.2498457417047466,-20.67762370876336,2.2950249850104965,-9.024721851059997,-61.84019731691919,-26.06729201284815,13.635385688357985
5.741683903254869,7.825427837970308,10.72526701196006,38.48852860794339,0.0,-5.329208663258723,98.93998364587934,8.193402785140984,0.0,73.40910479292715,93.70189213645617,2.7989899269752083,3.426499578786484,42.04513031846357,28.06249694766728,-50.76403296189621,5.448478579692572,-70.13283600826742
4.712161468926784,-1.1139898737750218,-2.866817197635352,31.421720305675954,-2.3864982319381527,-2.081533719900005,177.6866088059072,21.57023278896797,8.702205928905572,-153.1723531415022,-95.09463504380376,-5.485346380016627,-25.44797895094584,-6.117694823524328,32.6958190973123,-35.59552198004225,1.9501179285865835,32.12244291394407
12.024937440841336,-3.722312269250223,-1.8755719069762624,69.8769073222898,-5.5299885434251745,3.7677362627741044,-95.37691529063696,-13.48564424210612,-9.427687063884765,-71.78231640233425,-83.4089957056582,5.772231142707065,-59.8609111078762,18.895278867867884,8.2290165001371,-74.42588160147156,-13.534384436992651,-15.937973950021899
0.0,-14.82210083571909,-22.45599593162512,-78.53603845184458,-29.39102328876265,-75.71262297470417,113.10963797680449,7.473890420986036,-3.166062916578595,-18.2268560038173,-36.84062352079279,-4.885893604501616,-48.68864975319802,20.65452280093958,15.227392853879365,-30.537749164260905,-32.79709857711445,-12.403046404938806
19.487643356015766,-2.270487839763721,5.521188700661554,59.9081800970587,-9.849897396440436,-5.667526340029514,222.21956275269076,17.477864153495275,4.884107296034609,79.45945063704983,19.9600260875605,2.523643711847834,28.516590794153995,-9.605809789348323,1.3255258242163168,107.33206944724739,23.64243897600153,-4.638619701580296
0.0,-1.0153015124981128,6.8209727311914845,31.219988526423425,-5.95884181644468,3.7135629551075717,213.34469971427094,24.16862050679506,12.106002936636798,14.37667464668784,-4.863740387921542,1.633811462030745,-44.43700520496501,33.26226143917886,40.995068136587555,-58.91623987179732,-8.140639474256053,30.898016070526523
25.468735819584204,19.965306927503786,8.574334100443364,107.62961087624839,-2.9930895509739552,4.057982853616658,34.58022464365841,5.420650452826705,11.084351050914785,114.86333196635289,125.09171699708071,-6.371525236757648,-22.3125001200553,73.17628009656607,56.56692601417496,-99.15669264248606,7.051013548188312,47.67655570471942
-15.029128775269413,12.176720272515867,-1.7017904338098069,-35.086385984744034,-7.280682525323185,-3.982831063269266,-62.733245337655504,-24.804296386723244,6.92254539483236,126.87652129901393,12.097044307076054,-25.58614995138803,26.15542249793462,-16.032104524701175,-23.89236126088819,30.07909937063858,7.650849203848964,-34.71305400619423
-8.788635496779678,3.6879863635463335,-10.699528588203785,12.344179758536562,-11.876948332942765,-7.692943550383532,-117.39341279499423,-8.006434000519372,4.1516767036524405,97.82757430703988,40.531109354100394,-4.487782302103387,38.617559266424884,-13.158549658625612,-31.77086513286286,30.648425794347038,4.031723328182109,-36.48045708006882
17.572271687912437,18.963514228295463,-3.9862103515694725,94.10362321570089,5.368646282319228,9.68392410556748,266.4126347380112,37.378438250021595,2.896246714813874,-36.12871221513454,-11.50694792424522,11.349794269285361,39.457147901263106,-11.987992090657102,-21.626914462262665,156.9736965917962,68.6163785200163,-3.4561709636171827
-14.61514679490217,10.607156837294662,6.795573993932929,152.39306586087054,-5.68643934396831,19.887563773714124,-186.95826521543117,-32.73736582391792,3.509479916787697,133.8049559560322,78.6508514977051,9.294499675813299,10.32715940142857,-23.47439196157423,-31.307536056944233,26.369148683251847,18.131475107507423,-12.338178261119651
21.289805292684385,0.0,-9.571814743781756,-147.19932167739466,-20.775882207188925,-37.121309590976786,230.603102038326,26.25282116972655,22.32492351095177,5.357576175870493,-30.193020781106274,-2.917581794630706,4.491955628815452,4.866123201044045,28.058427563079462,112.16761316403735,66.59002508853119,38.43506979005389
1.7174743078549846,-8.22625870066129,-5.515874096825531,-70.24072103096461,-4.246993688322836,-19.21561543901811,102.5937587647039,9.090077372558497,18.014501210882127,32.191723192331146,14.555717263390354,2.7160288911883583,5.697856433056187,-17.33461524812401,17.80944135281637,52.51768976098801,-10.897245022884672,-4.769658500572234
-3.894053890770358,11.400431423539564,15.255793658311653,121.95748450123489,19.409944128732544,-1.108286154993242,-186.04405087632782,-59.138202695114096,-12.046433967298599,44.92515332673718,-34.445543337115524,-2.4891168867167974,16.684963203245005,-24.04209832165074,-34.52783216283094,37.78649499423595,-9.889783389653028,-34.2202976853487
-4.522604509023179,18.284109906336393,3.9752556945399276,84.73482465798101,26.87246336158126,-5.363818589086973,-247.24254356379635,-61.043958426279815,-16.46811717645269,-111.09406001859207,-104.71018131964989,4.62530301815536,7.199335524484036,-25.13206492842351,-14.447185368043373,-134.08285579338659,-44.317310159545755,6.460647571637992
15.894248971575541,0.4706189653641482,-3.130924735654782,136.24941914335344,18.193505798331387,10.06320148369053,130.17665568081333,22.12921613587752,6.677813536965203,35.055713761404355,23.32940806602556,8.74400093395563,-17.895653978612355,-28.007356122852556,-26.853688186688476,43.7219174781489,8.936148866408692,-10.458027067643116
2.852430935054796,-2.773147733325357,6.433164156826915,14.716590950570847,-8.390684222755393,-0.6031653915285725,8.141625186469291,-2.445471970145311,6.5705313334552455,110.43531828613857,27.00615488617315,-3.1152007601538463,10.435696127823036,-13.422890484777701,-3.342043659884115,50.10506044918947,-1.4225928755824533,-27.176070690069622
-14.391881523432916,0.0,-5.1818602776411,-151.86548048384617,-24.336404608151092,-11.181661737462703,-189.88456412145493,-20.010222805753973,-1.9917481317790922,23.090161884809596,0.0,-7.296929484111594,31.19128697736476,-22.057210057045218,-16.483904712195425,60.28300560106143,-25.91500573501339,-32.71313426090359
-0.4226109703696981,-3.090275524179279,-8.739451972978015,-237.3841857222173,-51.68514730401059,-35.795269464109474,-39.74482036026649,-3.406872790576631,0.0,0.44627613387164466,4.133468422804633,-10.2588395799776,-11.67885120982821,-4.443953265632854,1.9350947076457183,-21.054183955385625,-23.771602544827193,14.34506747201749
9.291965902442131,3.8428781617674534,-8.521439692563488,6.338796599658483,-9.351745511642838,0.0,228.1303394313864,12.06224939096896,8.217872073487305,22.202899589655406,7.770650419704595,20.438051257047206,2.6747572914382256,-3.704735963008839,-20.408122286870547,78.83208987495024,28.867590994473744,0.0
-36.89799399598885,-16.07492279725822,-25.955593017381375,46.61921742895521,-0.9554735123499417,-5.347503156702599,-349.7520067025847,-45.63479128020714,-23.086956215969362,39.563681801977616,29.042074648651763,-13.102316342094293,-30.64989570344918,37.33082729150316,20.056161702736357,-221.28119730593403,-112.97940735657681,-67.80190924105113
-12.607300060180902,5.7998213678553565,-2.3668215243747595,5.843520188645721,-2.6839186687093353,12.783688629760324,-140.39567058246803,-19.547772265791835,-8.503262857164906,-81.83276265862868,-27.591767445541922,-4.112555079506811,16.140408284253954,-1.94107064135729,5.705302659074078,53.14222986150601,2.3285542835472643,-20.18991829376202
0.0,-6.152116929472435,1.9591117702861092,68.51701281606691,-14.784204595746823,-7.602810618062344,44.79251208390208,4.588925551623065,-4.757832717921842,86.38634563459576,20.20216541275059,-18.54693958227755,10.052010807832293,-10.523994693689438,-11.03192157105004,81.26863935517642,26.44720075280941,-3.0298270329637376
0.0,7.065048949811696,7.680543058901868,-330.3928024949585,-30.267469245950515,0.0,-103.04385437341215,9.000714458502907,-5.564156639741404,126.4127297598727,32.332692877282675,11.269007727955831,25.818115479182037,1.5304973871980276,3.014335625743825,47.5809779961037,44.55206173724217,46.15961659892503
0.0,-1.9521694231400062,-1.7906360242278883,-37.97310229910111,-13.287864643132734,-29.578691467762688,12.105478024075982,3.231469019350486,3.907962843446446,-50.67595371142642,-27.63786984900611,5.805258846323261,27.41866228058086,-8.812810932624194,-6.788139254965347,69.68752782954353,26.374007950472706,21.518456864684563
-18.057017104452747,-17.093021036870116,-6.464035255665905,24.505965501817528,2.947716837029815,44.26051487341712,153.58664024294941,12.013115807742068,13.870025750869795,-50.779360324862196,-116.24157888573484,-17.01140078033924,-35.822788139405354,13.307346433397718,46.5455309666844,-49.35024459011097,-12.996793694255818,8.394296270779432
0.19968760258349405,2.041163911049851,-3.784148166901839,-44.36220307277177,-5.650320526238396,-28.727921025847035,189.07787065770717,23.163422486461098,12.91575974777337,-3.47825451458259,-28.01630039871883,6.01285793799216,-25.410192599184207,2.224629973320736,20.117440654350247,47.73216363790885,15.321396404061684,-3.7413916175400743
-2.072062819464515,-6.022753485409414,-4.198738783840091,48.616170675617376,-12.358665048732458,-9.565402808685986,149.07058576794765,23.21814884633006,21.371445651562627,-31.084280729650477,-34.679595439243116,11.976162128964043,-106.44793585396683,17.438259896495833,26.28590930785054,0.0,15.929995266076686,-6.449587501452257
15.453206083926025,0.916805844055977,7.143247735855174,4.270825722587977,-14.067457690708657,-22.550710911451716,227.98951172505244,3.7727456993226505,10.078188237201783,-15.921246425144806,-46.300666737392866,10.972624634000468,-19.494369946205907,5.733701811977784,5.463630909511094,44.69794578712419,31.767423700686663,-10.576383656382944
11.484363363987546,5.015898011520606,4.342188444999887,91.41377408795881,-7.355967995040925,4.309161634414807,-71.4469395275136,-23.814769801370826,4.622355606599696,-32.70031503948701,-33.36352439568771,3.4720105109274,29.97062229369116,-14.614616215671887,-0.948669736078403,86.29046881595791,25.999243489238232,0.8528868911257774
3.487474478729984,-5.997947893536822,-3.867543488924445,-7.896254411267955,-10.203537295274298,-37.76667535034828,144.70822293691413,16.85469337229197,2.688345197843714,-109.11216373128293,-73.24724326458534,2.8105015438896053,-4.440621752535635,20.647723698496666,20.147876086059693,30.91662560359034,-23.9319908696364,0.0
-4.504593942831456,7.351597822851757,3.870115529821464,181.49547953959177,7.355526236374724,-10.409933958297978,9.680099425085208,-1.2355873260943306,8.715121948153588,184.11674861249008,86.58329655728404,2.3874486329734577,47.16338414024554,-26.053549252971315,-29.652573972486575,94.61721422915328,54.79556566483752,-70.13997791478278
4.883621958231887,-5.5018808287019665,-1.7330394054149154,-38.29052862644263,-2.7727451314995863,-12.181177901279185,199.43158769658274,21.19284739481906,-5.543998312332185,30.450262342204926,22.70420865817629,-2.6283276561303395,-16.14777019260522,1.2968073166100411,0.713544436967648,46.23347897663305,-15.480652607601296,-19.180036755160017
-17.37772684184968,-9.026436160341918,-2.8521335905034824,16.76636169997859,-10.104275634149184,-12.527278259688124,40.85269489196696,-20.816930160797046,0.0,-112.77905218244743,0.0,-6.284848776530724,-76.09681196242181,-19.599631782133745,0.25927324418502606,-163.28174690706732,-169.91438686203855,1.3812113493602283
0.0,21.87826342908207,6.623743494885263,-167.17993757669956,-17.799567745545914,-12.197795754690063,-158.84098190499347,-16.622756118807875,-5.9854844866130215,69.72841902741514,-11.485573842187158,10.242146899726004,27.753098258537374,-2.469553441444177,14.933331513107953,-93.31913221432612,-33.48740362427008,20.88597034307395
-2.105864921410395,-13.03722019252942,0.0,8.790216144214105,1.9835279710279345,6.347696977909707,180.82876893574303,6.047269107287181,-6.218279437379358,-152.83956597302424,-175.93511796268652,-3.5140102961532462,-50.94159040189593,-1.7712924366070515,-3.8627768425026967,-15.259511165806352,-68.93988702534065,-21.792173171606123
61.63314882760855,-1.736877822410782,-7.395871866018063,-201.70193592543876,-7.965608842615387,-21.68256225533453,267.78298419094426,25.06436708123472,16.840644432862764,-15.75598681102785,-15.066213058531325,0.0,11.923769624516202,23.01848929531413,-3.3892787679815584,61.53487931742529,32.631460842844696,22.771918732341106
-18.451799877230435,15.39221630067553,3.414100070797046,132.5363131398676,21.94383335532703,2.60761849140037,-196.14851114994954,-38.716200139728564,-13.618526004463948,-18.570213638871337,-2.5976111651280736,-7.2338342887423766,-22.51298804155213,-25.262578526660718,-15.861058088415623,-87.38235778933868,-50.468529182270494,6.2964388727851315
-6.0454717737875905,8.14820354418226,-2.742238558057721,35.52764585930944,-3.6007709370515846,4.658485402690995,-220.19840785701493,-20.988688195744245,-6.740968869235949,61.883422361050044,36.29258193111458,-6.822483316953319,0.0,5.013032535595083,-8.967069072424986,-158.25666788666308,-42.57002240600857,12.536939248543604
-14.59691337703554,8.457558900780748,3.4440365686162826,139.33051034719537,13.84247136727855,-4.110512651349335,-233.09232530532398,-36.290479615638866,11.1610881280878,21.207646608594672,18.681371287879067,-4.394370814992601,-43.080351140220145,8.208352694616186,-10.961631970778141,-213.585990491794,-44.050025254936074,5.557526006453031
6.539811452698835,-11.7643164273602,0.0,12.640851093402464,-4.904917364800332,7.289609461239468,215.06178131686121,1.965545674012459,17.451653522557592,-127.07091883327004,-33.1324142736528,2.225787305327494,-4.414517165345213,-5.500435284974013,-0.390624845424863,48.78919276120965,45.972591001430104,-14.120077929899423
13.480734925378925,1.7823107953415938,5.519796145891351,172.577055000363,22.881952936280975,-8.78353581378766,175.3850250949861,21.524700893263702,7.888353954371171,61.17283344922801,36.52239803108489,7.037846824476445,15.317654556439486,-13.766670383796649,-24.69314192934522,72.08894083576268,39.60064956389643,-8.108854635359535
12.026065423686699,0.0,-14.8410605418466,-74.20972056971898,-13.190997846364885,-24.463342433790285,267.8994548154745,40.535785716320085,15.703255649873375,-271.71194869247756,-80.51841761943544,0.0,-17.050041207123634,8.199631990939048,7.0820040265777395,28.40241635000943,40.817400920399706,53.18973999028883
-28.777088400986973,13.449832307483243,0.0,-139.9868238231574,-15.084917599270542,4.960748111921945,-176.0155819074438,-34.17704670330426,-4.497829955793289,-77.56654185577791,-25.6299035621278,-15.704222647652255,7.424934158017272,-31.928821253381745,-17.305129519677134,65.96589099596727,-15.198656147303192,-54.38356840488535
2.854724876398474,-7.324585555683977,4.987567919796197,-128.90233008954863,-18.969367959110283,-15.94701943698168,100.91411105702768,-2.170317967887796,6.055869406069489,184.75506361327317,31.361530335640072,1.9230025321955178,26.175447700594525,-8.899411374967212,-12.941870346459673,159.18012661966216,37.83747237052763,7.441983022876002
16.00745491629806,-5.350538666065107,-1.036263263931341,-9.54492669111526,-3.0463190932205353,-12.940926748943568,151.25825257247595,20.388667821446393,11.488089207402153,-146.43267822606637,-188.8848853614553,-5.683191044917406,-65.85975034408686,-2.4267857154342667,20.292692385569847,-44.06428559059535,-2.8951362258192876,-11.383243333913356
7.088246229145661,-4.807270029892517,1.6431536082495408,-36.75585300633656,-8.0192490972572,2.6419299710251254,-52.99603410815542,-0.6852489880533842,0.5702642942430082,-38.37430604996393,27.534465126878427,6.315213621910655,22.391108933194147,-12.774385847668315,-1.990067101320679,62.75453224874074,-15.256789687787284,-7.469899222716165
-33.82974548090152,0.0,8.479441930021455,156.05821795297808,15.231660877683218,12.680179081338661,-137.32014715725634,-48.56969006724395,3.9674945067039853,77.51118903529662,36.93550124185971,10.456060866141433,14.593392897053997,-17.037385458774654,-20.245075606028532,24.421478460487265,-2.768051004820998,-6.736549917438069
-16.227837379448808,6.483487073918994,-0.5396977608662267,31.223443388682924,-4.641468991053636,-3.925000172142315,-203.78434556368654,-37.721042464531564,-3.896993796426328,-19.837687833507538,5.6995440937068995,-2.6946310837358936,-30.246724872770734,2.63099025843998,12.448028181262275,-167.18425407087588,-12.060434852740292,-9.46773432540931
8.109811388168447,-13.619490961538988,-6.84329620069049,-27.86770784346638,5.481855211024796,18.181888300579654,93.33438050182413,32.04848098046465,11.477453497148268,-154.8814901651106,-21.895629323409892,-10.31870339740465,-1.1507412306990632,8.135856214718128,-1.873200218615636,56.10604466856222,16.8123846184953,48.5019602061392
-11.741035504498099,-14.322115813192282,4.810653294496411,110.82128941019879,31.506359813024318,15.313058304455318,3.4411295138598343,-6.089155172804226,6.023240828010122,48.180218998509496,53.22437624679446,15.618497697347914,-39.67989117942287,4.176774338817785,-16.593973219527495,-106.77526398745012,-39.22027362171964,18.103056455522193
-9.580439418714917,13.086661886566212,-6.46561054965644,-20.75137671260194,-0.1708625088258217,-3.074217392762522,-223.792290672861,-19.397774715614784,-12.501014899162383,-70.32563956057908,-65.4537394597184,-2.6274027879165627,-30.18112100682689,28.141177855840123,11.065359420828084,-164.15113627577014,-74.33716383020428,-79.07149181873797
-31.921524252934223,0.0,0.0,69.88889477273283,11.530683175912483,8.791312730417136,-284.0329332065114,-31.72196169691681,-2.8177062916455435,36.54881605707576,-15.190990675541315,6.508884684000802,9.477261360678916,-13.190626334827213,-6.281950977251134,-213.77294852098112,-84.4573665686839,18.766323167646192
-16.73991223514913,7.171702186820595,8.955044949624796,25.72235978464622,10.18271970129902,21.700711976075702,-196.42508326598437,-37.41546922507832,-6.245930893499487,10.229004818676737,-5.801084904814891,6.052603725592859,-34.28188582860614,0.0,4.0493207259507304,-133.84773157938406,-10.204694740489403,2.4015316330264795
-41.91198890667658,22.209748467954793,-1.7303488299192737,-201.47983597737604,-28.968156307476903,-11.420745123917404,-232.28945264278875,-9.790226684647116,-6.745070603978329,80.2503451656334,31.57802122054718,2.859061336964035,40.78564628464106,-17.116589606138728,-8.310397678076317,2.578160637280936,-29.145883902371295,12.901079621891597
10.240615539327237,0.0,0.0,-15.189339465853662,0.0,-2.7376533717466582,-126.53226309942691,-31.735210327995002,0.0,-90.5615516329972,-69.3043380462493,0.0,-46.31827331093807,-3.663164278106186,0.0,-136.08329873633184,-89.30607318848679,-138.5746896851074
5.131353215873283,2.068109857587722,0.7553013691198134,52.831313373488996,34.12111510232293,49.04774660090904,103.32940138421033,24.52654229917193,2.7043249362047876,-11.560351949607034,-17.908936552153392,-2.648959553337854,-56.449623869349665,8.306805287453974,6.718089490132258,-43.439524481261095,15.125923628241276,-15.987049355276838
-6.896199852828559,0.0,-4.587136331052852,80.21205448106032,3.745395908448733,8.696704707393417,-122.34932181659363,-52.47992888931432,-2.694039746654778,-40.24273138084118,-14.492112800350446,5.622145175919778,18.205461981590975,-25.189517362724413,-12.140974416790327,-10.566313755773802,5.390726946445367,5.273188942949645
-6.52849091581679,2.9011942342697634,-11.184149821049356,99.52455272895145,10.344213964656378,-4.756894681700383,-95.62476852126937,-13.268575290515164,5.353940828265931,36.48382352921001,54.64396598609397,-1.3889354933573512,-47.067449614581996,10.214173796780342,-5.6127178411137075,-131.01047820284617,-62.11046666575976,-2.9693288815299184
-2.0058116001476693,0.908624840597781,9.218399787050933,-39.97488886423285,-11.766354908567486,-4.733137810174117,-96.34211456517644,-7.6901010163878585,2.22551073290128,-40.24604458929036,22.133933770231412,0.33814301710079464,17.058213646120254,-29.09811513776521,16.525383052035483,64.73798078167837,-15.45344379575876,8.276146498911814
9.451521996748138,4.968664114949392,1.18699344264028,132.63760737620888,15.300337248910092,20.204209042868296,-25.22505088710018,-13.870280900452885,4.050935898106147,-96.02406349532852,-41.801744385305135,8.658437317807763,-23.068024728131313,0.0,-14.827703587165,10.228588321093397,0.0,-21.393805896084416
3.9268099953179263,-11.543182922056518,0.0,111.02979568540093,19.80393549080405,0.0,-47.5225217000639,-17.076073922757214,2.958873126832767,18.630756193853145,56.66911940269372,10.06111872459522,-52.1382679525848,2.1595329103211602,0.0,-97.27457165905402,-35.15025273946149,3.110480413301403
14.04921364787392,-5.017953555943431,7.879741534521091,181.30090052605416,30.662018740332833,0.835633108074867,151.785081909566,35.67230220661161,6.676424688796258,32.87825572889914,37.20554275974533,10.208074003242318,13.961491930384435,-14.930663300668323,-19.68646646343989,81.59673320903723,18.114422432715934,18.21791591731096
13.840327254244453,0.0,5.271267229643857,233.356822258984,31.296014487004175,13.846354230834896,12.35257081673451,6.996795511986042,13.913756239447963,50.75164976508766,62.67079741353756,22.929250270378244,56.682707639209404,0.0,-2.5812959656691796,91.21358992138154,23.927931773842896,24.02250847744449
-9.296182339410498,-3.4509394085049285,-9.476497044755927,-29.033940633900727,4.326113118824397,13.966669401140054,-7.897456377102744,-11.872208347564182,-1.4051097972788158,-104.52667913924745,-201.75739383005808,-13.66447496957386,-15.148403851806446,-17.200368178149997,0.0,-70.31782492099866,-56.47054360424445,-12.220837310154366
14.452703086616244,-4.171383441334354,-4.080061588659638,-142.81078688318487,-34.60062252152932,-44.177229483670246,16.591033923966343,-1.9198033865630553,2.3393593946150375,91.12820407605292,14.359779405508904,-7.333288588516323,24.753535214757655,-7.209810571867216,7.085039595613621,60.81218843705349,39.28632847499906,54.26548409392472
3.244101723547877,-5.161504410857151,-1.3870191762974842,-30.651268617175234,0.0,-0.002448176915886325,205.53187530935372,7.207653895065581,-6.132672133930077,13.784725034705517,9.167430842389365,-5.716614658962194,-2.968920196258265,-3.4269280569207377,-7.2838104167333615,54.33514763630087,10.372025853841564,11.577042168152133
17.168226001325436,-3.2533309102525454,-0.5476635982422294,-1.6606125479380993,-9.829441145008769,-13.931800959597242,-75.13633350368588,-18.401932004492558,-2.100824663139693,-24.215254029310643,33.327686920685615,3.344795607787069,-47.80576831778435,16.720392995214187,-3.195449829237514,-126.6230890039129,1.7210473658530954,-17.368303575125225
13.69247463431958,-3.2823124967963877,0.25991108113133676,66.87296232003413,15.796065460301879,14.077058350954616,100.06669635062856,25.201534302919192,9.959017543006555,-54.72134075796751,-8.84486372024479,4.742594774581169,10.199863162920435,-16.60331116322132,-16.311545906515416,74.80821283230665,31.789235893692798,4.81822318688063
8.303539534478137,-0.11638997514937878,0.0,-15.426438524784094,0.0,12.162554781309543,-105.89771267875354,-43.68916065873836,-15.133773466183143,-106.81765388908588,-186.30291941747004,-22.19630361667323,-11.707901325328155,21.917739345461978,-2.0639880702621447,-56.98760987008726,-50.350710630054955,-35.904011319850724
1.9950820259806739,13.366692704228972,5.440954859580457,20.225543391642947,-12.114372700975474,-8.042233793480792,-58.339859433868526,-7.274664245422973,-3.9683097433241734,-95.31006783346596,-99.28385971538349,-8.25672625790802,-19.768305445790443,-2.7740428919277105,10.590158793020143,-4.937161250415652,-44.40123221761678,-7.268939175003766
9.492311559898026,10.623205963688436,12.488206261395739,-8.318076746159203,-7.597624366852113,-15.900772278544853,274.55459345056823,10.97088992851749,14.185146917407128,140.59542889347006,24.25930032040188,12.06637051315818,59.41620840431638,-5.505886299057063,-18.839748336629665,142.26234393939592,54.3382238046818,10.383231501666728
10.189070266369054,9.474127584636518,5.318535416026927,-30.910197447518563,3.670567365839159,11.897819586136205,-44.462263674231416,-6.148525520562516,-1.3192499662968349,-156.51021858076587,-79.72107378277805,-14.047273085478631,11.487720990750114,1.3934070042459228,8.053770257904107,42.296985367378014,12.271904563442593,3.8769999695612682
5.397366800501287,2.033486990287316,4.915095357112959,176.9170643948094,20.347868302099545,13.187070522429357,257.6889220586675,51.83000789581947,33.66606045055966,-70.26615676071415,-11.814567548931045,23.363606064377493,-2.2095515963763286,-6.318168454057597,1.1164570856897407,55.990874494268645,76.43514858039426,17.789667242189694
-0.028380416719914946,-7.373499314372973,-5.409688924185405,-5.549317507212046,-8.221266530382424,-39.8791286688652,157.60629999166042,20.433895576361785,10.506729114118198,-68.17647730308961,-65.08191532443283,-4.016395584564714,-27.275061938507566,24.271692705536548,24.928883519615148,7.813969644146666,-30.265088799025808,-6.211860811212588
-7.6783450806051325,3.2351290612062207,6.981532155857834,-11.318442467491446,3.0992370781102334,3.564339337782597,-88.57808810185345,-18.410288791817987,-3.2491815662126076,39.45455400272849,-24.497650671711813,3.822186969863423,-27.69834565771158,-5.254088979730897,12.312576472384649,-94.35940498246585,-28.597365069713767,1.2496478179756423
-5.030477369036654,6.4562637445925235,0.0,-178.1076755271811,-26.25271537357647,-11.042947238184205,-207.5751199527561,-22.949075471982503,5.428958043517428,50.39130499102364,-14.461297658164478,-3.685856237460371,-5.992448701727355,16.005807515359546,11.834317119522572,-130.39481937814827,-68.13895989559717,-16.8576037090844
0.0,-2.407673876604599,3.9364548668825434,57.19936949807542,-1.7874674827567305,11.629489576764264,8.882777492909774,-3.044402060671816,5.953965761508489,-46.04916790052044,-14.421621580136488,5.751870082853338,-23.64973329224482,6.452637497794196,8.145376916172946,-28.075748751784005,-34.27457605434191,17.491497678298316
-3.139490123106576,-4.96817279956399,6.981018870611615,-104.23554120600507,-16.51544619189186,-7.252350177355945,3.0824437551298085,1.389256981672533,0.0,86.36063443875825,21.715786648694564,4.966051657180437,-1.0599757415156492,13.20270131313895,-11.588272097723992,51.82743556825955,-3.2968009861105667,-3.5579635723945415
2.6912005696659245,-17.848012731591453,2.787421602895339,-58.04461214804436,6.617634272977622,28.426763428402136,133.35678818191636,23.026230630860137,20.18092429135133,-49.139787698943316,-8.550594006063731,5.166681813704092,-19.73375632832517,-5.6296738177407954,12.630602442163614,24.65548270306383,4.072472258835977,-22.842673327560107
18.141173808261527,4.222621583416096,10.656064661923875,-100.97201322163383,-7.093743912962956,-8.215796354137195,13.877378632520095,0.0,0.0,146.9066031524037,34.37654418431024,10.510332588926854,21.46601193764432,2.9675002155131014,0.0,50.87223448171342,16.380333217256585,-5.100552291972633
-12.00123347675296,3.367853015366023,0.0,-122.01100962953942,-24.41005171316354,-20.622641508072576,-151.98196877772534,-16.224980302281423,0.0,27.711724463907537,18.45596807032494,13.376026680696839,7.2368766190208555,-11.57459426984149,5.934729394734336,39.15224268548817,-1.9091460472189952,-18.16693909035709
-10.061934159745132,3.976595892055609,2.5160121986232884,29.726191405690354,-4.76671368370317,-7.5434270170258495,-102.60991172900061,-9.1791587202155,-7.998103170461564,48.181378259753814,64.379698984116,-10.946841448159246,19.743996100360768,7.1164782707277086,6.389292328188795,-12.64115515252301,-30.740845382997026,15.778683567160801
8.214084223940143,1.062544596954846,0.0,45.567555754373615,13.781301395079815,11.708163608049146,-72.97077052126822,-34.8811006313422,-1.322285194904933,-6.761664059584527,-119.71329543689228,6.316801166298168,-48.29675153582774,20.085607259469167,13.8692853759077,-81.68316816362304,-51.02071785951119,1.1402518411830442
17.36787734760463,-3.616987040151571,4.2003019150259755,5.0364271079668885,-19.869101424366022,-11.88570320512956,111.28467483244685,8.166304687689307,-5.2059113762189595,-42.09634633974828,3.4194141605578023,-11.735720117708796,1.8376158773043565,-19.38155465851704,-14.233367260798559,43.58846011018222,2.88771154419142,-1.1344022797642879
-8.962811685423771,-5.557073046406317,9.426257871923529,109.52082386809965,31.276239687226827,18.880317885799904,3.3163311402687055,-1.696347632542583,2.4579835658236444,53.28712925103854,60.745532636533596,4.3195211411359695,-49.09916391961191,13.356626294311457,3.68825912392934,-65.50316388209829,-26.79366796352589,26.279395460468663
-21.34489725786999,12.705490022378134,-8.068186399065999,-23.881821377164663,-7.141719279829455,-14.864898982580181,-241.8411845089859,-22.617740797553893,-5.634801556686126,-2.0243252535877168,-9.07362451348825,-0.49052020211590885,-19.689409786108094,33.92361257606638,8.682503538519208,-175.6249751122011,-56.95796443727752,-45.7192714355333
-7.393813336531804,-1.2092053423221913,0.0,-62.60826519843813,-15.678451280023907,3.5814905665158885,-122.7751703643844,-16.569978158648887,-9.59701935236543,24.980521586458238,8.837485854981939,-11.724957534807627,-31.421030987421144,2.0543940633776994,12.492077918013887,-79.02250532584374,-36.796279269524916,8.339018484686846
11.807411662162323,-3.7424534517790025,-5.612354434596369,-57.154712140974155,-9.676906138285782,-18.20819383691961,189.75587030907667,18.443235078452048,-7.458672417692787,56.05582469408424,14.983232399508571,-11.367279735424946,25.108765429791145,-9.286326527435914,-10.094306025157353,76.81039542991171,42.9845434022612,21.253288034680907
23.33689545941859,17.230464058744598,2.73357822909179,237.85988697388723,21.761283653587743,-6.438306430743826,10.23752518878637,13.464933985307669,5.4573367598554015,155.21487214989756,82.96463848873158,7.175208325682441,19.93299325848961,-4.727382115172253,-2.8143069182139264,71.63509064747585,60.75181111668598,-4.721318477946966
3.3388454795502236,-5.763780291924782,0.6516629258592285,-86.38558648551725,-5.915809731823007,4.356789919324003,259.4685225893746,28.571618584204007,17.929172073200792,149.62312458545495,41.42748213215795,-2.096843123795976,28.21172549074093,2.0121498323871085,-6.455372861511945,108.32845981771338,62.858953766505216,50.79644439716276
19.382895792253258,5.314223488547471,-6.936178662977976,255.04947596575278,24.377278491966347,17.817871683599453,387.3670250228289,36.387325305613864,6.112126662401105,72.64792178926176,40.64892258948877,-9.548403096225393,7.792794748236898,5.5050039470403345,-19.781777119997816,168.4527777577296,94.32600928586109,-11.000584312390174
13.476289881882003,-20.974983415562384,-15.045442315172759,-48.17006257183109,1.7680513796617752,22.164417449301204,128.52710757035646,3.8037660639526973,14.96752814910171,-157.9007018899332,-172.8956216059504,-3.964561836512134,-44.99084680233078,5.697980810453984,6.838829405863865,2.669016889796911,-40.032868716606636,-24.26348268991677
2.735652154188611,3.1197822050864072,5.074863631899827,-43.53112397949795,-2.6578874183774754,19.073486561093887,-93.46641673796144,-31.34868619224902,-7.948031224031164,-132.41238983073532,-44.294090504060236,2.49621170187049,4.970730694474401,-15.012252988699842,14.429512902457095,52.37482487491064,7.636054053980736,27.953724318444642
-11.884700256737675,-4.680344753528567,0.013891108686234986,-9.359489407558216,-7.734482497948517,-11.0149666884034,-119.51591718553405,-31.098707498744837,-7.41222846083679,16.567018325432777,-2.2758252487690673,2.4180745615452905,37.29167552143499,-10.45394066945959,-8.229026516960271,10.60815480597992,-6.656126049595595,8.671314955237108
11.81751849641647,0.0,11.131104826044995,151.8673224635646,0.0,0.0,191.81735332720453,10.831838904721227,0.0,279.337896950004,205.36965824728907,-15.924346406007555,109.82233770407497,0.0,-17.405620546676584,60.47782396238434,40.430885968901244,19.376822997483714
1.1357659310098744,1.0124865895269424,3.8908477259668293,-52.96354770222011,-12.906261993497571,-22.41346195281378,-13.24360698322762,-4.596518570716658,6.169586771644986,47.6761048078379,20.09839471495672,12.916620024367981,38.8686325330282,-8.557482509708072,-2.802171120564731,62.44154355437727,-8.78621099396461,-27.487138412723937
-30.41144918558753,-26.770963958548485,-3.921283802328576,0.0,0.0,26.760935340296673,-350.8603116169176,-25.389442696142858,-15.222873879127954,35.378086364896404,27.353676178634007,0.0,9.945748461116358,5.7701064998757365,0.0,-139.85438297439072,-74.82837425510566,-58.78261796811421
6.056578053456561,2.369953391297657,6.366206772578561,20.45141994519522,-6.009538762472401,16.17044499425726,-76.88568306311402,-14.485430273477528,2.6667167517772596,0.0,0.17435853476700758,-0.9361393054167392,28.550955306285047,-22.27598471868413,-13.085071622444877,35.942126634955194,16.311854667093336,-18.90947971390503
5.618300116311659,0.0,3.6326927391141473,-42.31128526053013,4.2396666149845155,1.5198951492660744,-79.50097242967881,-28.50790889082324,0.0,-106.43120156868711,-167.2166141499241,-15.868466718284795,-21.3808396533151,17.448275994847002,-7.360594347970706,-10.150632284006015,-44.36236116819884,-22.617276969762315
1.8266153123938087,-8.201243293040244,-3.2194150678857922,186.60605414316382,5.250238023996308,-37.119329036671445,49.62899528378565,1.8366656712333453,14.747886981518793,26.84571402279437,31.0398722520979,2.212183237591693,22.34015683211191,-22.841180407940353,-27.639884862207158,52.721029229628414,19.223521840959105,10.256541387170444
-0.06410389838417592,8.263334095755921,4.69062735842006,46.44956475251205,11.811097076130954,25.80271400693604,-139.42668763632648,-15.776469719533653,4.515179609309832,17.200336398416034,1.1995134531042626,8.369777045155878,-27.724938639598186,2.070452093471037,-14.528972551350396,-41.60083229156093,-23.00471320013963,11.509206016257536
-2.9418976311015346,-5.600458490756091,5.657069690660828,13.731198089599495,-8.56247916471335,-3.7823450343941003,4.987581508204521,3.8196549672214304,4.366613357995611,40.66801248668239,48.17837498062932,8.893364603441073,-38.17524741922563,6.1338655503661785,0.07947270154415131,-60.1998476144297,-16.43234554983075,-8.136826004301149
5.924556601618657,-1.0843735945088568,1.6123900712040626,97.8464920245533,13.663268073734418,9.838104179495415,-4.154688806385281,-6.590592597449489,-4.014963196084314,-18.380195212087543,-11.87953179525243,2.7345371562994316,-21.431406818739063,-9.24618569531151,-30.147631588131365,-5.49224954564222,6.035508230494947,-49.28338827619704
-9.850715342803658,-4.856903730470688,9.562131496257878,85.01942580618811,-7.016235039210409,0.0,58.55298332715587,4.714273345908247,2.3837008231047268,100.26895194107551,38.076492731645814,17.446669182989016,16.8557057602581,-18.57965116186149,-28.783452361130188,22.41147719046896,0.0,-15.620479748627417
8.463621103159962,6.336495852825501,-2.755001644573386,-55.705160426624076,-3.355185354530326,-7.074412032811794,275.2024826317799,31.464902598933573,11.563647319655546,159.02999288885889,34.246510397014895,13.453723511524396,0.0,0.9630224815480631,1.0550012240301905,115.88339687831784,59.217873186917814,25.80597707681477
-11.859845320669095,-1.268973935070045,13.02927075633027,132.40508436464032,0.0,9.673184850974982,-131.8635756095013,-27.808618808717682,-4.946691881979772,37.59299152391967,56.87790963309837,-4.202586570958138,-6.165985400495993,0.0,17.4916619817645,-82.27924708390684,-25.146525399100536,5.593041416596346
2.933918620015801,-2.4725965208414817,0.0,161.32770166805767,20.61092599582776,1.7612958198745052,-104.41979389048883,-23.13727167742934,13.209532731155335,51.455433015682196,42.01743618463103,3.5669904864038613,5.635660168843101,-19.065504988436253,-21.008830670049264,51.746568046959744,14.057787377553279,-15.476376541663626
-17.736458932338902,16.23776527450802,3.578657134961993,-189.900117381493,-18.171316090213043,-2.657407643126467,-168.02392896341829,-9.586115645009981,4.064298472530823,41.38345788621405,-1.8791847373578656,-0.6991585886680464,-8.765190545651087,4.334959941371938,11.729525443911662,-81.16255872816308,-28.870483995535434,-4.622768308908121
12.535627720257365,-1.069650108436419,-1.7323441665921642,57.36120813643042,33.256707148896744,22.32504206375277,87.72699524486605,24.418736688630126,3.586091241210128,-39.82755747362469,8.064091700121233,5.443416575963206,19.36477939217255,-21.491566633465112,-29.78232232837929,58.77073135107437,29.438823530837478,-25.33855530843681
9.290480508257474,-2.9960634656629583,2.5495537958971775,2.781289386501729,-5.260552077010849,1.3611536336023473,-39.96177751235902,0.0,1.5578419384772755,30.360470286546782,71.33835085430158,15.761095602811103,-6.263856187530685,-6.195887706157931,-14.360969541827338,-34.928524820788425,-39.929166976908085,0.0
18.038184781956435,2.175866713774816,5.488764438792698,155.9446009153481,-8.592835604639362,-17.23100953043504,258.9543318625577,27.764511090151707,16.95003906049723,80.16184291164372,61.493546775036165,17.393154466422015,5.729827530937928,-1.260609956913081,-17.200109058330618,96.59297996725773,29.256151994588933,11.617018299933989
11.01373909846772,8.274749850355537,2.2201672821969853,90.3227086247958,14.300218146677544,16.309427587440435,-57.39919944085935,13.488340206231095,4.975502529546563,83.72575233540861,62.446714219873485,8.023921371470179,32.56580796501837,-32.49344954135155,-25.75081033122192,95.41504375626232,35.6044319169757,-55.64805799292412
-33.588929958676786,4.94886278899057,-23.96208460031365,-12.666837950735763,5.516495803274832,21.29221112996504,-263.32659148218727,-35.87024472604523,-18.62525467423399,-15.876844100366663,-2.544777093348062,5.385702970294576,-11.381505752972924,23.763271858115417,24.069955220626806,-175.03018442802224,-94.23189721481211,-74.13717217326257
4.6724062805281426,-2.292373382010484,4.142500337493661,148.71463327578232,-8.753739856976306,11.85774381448195,-53.99882910743796,-18.9605834674095,0.0,2.705329241443411,18.14877030890044,-7.352179788871555,28.77371675595585,-24.55881370973797,-13.413280047193167,59.75006138755409,5.60952984356677,-12.03787715304685
-20.100999172183236,11.05869648942306,0.0,19.109877313814426,3.742815983730134,-2.9648364553108717,-246.10960053019872,-12.021296289075547,-12.401110047495564,93.29947019372007,38.10205667566586,5.944497867097255,-47.03960002127239,0.0,15.396583789220998,-197.19479403759502,-28.821424938033683,2.4258505786627325
7.529653945626948,-8.408530624262422,6.977286588553842,-52.28195616760407,-6.217523738571088,-16.529350939728563,-32.015539092891785,-3.035856370446934,-5.370856720907672,-76.88367868722096,-25.590789035969124,-3.561434287901886,35.52949695426099,-16.539031015675295,-0.3368033829026031,64.59198914531387,12.569662161821157,9.950042534635514
28.080433436886526,18.89781412659546,1.02416156505968,175.6295615746435,14.29198945857357,12.735916571579287,371.9053583138342,75.10156207785532,9.823196642140596,-74.20814466158419,-36.28604656581265,11.211402941283731,2.0973844442508938,58.727479543756715,23.496077172572136,40.14475391631679,70.11569617205642,14.14899146460857
44.53168893752917,6.598831577966357,6.214120473916533,15.973789575825789,-6.267421310667914,-2.6054460420268204,359.2441154083426,30.750783487317996,28.18517474720757,35.10584897125819,7.727485393314985,13.793516244482397,-9.934290842749608,-7.992951898881268,1.919927697757294,99.2079626350761,55.75027199558478,-5.652381526718614
3.189488603216031,-11.97872802484901,-3.138325887166212,22.04747055289472,3.8777543970500323,26.154942550950075,83.62032987633928,28.732948583679992,15.73649793279616,-157.82821235737921,-54.532569354868926,2.4055506159035724,-8.86400292836799,-5.357490002578009,0.41112669459977547,9.94430959659403,-4.236569257268301,-19.137208982875407
-39.28018436310483,-12.789041133886897,-6.861457311321459,44.9747941581208,7.850900457961285,27.0848527763894,112.47673382879579,10.505756360089118,17.344191078446112,-95.39190348407182,-94.20706693597299,0.0,-26.44064005259227,-41.866331377977964,0.0,-89.1955341231784,-20.077651313184855,6.430881529428348
-7.337728032216112,0.0,-2.632964656625717,15.515642247229291,-5.933460377419545,5.365515819432628,-170.84594402798706,-13.092669749534876,-17.343491098968617,66.00978869270776,15.762088969643566,1.1458883390767116,45.88547095374422,-6.4782703247635816,-6.731998099007563,-101.14298889123623,-24.27347531475141,16.818201512446535
4.66488200918292,-3.003090925651059,7.009184727125193,-22.17621119312559,-7.143042653229971,25.096705436796835,-29.13243386856126,-7.051421963489029,-3.3661314802828692,-66.97234251760958,-18.20907209701497,-4.193184555932316,15.370731653983391,-16.40484496325329,-3.1312328415409074,43.86772506361481,4.486893003132322,-3.786682420056948
21.317999631674724,1.2582991300527757,-13.97429427872635,-12.86786861496713,-9.181281540785568,-2.860246610504575,291.31751300010274,12.235356227420958,6.143866965196373,-31.966810749986863,-8.76648873848713,8.366038624282156,-21.29663682552122,0.0,3.475235666720524,66.9642446033559,31.088650225294288,-11.494446500711774
4.3739413376215674,-2.3879924546419273,8.823396460353365,13.635279852417142,-3.2533913716775493,15.602672266635922,272.1739650523548,43.28618850756988,9.200243719243135,-103.20053587659757,-28.59038533221617,5.527128514432748,-62.53548288384416,47.91688539058242,14.27131812907542,19.41327935359591,40.8004151650631,-2.947226282302779
1.9204778414333694,2.2443363353422447,5.5447031587248885,-18.24703430459608,-8.98402270131138,-11.95938065000931,11.664308903476186,0.23710513922780402,5.701844617729381,60.916380024439185,26.380258878048565,5.556017102846241,30.609447982670186,-6.639738398884534,-13.76806904390812,68.21980934699256,-6.202654450749756,4.788924925417035
13.609314530338542,-11.885465253316431,-21.240310813179562,-92.19531272860243,-29.231220262107527,-75.18427776866628,129.4156130511222,3.2533318086223004,0.0,-32.94716698458563,-4.628646541725074,0.0,-47.25257267333956,18.21787027768832,12.547244183395131,-30.00330903669997,-17.388292730852214,-8.726948380002057
9.46897806090546,1.0450403979617369,12.989468838799787,111.2387673935736,40.563567055558885,21.107551815010037,20.12866742372823,-0.32405955858368257,6.382439940859881,45.38618554510021,32.859525386871255,0.23653782796543601,-49.37855609690342,-9.458394726206398,-9.712478001722156,-52.73653535116136,-23.543578439903705,27.753638261784687
-20.82441179903055,4.177940975504455,-3.7079483754860503,-145.42112594315924,-4.831803666560772,10.120896908422166,-278.2964548459134,7.895077432897496,-1.3731212785686606,63.43427051868973,37.037992094412154,10.157783618634323,55.75353550080475,2.2033038637440927,0.5279424664982603,-45.869618050580854,-30.24940655143355,-20.27267610178825
14.627496766403455,0.7100174196816663,10.404282497367545,172.5436695772501,8.011509605254602,-10.433934572674639,335.91636587318357,52.31592584278872,22.868471604800312,61.29516114728205,40.70849385414547,8.903592098510156,-26.96002396533698,2.110616606144607,5.865199985933048,70.65782545812276,51.994779072506894,4.472820699363297
15.733186335676246,9.723020642269493,3.4947748612293825,319.0509626922789,52.878784751753294,15.12511532509132,443.58370412571,56.885011504363554,30.857946368312398,34.53018941158695,53.32226376072005,26.859261410282457,9.170039116482876,9.297929279559261,14.348887280260929,147.0121564232689,122.04909367776088,11.115038313118475
5.017964299470394,-3.290543105513827,-1.3426259803817333,75.17299829705,1.2146408582171313,5.726880138587166,-6.103802410051644,-0.410073888264012,9.89503471993485,50.14885746176815,10.205863690535642,4.455281703802388,26.905440565247417,-12.256369121668653,-1.9778388049005393,76.4028738341879,0.0,-15.763520892988993
0.0,-10.329413138848318,-1.0020263264706124,14.065725671517205,-5.686353479569787,-0.012839493969506472,-108.52665962513507,-34.334625122904306,-8.346397773040175,9.909422566484198,14.42280337883607,-1.5679711763119555,-98.53712216685975,31.63506980711194,31.12315110063187,-146.14890361173292,-17.29885793914079,-15.713206770513125
0.0,-7.458809670534678,1.0964038650864716,-48.92153614940809,-7.375604505701339,-9.948241566652664,-12.793400019051738,-10.185415840766556,-0.9352636616431985,111.27743118218962,18.638149947918432,3.5638462189371323,33.955363299575936,-18.046562597402083,-17.02922894639431,72.88126277621822,-20.374989197897083,-59.70611568140757
4.753502167923849,0.0,0.7243734309142226,-79.07181596751249,0.0,-19.550738528826603,67.81464247783614,3.1515026465475504,0.0,97.19729010871977,18.747032142909923,3.665550996935341,25.46077683809051,-11.969968179457611,-15.096093099817528,52.00335817293671,2.416307860876652,-20.22081184644452
11.610695660645456,-3.1366859707733945,8.317268028518441,-99.11877297250244,4.241680056923583,-9.971495355702366,186.2361698140682,43.40545954406855,16.193648183105566,-208.4654278660333,-41.801156917858854,-11.524225944922136,-14.989105096838568,5.9942018104245305,4.0557064030561625,30.425871878033238,47.43126160209084,59.51008619212209
93.38323294897782,16.09640143159892,13.326696736736233,14.975480044817159,2.240712387776645,-7.388379452314499,319.4079274669557,34.29191610853699,34.210348827849835,46.4390870910246,40.4825045962054,14.378614716328467,-26.360972539110154,10.905317973467868,14.779339152833364,75.4443129589524,48.42584476888476,0.0
22.544228322193625,1.777426876741265,18.255116606001188,46.882443078838804,-9.88495631325233,6.859043290399561,24.693044832022547,11.10406053079369,27.575793351334777,4.946724714831973,78.60927722720749,13.847226679097217,-20.210593986648846,27.604215495411566,24.540636599732164,-37.781854889285945,3.576004401317644,24.08255178294445
7.670613380318624,5.271714272283634,2.5558762971773787,118.95768691395295,7.251216251005848,4.707746457171823,68.89187794880166,26.79511702079474,7.312396227391223,-139.08538652241987,-63.73553070369185,4.623776145945205,-35.41732984441599,6.881609597693056,5.990441601004862,35.043499829948,21.346639138578933,-5.531668619442854
1.8690257674398565,5.179405726080275,4.618336799770479,-23.088385991686724,1.3721299170408356,19.574134713589466,-19.7261115570486,2.0202774938271664,-2.999925440746564,-142.42108597754958,-16.352250318557928,-7.272868264954777,14.746468650541173,-5.1488207893982345,3.9906763278691795,35.936372473237036,25.24229371447222,29.24699314126002
-2.0555038525573464,4.090370662594829,3.9461675841144563,116.11111194940497,1.4009877581350627,11.996539384891502,-126.33976654478272,-51.47879250673783,5.803052804443125,26.05103785815571,7.520076714318022,8.16735192763647,25.431802657793988,-20.15031938149217,2.196265486631908,4.55760127506886,7.908214372553683,16.62463411704162
-24.758181467950013,-0.08408796628971787,-3.374683075784648,83.54279618106305,15.351948674146083,14.190723606516052,-124.82581273184675,-39.33222066876262,6.805496211280742,58.61159943658555,53.73843219265055,-2.6644899307490895,20.513108795997958,-22.22969891377874,-5.007532157746198,-29.995768566820324,-40.17979733371837,29.45772003046328
-30.056123391005887,-11.41444654899753,-16.017754396123443,124.56405305952094,-17.831597983167978,19.77742961079511,-256.181224195931,-17.394006387527128,-18.502066996545466,79.0108881422352,20.958127469182184,3.869714469004791,31.263301767647317,-27.789999709249944,-9.280685618513857,-161.22054113092437,-30.827740911702143,0.15660826627561164
-0.8969638736743619,-2.8337072667467575,-3.3854740845750335,-106.46294158770941,-8.506818290768274,-27.994218710651058,21.762950577598964,-4.040513151619222,5.174941612230493,39.67653735292278,-4.593234323690787,6.311860104042576,24.833378701086634,-21.48388645023034,-4.215822373708577,49.831884813898675,28.049208991487983,5.39859054401553
1.4894454317827852,-5.587103291501927,-2.340769105262858,-52.9243988377584,-6.896543537483156,-23.444473337833276,132.15396486039185,20.818569494703524,7.707113051871291,-98.35623332647596,-21.890265438916707,6.770915154598733,-28.150545923724795,-1.7069241934718746,8.496435922510372,30.560924397990657,10.95585899022862,-15.416465860142168
-3.534199913070823,22.06406645421155,-1.7233276978747947,-38.14517436763852,-6.297657978104388,20.435888582909875,-112.33882251298432,-22.31023631348741,-4.696599012322465,111.89684713683944,37.70403744380779,4.6231591113096515,43.288558898633056,-18.72312083045027,6.896891758486548,-4.2938220643018825,-34.33687230392654,11.424134605977997
0.0,-2.34805125768431,-1.9186503600354397,118.05733050632199,13.310371438352783,7.671201876048789,224.70848172369188,16.58834897700965,-2.8371962712957512,-4.483207155648319,-14.486057539777281,10.037685113216327,-75.08165267329561,-5.601956214155618,0.8825175170219202,36.01947249904337,17.06661820457765,-11.246228430234055
5.02523611823158,-13.884795228081817,-9.550741628856935,-73.11679116412009,0.0,18.36305252858641,268.4801485545598,49.12355548076363,12.579335681900767,-210.2106436233727,-45.75303721417455,-3.1708021692095154,-35.243649423827826,7.958958815015851,-7.683430795921894,34.95493316759974,19.713246270924017,-26.569327102506364
-45.50853784620718,-4.0728219437096325,-8.331774278762456,-12.681936571245098,-21.09828424503029,4.799690941718452,-352.311976348068,-13.571246601796297,-12.938435596858897,108.15762483892513,23.64346330068078,-2.6462957527991735,14.904264483604699,-2.6471072906875017,-17.825137564810035,-199.7478018200019,-68.4944669668822,8.67479936376833
41.25688292620172,13.52721282248443,1.0272626198504238,142.3918657101912,23.349829390092843,10.148804625985496,511.24306185082645,61.20439835543056,8.938507596479823,165.09737026787815,69.5797762416863,3.251886579515926,68.94451777617996,24.827974873271963,0.0,245.4004505830767,118.7058010284944,4.66302768770629
12.400651006621091,-11.076760024594726,-0.7383068168921202,-108.98653433505648,-11.401988904586151,-32.74542470539066,183.56748841588728,24.00947095415532,-4.11199468501872,-91.7897277925968,-30.502270293359654,1.4940214151765099,-20.51845653330605,-3.6938699690650125,3.3816837091916696,52.28465971609128,38.91033811399422,0.0
11.938893897793356,-4.934431088542633,0.0,-42.100864622545615,-7.4861275053426715,-18.816646178820694,170.9633742930649,19.591755342721136,18.59408557831571,-2.280715187337259,28.668992682339848,7.005373234875712,4.115011097987982,-8.555093277587662,9.091832373076882,57.25120440351508,15.980590444569613,2.1003683211460498
2.6620254434796187,8.226820825169753,8.028498244694154,2.547077147100853,0.10366703152073005,30.543570205579435,37.62908878042414,9.211065493053574,6.325735851642561,-3.2402012060337295,-15.439019418476326,14.628399489209855,-8.522621824374836,-16.554627676675423,-23.055803559810403,26.748097657673576,-12.901041635610895,-37.69490179268699
19.44682776445146,-0.8991330501969788,0.051698920154548224,-36.22324831385694,-7.0481777621491295,-11.422641317162233,238.64365705830454,-14.576462665720914,6.945081268720696,-173.06134673711455,-32.05488532056515,-3.90931377397154,-10.287798886517544,2.0293737497471978,0.0,49.391956288291674,50.073529210272575,49.993694426293445
20.52912535267364,0.0,-7.515316763395713,-211.45814365234173,-9.653029866612885,13.893396416121107,253.40786769391636,9.3167541656582,30.51217333787005,67.76623465400677,42.166460845994216,2.4760835420436647,14.712800685616452,-11.004916405005869,4.976725437438213,106.21368524759423,49.79737004896943,41.05630267023099
-7.101724056114238,9.892495469193138,-1.2930875112571403,42.15024889048926,-0.48737349665487556,-2.910018184385816,-209.33194723791365,-48.50486055126703,-4.665147924448021,-58.41598410812981,-30.616629857097113,-4.8314875882831325,-56.82216589137438,20.695763857022243,22.507230018164893,-151.1529425829512,-32.199890363571086,-9.185496044471847
-32.74958060346304,0.6730945383330634,0.49241292873460313,-191.89758946721554,-9.890904505841018,4.09359647110995,-266.1592772143249,-16.985976917347248,-10.772800976997207,7.5181040563442245,2.8304131694862162,-5.410715471486394,-3.7393265128729065,2.089910212908592,4.619054107807187,-118.5670558438667,-44.746040657589866,-65.30496990371557
-49.150378314358235,-16.428937396422093,-6.559299725040174,3.1769976728346006,-4.6851078096838545,0.0,-329.1839277667702,-15.622197244814572,-11.722275362525993,53.39110327329941,27.051068090784817,0.0,30.99881090260571,-3.1662672186962117,-3.8138324102417105,-140.80965938095736,-61.85585781259937,7.315573032896623
5.393126164462436,-2.5025673583086756,3.3037072981182742,-26.522622741883016,-9.255547291054475,-11.067139343279072,-30.269752342777714,2.1996705599896185,-3.608796338468409,-11.191819170369932,10.601490777037052,1.5667954623682678,8.00787313621418,-3.240691049435541,-15.38326753455731,-2.1683780403243302,-7.587073317433123,-24.567328242800784
6.557649444897277,-5.490772005035523,-0.7208164666010863,25.726478340867228,27.10871227566536,34.611423603513515,10.093918487249015,-0.9360412401186412,9.833727857352665,-100.90812767728157,-108.45196045165696,3.872978280368965,-22.321353754021498,21.173090978972564,11.729467020394136,-19.41631631674403,-26.674148599404372,1.4487825719425302
14.07828720810388,-12.335493353016236,14.79568379661486,-15.893457136093428,0.619645769319061,43.022847732112815,254.5351677613609,41.80396187687245,12.027624644359399,-186.71562317229862,-120.04975144412192,1.862722409110198,-41.68083546826547,19.55618782101333,21.77048026916035,26.97934834615699,43.07045822573279,22.652232388719753
-9.761712440973445,24.69964000458982,2.8817607431726735,35.16232834011519,19.462685840551163,27.752828361500914,-280.6574791966309,-19.389799031711703,0.0,-3.6955908896987255,10.026867712790784,0.0,-23.19554299454075,29.689121703303243,15.275044584087,-189.04048251494135,-55.164900364624266,-32.43297627028778
-18.541880676439234,13.564917527519414,1.6172791508072812,63.78045452651087,21.75698917798102,0.0,-227.44156453044593,-44.466446091533975,-7.901941066916067,-29.777360177977005,-51.11472679531458,12.8242927725695,-54.415933579471805,12.819702346740653,0.0,-186.96897533037892,-73.34373132764209,-7.1349361992095055
-6.7393567615355705,-2.82885765757267,0.9533961933193734,-84.70636466312263,-30.252191218376836,-1.4142974643610935,-68.80058524663116,-18.995089675700186,-2.4817696574503136,35.29217631475633,0.7937603215112324,-6.484044566522652,28.87342724628796,-9.498504044861704,0.9789733320541048,-19.924871606061597,-31.247846757451217,-1.6769998090935587
2.6122174337507627,-3.6434817190241557,-13.48064609219044,-31.162787251888155,-2.0055752986297857,-39.58282114930507,107.53082810285949,8.578201688882265,8.690353905189053,-73.55872123433551,-91.74849841833054,-1.3402603258402055,-21.903150073586687,20.653828851600288,13.248388133623228,-34.725122773247804,-56.17254237094197,-26.78934449402857
-3.446703758305662,-24.138057801656394,6.4488363668722695,0.0,4.181974264926509,21.34969114899464,196.693019340827,-5.090148651847403,0.7620956456697421,-173.9313649293824,-18.79400666904696,7.604322881038239,-30.60672411727165,-35.77744170616868,-10.546113890481081,25.109054039274124,46.70334985084084,16.761808427894678
12.342335838859528,2.9439451652975483,-19.168924160803115,-150.81781373116397,-25.743023722304187,-32.26250386503214,36.84466135480418,0.0,15.331779134770523,-6.636881949795102,33.37049756459213,1.5122701668443557,-35.698406085051246,-5.862142448993409,18.85401074511423,-44.84871087299983,-32.90981996670909,11.131855810653661
15.52784167079852,-11.747379261221369,-15.473818247126337,-142.08162111658757,-21.02179129777319,-37.3997924017842,92.79922625571102,11.439953196495043,6.327851993109863,-141.44147594822948,-34.8812358814005,-6.57209206932444,19.885562204761392,0.0,-14.740454291724113,41.01103790087287,8.952383439607074,-4.515890153432963
5.519008072014933,-3.383686606156034,9.591075057639452,39.29696717336421,19.177818643884436,23.772087968315926,-93.58422642027377,-46.11453651499806,-7.850630545128817,-84.18919258033857,-111.40629285243168,4.2322954976437055,-32.972243868507356,36.972292583816774,7.358296209799444,-93.81098242386751,-20.93652320675686,-1.4730053601932696
14.073393480229132,0.0,0.0,228.2822211432593,27.19248036565704,11.23955487617028,278.6162302831488,27.278758380406682,8.650084850550142,15.87916427640742,49.20801701909676,-2.929040793071007,0.0,-11.421469127003263,-39.105580263761496,116.47541991737751,59.90183158000594,-35.15018251152014
-3.1975871111190424,0.0,0.0,-235.7540601545078,-26.6870166354562,4.7454317508121715,-112.62918887158936,-21.284139552416185,5.72905792028684,62.80412666617363,8.12381696302737,2.1068939382829828,8.508851704347357,-5.90201868413734,5.932585799904359,36.18642214638153,2.5335128222487984,-21.250409754433463
0.0,-5.75394639805454,2.722664783290628,-24.360308238582892,0.0,-3.0290354013582483,-6.031287629964382,-4.533891467789042,4.285950595361248,88.3119770779452,11.286237233557147,-3.450237140229652,29.620336658762874,-15.142656135390807,-17.082698828934085,29.676496767708038,-12.539513522244947,-45.538446165840796
-27.8298408169048,-3.7810583292309974,6.558345514177656,128.59952694214812,-8.9601774607953,2.7324572956580453,-286.30690324239123,-45.70933305037925,-6.534176791763366,-3.474063552903789,37.16043988135037,-2.6811870506940427,21.712345458125895,-19.686594096354483,-31.79684148033189,-54.815633107653426,-37.152188288969164,28.422027423043005
4.709347475362792,-6.629696116560008,-24.61598380303706,-104.05715105844158,-31.458539300107812,-23.392971897697755,144.93139477311718,6.3748408134006835,9.9758722117278,-107.58657595125062,-130.38565312355536,-3.2420905720228306,-48.09324182335092,-4.014416807445049,-7.76844788426593,-30.362520711828708,-24.405782699113043,-23.05563986098224
8.980274574133425,0.0,1.272174109039148,-25.013640709397944,8.163341757255278,23.132350012472337,-52.42712876077579,-22.910990801123482,-7.752476520879593,-163.95181701091974,-55.28345210655821,-2.5175122796442566,13.440022726693172,-9.446634696295419,12.911334999096725,47.45551515635169,15.014101709469546,20.59610421433709
23.932438217542906,2.668673361919601,10.842013237628088,80.66052311613986,4.897847363693961,8.982247540611471,340.46051052278324,88.64203554675547,-3.7275918148142093,-152.03112978387256,-94.25116850053595,6.198377467962011,-24.823820638720342,-13.018831518324799,13.07531499953947,8.431690470379932,46.23648385259156,11.529416528365914
-24.99250965417583,-8.803626257086956,-4.229044298543319,23.20053433632672,-6.514785368438294,7.774641422679729,-286.3915877685732,-28.05181833413307,-9.815633297924016,37.401489649398194,22.660160282444984,15.379256248405095,-25.329072744907986,0.0,4.044169116602731,-202.13978630102145,-61.53497552650076,-2.1417402029153436
18.18462126372892,12.775640167641114,-0.009935814706841097,79.52898091976499,30.44938438826445,33.39329248397076,130.2962179157942,31.832885911195966,18.26591702264365,-30.636223775817538,-33.98203906697501,8.527031754046678,27.270921826182175,-20.70922293838751,-27.699592834221345,79.82860820078335,38.21032569928019,-12.835575321750468
-2.590798544116461,5.042681544764319,7.329678479591687,33.2259199662669,1.9588793636770212,11.358459080394404,-135.40732048167334,-50.43311288097448,0.5743802597173409,-17.40391102637524,-35.729364854187,12.874738539091073,-17.782341003033515,15.011032267239385,9.99313272000692,-84.79517868421219,-6.594961598936538,-12.28052936556577
-3.3766040842528042,6.714018132793127,6.766022923976638,-5.366618622428169,-11.358150472939505,-11.63560352437204,-42.81250093555731,-12.635207132872196,-4.260685953142776,-101.0066683811239,-114.38002909863954,-14.500831643901485,-3.2987261910078436,19.65089873470659,21.292818611251484,-64.65001769144456,1.307129784228937,-15.558607585820539
30.76826166300372,3.905985782331308,4.530262110528848,-11.793987689656353,-9.407949093426879,-12.131195301693719,297.8226202625867,16.984049072131214,26.43322009019435,42.93080291666877,27.001147277126847,20.591939918958698,-19.69986063720414,-8.034964993310531,0.0,77.54600243012122,31.807054689586224,-48.40060970953891
13.962049871415235,20.202822507848936,10.046633755322652,-16.04106630483015,-7.695892779869002,5.4524434995314355,-28.536688126278047,-16.49580331123292,13.239195357163087,236.9705609615418,49.89737581204705,4.073192275427962,120.44112446801041,-17.98084833514552,2.173639647473141,86.11567301896513,22.543195324460196,47.30357134793638
5.095342436207657,21.15793506781649,10.714991594605092,186.59694103769786,29.29906124053386,4.123791575165591,-112.45200358378735,-6.672686110129911,14.145531936579005,21.68872487178386,94.16887280309064,2.0994351814418892,33.01796894689456,-17.47499499298332,-18.85830613264092,51.70872750462453,28.030768518353057,-11.463741176119072
-1.3502284579248578,-6.831725273529184,-4.712411199530205,60.050401023591846,9.825367410540027,-2.1664806922941526,-85.368785798627,-21.885382239496032,-5.286516747458287,16.182766582010853,22.08206138238924,-15.51910715143437,-51.763482855520266,21.66853820022039,-2.028543189328783,-103.41993752421189,-11.570540287375609,-3.2031460119076485
10.430730128731138,0.0,3.281972492864336,130.29732215526778,21.15286067741813,11.509333150377946,29.396329124219196,-6.672566230680441,10.230386850023974,101.07700461649482,21.488369282926687,-25.826343998176263,28.093758957216867,-11.856810801997721,-7.621868426802071,48.49397440210507,3.094049756775915,7.260726590693707
-9.710486514899092,-3.608103534504464,-2.4663117473458067,18.093400849096593,-5.25827249353686,12.304103660452068,-126.97440837661287,-19.432343675002112,-7.072709577159253,112.32931896055543,71.46102436115461,-5.339640915002784,-39.72827849365135,7.581966835657753,12.533891314775119,-146.05841183701864,-36.4231162587817,4.756475092602557
5.456170362427695,6.667409407523544,-3.4726489168500945,-237.6712262384594,-32.27642525376484,21.50751582228271,64.95525570525092,10.872265991857223,7.9191940751194965,91.69454961004358,33.25333871816157,6.353512017336726,9.045314608938597,7.41214524566081,18.901611337517345,55.95567712948671,41.38292680080994,74.58126838528132
6.558125083819621,-9.329593225841965,-10.48267509159757,-11.554709525191022,1.6291337815264975,-19.912291693138,165.73566309054934,17.000600647752183,18.769695572180222,34.120718651051746,-3.7316123687028986,7.3108386203430555,-26.89682561930704,33.1772412916257,32.85076417036083,10.981591198040045,17.842863234040614,-2.4049236477605405
-14.141055039411855,5.060975650366274,-18.982991405708315,9.580997997802989,6.868321379569474,17.350430297224015,-277.2439811582061,-23.51447553164297,-14.951603993493485,21.692566793119777,-4.511465035364705,2.9062644843087457,-8.694863996268738,30.07201094313305,15.866853178921627,-209.63364621437265,-97.5027096190461,-47.240877033066795
-8.25589549704604,16.872272882469105,0.0,-38.90290463054986,0.0,-2.8710677464661702,-213.62748480772214,-11.423699143065493,-5.9648459334959725,19.738903811145274,3.411363498932882,0.0,-29.21512328826738,0.0,13.491312223467775,-244.60620718255404,-18.338288874876095,11.855131387882068
8.541988971150065,-4.53966515604653,-1.3629540133753255,73.94746091058661,30.710766258488103,43.11357012768905,248.56686886905365,27.36986163946127,12.743417045870338,-52.339262287398526,-8.618636556973186,7.833212879170782,-6.047417639453146,3.0797975322431874,-11.366477100743994,82.44639588618753,61.54745701469645,-43.30807449321742
-21.986028743278315,3.064841252413764,-6.933381838753809,120.52817754452983,1.750330172550243,2.3783016039764537,-265.18579654174795,-30.01456144258125,9.37847620429372,11.947673117660093,41.5752934645792,2.3273657983343217,42.44673366249979,-53.48004346873882,-30.242532577196027,-7.932107743041675,-39.36103586124596,31.52476570418017
-5.794417245572981,21.410023783116497,3.428920381010928,54.438938629093045,-4.515494262233363,-2.5196996399358427,-190.4212158043576,-24.160627366517332,2.3063830604263775,-38.414143615723226,-23.056082693498094,7.700124345777692,34.58278501230205,-21.281319240826033,-10.044365464706633,-105.09540797196397,-34.081480517094725,5.84516955195312
7.7543578969105,-2.833375769694484,-4.435330400081462,-43.880777228560184,7.716729088013272,29.5466589408821,51.114582181692484,6.845685304443171,6.530847186245672,-218.68940648123132,-103.00665945640007,-20.11898105379727,-10.611805297946585,14.93948437554459,28.549365818160602,42.739239008264136,9.636131083715288,-22.74995513098318
4.889054563126977,-7.449930955471583,4.316275557977315,-50.5630260434291,-9.15614216714196,-16.03332324428729,-101.11112348564522,-44.45107470027702,-8.939078291714267,-92.12604136383108,-91.59493305660399,-9.744749590741803,-19.81555349045517,5.999376990005822,-11.243873159373814,-32.80012492632394,-36.33162722640581,-25.883851554280227
0.0,0.0,-2.32142502525142,58.55852448689869,6.912989606777762,9.260634477766995,85.86436653670793,16.5499838166192,4.435883554575554,-32.75302891591456,-9.582154207277908,4.911154733639271,-36.74619983980321,-21.889460599852203,-10.007891902083207,-71.7600181890273,-25.9229190630148,-41.586625411514845
19.015346311647505,15.509699939561317,7.523729194158007,214.30848137614134,15.336629619707702,8.181392751384013,137.2140718103672,24.2268993615197,0.0,81.8683901292623,74.69212012454489,1.9451123324244561,-22.36194371445874,-17.010264712103705,-16.404227085601697,5.459213205300949,-17.049752183823372,-5.075413547515495
-4.912321262891631,-11.673290936470362,1.1213148045023924,84.60917156153121,10.869996778366657,-3.4947572072565403,-132.4321713462067,-38.223109104448675,0.0,14.370671282450306,6.267664770112636,15.36412899994457,-39.21402008747811,-7.430070771037628,10.545914621222508,-111.34625307832167,-11.3775545455658,-4.571670117968864
-10.450033395818163,-4.258835306851065,-1.914863018928441,-20.04742311448188,0.0,8.345044243080544,-36.66030632288356,0.0,6.366784321153498,-126.92768311812482,-163.67630466706765,-8.825520810688825,-15.11557302102787,25.20958866488402,15.6339744755622,-6.507991851178217,-37.86489773864495,-5.526456189489409
26.7174018334737,-6.277446119936419,-6.7910334095256095,-34.21385412515787,-11.15810353451084,-26.066019084963635,174.46264776866443,29.82990666922851,10.052803298933926,-145.2312279416655,-22.605779616660268,4.037080283329963,1.9318625404240368,-3.1015174841000017,-5.893605221286623,71.12581544159906,50.28859919326657,16.061253333488565
4.963719360096822,1.4312164834620795,7.1489554232309285,-52.34785506167973,-10.927982415763204,-5.57612411008593,26.291974843078297,-1.061633349485614,-2.001154767820655,143.03512556069865,41.126386707106704,13.04170684307921,39.33729195571377,-5.480987032145042,-6.342364623123278,89.4906601212118,37.79729673125032,28.973298538744018
3.0945413721200956,-1.635249648546697,-2.3220996486121814,111.08738617900467,13.200365223937448,7.092804937038466,-119.22163362834225,-25.62574630805971,2.531463660393606,4.8931974712186035,36.777793256602656,11.48172721759198,4.491479081896788,-21.57790096011351,6.992359318944243,13.607383785065162,0.0,-13.545235127292315
-3.694983599796191,-1.357564770327859,3.228563604842651,-88.15063175052991,-8.275568940552324,3.494261379340543,-57.04151989001692,-14.142556585736815,0.46330473690173024,18.693200710481328,34.30251286223092,9.05651893893379,17.5639535731748,5.3985659964149635,-14.206401848305942,-31.040747243725296,-35.283744820678265,-14.86371262366103
2.2313622432895848,-10.605779539085663,-4.387402293752729,-122.057185479389,-12.052665607172361,-10.346268102329402,166.2023490299848,13.755873026668805,14.597148922488362,96.42666155953347,10.916729401829567,1.0591924578128749,15.840103880624698,1.8657425311093851,5.263804031905828,61.94466817620914,49.7617347354026,49.62809663869814
0.0,-9.21933433746085,2.191260161699113,90.08277198356252,7.478888026066145,5.740462030717936,175.3311502514215,19.90648593623744,-4.49576486719894,18.26158563694346,-25.329043948044525,-22.673115993919065,-4.110896384688791,-7.74451462876653,-24.81939621756959,74.9508964586849,34.33339041421066,-20.552741808235567
21.431322997907515,-7.401187521078695,0.0,-75.68840752316703,-5.116000347646062,-27.189998110945638,234.38796660353964,50.78699829017192,-10.299611814853625,-245.06464812938748,-78.10166836758286,23.213595551808133,-17.63177912711824,17.754152135209445,3.181307671692906,21.814667417135954,26.539992818739403,21.76958121156555
-13.109112036667947,12.49334792068711,-1.913465744969272,18.16619145185146,-11.014708460577479,-0.3879024070019847,-251.43560224744596,-22.403067313681625,-13.228191725944406,55.091109089727745,19.922279735646338,1.7803532307760541,-25.805452124159824,-3.8268368147131344,12.159054007343375,-210.0026937919867,-23.378047374643238,14.39692062501905
10.29940633325676,-9.880236760366508,0.0,-7.2163653204224065,-5.306010817183294,-8.902597984489317,-73.1977820841776,-31.61759764066622,-7.967736390092718,-78.94704527613685,-116.01812024812682,-2.1939151565200303,-29.061004151893442,31.331066475812108,7.287303494184574,-64.66132721107364,-9.176312243202903,-29.09931800760421
11.581448292646117,-3.4493655728257053,2.5292582089517204,113.13754575405946,6.804029308037119,3.0199618155504986,54.31427261148043,-4.450508072925126,0.3745049146343877,75.5504846650838,31.497849767304146,9.641600239740322,-48.336557773331315,-5.8006909830600595,-16.00139685512539,-59.71571500467363,17.65718971119085,0.7212467806569975
0.8888339935946122,-6.227697944870986,1.2533111764432048,110.44590821635632,20.649277004788793,30.386522921932038,-79.49593717038806,-18.295720083727325,7.137757913270572,0.4918788396986469,24.29410838798558,-0.5226148602894299,31.8868854590051,-17.884976320622044,-19.58876550792501,29.428502015964785,12.190125586446381,17.28341857187708
-11.3953844015501,7.389241148998602,7.586060080591225,-115.36800011549647,-16.49324445997681,-19.61781906957076,-177.43761728964583,-21.92281609248314,-6.995010863885485,-41.67068238975138,-31.19015175726908,-9.25097833194261,-18.062078619425098,0.0,-8.904453255451683,-77.91148281360397,-32.0291811620316,-21.108994860046778
29.219190019604653,6.310937758060664,3.370204912359959,-41.989568439321324,-13.424609011802659,-16.929462958670808,340.92869142181013,20.955707471448623,18.25126430483115,-1.4390675404358784,-28.80903568141521,15.122452014554124,-36.05912673218471,1.263622102488916,16.153370122012486,62.707892604771104,48.02337280407413,23.619868320462388
-17.02603659560752,8.601351304560756,2.4930311553539015,167.27998984920563,19.466954518007725,-8.059425239732747,-94.35706800318498,-44.11212298254896,11.24986455241581,66.2173367102971,96.95640039360173,7.860130578335866,25.38747821728073,-2.4833712977854105,22.781957384745755,-17.606484117531473,-27.230356253172786,36.60212020129336
8.054195995106506,0.0,7.841302138782768,-20.7499427067972,-4.36157890792382,17.632735222230195,-39.69621419752126,-3.369118310257585,-1.6085774567514377,-97.81272239143273,20.925315632393822,-12.248160183633509,11.707400187825085,-2.256042844138726,-2.092842123935934,38.04556311305524,-21.508740008197798,-4.545794936011873
19.437505337761714,-2.3691107028859775,-6.70131600181092,-16.419416387729456,7.019474972876835,10.214115006491026,52.14340187995381,5.306564363599225,0.0,-97.12641110150237,-178.75736948257648,-19.71561636846298,-31.315798152225636,13.228709740413205,40.09658675492489,-54.934409180881644,7.467036106895366,24.057688523114734
-27.192657526099755,9.576302022875042,-17.794720675850748,29.213687173225086,1.2072970329918318,12.04805043084753,-372.5622665772712,-14.987439474959105,-14.355754401433712,91.70150192986695,34.302089299200496,9.197114720117417,26.64386400475863,0.0,-14.168849779914435,-107.52487234678657,-51.95094337632527,26.148483541766666
4.044114045544721,-12.789141139311804,0.9985333997198194,5.0483746792078135,0.8606091150535309,11.04885567130691,60.403187615558004,4.347571583174163,3.7839441916809236,-73.42194330082383,-79.19194286026318,-12.835950695835988,-24.90282043089516,8.195286243627105,16.196991505625174,-55.230251776548734,-15.358266634637625,18.619383767721786
-13.49917141780197,16.101866434054283,3.3027603853373986,-229.0664829833181,-24.713747076316803,-16.461986999975153,-134.36355956948827,-8.217214997303222,5.063218140349915,73.65177125785445,22.250820240903362,-3.3926059663951915,38.84308264874747,-8.020610800765503,8.023292511170958,55.70734005454936,36.86523066265507,25.616580965075656
13.907713103950373,3.672296084734299,4.848867365311332,142.19003434112668,-2.880127567877965,-4.606594107330491,31.580573679626543,6.9786492465891135,-1.2376644836776878,102.88916978974312,112.31984599974398,-12.292073639537358,77.6663459866055,-20.56273709605273,3.993516080503974,91.40231163438108,19.583971731938515,11.176975212427237
7.9038130491297975,-9.517112894180308,4.007073001781666,7.7558242559622474,4.2135614622289195,23.762605196776484,45.22965491911032,6.903115222877158,3.8504438521239095,-111.72716508600665,-29.713641437948002,0.0,-37.279641930137316,6.720904788774263,7.215749602555846,-8.675089571565177,12.067715411265413,-25.27869184362838
5.552994457254266,3.6932613661860962,6.223405561615356,-43.878121102256024,-4.689836709980016,14.3103979317784,-55.837310143952514,-27.025276209985204,-10.251981091498305,44.87405470185664,-37.45594966560816,-16.062347445904273,-27.414354785371685,6.2578739822397775,17.495574914538672,-50.590098238049734,-63.698361587237315,2.4970299022896256
8.8668031376994,-4.910941365555128,-7.050864985191969,-85.43946757086883,-17.24535371844639,-15.708013812622514,241.61813619055778,32.60639630697393,12.170638586482847,-274.402925868111,-83.49578440208994,-2.3011530393123416,-45.21926270253543,4.729859112698286,4.838950836821948,20.03054566011141,30.52055763150802,36.46494103832643
-2.945084069617947,0.0,-16.27077046272301,-97.23911295281125,-48.68275042082034,-49.42909269736887,10.692845861970826,0.0,4.434946362261162,-27.925956909646015,-86.26307863598183,-12.910556309749,-36.169488908967764,0.0,12.551685681633574,-51.95111205686327,-37.769594853175704,1.419193708768546
-33.68443597151583,-8.616885305955467,-7.712058859297801,119.76030253632265,14.225532183715835,5.6908295258477635,-212.63143623505712,-31.318036379880102,3.659440212455396,69.53047701311903,35.13595974080565,5.539555406134621,45.92849540459752,-42.2126448226199,-44.3175145275379,-29.729209917983745,-47.95947420851163,25.602187288431793
-16.99328841213019,9.237837736462398,10.48440999172942,0.0,-7.305733923501056,-7.669625512363424,-225.1983336471237,-19.073893451122128,-2.1231679611130376,63.85442796065137,19.181541017591385,1.8724322671782478,13.114524779236401,-18.703346551901554,-11.126587449091323,-199.50354988685277,-6.623146816390223,-0.026319247477886165
5.014373186142295,-7.164756788227619,-2.2495245002152573,-134.91218730803197,-24.26483334944506,-35.43387689561386,208.32427782520537,34.98641946315377,10.690413368024343,-236.87711974596454,-74.91875969240621,-6.108840103294314,-21.527846883702875,4.471059406932681,8.379525560513965,26.875051473506286,34.39959926940568,59.63174033123934
1.6177680610702632,4.135197706391912,-0.8750700329482364,178.31822596713246,16.89944975188532,13.324685533029507,269.56662408795046,43.74273043084439,20.12706899053929,-90.24688133623019,-15.76092793696776,11.456576196756638,-13.245829526177651,-4.822782112021358,-19.566872443162875,62.25114466846212,80.90285743846977,-24.17938182358057
19.955679932681058,4.428582646035504,-5.24775534896024,141.93651734509396,2.481166182723054,16.521880090705157,306.683820325805,44.423835305199525,19.14116084040268,36.91593855792093,30.185060769837307,17.91073973824687,14.914268926015064,-7.536131916016428,-9.083505148325388,133.93040319401942,64.5046879815899,-12.032953817748307
14.163615734780475,7.966759427113625,9.626067317287806,100.5902874593764,8.884661007013461,17.5764248416128,28.57811087291685,7.849233940632173,8.860491655704164,-8.570803288705003,1.3507356693248964,14.71534615126984,18.876787623569363,-17.542559058383343,-1.6565265954164605,78.63578737366484,38.993734749320325,30.715604581985417
-1.2562331326749558,-11.268604101396377,-13.942852501541088,11.110862769743552,8.02526984497389,30.6943516436365,176.08129691515663,11.301574386723104,12.760333532582566,-171.7600154225079,-159.1361933122746,6.063082524976794,-23.63299024173356,-6.5466472169518095,5.923297510508616,7.409511546569611,-48.91101120091775,-19.881557798740516
-5.979950396519387,-9.2282894843006,5.932894638159308,54.04497606957368,-1.2926861520975805,2.3121749195532186,258.32050121476453,39.03795255193729,9.47868150664862,-79.11646640784795,-81.96907767842698,-5.917270659384138,-73.66679042292273,-4.6429019916746554,52.88869649749875,-85.75129184164129,-17.565127512251085,20.101212483866448
-6.902319344163472,-0.8032125554509425,10.362090071506557,120.50854186838741,-3.8835483697883473,-22.647756051823617,-176.52329069702293,-41.961667711735984,-9.74513978240703,-18.497825067682722,18.730585292066824,7.187277842489335,0.0,13.026376921907886,-2.559253279366243,-103.79706699891422,-86.66526712730278,-124.05519905522084
7.401595348085013,0.0,-2.137328798791656,56.84298542494184,-5.2547742053233515,10.601440774479606,-111.3640982995619,-33.801107264750996,-2.434033006596222,-70.39713545253908,-119.00335905952707,5.422503998590272,-37.541355804900064,10.379726007875906,4.609795512596338,-49.599224736693934,-21.90498677405159,-11.919939175412765
23.763168331665856,5.830428038238137,0.0,-325.9931931722608,-15.558852736258714,50.575046682775536,114.18722507821865,7.992522836094016,29.683539718763384,160.67003292402842,23.428369483976198,16.364447864608703,-18.307587803096975,3.7372969128478677,17.428388425544334,10.339741858308326,37.53876272985737,68.3187828925879
2.968809620751203,9.933641288511138,5.207301405528705,10.207414355676052,-14.245712141095748,-4.635931104496045,-31.96333815003931,-8.27942061733074,-2.4108319299597207,-103.85898242010215,-114.37909836911535,-10.100345600829355,-23.122671313628047,12.189366865540258,12.14645927729411,-8.42181313388164,-46.84893055676161,1.3789760933623825
-24.23734520348875,-1.5152114086768182,12.282821383861133,-34.09281943026332,-7.809900259445773,2.2961142153449616,-136.56223166861867,-15.117097130240122,-5.256057505902846,28.401359261629757,59.09026305929595,10.548512291865482,31.997996411676613,-14.321487701015654,-1.6177419821822987,-27.574229793093796,-22.25071820492624,22.964361666277227
-2.897404384348077,13.083545692765076,11.853665558089041,69.40629670202712,-6.426768822931983,15.025954657574353,-92.34178099180177,-25.693463592566356,4.273921101409062,62.740945821435574,92.578808522526,11.373304259329895,4.695846304583376,17.127052703649,25.242200813202782,-39.20311207587748,14.014306828595304,13.836608610925055
-16.31641543297004,13.32385166216418,-6.486788659513439,122.02232830700444,22.88792514718643,-6.060703050647726,-184.69025950599882,-27.364183823123472,-4.568792821860771,52.414447926436566,47.2907748347874,9.022333796539343,29.488494627138127,-5.0348875454429445,-3.042499105905015,-48.344238655854674,-17.489503072707958,34.25950391158166
9.135263566130138,-1.8254689477590276,1.75251977578577,-59.47993371453052,1.3312051594112897,2.8527517399608486,78.78282237825448,19.625874387696783,1.8345455351630409,-11.723122017885489,-17.468463527554356,9.938817053004673,24.830745439573313,-7.844072733112762,0.0,96.27556321189695,58.71193762619797,8.20207670477319
0.3451702438619416,5.975028930338634,-6.739202286479534,-101.04390375670461,-10.28189702646805,-30.75088759991211,3.539554212738666,-0.4737476565321884,11.76946354579284,5.3817967485780605,21.145440147458398,7.067961108037751,21.312752167102996,-20.02980371659694,-4.994612672642249,84.48943339415231,24.823279112419964,8.84874637427004
-4.259660231759134,0.19049595069485592,8.003217067796621,-3.900986920847185,-5.895728433116199,-8.857329529585867,-149.06533293313268,-31.997127437379596,-5.91992633441084,-21.49222356548694,-76.84469295731444,-7.438653684889518,-10.5958939699288,0.5502916035643376,10.253106156223165,-47.999398320534056,-47.166930983970566,-4.800003994132965
3.259238312832165,-2.7020741538779895,2.2807218509544267,79.78851524193563,16.326379906216562,4.778855001416301,74.29687627990481,9.587099999368832,7.623456608466614,38.7599839576847,19.897540166467767,-14.739791924535028,28.16791309596554,-19.367986367667022,-11.646160267482296,47.14959678947285,29.640106425899006,10.158160657035182
-9.611502904399764,2.6467090772155784,0.0,108.53965644004764,22.991146649848215,3.402869244368045,-67.82431061189106,-4.250483077267452,0.0,62.51033313898912,61.26145811049878,0.0,24.595682455298864,-27.563043698920666,-26.45614960832633,65.15822254592491,8.219119620177324,-31.772183530118753
-7.6646129311365305,18.20037689052622,-2.7436671594077273,14.361898697624138,-7.246349148144318,0.0,-225.54837242954008,-39.738382904680975,-15.928193565574729,-139.76007941884686,-77.83900288134579,-6.090364397603268,24.632559990802676,-13.211798626800933,-15.57031411405227,-65.59545250593843,-43.29868349106122,-5.012291257381776
1.1866001903993753,0.0,1.5637235706068615,162.29344231127445,19.3569739344349,10.436200939265198,-68.07092848902911,-20.692849773728792,0.34618123448950805,34.57100867740819,40.277081096329226,10.404502374293996,12.6523791420625,-13.140043077409523,-33.45039920010868,66.5490224803355,12.484525765385266,-1.699323049116714
15.318740644468317,5.972544474845937,2.285740616083706,28.381523434628097,-15.652756867566907,-17.100768078365583,197.83811777866399,9.8731307865067,-11.589693096382753,59.26663535618658,38.21686034207997,-35.282978463127826,26.465681971515302,-14.992320498006643,-15.317203003854797,81.70025773406952,34.94280657700359,-18.662357869475215
12.475689019633009,-1.307764334810883,5.75952115666258,194.86308972398353,24.009270061867852,11.806279449113578,-43.73052725610986,-17.453934417577006,8.53324700242452,57.76132304520945,37.284789776260936,5.882119934648112,-8.283347833864427,-15.614617612767029,-4.066431197095548,65.2537588580224,15.46583934582199,7.061987029781562
-13.931134586533899,14.883748773282916,3.3546422284973008,60.12198290728172,7.796977736064005,16.83337729549844,-195.5678802723723,-43.23610198815725,-5.36690530932403,4.839923644309926,-17.60448460339501,1.0555744694446452,-26.26280062476204,6.386198206432585,14.62379816734035,-163.04434119868054,-27.396675041425752,19.38788185973283
31.47693247189937,6.32164203336969,1.5481910308059534,95.97168319578255,3.4985183652386436,-2.060637805742509,425.88675550300457,57.315422434494366,9.862663102791577,34.80658497251437,38.58830479032737,16.21693198883224,21.224128259966605,4.228919260821895,-10.770039450024845,177.17798104244505,85.0828038401317,-62.77596907635245
0.0,-4.465015608007222,5.83838151493277,-51.18707351355605,-5.898865437536352,15.586073683966733,9.521886224304453,3.318200126211261,-3.809102483417906,27.507321969633875,15.989027370124086,-0.4854746848286719,32.43215896715205,-12.199838338973882,-11.763736786752034,72.67322838787402,2.211439351972881,15.521155132965177
-2.051319517042458,-14.290327713002878,-5.863431866826904,25.49041536522795,8.654111457975121,8.130505195197003,304.98107665881446,29.38562156522646,-12.502186499308467,-170.4907057712013,-35.228254431274216,3.506905555765851,-46.84955071590036,28.592958980388108,26.430728592404844,7.5993991344307,47.112920162960684,8.866646340707376
-15.683923682105137,9.309128537581953,0.0,133.9369375348951,0.0,11.792415644511754,-230.29605826516448,-31.844780030964277,-9.220152669217704,67.56995226443875,48.28354053714733,-9.16710933738514,40.583204641921,-10.369996362858556,-15.354850780141689,-93.89567586747623,-28.92901183203021,20.22141157490725
4.971089841931095,2.8108750418046475,3.1094394097386484,-311.9285772417233,-28.37358716813516,15.365790029980278,104.96964210451478,2.1898194498065924,15.607624933677746,133.83874736695338,49.04714150105431,2.6867576733369147,-32.36939688359528,-0.16376738252368414,-8.858480516125242,0.5403091513677419,36.52446189385669,42.35769761405772
3.957831947838462,-3.7491309925723524,5.509524944809011,-21.02517304434083,-7.960906171812626,-6.200697038191885,-51.48888598144453,0.0,-4.135977587226561,-64.8872783261574,-0.4852451419872977,-3.103616842158065,10.393570252852301,-11.29600219144762,-3.5049631976732507,29.069089684802755,-6.975684851961873,-1.6466923528250277
5.258566226042621,4.954256681872426,1.7837364819415331,98.53910715341186,-2.919179216071246,-9.091928300662296,-20.458558614430267,0.6955385417316998,0.8429704918365251,71.05253433720765,83.18248686487988,-12.510405627306069,31.551354754888163,-20.61521332144531,-21.557481025708434,-26.618811739898646,31.613254505877947,3.1650010727823314
-6.59982102373459,10.696562196783386,1.2673445224994628,-110.30982006569361,-11.97421515942005,11.96561901951284,-93.45846656805726,-18.183402227318144,-2.603768851780502,101.03850115451878,86.12070675924333,2.524479851521694,-5.451427917953196,11.006684687211274,15.878403730703043,-56.84263383692654,17.19796189362591,-7.181415959231806
-5.390551493974281,-2.646262764105055,1.7246715758717925,-3.8041627042664206,-8.101286147208219,-15.211329096786502,59.527626868075245,3.405925778839345,11.982195935869665,69.05348108833692,41.89692558794471,9.76290974016081,-30.99737587737189,32.27189582162739,19.320014070027632,-67.12302929179774,-38.85191890132626,-11.778770257673216
89.49995405277602,17.892753280601323,0.0,50.60649845962806,-12.174500114127675,-15.896371057509539,340.457526775008,54.340469087547625,33.591190440266296,42.486407080900406,17.4492480032902,25.011340831510417,-42.595588808891044,18.73721978226863,19.83386687914938,75.57834799550163,40.78144675409464,-28.065238184857208
-21.051992289966435,3.709275833073383,-1.9988123283262693,52.03572440063903,0.0,-1.109497322198904,-98.08088805168627,-29.03986088141455,-2.859675358307329,66.03426343306123,58.13392113102585,-8.11299456518506,-23.434452958935168,-7.361030027832032,2.3529818205323183,-124.10958505787335,-14.777958889034899,-15.57707925251924
0.0,0.0,5.105505315261393,37.20632741506788,-6.857219669170424,-11.014297747042882,243.54025301005925,-6.016278387029873,5.476086275139016,39.79788874478552,10.844902591763578,9.688590584772994,1.6248349459070892,-9.161170806189705,-15.076179899532557,82.40583965266163,30.271116760700693,-27.425235042029385
14.360584366296965,-3.1450311465420118,-17.904318121112695,-43.243838513358625,-8.427371762949138,-4.103283737471361,272.2314901795248,17.64568609505216,-1.0201916053728513,-134.61251612394878,-28.76723484078694,5.975986788001038,-16.238191571872736,-2.2473115886558164,13.558225734882324,92.28483182554427,21.089681728529506,8.59449503203254
15.542320688090793,0.2568056918739063,6.802119905550152,122.61197371852307,31.868996176394354,35.567258997030365,144.62591110303205,32.624345539658286,11.860663326607286,115.52328100152478,65.93195838497677,-2.9415564370177227,50.78984433326929,2.4616911918034696,-11.149044288899072,101.86183857124095,53.06342714707752,27.544162719099745
5.295075544162113,-2.412989602788599,4.932602517142183,34.847662740657746,-12.010854375557072,-5.548536417018456,-16.562990052743125,-1.9088054255115454,-0.39112042346336046,-22.25456060142105,-21.998540641124748,5.054962362974935,29.167820625084207,-16.34676839815343,-4.411567532007129,82.9114633283438,3.4191273480930238,-3.6448422312758737
-7.908795921884183,-1.24755473560861,-3.721783239184682,-8.205008323854914,-18.650947570200167,0.0,53.10448258173511,10.559618388248923,9.923825296649232,-14.200190133849459,-16.706245579046314,7.673756420504504,-34.31840978658293,-3.094002868167308,4.368033121760706,-6.34704454837371,-11.831685152323788,-40.25584667309228
-2.9119510523360947,-7.604119451822323,-6.224454439025668,-34.40416456037938,-2.151529647712434,-23.562678234130466,64.10444243274353,18.20691208756026,4.630299164981309,-100.7834836934588,-80.97978431069372,-11.773577869153673,-47.40508451392866,4.748696557362709,26.694361591431797,-60.68935920398816,-20.506183968644905,6.029174696482244
19.82952738666092,-9.998656557883018,1.363885940175701,-29.45980790896836,8.115496212633253,26.35772579697018,221.62257259885308,65.1698088219944,17.793261191546183,-236.702115359927,-46.39131110392301,5.061227801681356,-54.16690139100229,15.08598066843099,26.945563830882243,18.96059825144196,25.469981680586457,48.47490199477774
-16.723544537408586,-6.497357073317549,-1.7932780656517306,29.83935081403657,0.0,3.951280626584551,204.4790577615906,12.624019249821579,-13.859563868715764,-155.31371131472645,-177.0409785928585,-6.417638271374862,-62.0543356717304,-3.893920739031614,17.778231336892773,-54.717676505742155,-76.65008958348075,-9.466379453424679
4.707167822788374,0.6601105233919743,1.695985758963539,74.58490569925821,10.472536794352724,10.546781362606435,-79.01452023619231,-40.60177884947445,-7.4252626757060005,-12.747447604528311,-69.20358914859877,-1.4377488672950558,21.16019309195733,-7.932369498168446,-23.52494924100329,79.81524410536352,53.754617452739545,9.949498518007637
-8.938906250024022,14.124220975046274,0.9147253656060392,-29.500828356270937,-9.229619978956634,10.463103604550907,-194.82937296963397,-2.1965237188840065,-4.340170974564478,88.82640907526957,5.28007359186666,6.065161325864772,45.57454339416634,-9.90453266694554,-6.348263609915222,-53.474453855502155,-29.247777008903732,29.514921587992234
-24.334112377410335,9.694670598031617,6.955250106605061,-75.04343127272524,-3.421349230228074,-10.269085135454109,-267.20207570723625,-15.238128707610882,-2.111011375693981,55.278791329939565,33.278573394956126,2.9881420583949976,-12.250976810730036,20.92609859666193,13.141091201046503,-128.06665725011393,-51.60159307798653,-81.49269562104394
-0.65818589666913,-1.0136792510469599,5.179299274298013,-119.97611512402118,-28.314075180116465,0.6193657023600624,-1.8770014447471073,-2.7535933521193408,-2.2025997427946646,62.88838400836742,67.6132157595832,0.43900524998343143,-15.837160999782755,-24.64593172749594,-14.682210100147614,-44.31427558401968,-42.0658297266028,-24.982872775043518
-7.0286465591926675,0.7934124328006145,9.6578347831529,96.21450058914833,19.435171132862134,9.49683472310873,115.16314317991586,8.055632083527849,9.300003851942995,33.747682148875164,27.093774481661168,-8.321040445271656,5.642732566159644,-18.18954649337907,-25.58422977861201,48.99334263548631,-3.1570550325117757,0.47009836455958975
-18.928525081491117,1.4106987947284402,2.612681737681592,-43.128870042454494,-3.41303961480479,4.265935547392191,-146.8836291134617,-47.64275127404227,-0.9388172457605061,3.643163557728813,-15.956697382400185,-0.9600682262696046,-34.35645771555196,16.07282711539033,9.954009952821904,-117.30509846721985,-8.959030135559056,-2.8638169645614084
-1.164447126175701,-3.4262428630345214,3.360241587793061,86.14819889108212,3.032377420785758,5.35949112779935,-104.01645378810544,-22.331081424795077,10.606390176175577,9.167573832188554,30.962762611570934,3.1099062221839913,16.479078402471508,-11.548692853951666,-2.5837846802812225,52.246190888659235,3.672366476982555,-13.121437756226157
11.657128367258373,1.599452774357552,0.0,-15.074237122986624,5.471439578761777,13.569261047445043,294.39226789492074,32.18360767222503,16.427139267193894,272.6396725701673,109.38349050490768,23.88681744691295,12.968688993533823,9.93337359346932,0.3638730141810868,138.3723780585541,59.27925826341535,31.18703611907779
2.056827240132693,0.852234820746227,8.263322934615596,29.989684723110244,11.738278251281724,19.69555304531738,-154.6266074911361,-41.2138687468143,-6.073208210469699,-58.68527402189328,-65.80133158425082,7.9408871791052364,-21.597762930446574,9.868642068766956,-20.575335354405585,-125.49765468971255,-133.97780055028213,-88.17552158106764
-3.472067281968385,19.93277868895171,9.65532171422547,-42.71587913048912,-9.368834006051566,14.191646271547949,-163.94448881552213,-6.091398261103157,-5.995944229133001,95.65340457352995,39.73443386010385,-3.5688907125039004,38.93173657382562,-11.978428640220287,8.592156369706812,-27.431419680409572,-38.80013006582312,16.6485289145526
14.189001886807988,-9.916516528440043,1.744265205869083,-35.64828667181404,8.180472269284365,35.55409778188443,29.601327295187936,8.027927702032223,-7.404902067457464,-96.34098067954474,-41.12688455687082,-6.839068657959053,10.926502477432738,-8.025381969825434,1.2191030104476968,35.35147170734618,25.544052211449557,61.910034955611806
-35.76869628620809,7.190440708821856,-6.2184882958279974,-163.84270779003248,-26.046125808347842,-1.7696821684696997,-192.29909066996237,-21.990358921652813,-1.8293833218571325,80.09496748649667,13.422747216633745,-4.940752428677334,5.619715653932888,-19.37788152067463,-3.570357001100182,10.598661705893068,7.175289094867726,-24.697186013926228
-17.515729924627088,13.380380609193777,3.6036834487911626,53.47097832231233,0.0,9.08047148799275,-164.55005706185406,-27.681937507557144,-9.419107836329419,18.00230077944527,-87.48607591111143,-3.1155805052228027,17.545531526117134,-18.419573185899736,-3.534481949517723,-48.85053053325881,-84.56161703274951,2.5001869408112043
0.0,-8.172620095518539,0.0,43.52240698775352,15.855779273762233,33.083974509104976,191.19068012986588,23.370785923473047,10.302110241158784,-130.18954696768705,-92.83503208245907,-1.4042357220946136,-49.42229835492623,10.587264363734459,8.344819271053083,-28.06403042829954,-66.78755288263561,-10.34777371859402
0.4078029233892675,-2.7820080941712617,1.4596840536771556,-4.986349406460399,-9.546065217178873,-2.217202772624903,13.942654088117699,14.246411111533355,0.45480681497312225,-101.4470019155972,-26.324480664047943,0.8144148984599885,8.764561545333814,-9.882962265289029,-11.100123530272702,56.54964920432124,32.28920244296553,12.650945313770492
-23.266940650733762,6.766901633979231,1.4463955120638223,-34.36516066595629,-14.941856575298594,11.297708581990625,-167.4641137766751,-26.035424416118797,6.544135028070012,-54.305556997908,-68.9782399951965,8.565995713252022,-1.7922004407271799,11.025266865303323,2.757502655190574,-54.74547456187081,-53.42742660870296,-8.423127578507149
-0.033107814024369187,4.098586657964085,5.280354755398011,54.07010676001621,17.740873209861174,10.974076470272987,5.191758864393613,-11.317839697816941,-3.853002150888894,-104.85041287027578,-36.13261100720746,1.699775545917752,-57.85548167062639,15.671909877190794,9.586084506805049,-82.76750772996407,-20.928465253411446,0.0
-8.737537338804765,-2.670440241924975,-4.482086255390462,-201.37900620260226,-18.657991831538556,-10.447018804334967,-162.77250638512075,-13.450805261751308,-2.754991665846605,17.515874141336692,20.986948884616847,0.6109935064264527,11.28216078140137,5.23897357363771,4.862492311766997,-52.01985221330579,-22.019955697157037,-3.777732458965147
9.112705169237923,1.5662460113147108,1.1327022765364911,102.5857417512526,21.476051454408125,6.693158018847355,50.71095534980381,27.419536277678052,1.4731601690033307,-109.69294760221484,-2.1792007065478223,2.949124842620359,4.251105049456222,-20.483688227464018,-13.45063291387637,24.67844236016967,25.397850278297508,11.973411863701443
3.5151990763740093,-14.815283131721177,0.0,-43.30958187231651,-10.550937152440056,-23.74748287709483,148.3771119294265,33.72558520600315,5.13502276214145,-207.18255751993718,-44.424793657825866,-7.414514796948686,-15.971392556901916,23.426674566556557,13.768566935927604,23.451740247650005,15.764403966418465,-6.368130334954927
130.42615898614181,21.938715981661684,14.41650624769907,53.889759136596744,13.998363640945113,0.0,411.41742340570556,78.61426293067201,36.30231656054124,79.12298772739837,63.855820288093405,18.127535017207464,-35.64248099295915,56.34199204774762,50.523984327437155,95.05850958154933,85.40527629690361,46.490090778001786
-3.350322937180977,-4.720027379712667,3.6446452450063185,-100.89957695184205,-26.63670365021025,-18.895178849025655,-57.50136457988095,-10.378193027505525,-2.8873361590576745,46.46142434435766,26.093916348525756,10.994544139393877,31.085050929798285,-9.6051239855113,-3.7813551508239027,31.561460312514594,-11.87855924052764,-22.8492070479774
5.414719361322552,3.519383810840786,-1.9134500497148332,49.94957866878342,5.801312091578115,10.160410617782965,-79.29234282319996,-28.464860158751698,-0.31801118238709886,-31.165250086057576,-35.46251009699793,0.3818846334677269,22.462836746111893,-18.226978506572117,-28.87253566876466,89.16196395818413,36.825903459007755,-2.669819370233121
0.0,8.858320482683379,-6.037162753493028,159.37016303420984,-13.776604133703392,18.648930594637672,-72.99097369791114,-31.372205717277126,-15.216351541563197,113.39751230885578,76.67032854727495,4.7026627142681825,9.510067947415688,-12.092882930502528,-9.64601990211984,-110.75294487411085,-83.87180706416194,0.7601773224163253
4.013051011879153,-2.9561435562614244,3.3668809097614423,111.84596688324584,26.623978771656738,-15.844448284978542,12.535071742535568,-8.57129323101748,1.404021152362523,59.94424297471692,28.566843757572784,0.08154858296362809,-2.2406397473890802,3.013208663488165,-41.64996258750908,55.4200322633076,16.92046258868159,-5.654804861867831
10.738110427382725,-2.5790058462266763,2.700171913564192,-30.207230637706317,-3.0337053443688444,27.210071806016554,33.282645947565555,13.290730337139019,0.0,-74.10706425876916,-35.8629009171743,0.3293558424021293,22.6037674877849,-0.7848376144162355,-6.556109974320954,79.4718175007594,43.34460138483842,11.68382666674782
-5.1754124097538545,2.701821106659571,6.63710816592516,-87.43185399860593,-10.837452616776668,-1.762536218261279,-40.067921704665565,-12.676650256418295,-1.8022572187519306,127.14569146987141,26.608537053634336,10.480313788944185,37.20762757340716,-4.3219714205685325,14.206088784719244,50.84963609720119,38.11366009604197,17.5675059441364
-7.2612597524597895,7.741364092438193,10.045205954779082,51.01506909980084,8.380754278283277,24.611661155804395,-132.55545265047337,-28.882204247104248,6.988094993574061,68.52981345955034,22.179798039325895,0.0,52.88702310897409,-44.11565840653694,-22.736287054462835,82.19501782988092,1.67282760403341,-30.06105704798388
12.757899252416667,-3.4026141816501916,-2.6457654823110413,92.27821217824447,1.9087439041319172,-11.798087223903806,212.77923955103637,11.348161042581193,10.972865619566186,46.082971346714395,17.865853140317185,-2.6814615997292663,0.06756023369309855,-5.518472161270408,-26.629348988768058,64.36780324838955,18.887389057424624,-12.267543881982135
8.274379876519706,-11.503080901344813,0.9221617042587753,-215.056019040785,-17.38791479473449,12.387089093290527,227.8657265954535,-3.346673526034173,21.975694354568912,71.2407765639039,27.875619939348127,11.164046396659682,29.708292978178555,-8.910271378857955,15.13260790270859,81.63074075358645,36.15356498622916,42.051788772887335
10.216340389065405,-7.527495059607109,3.555247312208056,234.09701267592575,17.49617040475667,0.8057501206321168,249.18971281120963,24.511691853929086,1.2638045890201348,63.4259992505215,48.03201736566531,8.259907117947126,18.862945073679086,-3.4711258209526803,11.269638581592895,103.62662875584067,31.90898038064207,22.25930369135756
16.85222218707077,-11.58448810143011,11.321820497720253,-12.614883787323846,6.610956004885977,-11.955637573503916,155.53133104723483,21.10546548993441,6.616169883165121,-233.4710877957636,-69.21567160778727,2.4665458293935916,-65.77279142977802,4.191693486287076,0.0,-3.363261996486672,16.747152669552484,-43.50901706443403
24.585925346833736,6.591253474490929,-1.4620539300793935,61.90263740243808,-19.279086920449668,-15.899183269985182,347.64820828333654,75.32303713097897,17.773772644162324,-49.78154957704322,-52.7998812842571,18.894104228424283,-32.10790286156952,4.934054994091913,18.74590388590364,80.42100786189283,59.87304644513737,29.400621589664297
-11.180077248430372,-3.6968093210272124,-7.677102420567358,128.785700493326,18.79369487698246,0.0,-272.1512133493274,-27.805323716789847,-9.76532165726714,18.53634337520256,42.1975206602342,-5.857271778075534,-20.677695028555984,10.757420256488262,7.865540174935033,-192.12650180656303,-87.86430778754666,-28.695982003594395
2.245345842300204,13.306587455419207,11.106191315584251,68.56005481873761,23.573944849880146,19.245007831211765,-132.49074945990424,-51.268715285059926,-5.97543315421275,-11.651833335977248,-7.235104742482623,7.244700850220044,39.97725139596003,-48.3166268608548,-29.912851885654174,75.20723310088583,25.371067523975093,7.844931734148325
-23.554658697441774,15.177193462174866,5.053432354773889,35.10229241146799,33.54432214784949,12.335225227713863,-233.50915358811108,-56.38424173843611,-9.72048101492882,-6.818333988996509,-58.958154817094304,0.0,9.499239930900552,-26.348341441479644,-25.887378920911424,-149.91093784306324,-27.86900331178191,0.0
-3.4744532964909056,-16.461210221490006,-8.279793590944536,-80.38735851650817,-12.005364140624991,-8.289116410844029,10.288970277750359,3.1568609117956843,3.6667077897033975,-112.99756421388662,-185.21690391375208,-26.10875624776865,-37.37976243753268,5.643302823554501,20.87467151119615,-60.78405724582244,-5.383550002360091,6.547340495791275
19.028478674691318,2.35513181859602,7.746790581817843,23.321650167953024,-13.154655734465466,-7.531844232299801,199.11269333945128,13.355813122148993,16.623780421661454,79.57315388288272,32.38282501394405,13.243180740576491,11.493484764972212,-2.6000873179828434,-11.318407219167508,62.4447522797096,14.045456803433385,15.925585920350784
-11.321101635187848,20.076041137528968,6.554058740982273,-35.73984727237134,-5.405963605483183,12.453492516810455,-176.62879067374783,-29.201744207408606,13.833264798510674,13.628995080957498,25.473724663689623,-3.252226707532328,49.23682037025884,-14.098536901660735,-17.364112861481104,56.53635156141738,-12.725134386141137,-12.419692613955377
1.697609220270901,7.057589498682587,5.8846469113111635,79.95483397407624,16.11968640077287,0.0,-142.00015437957398,-40.26135221837637,-11.25408697735909,-43.693281074375584,-91.92612341181413,-6.556668760523667,-23.047895676223764,0.0,-2.5816258829432144,-55.17592007087983,-49.12827466142867,-13.934827951854686
0.0,-6.8821841172402936,-6.818240759422479,84.10410967406547,29.449202985227345,22.471160218524112,171.98574834194528,32.84816711980742,15.269527298819364,-104.3785204016117,-11.959759907435757,8.432423936168764,-89.44529461139103,-4.270297569997743,5.279793992610448,10.929757961335907,1.200206599148607,-15.6927283460696
-8.166981221481109,6.140981382392281,4.328480608759091,73.53236676884525,21.961735200615575,12.483335273720092,-53.0730554266814,-17.61690584893353,4.392592405124178,55.91738025743935,35.70937711082616,4.287557279039313,25.73329091116003,-26.71678002067628,-27.928768690347017,64.55501196899522,-5.141109087055423,-16.645093391411223
15.588587543612316,2.6838750424458073,4.499817409535692,35.3334441471785,1.2418720832860013,-2.696245788996244,22.78718071101649,0.258122227480698,0.8772571893072628,126.60326116807913,93.48143196186672,5.960335765202915,46.65909751867838,-8.184031812166085,2.1128518583689635,7.907775355272416,18.355430911316905,6.699670723919837
16.805899383673612,-1.181198567141404,7.645306563273238,50.93338185725099,-8.7119435216358,14.613972871555287,293.57273013615827,17.411990110326087,17.040322805821177,181.5084840923567,66.66183370084586,9.517099480709039,37.84655639544884,-6.69064331299244,-11.871892821629748,109.16988965907791,47.70931856469169,-4.898602119192219
14.21668059209034,-8.058122453704385,3.4763449768234564,-110.73231089873643,-8.752301141148015,-10.005197437538616,186.09667285554823,13.595640504528719,7.703432286457605,94.05925636974418,-13.58983550132123,2.9801880844667608,23.902415229020487,-26.53681464476465,-1.7929562733377473,128.5848066067199,50.04645446686945,24.468558486716802
-23.238128612539704,20.07701313131292,-3.752882210155081,-39.05799300535767,-14.887881210889097,-3.8917262824696612,-95.70087277759545,-14.128665057824922,0.430643488521642,113.3163621738696,7.7283406750643495,0.0,34.53478393531438,-11.12138559842793,5.555271969489256,-38.512386838526425,-56.0650282337059,6.64379944374673
-53.70715987281602,-18.011991290542017,-20.325705250400926,-20.218830911119273,-0.9298645924000816,18.97527758627083,-312.56145460170615,-12.588675272821488,-20.61134384183885,15.639617378383337,6.210112530893083,-5.584072429454948,42.66099722850824,-29.202706079736554,-35.62353766242828,-110.74050420704933,-30.399772740842774,25.73756322939471
7.165406536584036,-10.274356182981293,-33.2974234046393,-353.0892178921433,-37.00016800393021,-65.95048918228474,243.2440406190505,4.2568060932084375,-5.341728689125925,8.331542285069741,-17.899984185443557,4.463122137460642,-43.262121340169855,-10.186154123036726,-17.23364010346132,64.69765115591177,2.050422427402034,-6.933708933673643
-8.70447409112176,-1.3513177253474402,6.9579707331838305,-67.35026044715924,-4.548036791602619,-13.147552932950152,-51.68965608589488,-13.488199194590223,6.5465453516929495,36.39196870454837,33.08448738730774,7.344115922890036,72.68895214510823,-29.99812050012691,-15.912721840713495,129.8267490070514,18.59078394992233,22.83676150816636
-12.164495961234996,19.984259980450723,8.828003622821774,82.01980861282055,1.3218717820934804,-0.6272226255980031,-84.95379784943468,-30.99336632810896,14.195615575423817,83.8914665126797,104.19793353699569,11.559465058067962,37.93154877743812,-17.114779944883452,4.125018170012038,41.93792205563743,-18.374933601573122,86.1416838659965
6.011935925533399,4.527089260121372,2.4197841535121554,9.26469898212529,0.3982092364278752,-7.5436476308506455,-147.83906812540783,-33.856317268150356,-5.4173074092327,-85.55027919976219,-76.43208290719403,-2.5626207736536575,-45.00059928244043,-7.256182487796748,4.429810120143452,-137.26347548389657,-93.95746297512767,-116.72463822430564
8.269143866890229,8.94854518002008,12.385648405991304,158.49520808897384,30.30663656985494,-3.766220133513142,-69.24009828082986,-6.457705444866607,-0.941091894375881,62.31074212224248,92.09867912533724,-5.231039884255523,43.59624261273824,-20.912143565241475,-9.412072719138312,16.44207918612653,2.8191833375098283,-6.123610066549531
-31.733633917617613,0.0,-3.3657302702390957,0.0,-9.92478080420135,7.179387459686621,-273.80467357532854,-20.207037542464864,-21.824794718041982,85.0790651157867,13.292489970971198,1.2226933152214778,51.974054489249426,-14.649455550044152,-28.169674343339743,-102.3458313328629,-73.83233253164012,-8.869684120748104
81.45790274175019,4.179732361472695,16.581648318487595,43.33369519944784,1.8437868774489552,-9.02975774972015,324.0670382342184,51.64927789555687,31.581985049873435,64.78702443525353,53.674538289704124,2.8024576761415627,-16.03060751744267,21.66671903537848,20.393487059975893,83.53124909837535,36.086854378224466,-12.172708351866959
4.093487077740076,8.82451775125899,-5.131200839953638,73.17984709545355,-4.569285919240857,-4.703674076654676,-23.250729664106075,-17.197088771898084,8.432538652462178,118.28392934615617,43.08612656780963,-10.372941375463235,19.96408057045856,-12.759556552242035,-4.106221063755255,40.62337069615726,30.801969719467234,-32.482277303244985
3.9079195322934597,-0.21473409033311522,9.656684425434925,-31.915756999003516,-4.804499461478715,-5.241469402603158,-60.77487706875246,-25.955462797967854,-2.5786240074298123,0.0,-45.273936165801395,-1.3475046582107624,-62.485582223743734,51.62350264753411,36.913498640347726,-146.80480816421655,-10.454509329323674,-3.0086736667446417
4.095684308479309,-9.125679429153548,10.549943014490406,-5.450513134715878,-9.020507109195119,-14.02776040052225,199.94347652037393,5.706560121833479,17.835640580190166,-156.18686992449054,-175.6739925619008,-4.840634046294971,-82.43381483672006,-4.716538760637229,16.074566728400573,-96.39101800649159,-48.98151065376992,-11.506775359056746
-20.183935394908158,2.416540738183393,10.199508269586262,-43.39429545357646,-12.00665525655292,0.0,-120.59767856107347,-27.484082348081557,-4.419543766624588,87.1690822332368,39.8411303886795,0.0,39.87184550694809,-0.7360863918501431,0.0,-24.916213796197344,-30.834738130597984,13.317670764113956
19.604472129219257,0.0,4.58616789753439,216.52090539294161,17.77451344733225,0.9611787271811773,330.17115311085223,12.681211874579905,1.9877171912711373,168.74542042720276,76.65372651114866,4.167211479673114,40.760086912559366,8.44067283646776,-13.825325646145195,177.6405236056596,125.37450442042092,27.814059273880275
1.323601683413251,-4.121403958183549,3.258764170354391,152.9069865913002,16.84379135150087,19.417766034730697,43.347241652130776,6.201810916304227,5.834537379908497,-7.499323300871946,15.754726948668562,4.995290596136141,3.108429767373366,0.0,-5.475620016211709,63.17274984654442,27.946197235683062,34.80821347985301
0.0,-1.309114436852342,2.818227782895544,-239.2208039903547,-17.469692105882647,4.817042284100279,71.2711405540191,2.0961026027426515,4.260308944689057,91.31226878043002,12.02933206448952,-12.276814884700642,6.077747028637543,0.0,17.97395913081087,36.41748186883857,33.938197865450405,55.9394409086815
17.80549923649583,6.407809710846904,8.86470496325865,109.11654102754848,24.174228393235616,9.083993363968696,110.10485000021758,14.289108962561432,8.76940280522126,-1.9657388541752188,56.12628816990227,4.937091088584257,-59.257702967299224,15.680068972416981,23.460790346233853,-36.02065491652487,-1.637875541245129,25.79218051212365
24.355310165978903,-9.265153018226721,-4.174062111251533,18.20622473907024,0.0,14.500084499332557,120.75156327275907,29.811960486801542,12.794591728677768,-198.97100541096904,-11.666105993740478,0.6810696289581974,3.0562770782435753,2.7740930574575557,-3.8878927421240084,38.368356534540034,31.179186413297455,31.783934731755664
0.0,0.0,1.7150798475688571,-258.08205822077934,8.557047848370914,48.5771818373174,247.05259611468813,15.866628393848599,9.849302199887916,189.54666900541386,107.04932828570277,23.16479271652226,-24.277412764873002,-7.898920531696859,11.611807990396242,59.018729865262266,42.09731572412977,66.7515620792118
-3.2547337456339855,-8.475591015098455,-2.025770226844068,-23.508034418187794,-8.547557640727671,-19.01373775832081,68.18671904917792,20.985778783616396,-7.511799824771993,13.681024441467109,20.379545379224364,-3.4046628505630743,-0.5786962072553989,-6.483229397836055,-9.229838848730383,74.04204810925988,0.9942643738215007,-5.461092455928394
-11.57034119905203,-10.090149294633076,-12.522970947956656,17.33082943719558,-11.185494093272437,-4.219667656410532,58.44564756779137,9.627565527691123,7.09615835074282,-48.932850906607236,-93.8873535549304,-5.10082187445794,-45.349534502082385,25.434394338583417,18.274715812285983,-44.77883868205781,-49.0220742632466,12.427620010468303
4.131777400060909,11.3688926605485,8.649592557777735,15.167259631748166,-2.674807205385936,15.646241218185251,-31.241794906360884,-10.516692858132508,4.589520280613949,-84.19809346588963,-123.61720367882239,5.495682049896102,2.961759894413994,24.152717919754185,24.008303143451666,-30.445759706385765,1.370470662924646,6.69587188679057
-15.860497388370042,18.277215917424225,4.257488408576002,-12.533274102236112,16.03076201614584,29.532178418683806,-187.9018689176723,-18.069538367359364,0.0,63.0927717488806,35.422691876598,-15.227446542078415,26.86113691976276,-11.81861032424773,-22.35562768296034,-94.6006464485195,-8.437899869569819,16.22539238464617
12.753558138917366,-1.738215001699462,2.6320309097067716,119.48886028533212,15.793489320077592,5.774739150141322,251.374696158348,32.9287153249924,16.43649262412447,-105.43462795973414,-45.1613027961515,7.633693648605104,-13.935167981195635,-3.3735417545145356,0.0,52.28854215357059,59.48125101043359,-31.14791283577557
-2.458417212658639,-10.838005062621068,-3.154929357134706,160.7077213239211,20.628722871443504,19.30042695610608,219.66813907621992,18.00135163867555,1.3555546252429098,24.349059542591533,32.48985767770642,7.287011477883193,18.689060612217034,-8.388555223048385,-39.54693817221172,129.0981355657953,34.75033901194261,-67.74009319836387
1.5201782786448166,-7.4314591781603685,0.0,-209.65597560816713,-33.28160191863489,0.0,102.57944799580525,10.043792601842505,3.9049296860501563,95.44831836848408,29.57126567823454,-3.935568702358012,0.5305594132746756,4.512974388106934,5.254039104575054,63.30639896208627,32.79104573837586,75.42171273729402
18.701548233162054,17.558908505027528,-10.276867401230701,-237.871640640347,-8.911274360198489,0.0,334.5622091447159,41.83578807905023,18.121732340643494,86.72133272173326,29.358446033568853,12.035152359162518,47.71991991033578,15.628474724092355,12.636199715707518,78.94854091348446,67.75078462074356,71.91397598912351
-4.435314049104509,-8.75480917705687,0.0,-101.50413036852797,-7.298895177174853,13.442335099638484,-68.21201558290959,-12.08568264800122,-0.35626326158882116,97.38284623991527,32.41614433248682,3.1020686849503356,4.725119534851474,-10.35470370687905,-2.4001469831218696,-3.9672263981151796,15.833052474510565,-11.932740715308753
4.806624184110605,0.0,4.646630873977581,118.6021154478594,-3.78512740639245,12.91501472836908,-5.28689957547537,-18.052247710210064,-4.619753067555876,131.84273106234818,57.27710351889439,10.430367414213984,36.7196392314771,-19.64192026190315,-19.60737428872082,-4.225847283213468,10.69352692323197,-13.141863320442042
11.590112362368792,0.0,7.650121711092441,68.94165566187722,-3.361802284957789,-0.31434245362825536,85.29720008389975,14.458065941630416,4.790240635692784,45.25304957281603,17.30987309248848,3.399795036159326,22.50400836980148,-25.998445877013047,-21.953826120342445,72.9145865919664,13.83798914479789,12.704493217238792
-1.826380728610636,-2.657416664116785,-12.44109030621368,-47.411910189703704,-10.243167597746853,-19.183129176628682,136.7095956874637,22.839453028129643,11.728713687089202,-111.06795350668467,-136.54180410606722,-24.227429737908913,-77.59441094280939,-9.032467302758498,14.268870627732703,-57.055054584171394,-37.92761004813095,-2.3441534819192498
-13.983608921026049,7.603061728390845,0.8717147968711095,77.78980993406459,5.826242735015276,3.5081096462955847,-274.3035340788271,-35.54714320356372,-4.163803660177827,-37.09120628376774,18.351136134639187,0.005410187365919054,-13.125434011495226,-2.4583984448203084,-6.544068326874865,-180.50204370481336,-42.28148610273413,13.173478423714187
14.215835011011476,-15.595465669435406,-11.771826843143355,-62.41649469523268,-9.478524266840067,-0.11222053321064458,162.4282436288302,11.358700121448637,4.11501959801453,-260.77430012015265,-110.6460534355234,-7.0909873651511965,-12.418755792369742,9.005286312669595,12.433730874455252,71.05596353988145,46.431926235807545,29.06498739222286
3.6680322925132756,-3.2156355353089627,0.0,-103.48322378311934,-10.60153277880679,-11.915361532407054,9.513670183921201,-5.241997746431168,4.564588205578117,62.86586661415294,37.33962715284086,0.14510173276041421,-8.41461967720585,9.07115759756251,12.525599256272557,-61.70632639362817,-8.56525829206176,16.87946527784561
1.752106744052653,-0.7920406057585375,9.201627158005227,-106.14985497742377,-10.743746195188836,-17.57049579170759,-22.97621413885071,-10.706184991138533,0.0,98.79808556967667,32.382708551848616,-11.27628134984496,33.98254189077201,-31.659388801858,-26.657446479683244,176.93622073799907,19.385304773257996,-2.6210109530356362
0.8108086839811492,7.265505552035158,1.205702272072139,85.77657187573222,0.0,9.232750342707929,-61.62310110279299,-7.267469290713985,6.104220790341515,-9.995046696445867,7.655614607795129,6.210885616309914,35.158988707379805,-28.945390880569928,-10.591171845497344,70.3192741407609,8.032267410854327,-5.778905772612106
13.669601038812974,-3.173025808911657,7.504323963265081,88.78604770920359,19.52024255853767,9.01266018786081,41.27782983592952,7.255150091464319,4.851059835057062,-17.475619329762957,15.029010464873288,6.48046959836759,21.530196739284857,-11.089167688026933,-17.339083775136576,62.81417007285928,20.833038783843737,25.047567087532684
27.939932877935156,3.6260592342606888,-1.6972795090462045,-133.76608407522173,-6.480478022649861,-15.701872743240413,299.52218075021995,3.8947460807141177,13.341468867119486,-35.52164919850114,-19.61742625774847,-6.54539969794757,-32.07104621724761,21.39024598316272,3.257565697422801,57.44378920973251,71.16988890227381,80.69003965667022
46.135837094072144,9.558699582499411,9.412878300925069,-12.525394512328752,-8.931483386121469,-22.43229300166214,289.81179521660044,28.53973386132726,-3.784194223283888,32.863598238350285,-14.072282380139892,3.611676804668043,-65.74296356218159,39.32105636760029,54.500668250728744,55.01466747567,35.54594630601827,-7.854171307201511
-10.833072944238817,3.0736708482436925,-2.279332591518373,81.39525120312241,3.8099052724197136,-5.5110020422107215,-101.23346427654725,-10.411583862881661,-3.8718876071354424,48.07665086089188,58.48196167779306,-10.086775258770933,-31.70480736198713,3.973595040311806,-15.076469540300577,-110.39893068972076,-61.06157072720363,6.875310569350518
-1.561098862722643,-23.257915825570368,-3.075358453208605,8.598891340807818,7.30837360058852,-2.3575626436171966,309.6821656161188,27.970126710839068,11.799717990769054,-114.01724788625557,-63.25905309109872,6.845845262820117,-67.67160726366232,-8.93302832151929,5.917331465448196,38.8753763793293,42.782534929646985,23.063401936440243
3.7039850186266166,-14.947973241860545,1.2072536625938683,9.378644319556862,3.2915437553635005,9.619449094595602,158.86832496315145,26.351026983943022,12.374428062817971,-78.1566376598056,-81.56853759810026,1.1274592965732733,-20.469320316417416,31.340196872599275,14.0435610111682,-7.711334569869947,-20.975609530307487,-24.711545583601385
11.324993741472904,-12.475322740116637,0.0,-107.55765866995016,-15.38680460409023,-55.13201407763472,102.7772003412219,9.12328600339172,6.0635631055693375,-4.831916680231508,-19.153878027446577,0.5447600574391321,31.67172687146331,-7.496296496828488,11.021596988654156,62.20105451280837,17.82920995181621,22.13842660249732
8.875672073198015,3.641638621679108,-3.9947020179055173,64.22818294234825,-17.568593902400124,-9.039969781915872,207.75187375024856,21.528289462519965,3.239719595324457,140.30088203393677,42.69696316816102,7.187078207562032,41.71710654033247,-7.646219078263097,-16.10967449421037,122.07959633637714,62.44048843921893,19.350391543959518
13.189060655448584,-5.9784534372098195,-1.526140578326223,103.21559473912899,8.543274363865292,15.717499877504265,179.96983613091402,24.944860085906107,6.304591067528847,34.56485154358636,-8.12924590683357,13.935995558778215,17.318681241337522,-17.815584352749095,-22.958628068845048,91.69674196165872,52.776340104002,-46.43602033816103
7.9498859273736215,-17.68956617089749,4.656619941071244,-10.62753368589684,-3.1636209028533027,-9.745934446808626,208.4143889481437,19.108185869637353,-5.5181647353938805,-166.31892572882953,-162.1909432118796,-1.8336130260836565,-59.852944881819035,-2.7151882777842316,5.028787588507555,-8.346565653657123,-75.41043349258771,-32.773449920057374
13.150655683346551,-3.4402283495784944,0.0,195.57947988486507,16.981893474092548,4.478843938085286,237.7631574876587,24.03794512627814,1.5973094337840748,98.24277056761042,43.07951103893154,4.7278668614989465,55.00965893449515,3.872933669435706,-14.008258060922582,172.81382940556276,71.49344848553527,7.30121111709127
11.513404124726966,-5.586442808430143,-2.5164902887785305,-115.3412704665166,-3.465293418874179,16.744107844286027,164.8985299000758,8.836894178956937,14.122859364031786,124.3950271814352,22.22722212218545,10.353199430631868,-7.482002096251679,-6.914781482378948,22.243714921777247,26.734146613182293,6.526958539718384,-7.023934771862628
16.332380927369353,8.553317575411569,2.031250835193442,-138.27657800503067,-23.09043537546212,-30.76981872154458,64.3686248296397,7.953668359909788,1.2046585843409454,68.36291509508447,18.993350036850618,7.781215474661276,5.799733581558281,4.352056173103846,-8.099368656039868,55.837807500931326,25.218350860173683,13.457972176569953
5.9929159654080335,8.58424043089367,5.320742328667906,87.54907491195966,9.856277167334952,-0.8485902521874232,-133.38010443595698,-65.29178771169616,-11.115922133342732,-131.8663078097017,-73.69264868182329,-5.1354451121342075,14.033470478075913,-27.848741914299232,0.0,23.740766494821376,-0.589813660568809,-4.820548672265829
2.3880077924665835,6.707234028447806,4.8848230131220935,158.88797637001483,13.615539231334806,0.6920532348210827,15.29283664572644,-22.164091526605073,-8.482142554280122,133.50125275145086,62.02838908779724,-1.4820473273600763,58.443730244382344,-26.535117385475225,-17.400526670339467,26.182978847834693,6.5642368539347755,-30.43249482655142
7.3886357434039045,-9.833556469626048,1.8166257599814766,131.06055109259862,-1.6468987074463206,2.224551811745661,71.88729314965241,13.181014936735547,10.203040465111158,68.19518536301653,37.53746354208069,12.434347786765077,62.04794403148588,-15.141092004541227,-25.172663076783593,58.99745013576244,15.797925822099423,-14.599805206958251
0.0,2.4446073543121423,11.123216620999262,42.381171603851044,0.0,-17.059048835192318,241.1017357998077,36.97636652746666,14.338316128505559,-7.473016666653711,15.959097260574458,9.796120749107864,-17.330660662762163,29.1360912843187,55.52703555114046,-38.879570267001185,27.78915062679337,2.7319386523092817
-9.127252835964834,2.0963146837500357,0.0,119.48160989824622,10.06174688513462,-5.70468977902184,-173.21874244850844,-46.46706947625552,-7.410330628293997,-22.775517246906475,35.721850318194576,-4.195937034309879,-43.30316257032393,3.218372929217491,12.60949552169412,-135.18845501520875,-27.122603210302668,-8.861711859665832
3.047751254227545,-3.375503901317057,3.7762590769240703,-40.647537402336425,-12.202640075547574,-12.021095338143134,-72.00939565253103,-18.176322820662204,-0.34554790114133904,-2.0669536174651713,-45.101786248342606,-2.5140731675304826,-2.2970773565647864,2.658807343373587,6.543494495079515,-14.044643087291435,-43.2175934933656,0.0
4.781947077753433,-2.098855154192321,2.886893336070682,56.16621665444453,-3.2745190501501273,-0.19280618628713572,-18.688966211593318,0.0,7.724703638614731,43.827622667780865,57.290435859386925,-4.3293397347853295,-42.394768730733745,0.9867089015825176,19.845222379951295,-94.74820431592549,-43.23404603421518,10.775432358142652
5.136969835270422,6.062576394890947,4.780805303335985,157.80848866307812,24.642992326749624,14.014943495748986,236.17054645669685,23.741119643124875,26.301515072890695,14.493621085506202,-8.353805661162836,16.71523963553312,-8.771185062201921,-3.2727492284091135,-18.26717313780256,71.37030561502412,71.05229549905152,0.0
9.056046163373932,0.0,11.19494899100426,90.58360885605248,32.163863521825874,41.84038370636139,53.38389236684833,30.542645199226513,9.150569264684933,-80.74817661801758,9.330680427439274,5.367134584185396,-13.079188106873826,19.514969122367674,3.0913134316237683,49.788268549858884,23.547243851538337,-6.808946376511074
0.0,-6.1767189096306225,-0.6800311607530398,-56.117647147325485,0.0,13.611623083104885,-87.79542113802181,-31.13987670805219,-9.850607167963137,-91.46364449753173,-104.15661591753151,-17.481368125066613,-24.73446923911426,0.0,0.0,3.3169568273798826,-51.14170821154588,-4.362360141308898
-13.501528202629936,-6.356473841752723,-6.038629966395775,-98.33134675803062,-8.957455772145092,-13.163578472261518,230.8084452942345,34.799814955405004,6.060840579537908,-242.71319471161596,-88.63129366822277,-11.86610605048586,-8.536010461035145,0.0,5.368379216488505,29.012418829261147,39.448879881573006,58.48325612864704
12.495034131806664,7.616979904410091,0.0,167.27383282944226,13.4954985130395,-5.230349187722746,45.61562851837424,7.881300890034756,-4.647239061542682,103.3373833073532,105.93289369957492,-15.928132665595843,66.82668850691336,-1.1433955687298791,1.906451078799773,26.80358623147111,51.73040472839755,71.15007656328123
-17.066807377565166,13.591989678368668,12.002684174490648,275.93404748777994,21.022837497566382,9.310980314570212,-102.45930287824024,-21.015482677867894,9.195715799606845,94.16116538719386,105.31103304624453,6.7567101634508235,47.00842072172918,-8.678453290448957,18.134020747294393,-19.943911953815245,35.32766114947663,32.483069474804154
-23.404641876899536,-14.895561057754401,-10.241190631623846,74.42208894058632,18.310426453411253,-0.9228362238083996,-317.58805300260224,-34.40042702086173,-9.671884989139498,33.622271855321586,19.462570991700847,5.247224625457404,-26.44229368857363,1.3160801157910758,-3.5701118004212966,-170.61428855435202,-125.41054559761788,-37.580282292820016
-1.6787145504367107,20.71706922308352,11.697815062048544,55.72420281028516,1.53636208926695,8.469642311865996,-165.2166924446949,-15.89983888003174,1.309913902313095,92.63650060048914,40.34997430678236,-8.486984175361822,60.418171997996744,-25.447114881527245,-43.39100026118027,73.08388017361057,1.7566264800482894,-22.329024125482974
3.3613276743032587,-6.371900712978263,-4.5652531485037136,-9.878963297782308,14.457054267945548,42.159389181291296,122.87909334989645,14.511423429209426,11.440886459113885,-127.53002167462614,-162.9897066440978,-14.331686742716453,-62.493422392029245,-15.606114701104383,13.079675463081383,-70.6038052880641,-49.85740858790802,-9.941722721023211
-4.841916236702757,0.0,0.0,167.17933925999728,26.852372687565808,14.434837823046426,173.86874320217532,29.163793005635167,24.711940340863432,-91.74345637574932,-13.418991701237559,15.461928581021747,-7.536182361710673,1.7232807469146478,-20.05840739934745,53.64553400293557,37.48563329120614,-20.056621328568895
0.0903825105575368,-1.9143678609397936,-3.483015754912941,-107.79593923155552,-37.592357816376,-37.01072460944605,-26.237317685006325,2.819967918500093,1.3692379362235672,-5.1606836054300125,-33.94140559482857,-4.164117503863345,-29.055537464365596,7.474936864589259,7.073781845567408,-48.33978123581006,-36.09732423400986,11.803067227511576
5.961212556932026,-1.6998002649697863,-9.388924132583746,-39.003627685682446,0.2594615909432844,18.77041383278359,-78.66865307621188,-24.588504116462374,0.8213945785191152,10.823399028776839,-54.653971298019634,0.9323507379735809,15.025415092028089,1.3654506467322842,-6.2578159250345795,10.982647640855241,-15.767491949462586,-13.220655417410768
8.639297156884837,-2.327427833530496,3.689280717108887,49.593462988948644,-7.605885477304342,12.147514872885735,26.28726370133378,12.632637658697407,4.395723515609083,70.95480508638819,37.60176775901317,-12.116011398259209,-27.036715799474273,-2.714874019372209,-15.371464057507698,-64.55683645634534,-14.415516953963781,24.417192105974266
-4.909670984963612,7.805256419355639,4.458299845315839,56.7375506784485,16.88329042266612,-2.9818253407513367,-222.24861561498798,-44.21115810477342,-17.880084894853724,-46.43225324058996,-60.19155322366433,-2.3963820178406627,0.0,-23.5017487109052,-20.813029719995125,-148.1322940289728,-39.170057498334415,0.0
5.7533268328201626,-5.631255735738205,0.0,-35.46488840613207,2.3205766363821496,2.194078508204022,210.80234264894526,21.285340625209596,19.72975563858766,57.09797956183915,22.113879996544462,0.4528020214178987,10.496311962324826,1.5882937537008968,-5.808562103911616,83.28409759061189,42.4557097507856,11.447935089908526
9.921161118777507,-4.028903561772135,-2.956236536271892,-1.0842771412448475,-4.197512538869459,-12.016496247236317,152.8255833101858,25.280833537695628,10.687734998914257,-2.4323501516986195,-18.77358173519737,5.806151345163276,-34.523329323053886,30.514534970489123,35.02141799432428,13.065279127616522,24.455658918520797,20.403520498141745
-9.838098158529252,-16.699131037943367,-10.074146727015167,-26.845732375864433,-9.099831349611998,-19.61616730316892,100.50757113496311,17.29773506337087,18.619436842320432,-194.24845775538068,-60.436691309466305,6.083101369665088,-28.316397670440512,20.193646914631444,9.00031448330448,32.6292744629984,12.834460617116495,-12.680779285672287
-22.44748233424778,9.134862547247762,1.8160780525318798,178.04067315994874,10.077342285738562,-2.650836083264,-177.85629152534722,-34.35712735929818,-6.1065246510357545,18.423708628761588,32.45357754194137,6.807592925397856,-24.859151291118625,10.929143510216738,5.445303021289391,-168.05524175657627,-28.584804149172705,-14.547786555894618
6.300381695286267,6.178125795128523,5.048563764687397,90.41970922079437,8.844603239906906,8.633509729639867,137.16153497047668,17.807868808835273,8.491751428825873,101.72204841774709,52.76905025024192,4.432880307579662,59.95841932602349,-3.2462782078659367,-23.026501074156183,101.74590988290142,26.826194357256302,27.03295237231532
12.339117726549576,-12.299356442343639,4.203401690474604,-3.1783536929401675,11.916111375132905,36.691077275688514,110.69567629524775,26.216319541374936,-2.112959994873884,-108.34179731604375,-48.049597669891824,-4.474974397282722,17.97293479150848,2.2520183590517755,-2.4378118331524834,83.22042797187268,45.3278503849155,50.319757300165065
-25.052739382622416,3.348662924589824,0.0,83.3203399952516,-14.209757089888226,0.0,-251.12856417873604,-24.166530005451577,5.001739933058349,-20.26504426504147,0.0,9.596283237518133,66.17017758691725,-55.63485779045641,-38.498804559630834,-11.483691955348107,-43.663956242612166,25.897189964718848
1.7021475423380164,-4.489918372068953,-1.1844229763303096,8.878440773135218,7.630734198776355,21.01700648064036,118.08369545341358,22.2774476893548,-1.4572686154020995,20.502644644532577,0.0,4.70420022917713,31.876056947401228,-21.75254680728498,-16.07944018084073,88.58356388580326,34.28431287382106,3.2183146898908603
-19.79255700715584,3.3748184719081746,-7.205081203628524,-42.42606969434586,-11.751082604468207,0.0,-326.4832884167928,-15.171041686051822,-15.585184179199063,53.30680161992064,40.19953026025671,0.0,-8.683128373723745,37.848496567908334,24.976812660560274,-193.090425519743,-76.37695184366729,-68.41226075568602
-19.84120516053859,20.28715731893586,1.5672421255788405,-15.235053598418741,-12.357504961873264,5.2853990302306855,-195.68153929866486,-35.51355111358192,-11.010722120588358,-14.806750811708103,-34.387468369366566,7.527130033776785,17.93286748129218,-14.332339745692284,6.473768870146814,-166.89572198692656,-52.296471687543715,0.0
15.828758422687415,2.55565039005545,6.404845155233859,138.93910650054008,23.768310726197985,-2.445275137472984,77.35216334448263,22.26411775230319,0.0,27.774238050585744,40.853426092296964,-1.2574663883923318,-1.8700734267153964,-15.999413479373416,-29.965089116957856,37.76423192427164,-12.953818380867794,-22.42229053473119
1.4942237670110694,-6.663751283003626,2.821189467844596,-48.114963811372164,-5.710002601239758,-10.106997056037216,-4.803929893523652,4.986871870898272,3.22449462155368,-26.40468750373498,56.430056617182004,-5.797361683026229,-18.676680301489483,2.6012704547834424,21.73787964419862,-45.16663599057335,-12.145719100314817,7.009253922009464
-15.081494328042115,7.735086011607931,5.419040428911948,-74.23439218029011,-21.53771320954329,-8.098066600369664,-165.10949784000812,-27.24795281738545,-9.264520450664415,30.51083532479273,12.402602401268053,4.328519373258917,25.134295452604775,-7.015010943821218,-4.814292728040422,-4.648183427144678,-5.483478643913835,-33.81364396001749
0.11616377734608471,-3.0504709505281853,4.5149613155722585,-29.711248241593285,-16.201585223469785,-22.94723050311788,54.354263063501385,8.89200726698851,3.1183311226882564,116.56302054406736,26.60356838527226,4.224588408492461,15.464827648069528,0.7363790156521118,-11.985294426818495,59.16816984249009,27.35311481224224,30.121059123796584
-6.963582782151586,-1.6585387424754918,12.063805826656479,-142.12294030027033,-15.527175714364391,-21.067323266869913,-137.79308308625696,-7.759933781922986,-7.535542693156332,14.021028777011761,11.062277482452243,12.909754459739954,9.243940998167998,-3.3070861863352423,0.0,15.428791251107803,-0.8197191868094201,-23.960644101899845
5.051846594727945,0.0,11.468119623657051,114.95264481726115,16.134942872500527,5.249865033775314,-28.578924602313162,11.51281491103967,0.0,-89.46286554607045,-7.246192294282406,-6.264693114419622,22.896809434067038,-17.78095872208207,7.952053633965107,68.11402234071086,25.168995941940878,40.297559987175504
18.964807141003813,-5.376565663106872,-2.7339996901033525,-61.741416080596785,0.0,43.26046417848077,116.56233761089833,20.764989020044656,4.510009397964085,1.749769410170992,11.877968450363545,7.401031332733643,34.66323256066626,-14.349304080918662,13.678078149424008,61.68190569476247,-3.385200404379395,32.37837563487176
12.773032959859249,-1.682761043886392,-5.156941078757876,55.71094320789982,-8.310310122848975,-10.825954547222668,135.9935414028706,20.28547120253502,2.456107116888834,47.44260578154783,20.152630073741804,-5.829198765671619,-41.36596169985545,3.583349468692357,-2.078771133515036,-15.845128074606702,-40.2382101291595,-34.975233021230565
12.27939236626628,0.0,8.367920458301775,16.552609465103735,-1.473022649973926,-2.292850366021211,-50.748314945163365,-12.547469275747254,-3.3519196994355975,32.28875602842644,42.980859757123675,10.304454617417967,-61.251085931645235,34.2568882448561,29.289857134427095,-103.54792492838051,14.398890253601444,5.63919613630479
-8.938008065149608,-4.244247792230147,-2.042166134258611,82.47578565613993,-9.327618785230738,-22.727408359668534,251.83147491219535,-4.25783621296986,1.280765496560508,24.84289292466622,6.579182761448034,10.61779372966883,-12.096285882327146,-16.60434517492183,-14.763591031420809,73.13768651772126,19.414711031619394,-29.678539066023404
-12.010490002120399,2.42328527719183,0.5969241886144294,-100.87800419151674,-19.876525298162452,0.0,-140.48670818527853,-19.168335176666538,-4.4647893373961764,18.773675668114723,24.933589949144313,3.724103847798849,14.605001373781963,0.0,-3.0177973416148345,-7.030951264484742,-7.412532431897404,-31.81262156929563
60.9120815605768,9.378574443028432,-1.6956095510886002,-24.259224175120387,-1.8694124221392148,12.489810456025872,381.4247575205746,24.34685728661917,-3.274803206010463,36.098702783270035,14.1644409775903,8.828041541658603,13.891110087950322,11.850153652257012,-10.242747376740388,94.61827750475655,62.63110217089613,-15.279988807939958
-7.248983986563716,-17.559308976910074,-3.824475150014031,0.6167435854434086,-14.77566420500704,-3.6072276974642645,160.54254365897864,17.90271003655337,19.29425163918595,-25.570351349559534,-20.110720377596948,13.488858683722944,-86.9936503451151,13.153532885058764,23.926406206663895,8.071275864378084,6.41906041824638,-17.2443446123376
6.704420658371514,-5.893325427436923,-5.151046958920236,-74.63162225931043,-10.387926726256365,-12.533443458037423,142.8949563606498,12.129230343910354,10.395131158797883,-287.30908566824235,-93.7343413069264,-12.262253139679636,-33.932213218803874,4.301050552651723,-3.8224002701947257,28.700826823640043,32.490847121588025,62.49958025663676
2.5837643590483075,7.066417651202453,10.325103543624387,72.60032189696693,-9.15131599618768,-4.274892975159651,-53.05031761940234,-11.322323978696994,5.772295491421728,187.77359761859668,47.843125774432,-20.300748516570657,44.00891417254618,11.009233768075571,-2.7861123011155393,102.7604191455565,62.217947870876344,19.27059364329085
5.310339623430345,-2.9179258595952686,3.0885761763196817,20.98281367056106,-7.3730350370577655,14.956460830821058,159.10330976507825,17.685793677003254,15.392621179016457,-163.16865567338257,-178.67897682479347,-6.104574841495354,-58.59049427549252,-7.82798168733935,20.97015996853257,-90.3187500110822,-2.364263818031498,18.625457315015694
0.0,-0.30233206966070403,12.976560652306965,-216.5798105225932,-41.95476810419373,-31.8024299683919,-58.98635887388723,-21.948244577808797,-7.363916436315098,35.39477638662648,-32.63830490468657,-10.345267414440512,-23.214032679967904,-6.776480416527169,-16.470619013169713,-57.94950058010326,-50.27842680628711,2.463160066292062
-24.799278409056143,17.182509472754692,-9.554581381218325,16.535242962360833,18.219007086970954,14.141563428953427,-243.60810070486698,-20.745783167839413,0.0,101.25750018599385,14.896077130694339,4.2792976481415534,61.80676274650065,-37.81946890167302,-65.9672022619729,25.715161812452035,-6.1211048455957435,-11.070521719062384
10.50768645049069,2.3620507177281334,-9.322189694639269,-68.61432280758488,-3.354773193756441,-2.048246397118885,234.74447968569996,17.27041785410351,6.171132299617553,59.16938090030532,23.25780321927543,-3.3906639491724024,-3.5492133148643012,-0.5993390449710184,-10.224894552789165,80.59040187454835,35.73216691160278,8.406279246335885
0.6648374988298802,1.4087241385287321,2.7209674748708013,-73.96021725449293,-9.09402096210933,-20.301231642697655,-8.068005597706726,7.495136187826626,10.666398478099614,-13.679927801756772,9.004626782898534,1.277474216384242,-32.77164190076726,13.813220713274594,8.298066169405319,-67.03922197897852,-42.947680477428285,11.332464511393226
6.283779196791136,-6.869002899247205,6.1192379412381275,138.229813281883,24.720658699325885,4.125749670250287,-79.66633173095003,-19.07868432011917,5.3589337311784915,-55.331936806383915,8.09511739250157,9.159465122198837,25.77763152427015,-6.52394916464955,-17.044296396685326,56.708194675395525,-2.775069436962864,-4.137632227859285
-4.746212669761723,0.0,2.4151967486986012,-320.1041954875986,-10.278505117332315,43.62379394794234,304.6370608867943,24.017448562220732,27.682364493060035,131.61355247971397,55.36249422932084,13.884545165660656,-93.0530300923324,16.71598922521871,-3.131797857479897,32.15475029546044,70.49501092120552,91.11045354532712
10.753408335603257,-2.6464861813988008,1.664002404987045,-159.48415988807733,-17.781575293360298,7.230273780181749,101.24576103917123,2.8371327925650154,10.723385893706821,83.30521796431515,33.572517554368964,6.085050655105033,27.782424317888022,-6.690386727254698,6.04782873203943,39.63175670080495,4.457622915423388,13.303230646507274
5.560172873104058,-2.5116715254684894,1.0787254286119736,40.45477596018826,-13.644260217517242,-4.710421135380447,32.56009529141668,25.564043460567067,0.990256445571961,-93.44580055841107,-11.352720550032707,6.29519815611252,13.12937970364082,-16.751354675398726,-5.996265078602345,45.786357712357415,28.12959801021638,27.289864925834486
11.437583522627008,-4.529087782136912,0.8567059134154255,-22.490230198439452,9.090158019934126,-6.733294616046043,54.31733279526364,4.607222257598398,11.625948049959524,-71.1774693631672,-14.95424102946536,2.3600435184601527,5.592807248292272,10.23489467873941,14.037607873858835,50.821083984997465,25.23629595516679,5.975132846745254
8.224182046107208,0.0,14.555879327687444,41.13968414009479,6.213486796675938,8.021434279895301,288.882620139402,47.13675511119265,-6.4165405406288265,-66.52624850502778,-31.416543275773954,6.94873583900797,-46.76775234832207,27.046131779668006,18.90257004915089,28.809435490380956,36.98923827000993,5.889312522997329
10.00625587442017,-11.64918897822827,10.10228664478421,6.246062477951268,16.016152325421046,29.67780181810506,147.698995540481,37.9232234241253,16.50463450245083,-204.68543277456217,-63.07096044938788,-7.464059845694526,-15.565784725445644,0.0,22.029829847628715,29.196008817762753,10.868473270861916,7.66672305828979
5.482028716371512,-4.816795640075013,6.209706833550882,102.93765079435428,5.038654136615874,11.82854800902057,-13.685032203511426,-5.47349475519566,5.440103306267015,-2.503039084965136,28.059535367668175,-6.9612154403817605,27.169987974147375,-17.248966728063806,-14.92259972581357,63.06359787625673,-2.427863624378489,0.0
-4.168205669590157,20.817842550509035,9.697678398005179,-40.996055486371034,-4.1334070516767065,15.252272618893738,-25.298988703229945,-9.04990333833401,3.630541192691622,210.28797479010447,47.0600804744327,9.761720918463979,34.16933860503634,2.6883639421577,-5.656495740377453,56.83232322772245,47.98941497638683,18.679221774439043
9.327332642874955,0.8804981611867316,7.515667525013876,74.13474116337156,11.734945706448526,1.317051508210126,-24.013488566990716,-5.640561453265902,-3.2546596155356364,-172.68435532240065,-103.42986703243311,-5.210314732271768,8.297765683836694,-2.3766244436586708,3.605696907806534,48.21086043657557,27.51829495955055,8.436887476369392
19.81618811456892,4.076293116056958,0.0,161.5870117900807,13.529234148545816,-5.137795225623323,331.4315738579476,12.300567819228554,12.39244050700847,166.93072884604797,56.43707528627758,12.509661594216196,46.2405319084498,8.710244609178284,-19.334134776401317,182.2816441394839,100.04800992672979,64.91319702976534
-1.7466408462447667,-0.4364416002508702,0.0,5.61605880024285,-9.014037640578895,-8.400340453342169,119.76256374441982,18.38610106635118,11.497988766117585,-37.07777860807236,-71.72411222009002,0.9255480109027853,-70.81617873988645,28.50382517434741,24.481243089149284,-37.24762470857374,-50.43368638713332,-18.217441406736924
-1.8250650683967313,-0.9425051532461803,4.3730363004804165,-39.691124916870834,-8.70008541652443,-2.2313883371530623,27.26423527388134,8.915125233611608,4.737440613952697,54.80675456670628,20.28082524441205,4.634983682356439,31.400327339347143,-15.992593730635464,-20.977592641490507,52.2187084461697,-11.705510401088087,-18.950276748886182
7.557326141289316,-5.056738506603443,-2.3273214033462404,6.442264891938122,-11.77689160638997,11.994773588823106,-102.93626675734782,-29.225292489618706,-8.195817413466372,-98.32283118180467,-100.31236364968792,-4.401002014150388,-32.559984976440695,21.49143944894501,0.0,-36.25501296428997,-52.65399698402492,-21.302072828148653
-1.149627027734141,-9.613132668016576,2.3059423867195323,121.13386377862076,20.31813123604719,-3.9558889378177913,19.891796307328395,1.7414448367707458,3.403926291782938,57.30844232464697,58.38416832441795,10.266594446522177,-28.427291425322075,-5.523327759227297,-21.9400554320231,-51.670322174411545,-17.556400607857597,15.991497984122844
-20.450790903402698,7.668320977130309,4.192614828366393,75.93705805821438,13.952990635752586,5.796570637885294,-169.65100810537677,-14.501487403715341,-11.04623784128365,49.19032892144737,73.1992099319761,-9.79370044545913,0.0,-10.886725625144884,-20.877956950208915,-116.8635753515505,-47.53177819063295,31.88329915895457
3.793126900972581,-10.654913554470134,-5.513840553671973,-91.20356769163895,-9.97829801794079,-20.409072671576126,102.45620349007287,3.782673368292582,0.631494152298596,58.491347458029225,18.95757459335911,7.167193286664062,28.865504884451276,-3.7790417478320615,0.21023527710646267,74.10955689002967,32.969270088327505,50.477436235813286
-24.529817025452356,13.129412551503576,4.602149593839984,-87.72755891622741,-17.452796418083985,-1.2298655486791692,-126.57061267363379,-32.5301897743856,-11.110045672223002,87.12183940836512,57.00544076579523,5.7852452312959635,12.270450757299724,3.784249096959791,7.5116785171595195,-49.23696707910269,-44.38344861934469,10.425658281843539
-34.28474158141674,3.1970333663768913,3.6957988751393946,78.88757123181102,-3.298943953501441,-0.8347278873260301,-107.54927742833861,-30.227750136432853,1.2633375534488709,39.11211007981693,52.630591811786914,-8.917587617431325,-28.226360350140183,9.171046845656697,9.400517852820839,-96.28444766664657,-16.020538566980765,-14.61556752171424
23.828134540013664,22.820019376087075,8.066472803850774,139.22134035401564,-3.4948058307334664,2.9879511126125124,446.188561862227,61.51768757096881,14.004803965999653,147.74661753371154,59.62446719008768,9.219950786981935,12.053566056998196,8.52889847071373,-10.840074875898438,166.6641479289685,104.01579975654386,0.0
12.859925868320632,-3.582978789525935,-19.157020794871595,-37.980586191780034,-16.01393262660489,-11.464447476077803,268.76203403537085,0.0,11.56500743472707,-153.0368196633991,-47.69981140306166,4.193548931892027,-25.96451452859304,-6.011990202861307,0.0,66.0342920960729,35.213568029499044,23.38452204938794
1.4917715202682325,-7.540216780552682,-10.127290650883738,14.263971810646854,0.0,32.99388029752578,158.9974869814061,18.940516769118112,13.739905134548339,-157.38351562908213,-150.91930244955734,-3.472434569022522,-32.26056147743678,-2.7249014122972666,36.83858161588321,-25.4599197054675,-24.314827900863683,12.498371375404048
-3.100321594903059,21.89129803020538,11.070287984582539,-12.685567131803577,-13.201436784304551,0.8131454010832645,-144.91601156683316,-10.138310058149832,1.7835389099653698,79.52059352616254,46.309908883044486,13.401324088732856,14.203695000707144,4.656825470885791,12.904251486900638,-89.54058766359556,-11.054251317805424,27.329880192059548
-33.851717355178344,7.865411814135061,-8.267998585028618,-59.96450804046882,-10.149850374404775,-13.478087256874526,-233.04518385011463,-12.41489368113019,-9.862532605601334,118.7839854873028,-12.584120821391956,3.650792773011127,58.4874944919858,-31.414174558514635,-40.67814388906056,45.23884934028046,-14.94091695212211,-45.60132568270467
-28.2945131424612,23.540870459874547,0.0,-229.19702766350218,-7.619972174114124,0.0,-262.4917864619795,-9.01356463590084,-1.2516109043201709,57.82525350476701,25.385427772971976,0.0,18.35636260332883,2.577699124143923,5.10757057687197,-93.29168133348122,-16.48307923730121,-37.93198827326
-31.508075070046203,7.0709633237800515,-9.40938545664921,-91.34177674161924,-11.882119626181701,-22.149129981294223,-190.27835960982324,-19.855825593367566,0.0,106.87797696280604,4.168156761280548,-11.024290867859976,38.42947699306289,-18.85016620074933,-17.662772363734312,15.672057933008432,-19.850596289014543,-22.308973032406584
1.7414012313613512,-4.163714406802954,9.46881243231231,76.06453428553111,1.930341123061699,-4.391557175867736,32.9416579916359,2.2310657489887085,6.250939566555416,72.56332341918527,40.63137045127889,-14.945477395970943,9.543816241968337,-6.674174038637563,-22.47487886141411,32.81154151710053,1.23856777069369,-20.927385693275795
-18.14139390026235,8.420066272655738,-3.1134297856578885,24.661193762918593,-3.8545097387018643,-10.823277678146935,-50.14160030790514,-34.295459443118546,-2.4785587831466596,51.67599741162039,47.90640057889654,6.266798581928867,-28.116886980002036,-8.114029379602982,-3.526798766498879,-107.0864080367044,-42.13788790186547,14.839514375052119
-18.774242317705067,-15.706025683703047,3.2020791572015486,-301.91306689282993,-40.098233569621364,0.0,-107.37522391433947,-8.337012075772426,0.0,16.292751159111237,29.19012248959401,-4.684976237830005,-9.858320128032789,-18.317832648737426,-14.307844275377729,-66.2386424414239,-21.53521582112733,-20.634172828433634
2.3233717628984882,2.5857066533843236,3.4901762570649293,45.72580408715836,-11.15660545082504,-6.22995388804141,-112.47284576054666,-20.127931223800456,-6.109033570277032,3.6137458348440297,16.753827598362044,-7.3726332342724294,31.432840862769968,-20.768816812873116,-0.7244306906346409,48.44759422445391,2.256251884981257,-4.7846762953348225
3.182514514558726,-4.0253264645171605,2.1241098673911645,122.45922783676899,18.87845249570628,3.573099370270659,-55.24149574967885,-8.090447079403797,-0.1285322577869469,68.80446623446156,63.044800042283676,8.220269246180669,33.6798633859685,-35.56015858214471,-23.15202848271758,66.85255911548492,7.375845684892973,-47.53581283400649
8.5576196414387,2.9120920954314533,-6.496664743796463,-86.39258438528113,-22.75946759301793,-33.642822522473736,1.5579990030663737,7.305816502989227,10.487729026435026,-16.75505218878052,-6.567834899051484,3.316518797807317,29.008746917048025,-3.3392324201905415,-6.581900146276829,55.98030924014783,13.638325299625008,22.773576245018646
-13.585507106439836,20.526454317861,0.0,-44.794534093672,-3.78887720768203,-9.836472161006618,-230.97171408372813,-6.864459660991297,-17.95187248536775,52.13331658047893,-2.567682392646315,-8.486147779176772,41.935959804421316,-7.867729974806913,3.7417781607603464,-55.912022018922215,0.0,20.506716820391944
-10.462860955274135,5.9479066470660555,-1.1323908788602592,-88.10874754567027,-12.120848754700878,3.446400271128731,-18.133039851686576,2.6774648796955485,7.735654422160714,24.464906723205257,41.83820174260726,-1.8007680385591196,24.449787774444477,-21.957522079956107,-22.831885568231243,117.95927776428084,28.550156674168274,13.024061402666007
4.601748160781137,-3.282180142301434,2.869433928786314,-37.34336383241787,2.227089527609011,40.447140599159844,36.96850780656869,4.741923611370035,13.36839865312741,180.14984218377364,63.63910464847683,0.0,21.55970536409859,-2.6442738136013406,-7.369532532476172,42.185713668852024,47.123004580460616,35.575424548491924
13.50261776713432,-9.092397119716896,-11.544346271387177,29.148111307602335,0.0,-7.299697166802106,260.82024929523016,39.22473325675038,0.0,-155.76003322277666,-160.26602066780532,-1.227388680860819,-55.34290409552159,0.0,14.577969825346441,-44.631882045493555,-61.37099123613553,-10.223939327856073
6.065654547941409,5.308798145306988,4.762831413818729,144.57458238150022,-7.932474341986764,-1.2176583744592895,88.28599977363321,15.237101815237942,3.7988236519194967,91.93923865586223,38.17777329583073,1.3509225324814242,25.021943970786722,-19.138449357233853,1.3528144143486032,145.2848454790524,33.98445603721311,15.251424939016943
23.897775555552194,-11.891531372968629,9.09166519318322,107.94056849699275,25.319873347980728,16.04123302672322,342.9960481519722,88.08227552957104,15.919174575949905,-146.24376621774093,-80.91675414887145,1.4091488612029848,-43.04771354034175,-3.2232933939536386,13.059614697816937,-15.301487462394832,46.0364590357205,-2.4481092151813186
1.2873760022959235,-7.659081634937446,-0.0771493617414935,136.24832143929285,16.15248897231835,19.560030263688546,86.80171143832833,21.73151852000043,7.437601913505234,-108.65806818743867,-83.12121547278683,1.9605413445628275,-28.692563317962037,7.620321557116068,-1.2237785445538367,4.732682241833692,-7.634120604065413,-1.0416378399038138
-6.416730937139876,17.68368780908117,0.42504452408241716,68.82457493992062,3.5705223034868876,7.091612570322511,-202.1876531007144,-47.76953152486286,8.594718045678116,38.30172755540454,-30.991131982900477,8.464529473038661,50.826280265964144,-43.31892418409942,-54.604229150480585,5.232779373277971,-11.127084391120926,-36.790940375677394
35.15406003387863,4.844910296445302,4.112967854836527,-36.27322516554072,-8.577255983414238,-3.2502190848392742,346.170207956876,28.655744261052828,18.96094925409925,-62.081534344698056,-4.496972219060378,-7.055187975865235,34.54526442143121,30.75943582770348,8.259855841556805,61.504263246450954,59.99634793031904,66.75633940531151
-5.4578108774420135,4.85709233635824,-1.1363755481783169,-70.31333933605163,-26.036843036469826,-33.951987865604224,-37.1947123841031,0.0,0.278310963856545,-95.02197499975426,-111.63871839357546,-10.646866320379331,-24.02040204013283,11.426035121835111,7.5683748345841,-27.122914210117244,-25.784281628685466,-7.264831229625656
8.276022723966468,2.671988773254922,4.934330416203035,-1.2772994872635208,9.250284331791814,24.00250132646122,-116.06560922222543,-18.634182184974417,12.450230845132541,105.40685515387915,40.45721406708149,-34.98008295290086,43.25497441730111,1.6318374724954618,-3.049702144664425,58.47476872080077,9.983843949852439,21.938180558088987
8.979636407319552,10.707382860502998,-1.5627956030261652,-26.326941301612038,-10.414245570442413,-22.577814640584137,108.64799978113973,15.864543645583158,6.056311086339423,98.59222247067149,39.44632123137168,3.8188557527465155,2.6521324694172597,-5.273755127858146,-6.553836848719217,77.99391607521564,15.376049953447836,34.31200741680567
1.2320827115173085,8.45586424719094,5.475501642034229,145.8964330184112,18.508266573149957,11.834200541662334,-82.88467824235137,-23.61408734170333,-10.272946263816278,0.0,-18.157908802729228,-13.290960661932228,-26.828828078144088,4.060427358156721,-18.15305507161248,-52.62834466901112,-39.863025294899685,12.420337170316742
5.702074112009856,-2.9953407356880084,8.13694961043793,87.63689043739757,19.752268900946188,2.6754560096472395,-87.08270019334198,-25.293916636793334,3.972647531573904,-42.01465295652475,-108.93030763831779,2.391719412650694,-24.994981947138797,-1.278104601363763,-6.513740945037523,-24.751464345150964,-52.12028408121004,2.59069613809919
-8.66301053718727,-1.7110325918685945,-3.0466897137684055,128.50892582071228,16.3905982306531,1.585462483918789,-244.74733277419546,-35.245014019131425,-30.459920659083664,-52.59449332538941,9.150956583053516,6.48816637040988,11.757460076305332,-26.59929302425428,-29.281120462412204,-97.63420893924355,-35.58029521146894,6.456528713528201
4.258241841304976,-7.380870799340589,-8.876220471183956,-56.446132158869304,-5.424301571940703,-15.981931051130976,155.0059987433595,10.912240565564936,15.725343256953758,-287.31646880625425,-109.73605253167655,-16.6818929964996,-13.59257351448064,8.274654166951992,0.0,24.759247573782723,26.09856179596734,17.279888213121524
-13.430640547075878,-9.703113800539075,-3.8249574038517995,45.29057493446235,21.785346224208812,34.592619864019866,94.29720318713203,12.23909004315326,7.165261727802272,-148.33897370433473,-170.46999558846468,-13.927762882736989,-26.115415266741813,-4.180201859391802,41.536575457190764,-22.966266089136525,-18.631627061227974,11.696825478992935
-8.07778080731067,-1.679527991793335,6.713006674847482,24.96852609341315,-15.029440842053248,-7.480628873108428,172.5014930305813,14.937852659434808,-8.215413017448919,-48.94248161793558,8.986655034992424,10.190508231934526,-27.42315260521789,-7.543540756223427,-7.824809268561397,46.418507893141566,1.1004251264234686,-9.955489162971702
-11.174990303154827,17.129086668389352,0.0,-95.74139767557482,-23.878876245132105,13.1714812296524,-200.92743909332492,-10.29304729485749,-10.43906256628957,10.33905806589193,10.31867672310389,-3.193484614980549,-22.57819414150027,13.975499707805163,12.777523347872759,-112.17128107252677,1.3656465616817286,0.0
5.1011727914346086,4.249039834008666,2.977655228231852,80.27627007233137,4.578411694339672,12.546764156207612,-11.818393965874506,3.4838572414083226,-1.238540173563421,-100.89659999468827,-77.39094188343479,-1.0492809800913845,-23.066671973006322,0.0782838667983954,5.559142587964901,6.318526978910003,-8.842317431166862,4.078124773578949
6.90885403929585,6.078889272503395,2.9562793017603277,83.57564083621534,21.976616732797538,10.940077342297204,-95.85317848022193,-30.954663057191546,-10.42163618315546,-18.31158689709925,-89.33032732637727,-4.651318741830542,-26.752612575675073,0.0,-17.52192370016073,-7.447720078905325,-49.50408974574864,4.720174901119037
3.8806201488063286,6.44247223088787,-7.6664944843242,-9.234557332557165,-1.477893985675574,-12.93135991885953,-21.060144460772285,-12.930931321950718,-6.395523569977536,-94.95559070335582,-147.73134149031623,-3.520941222827329,-43.14626584253268,-27.06533558685838,0.0,-77.38279922740446,-72.03847852176358,-62.72751149173314
20.58202777401258,1.0408757276401728,-23.57031138254014,-239.52907877123153,-25.95386272825153,-27.56871135789358,272.8230468688442,13.766204413535327,16.812949107359984,40.99369191826851,19.710725845058086,6.148469501325088,18.824927261074183,-9.844714157833566,4.3530508956117755,121.55064400247565,44.656732352197196,0.0
20.305236797093634,-8.204216283163921,1.4785603069392455,-41.808896277816345,-7.237881651446052,43.08210529004262,90.23140119865727,17.97395216125881,11.562849297985512,-51.336235641047494,-1.9827390026232985,-0.9301648214419683,-26.194653792267324,-5.470049786185256,-0.39815022567759595,29.61628579595254,0.0,-8.208016728039198
11.006539157082987,-12.677014925552959,-6.916776689994193,-27.940984743687547,-5.232794848316745,-20.96252538586284,213.56633077198632,28.540450341250576,10.884787243678394,-139.7391475557595,-162.28012900842455,-9.33826922711432,-83.76322158192778,-4.7224379958260965,4.678832401278813,-79.22430187111802,-48.18642809803126,-14.870152716644384
-4.67215439768008,1.4676461105025866,9.330591269619202,-15.224401306249263,25.731732061547632,29.216212187445418,-50.64746265401054,-12.321945347189839,-5.280865223419448,37.59937365762869,28.78980333661924,13.932691966375764,18.474105746963613,-29.044152079468212,7.185774799662606,76.36606052465822,10.503825996950706,-7.0775161318963455
-24.60296074910145,2.6844280469371813,0.0,32.29709174971329,-4.521260930197447,9.470300239830038,-260.12934273705224,-22.024720886981267,-4.581619545279995,50.549577543021385,34.097046271442814,-3.20026165429857,13.857524545196625,-5.4732021545117675,-3.0075189033533287,-169.73456510548877,-53.63872801057293,25.920687994610432
5.79083730049909,-3.8589545695437937,6.259440644878546,93.80199131948167,19.70244317648383,7.577733280939265,66.54551385938711,23.745366736574653,3.155557427304802,-3.7665349378099515,14.128985358885112,6.070510995964148,-18.51093230920583,-0.4201856054729536,-2.4137700944505514,42.01999713775252,-3.4928410354567054,-18.783369999347542
14.290325859739795,0.44533569606125073,3.9283914585525146,110.76289295682909,14.93163736621947,7.436024759486885,-81.73702589456651,-5.316929637341684,4.564161368988851,84.26979335070831,62.74272148306088,10.073629680901991,47.48292565720007,-32.61113251106694,-23.367879162584074,80.21144976661503,17.13930160422067,-22.716765728198254
5.919794191842811,2.5161859083846867,7.641715348922473,-71.62144596401181,-13.714600554671016,26.551596410210323,21.678545535343027,3.0739852722961305,4.645955928915568,89.35892696984644,97.00955274227138,6.915783482816078,-8.10626542846965,-2.008001429881601,1.6392866913410953,-54.28225469081948,-22.574755326769484,17.820011281225902
6.020377743920193,5.995833243290282,5.715409931380481,78.56900695809466,-6.325936830502568,7.142366550781249,-62.16164869052387,-15.376366489709557,0.7110294364816282,57.286315848289725,17.499996258956863,1.0473723332665226,62.66528270484582,-26.532630371824922,-8.849880626454521,108.6774956820749,31.73040022715235,-13.137211322039605
-4.765056281882296,-2.2413692314480542,8.045543799739415,36.09685149815338,-9.027730011226632,0.33610930489225094,6.552770026391391,4.396904956373511,3.8507636411597512,75.03291306177913,63.7780267034989,11.434836559845031,-32.4988893960407,20.039306349818247,18.112708532786982,-55.135445619602514,-26.90748952335406,16.97547761473149
7.634625989674523,-6.707571067153728,3.7348374754482947,-105.63079073498753,-13.855302046424613,-5.733844572765969,-2.436609633278566,4.877523398467414,9.97802148264971,48.66557899510448,33.06844160321658,0.0,10.211445201943993,-12.260754219870662,-9.591268865673099,29.952226132091518,-21.409922427846762,-30.551431657204173
0.5572443417177722,5.9163388749140395,4.558410369328739,77.75707066052773,23.288343834869035,14.101531564325352,11.86735623245707,-10.17017282075846,1.0654234148123691,-7.344660642461972,-62.78868760268705,4.947853584288267,24.700873014423717,-20.18532356649189,-12.766388445305621,72.01653009845755,27.96155698275119,-0.5636808467400556
-2.62648860342543,0.0,2.8934028121410957,72.19017629784773,2.807550226224331,7.856049297648064,202.70781091580517,15.877200291339745,16.796893027406135,38.105497374613044,54.13058620600346,0.0,-72.30868398044878,49.07525388671123,34.337103482511225,-82.61359242727062,-20.188333284030243,1.6245336148485876
-8.374754008771967,10.470196222122832,-0.297890159075069,-22.91416132105802,-1.8033652361191743,0.0,-221.42077478755493,-22.175969502065744,-18.88024025152178,-82.16524628278115,-85.10310136108801,-14.943042102161664,-14.937791377357623,28.018117366837714,14.932288191559286,-150.7720472724128,-47.489336569668055,-30.52534699188891
4.04349927755063,-9.170349229288949,2.3298689584847194,-6.953487246509552,-4.927349756151846,23.594179588536992,47.6009513817465,17.85938397542141,9.494512714828643,-150.09399296673524,-36.64298917906657,2.8314312668152897,-17.385330339458708,-4.423966280753003,9.402016422330744,31.210976432563886,8.484622476378096,4.711891904441984
7.261420198065332,-9.444860700267798,2.966112525707605,159.40578743226587,19.674219521075297,14.15907071752533,157.29413347631484,31.603858357932772,-4.603735684607085,-37.51958470923458,8.2446297800312,-9.719292389297154,9.930245550026786,-12.676878731184324,-26.975760213593933,85.49176080411372,52.54555263512742,8.821380657740974
5.810141188745776,0.6993055508254997,6.153826917473013,132.6955434058261,0.0,3.331698396217145,51.727078233140396,27.993340273575438,0.0,54.29937844104726,48.33695497522291,3.4143457170708915,60.28927399210585,-20.809683114112428,-16.95281375933963,152.23470298644926,29.039599137413532,27.45806831346556
-4.176131767785231,0.0,1.3149231385176738,55.310320330184055,15.163548977748647,14.586295899761769,20.644669409219805,-6.621992914255497,-3.270957962474367,-109.25909568848014,-200.71496567495788,-15.77063559506664,-28.46721547220563,-6.429052131825889,7.845462324788131,-66.67694673145455,-60.03829433869352,-28.418143681458105
25.756776551372322,3.1495990080865064,-13.20079205371423,-201.80023063267168,-30.19623768513953,-23.324432564387276,250.83865621805663,2.454030934251158,17.547210000304933,17.074698618815514,3.593409006127709,10.07748873674741,8.205720248695892,-9.586168565134507,12.063317229858901,127.39067181409398,41.386468162940446,21.250659471269046
13.758098466712527,0.5401787150512821,-6.799110323824029,43.157817509654805,-9.41550061076551,-13.851552884651783,249.7112913582414,12.1840041393019,13.501292446200818,64.15739575413552,19.902240861791856,9.802484835344382,1.8550682382054082,-9.873827688270477,10.126545837663388,115.24720504752554,31.85060496314046,16.188236450125714
0.0,-6.153584867520823,4.510824390199546,93.7504002233003,3.328150614264113,2.0366188857752214,1.4987700415834693,-4.805582687080344,7.392829431788475,69.84347786901508,40.067919499338394,7.426070876687151,43.15126738029871,-27.433398012997202,-25.77738919445244,49.88218900363933,-13.42949387780948,-27.333424175994082
-12.645098168829028,0.0,2.948496087709638,42.95149328869198,10.660982868035706,46.88419732642451,194.43275688137362,17.240564393546162,11.403553622911163,-116.17210922890456,-72.29145834650906,6.401125001617179,0.0,-5.562741625231538,39.68553766027295,-31.42863050874579,-9.863642442702746,34.530540001683676
8.0486728476334,2.9298671166124106,-9.235842249050346,-69.5976657536631,-22.452928087972953,0.0,-57.66759096235664,-14.650692938083164,3.448003420734668,-108.9163084898335,-163.0858269539647,-27.57037203430804,-22.864396241980828,9.37345650791746,12.600619597823938,-65.53292389348735,-13.173059108483365,-18.528759004270114
160.0876268164257,23.585752550350485,11.487123143909846,53.55793292892922,-0.40735860897226756,-8.097159947256955,395.91842157259794,94.62252885760292,22.5246655017229,79.7717243996223,58.29186078784442,13.228868642991934,-14.08157684433369,47.62293224508899,36.09702625982199,106.01541445794511,73.40469153263182,39.29541299333596
-14.428452625927914,2.193699130699718,7.881366072691252,20.761688016843024,-8.76338719019039,6.28410655604509,-137.32833897323854,-20.429690992640435,0.0,105.49167874738323,91.53209130415877,7.708197756218507,-23.72101427253783,4.947013874654799,10.231067667491676,-88.96508726577177,-11.88111956619176,-6.515679114004314
6.549458343871603,-0.9205222041534684,-17.99229004086061,-69.97706866099794,-15.639715220814013,-23.406028279523326,-6.418974815717454,5.847294618691335,9.996580407592917,-10.273249476007742,6.490575171240496,-4.705322748154562,-32.01329821237757,6.265530013578202,6.6019063040516786,-36.041414100169455,-40.68580545729555,2.738619110481693
-20.764053386617444,3.251127319764582,-4.001743279021716,-124.4412794638099,-5.719551338703585,-20.555761572668345,-185.47833244765175,-30.01947068216691,0.8305423669209362,-3.739419812684855,33.084151507666625,6.729445250002946,-4.543950967096124,32.08213737395448,7.044553107931802,-86.39146417539783,-9.802605492300662,-45.05869710509347
-1.8711691422829024,-4.967585675835088,0.0,-119.68631270039337,-22.606968631379004,-19.357126625847194,-55.500192857923714,-1.630624432389158,0.0,3.2075834829196896,13.584006164119604,7.8334008859434805,16.702782573564797,0.24552522040584307,-12.391190727494045,40.07576428682566,-2.8330302620928647,-18.64407772385198
-35.73181096921462,-6.657804879133289,-15.57396135123379,114.1137458354359,-8.54060899790426,3.3421520263556634,-282.3921015013424,-46.63559482772849,5.250223882229766,156.70320319568026,66.04196407402085,2.891993063716909,24.62144137526766,-12.021051658537385,-31.723403890769717,16.77884685709055,25.341390918925562,7.606903337464971
4.537870535562054,-4.011340797281771,2.432294224893105,2.5841008129733525,-4.432741533989698,-32.39053716373957,226.22029319725428,18.633521562342754,13.296959143944294,-93.46845091555167,-80.07045594879993,-5.265062804646496,-38.270451753197364,12.278955204902502,19.449447840733193,-9.328407659372495,-39.581093854179876,-14.479160315223169
-18.37997532439381,-3.962482436791068,3.0709058441250856,-36.81961228811032,-22.414488328663648,-23.24707998635528,211.24032416232026,23.967790254544457,11.780302621274041,-274.4418740233149,-34.21066141533479,0.9572510953635281,-31.386145521306236,1.3943307178138593,-3.339782603305532,41.44692787456356,27.773713525223332,37.9958630600084
-21.750937251541234,31.75551458281234,-6.743188418790738,-85.50718149314633,-4.95260863608909,-5.1028116224954445,-244.42966547561778,-17.468411786709964,3.657875936215338,20.529063945897008,-3.1226257264540322,7.580934901191612,-20.193293111188265,3.643901965450016,5.786373756455842,-208.51506817927321,-47.2660159476604,19.24008634683571
1.1831994198117632,34.30910296294281,7.912739792508471,114.05679627826551,-9.931458018232952,17.173887615347844,-195.2691301758564,-14.491815015163047,-9.661287423563973,-15.403195069007598,26.91244871494858,22.11084035924598,7.200438675801858,-15.065009567726788,8.556746215835641,-184.75236640467807,25.09856810359672,30.251978298411416
14.918760251910722,10.505013567985266,7.197099562347392,58.371650625668465,-5.107798967407007,-5.958615930563811,-76.12564441884975,-13.868835317188976,-7.355017085237944,-71.3371083031904,-54.079030295048675,0.0,2.642833502081394,30.409727218767554,19.867942003218406,-86.3527351946056,9.078452743148652,4.1799374553415305
-3.5285464569491465,0.0,-2.2994186837500514,88.77191727774486,11.470066490131034,20.471269808453197,133.9035755040479,29.36470422665713,7.221048385695064,-76.64426408204795,-67.1367182896483,5.482266418341193,-32.55813483263119,37.78488335887494,33.390398469023225,-13.28605655310313,-26.308381624040738,35.52667396192558
10.540118209395118,-2.802912963668194,3.7984928566020084,69.92252814237308,1.8761474516223706,5.808574875759289,15.756830830973408,-3.4536766383443855,0.0,-16.81038596096393,-8.713132254878673,4.533156614848569,-47.73523920890421,15.236581938620715,17.82906719875919,-59.58675073447831,-37.69795415728305,1.4619949866053688
-16.063761908957595,-2.935219590019601,8.601292469113728,110.12061370988614,17.042780903209437,-3.375586649795909,-160.50377113129503,-14.112594248577254,-7.21689838107273,3.327690447982679,53.0668048609217,17.064347224096732,-45.86608362827708,-4.844602541960606,-4.948540073991508,-92.44540158513936,-47.96299961284975,5.2860557456700406
10.571594750013725,2.0181195072935423,-0.6214566703688551,176.92283993031606,-4.338136584679668,2.5818040141245087,-69.71079567959738,-24.047689751472717,-0.483472142164437,-8.800586403203615,-29.539677371388738,3.832054313359562,31.808733694277855,-1.5504124826682733,10.06689197901225,80.49914887177798,22.298787317596545,-3.158294334586799
23.236280898860535,-6.067680088092227,-0.9630214393921982,-25.479873237118703,-6.403549313764429,-15.019332880411374,255.09392298484616,-26.454072612851395,7.626722041071026,-84.6727588500116,-39.86825553398677,7.9436943052209275,-13.148326641999052,0.0,-3.396660491857756,52.306549228567256,43.71378781936099,25.12707326326617
-4.388729789288511,18.252637218453255,-2.246775631274198,26.745146265074837,11.614655322490483,14.904112202124972,-172.0751636115875,-6.84867911217882,-0.47503095406902124,74.87545204972398,32.37311992093766,-7.255688269242826,28.575307736251176,-24.60589494565606,-16.374955854642245,-95.97765007205777,-28.231386325040546,15.534211891492134
2.841597901043578,-2.2407950244258195,2.839657848254329,-4.765856126731847,-8.07968106775386,-19.03367283536634,107.0146679566928,17.211698790935333,14.680966930143754,8.727591607003099,34.57882355910465,4.743938809693919,-38.60792826955794,12.047835952557996,35.53720209250721,-37.69019565115887,-1.400497108643359,-9.113375827832101
0.07943023018102015,18.491020889631315,5.10580881302251,-99.89170881900702,-13.156599513290876,-9.679385291568014,-161.90059854724308,-28.161708289393562,2.657539139824698,19.858611080100236,6.607849350084223,2.1937220763920724,39.01112189345612,-13.3258920422886,0.1727296702375226,45.747831363870745,-15.103190340421822,-13.791569447032714
1.1513887846191855,-7.7619509807163904,-7.357847492533047,28.27347024107824,-0.863611952215281,13.412747811055562,100.23606627517093,6.733609103734125,9.23725607069407,-132.88409176079608,-167.75835454595247,0.0,-38.30100598623378,-8.437797516112674,-1.4011978319735818,-61.940988783304384,-36.748685454970946,11.159440949596558
0.0,2.486472468203019,2.076046827925782,-9.095022882737958,-4.134620345664866,-13.508958251762595,84.5412795836975,8.649993226044476,0.0,-20.793294601849627,-14.168183732816775,-5.262316357913595,-55.632123928675895,-6.308692342933643,23.14578277497969,-51.012635970843014,-27.8189552564915,-41.08253174401352
-6.943906180015391,5.94158695733777,9.338878609146155,-24.443800252718653,-3.46342515545889,16.376355451402112,-192.51870140202087,-39.00837071449134,-4.334847719889046,-58.361550357175844,-37.567806300749034,-11.755008152502707,-37.088586699414996,19.39183564612748,0.8336926493237264,-179.99968016390307,-99.97622420578513,-115.8014477259427
14.795428494602914,-0.6560286393522583,3.9802963913486695,15.564496018537522,-14.054330836473966,3.252538468699474,43.918669381726424,27.42079550728582,4.4038584255182025,-59.45285098689132,9.718062407915719,8.936983062283508,23.666598907284893,-7.853879957061072,-3.946810650357999,82.35895777480201,13.23537512129018,23.05497773473013
5.734779567891121,1.4115127639730949,7.538708036175859,137.20146034115768,20.785476144624557,9.103934917358247,99.37328783237095,11.81205094328597,8.813975785554977,50.02418370944157,31.12793338399184,-5.836023468493376,-11.450791646263571,-8.619124998974435,-30.536505292998736,12.240695356840925,-14.33914813052237,-22.361684274923732
-6.042196597870201,0.0,8.629987768090619,-134.80918022939682,-36.46303380068901,-33.72986834612097,-124.8871588578505,-39.81089465550272,-3.571065408227714,51.8194231833404,-44.872378255580415,1.4227400248983861,-36.69690233624262,24.85908653816846,0.5162100898812688,-115.35079839320463,-68.6639717604609,-6.83423520522615
3.1909623800913294,11.668796627833208,9.238960005961363,56.23989656842391,36.42422763169376,30.969791734827574,-32.38716054540081,-14.40496391323869,5.6644460138707595,2.924076205856046,-30.240460843780276,8.102607481438435,-7.2618213909890175,17.389435275248296,10.619600335202058,-24.74178755264799,-21.862624002272167,19.761183445887255
12.483852795536723,9.67252100769931,12.394330489701868,79.15146168512739,31.080584422456408,36.406293918265995,96.66112281348258,17.84041522245264,1.8746663752940562,-18.533625159864503,7.245158474232218,10.002877463373624,-71.98027683268633,4.464698491432672,10.222836350103798,-40.54194201339601,-31.28647880049915,9.964025426348627
-3.124323839545685,6.623710455622655,2.012906783625175,87.21077734854715,0.0,-1.354168290858684,-247.1950036414336,-37.556419377344795,8.527935325376456,4.01393835802863,23.171368727562385,-9.64447275618204,-23.90606574891528,-6.284108063733201,5.391305432046648,-172.6123659612825,-62.67444419052717,-23.162258207230252
-9.355909840927842,-10.36788318530063,8.509484613633521,111.62966012171852,29.01346050634564,24.22824825330466,10.931838596849113,1.1991967431349844,1.6492263999074284,55.746814726429115,56.35358189803757,-1.515469845662927,-47.545127732794306,3.348879646003087,-3.183494314822173,-54.54317086264401,-21.793731717462254,15.884122007092088
9.833052166182469,-14.497117964092961,-4.887061118779837,-16.46125583615457,-5.353843029054998,-0.9751377587349577,73.36926559152195,12.315598741723155,7.0423481872366605,-113.57841444112557,-28.902173397666726,8.479588828468504,-31.17582302198793,1.0733811993206515,6.08419341739389,8.729752741787815,-1.7637571255481286,-1.8556041084192572
25.85382760947924,-10.30069043182606,-14.453342626938811,-187.63120013475094,-10.524509070564392,9.97820183912895,215.5281886246183,7.935335268001671,2.808103501568511,108.78708661211704,39.74705222134407,9.71357442530656,18.44052588403749,-9.039393033807926,10.821664118128018,82.50306051741042,46.51483506800786,51.841551547828715
15.09796911015235,-3.060530085957404,5.241487431554441,-26.570330065652197,-1.8347602978224498,-6.791292334620729,-31.96001157784115,-3.7204004889299678,4.20238989998122,-14.219863176124699,22.37712116146573,11.642946247644375,29.11155038776693,-5.589027073659273,-2.0920181762258174,54.33169536677853,4.202019221376495,21.499252383522013
4.345332363177583,-5.160523356557947,-25.33232750299211,12.756542342884417,-6.991125105409792,8.026058467152087,123.95786067602131,14.35078823005808,15.235376812335526,-157.36040772242313,-157.09907655356912,0.09497428231519765,-72.1065362898807,4.845570709544952,12.444092621984893,-40.599561799157165,-56.27655925173497,-26.203010657862876
-23.783022403545633,1.9628526721297155,6.409434207651154,-32.87178615437284,-10.802514992296176,6.376881094953522,-231.52185671642746,-31.41741608115845,-7.507606894890863,70.814464492379,53.76187645696201,-1.8516861235397573,-48.48217225154086,44.978812909890436,16.97904129211003,-180.92371136631792,-31.83615368080413,9.871399876808937
17.200216773836726,4.2993782335525825,5.116925416989168,93.43873115966285,19.721286278512835,7.25060823969258,-22.094848075655964,2.217122794315883,0.5102223185774376,-27.49793147718437,39.40640257565136,7.0609298031750525,-39.303849885443555,6.39184148604005,0.2658184764602687,-62.33760620795772,-22.76052333563117,17.12748522833983
-7.654312885263313,-4.312531313452749,-7.115164142773999,-36.81695448424275,-5.328424270592452,-25.275579359980373,128.60733416330496,20.21792787227946,20.79177428768778,-98.63991167055246,-47.65800370528003,7.990975404231041,-23.973270761725637,11.835840970179698,14.444647339443085,27.34606317475651,8.158321419620126,-3.386131159487146
36.85878271946444,8.922814298841036,9.391732343987416,92.80994334797744,5.384679186909549,8.326922105430718,382.64122542049336,71.69451678348594,-12.51607701354499,-29.16208403241904,11.532370273644926,0.0,-43.33597712831173,53.46689332327398,31.1385098779757,-4.599512101055392,49.29211372047064,0.0
-14.011760603904623,17.31406214001606,10.154334056195777,-35.43500435392863,-2.243102092431594,-13.83536073226591,-204.01649216805578,-19.766589272194032,2.630235684921416,36.797107787579804,41.38984764957749,-11.118403212445184,31.87199117239972,-20.217227657846184,-3.8980202532541712,-83.21921643359948,-9.041654918165305,7.6130995159794
3.0366036549005324,6.833884630947845,-0.9715807063828741,34.57564993327146,8.202488768124892,24.27571168859776,-96.02285031909618,-29.97993235325821,0.0,-57.58368206395555,-31.169199120031525,2.0906542538699386,7.749514153704607,-7.637784796859314,7.33795829390971,0.0,5.814589299426873,-8.187788858302241
-4.680812924187733,20.841141471328246,3.592024613917823,-48.38516858525449,-14.399655513375981,-11.215433735216799,-265.5881214132962,-19.424159936957267,-11.000228139375741,-77.63368304209787,-12.939249061035492,12.811427650266392,-16.383253349920953,-3.1924652520305177,1.656350007012231,-176.42031559754463,-41.18584052608696,0.0
4.381870212987843,10.538568068050465,-5.470503470754615,-123.42530801204805,-15.585022518505644,-35.03526548492506,6.938669855513787,8.87770978585416,2.7239018558361856,-23.393334430860868,18.092910251636756,0.0,25.94158195636911,-5.824421171556001,-10.13205016233042,48.152023779092595,8.170480498922245,19.921576423725753
14.747943147544545,-1.2772001821881156,3.77580390200989,139.68300072797152,30.97585757020527,32.35121580214605,147.6997940531951,41.18547507904887,7.221239146704184,-38.04912920545934,18.47640338189443,8.993071524625524,25.21338373532329,-27.419633887030084,-17.68922217388855,105.2269879358013,44.68729482728549,28.867167924639148
41.33719259675998,-1.7206276336110151,-4.766988427459099,-38.15378552466059,1.2102233861731366,-11.896949071678424,307.18699455100244,34.81795396761949,17.130520151422726,-98.65754135237937,-29.182979955615103,3.900629862159132,-1.2939393880635308,6.127397725667706,10.261339542864636,83.92568676631751,39.12284434874442,24.731378260357076
16.76391891840143,0.0,0.0,-195.6321332436459,-35.912226619435124,-65.74881519908284,175.16604490963522,29.38060284439411,14.526825572584505,-67.5469101988863,-20.644166934262916,-8.490477752580754,22.906147565238467,4.040647654218671,5.523150479859956,33.052894388560354,25.08004688914634,23.940875910675388
-4.7308466538008425,4.512913893979755,4.920672893032891,-108.00385341602889,-15.893483992160728,0.0,7.420851405994403,-5.704535379321553,6.755715688591606,114.33385559264505,33.01306219664432,13.228231014845036,16.44429969946033,13.397180389469499,7.9975375824107795,32.56265817796304,0.0,18.26030130851248
11.045105768965989,-6.478464346373758,-7.407310753611414,11.85795236288054,-10.554246757802087,6.891893307106421,47.80812026716987,21.211521583599637,7.367610477057536,-131.35007580752125,-18.740653770181186,5.7417743190080985,-26.281544108303105,10.197713235729157,8.061644245622778,14.802657683575768,14.029193789957192,-17.048506294928423
15.696301774485557,12.007180144190453,-2.2620462795339487,166.91116490678053,-2.5596887927151464,4.405148335877836,85.47251054414879,12.995333511632168,6.90662727220263,239.87633585443035,145.67283748043926,-4.775096887615427,-12.85124642811652,0.0,-16.04534816766029,47.40180636067469,60.54210088447883,-7.708105820635637
-28.48816831389719,0.0,0.0,-42.17295640922896,-8.822192165538384,0.0,-180.83014313753546,-37.36517561830472,-11.56455674954819,-43.04368240692807,-61.07294981020394,-11.460795415219891,-32.50233782878944,21.607871767464182,16.48075344761847,-147.09156254737914,-54.80885457884023,-66.04959776471401
4.302450901312312,-6.544447629394687,1.8660719340215675,-103.83759121114872,-11.423928897083345,-31.47587111887034,11.530861231311794,3.653865098909071,4.0507911782463255,47.98666301092161,1.926059165017727,-1.6031602809156869,28.68225334574818,-12.779138005714456,-1.5357943148464603,82.51207806001311,-3.030353999994885,16.148627001882204
-13.433060930054271,28.607512378332938,-4.435159249443952,29.48904084614422,9.960267845154318,24.29471145163675,-138.69271101613316,-39.031866184390694,3.360212081869459,128.80251664386884,24.482461154676262,2.4582405649214767,62.91946762536384,-24.345532413675468,-42.659481427034294,63.996325505622025,-3.1319953874062256,-21.411832463581078
23.111745830587246,19.813100763027116,5.806686627687393,-147.17043470730303,-21.05764592562896,-25.972741164670477,106.72172280687353,13.068878063551763,6.260507870398833,110.42914366340743,29.631397108299726,7.73853481972131,11.245709616907806,15.89629751218724,21.798984732439727,47.80563543801908,8.55946169512885,9.808271212360637
10.061821432003994,1.689270965053441,15.168145049407105,189.51259782054834,5.2358301199055814,4.340517048477079,311.121395967825,70.87083395657316,29.857495342560465,23.92796054964873,43.95292702539699,22.665486430061872,-65.90826121327378,-13.518560068249617,12.061406357993695,44.72312434302422,29.21925134737007,21.190118749409066
7.360000984130064,0.0,-2.572630087013668,110.84974476348648,20.27613093721925,6.533876609336507,40.190245848801666,4.988094490365142,15.119516835534776,103.61860706390887,49.36873379659835,-16.637260430310917,26.410963754310774,-3.9765813737826012,2.60963797009019,71.67729044703947,27.81276408028424,0.0
-1.5317603510011903,-16.778468150872566,3.121670948727309,-25.770995870981956,1.826470786970342,15.180376768316119,125.79498909391597,20.220903770829455,0.7159875738096744,-79.47744470076144,-64.41830762683678,-15.553201593184202,-30.03737008428736,31.00490019479018,10.132854892500733,26.650312245125868,12.776884248537428,-19.28849261128152
7.355637229028983,-2.1151473607209947,7.261768045833988,15.314365494579723,-13.55528165804602,-2.326984896473188,-15.334805623222534,4.024909607110561,-1.8555917633516006,-25.052759774651364,-22.144766183760296,3.2858576342661334,4.079828729444803,-16.658212975389354,-5.947427323766748,23.96430499564615,11.558224122039482,-26.2726218307918
22.759567499867032,-4.804005594565794,-15.492335799080701,-130.22739500397506,-9.002433757899892,-24.47450532380049,251.0088397163918,51.44304956899649,10.214000934785055,-181.15326050183126,-53.86317416762873,-4.23470637907939,0.0,4.369658304310235,1.3918502202854777,55.12804624526484,44.760065074038195,72.49097262733463
-11.030946502914661,12.273919794224572,-1.19921865550064,-291.40321789696,-25.70155282262447,22.397809688644617,-151.4860197179874,-11.229038634719002,-1.7790635068609262,97.96588480959697,44.128562856538004,-0.4834746547065433,20.843503668011202,-16.202637233106977,13.914448644391625,-48.17340482613611,-54.09926592573227,-2.1844876167866687
10.264326876787566,-0.38957455392016144,-19.490064272168095,-58.95252923609574,-13.075235936585798,-20.173408181209073,148.54030949893854,28.797394988925532,1.7202116154489036,-113.27895322032477,-2.7920916140682297,2.075746394858934,6.540083820972839,-2.787357137817961,-8.203218595888009,62.72440715157906,20.8069482070031,-12.584497508720418
0.0,-6.560273628154714,4.2929477182586515,8.393940074815031,-12.27969436490796,-12.244912039196844,56.57392802790378,3.166735118519292,7.874986929665035,61.77630270691447,18.896434461077757,2.6310845865473205,32.97024204416186,-14.37772046100207,-21.347492889472534,58.56888288279008,-6.215109376990608,-5.430948132541118
-3.1126803430524603,-1.1445628628556743,-10.33774396420422,-315.89381825715213,-47.67090713067475,-36.280568531547004,-18.001192082602216,-0.43151844545954043,-6.7378254938529425,39.73277928547459,3.2785816472380525,0.0,-6.49595211570228,-17.587184698895523,-9.971613150436575,-20.007116757310236,-35.94205804827813,8.318311543429218
-1.2165846724408205,6.1965376178622895,0.0,-94.86903195929827,-5.929669771802245,7.380768859263725,-51.608291018792684,-16.155026501338764,-4.153086793757542,177.55253744534485,29.57333947027415,12.088582926830998,6.712593110234999,-2.118570420804313,2.516066280893967,52.172656795840055,21.34122200293301,-24.480644803278352
1.3808026636378825,-9.22222464736689,2.9618091315878665,69.775358259854,5.1152994059812995,12.7604904238924,180.60502808354715,9.999529937989424,-0.2362423777454445,-41.74700566463092,-35.83268895980358,-2.617831971725226,-31.90749142265052,7.992566222790872,1.332781584733891,43.49065059618598,37.183212455742535,-1.461597282850562
6.706926838095545,10.200291024403137,22.649127737162146,-182.10428700565197,-3.128109016438479,45.48593272261952,205.2454136820791,4.102960785616853,16.692871669947095,189.93230134742757,79.98223561607254,16.084873057452633,32.1255001336661,-5.267192797823724,8.37043518470562,66.22158734436584,20.361194165103463,52.341420490245696
4.398642341665934,0.0,0.0,-63.936629567833165,-6.774868289155654,-9.142105290440838,-153.3900622727057,-34.41401542995434,-6.640942134386168,-107.58078434207711,-68.91062837751377,-10.817956025969924,-23.56122754738452,7.069477069674239,-1.8565216843043084,-104.20691868953577,-16.384815967262078,-20.83287261542364
-22.47909614020413,-9.738537740725828,2.9383032519888324,-78.53505921313452,-5.4957153600182815,-2.3097961525532753,-143.43671694669075,-17.156328583738187,-15.204678888125832,66.52076690002474,41.211151700207516,-11.21756102262344,23.590429380973596,-14.997694134811491,-3.883262551443668,-47.59821002920257,-32.91999514885445,11.307676757106776
-23.08123374005714,-11.298907778301817,-12.877731498564497,46.9390817217846,-10.667121787653903,0.0,-310.0691568693341,-9.67261336961655,1.3768463712389096,85.84226991571299,27.884813207492005,10.798983881331562,-29.795017269161317,5.756934360968149,17.456754927975826,-218.31493809104327,-60.2589932628247,-15.63156434822929
7.069689660389028,6.768431975636931,-8.76772333659089,71.80053357833285,-4.884210929954133,-6.229315529039119,292.34499410316755,30.146516267826886,13.935969546737804,-33.04771654181905,-50.44090174178562,8.378091079532117,-23.767552844448893,0.5478824351399092,-6.406075624849113,94.26354079772698,56.76708847068526,-15.939047269084654
-21.13427246933203,13.228645306863005,-4.111646341592285,-73.73154749631092,-16.554486005561863,-4.1618253143558235,-251.7999571033494,-2.677194513990516,-0.3388524042557406,9.790002934079968,17.82732139259273,8.270866009659931,-26.12344900412315,-2.421661212879516,15.932562266787762,-169.12912958359712,-40.76301761634506,-3.372043450223373
-0.18033882864811027,2.3842297527219456,8.974978283696192,75.35093520913449,14.28851797323451,16.08089105087912,-41.276836033211396,-8.711445636647266,-9.899435312058465,-168.54710542197847,-96.0233536358254,-12.709990310288516,8.303982590328795,-14.05835339192673,-6.156970988018306,57.21495514795822,32.97348315097831,4.278735201762515
0.0,15.089887683075467,0.0,-5.516825370240193,-7.7815300296842995,1.8405924940852836,-192.07970112061528,-19.83484148156527,-4.164894498968839,56.483870623638474,0.0,4.133921370474658,-40.73420485752794,8.683196051827728,9.205722800006253,-231.2328615772977,-42.5695824727656,13.519404976778617
-23.06587329887623,-16.63411372734156,-24.004415147750223,7.577550057693892,-1.7260369385380738,0.0,-350.35204300228935,-20.72779903092012,-15.232462487375493,48.887699253103385,23.11696508546019,6.909310975621652,-13.861908797781552,6.790037416153957,11.78830960173024,-187.96837778402062,-92.11789012865377,-64.292404402756
4.853038325887634,-2.3568329699894464,-6.780415471366142,-40.47917930448623,2.1610756719217776,3.857399009725388,-16.415395604708984,12.496383772273827,-1.6605058056993045,-126.40422780737833,-135.42240069199676,-13.538507772884655,-6.188784301222206,23.055379385915675,13.549583811300588,7.747302221544494,-34.28313809866388,-2.140478996299919
3.8869004139626493,-3.6333460688607704,0.0,15.047493736576007,-13.314762409885597,-6.656232774673469,270.81659606574823,15.9062257007,18.268708173841027,34.882458796904544,10.333135206782046,12.194558629078465,-20.430052194448443,-13.434722912676378,-3.324231064095508,88.96824047947771,27.637656861443375,-43.4097068366292
-2.983914964565626,-16.116719768920284,0.6011359007770607,142.62216116215347,23.688898636642477,4.257096458223612,167.5337376541347,28.71803254838964,4.903053461141561,-19.32827191157176,31.90031001843004,3.5483345538123414,25.092396765568363,-0.40091119282855925,-28.82081416816715,115.52249420837767,35.51192659360425,-48.516182961775144
7.119960662239301,-2.023576257666598,-14.819279947746232,-174.98044832648665,-11.245136839504356,-18.188354988253316,182.67651705562102,20.326453290670838,9.92996158272601,80.32673596252941,18.387170587009752,5.524540560971745,2.199412354296298,6.286442462861419,-0.2956477446467825,127.16221102285158,56.76872172381561,44.854078311099045
9.218896997032108,-8.34852174412479,5.889696092382142,116.7478818306897,18.662061036355112,4.9209348534980055,-7.592451376607242,0.03355337448363319,-1.7625724177409436,-34.56822067744085,20.00722279226198,-5.710482496363672,6.584985560023237,-16.963776024473333,-23.495635684111644,45.66963166814601,-16.015573031229206,-25.66663724898872
-35.10531252740929,3.408871508836474,-5.426676599462121,-188.34774755057848,-21.6246064184581,16.23347430313038,-306.77978230357144,-3.2209878007741466,-3.806187027827791,44.36965525163606,35.432898457257366,-5.948992432069096,10.71540582365152,6.470249430880643,1.3331841365987227,-119.37009113114514,-84.59169199018066,-51.615906305656154
6.207682675298696,4.641742993591882,5.856131281683155,153.80816769598363,0.0,14.452859360927937,-105.34455607555694,-28.46282950690133,0.0,104.28436694986446,62.946956314922716,-6.365493932396601,39.89218613021904,-34.93294020832692,-26.24556189421206,85.13449292836104,21.01721020164395,-54.22904190126286
3.2458290884441063,-9.13903386346075,0.8331528939170271,-39.23550895325911,-11.8940718462981,-15.373740811641214,31.62865520374506,4.273911044764656,1.038963875654448,-80.06741948386153,-17.05629060119794,-1.680055446856129,-40.333033420328384,-1.6337703099444543,-0.4281371702292667,8.866123990227717,-4.703903643594063,-14.863959702087726
0.26127661975457084,-0.0265745830171954,6.952291591982842,0.5762437552832431,-5.776921664357177,-12.796935534797749,-14.01012198315929,-5.300031695341476,-4.772036351204515,30.728359710971684,12.795420970949595,-5.976437157481462,10.611018873515151,-16.003158083919594,-17.54348793016048,0.8556897997722233,-20.451272095223224,-24.21016254281927
-3.814531646617101,2.6156365752491135,4.953335289645151,15.222482086237449,-2.5447095007658187,-10.083956037425818,73.29276874771814,16.090430368376555,5.825350241811908,10.194822698602964,29.1420660568549,12.681080778511213,-29.24395275265283,-16.932671910121822,11.266670790651453,-66.39522228083759,-16.614477902060873,-60.66150883348257
2.925932785485877,2.99920320251496,8.437348153116174,79.44109185975223,14.771053050797223,5.469694621601712,46.238973394884376,16.249813500711827,6.040927320228361,-0.2804326779349941,7.49893545163446,-2.1892373015964344,-39.62144923515769,0.0,-12.161213576493516,-0.6834941032357303,-12.290939783032165,-43.22057624923096
10.050823208588774,-2.3654274470691496,4.997177684602106,-87.44032882022267,-15.205370124137257,-7.9627547229587385,-96.36357896341647,-28.27024492880656,-6.435642753032309,-80.25546202306266,-104.73611783638617,-11.908462840728271,-23.106839227415083,2.970985853024265,-7.234509576741593,-11.134116073739126,-32.884921757606676,-13.763061504288146
0.09601581436655444,39.56236514896667,9.310730770064191,28.190372483316647,0.0,6.461347681306009,-195.62054582340056,-4.50216554543501,1.9864519945492523,93.29386109419862,24.66525027661907,5.749914293608173,20.87508756895498,-11.3573385420159,-14.14624829059548,-233.45975005056502,13.55444435276672,31.5697170582026
5.12601821438038,-3.4217393321334786,5.239230961932296,29.923706847769466,12.17545263301008,29.913630917115977,42.80027539594199,-4.765329677971748,2.590223169107207,66.81348953891445,0.0,4.274248804356706,0.0,-14.457769032482847,-29.72522641848728,8.427614211829825,0.0,-51.08030623208586
-4.754467361492027,-4.339583879960744,11.325847117953336,-132.23942280205486,-48.147068243224986,-31.297274929923752,-119.85011412990313,-44.94031304513087,4.445477065169809,32.81841743628398,-46.68915319406009,0.0,-11.368218306843787,17.936431175794084,3.462082203183334,-87.91042793412656,-39.07341473187911,-4.973539119430939
22.50307764873022,0.6729435928614295,3.0774354577305782,11.769923900489127,-8.563471156115888,-10.347544724606635,251.3585886905093,32.05446643185518,11.387990541246081,-132.78736861701765,-37.21184251779821,10.009871124104967,-50.4960861954041,17.248305177933624,37.01710429652367,48.30659682537709,23.965819880202236,13.025485838542721
11.959934680819877,0.2891227378749508,5.384270111830078,-2.6618380551093814,-9.498137582739961,1.0396166367822315,-59.41340795975249,-5.706451068189549,1.3522600804075862,61.90180711599869,63.86862232737838,9.361987596166989,11.109618822778328,1.2462924401750013,-2.0834801212888823,-39.17119990224514,-32.37580723351301,23.04271509667268
7.292705734847776,-2.2774413402901166,3.0897072909579,-190.09135423234505,-14.835653586160863,13.208173146079904,66.65129464087441,-0.7144297917662062,5.073595578383626,113.21404125251647,24.412102949312693,5.950324916457036,15.14772588717175,8.06007571608476,3.114572025173015,29.726977036530847,7.885732386407523,10.201379186095892
-20.55434366163605,10.290536506716668,5.402737062695149,41.82533152243684,-2.463251257843136,11.517809397782306,-214.87606586196375,-30.117616820776703,-4.790413224489883,18.132460492401144,42.82966543957029,12.61325155850754,0.0,-15.434593672025313,-28.910207147255882,-108.81127527484658,-24.7781731072573,12.268817856970372
-3.2093166131273394,14.601389765561045,0.0,35.197953404033534,-5.517089187274001,-2.4402839281015574,-155.7929097724852,-19.30493391023874,-7.677047858543332,75.04143728355193,60.950834438987776,4.711740266867261,-28.414389689536822,5.363991059640659,-16.758464953539175,-142.69722699828162,6.322204785076298,9.215075134070844
10.57411755656072,-6.337206288457025,3.5711602119537993,-38.32729291991464,-17.835721718746296,-21.942898593315338,80.4543147369571,16.4460078423029,8.670294571389903,-93.57426157728916,-11.751964016769515,8.560254918048283,20.60621042669023,-9.322835938153114,3.5440472413772266,75.07142012000774,43.02885829978324,70.86636934632733
4.620943729396053,-8.695965585988192,0.0,-178.31684901182012,-12.335837585592452,13.789699998520703,222.75036223556904,24.372924209605905,20.59252850794653,134.75991441860796,56.82371878606234,9.83624246961309,-24.467177264617806,-2.322680327578352,0.0,113.28525945789126,45.78556580093314,41.82723140096937
-4.307333730453731,-4.807093214405427,-3.5757358764595653,-195.44660162053535,-45.85484931743432,0.0,-10.016720490929478,15.294232425806884,5.528056090097688,-88.76551547771612,-32.3712955842099,-17.38567827053879,-48.445350782856245,0.0,-1.2534475005139112,29.496006369464215,33.90455211611583,61.44665115210984
6.4090802603657,-1.70664416115755,7.4956780089387625,131.45452370396794,5.576604325918833,18.56237118751914,32.953595148176696,4.290585547368429,6.52506171301222,-123.91826821270067,-42.94808281812317,7.716756675908188,13.836785903101488,-13.054507837824984,-3.9912361546854793,49.490146036864274,34.67818201233108,17.769237812193694
15.716181313056316,10.997091348966096,15.433521975327194,125.17428924776972,26.892186237320175,15.322496139987578,43.23095732242531,30.0374297286374,12.8099392177274,-56.14096117600994,23.027383093436075,10.538699680160482,18.133082902549944,-9.328267868714102,-27.062971205537224,45.55407109171919,26.160947062231116,4.57819799224734
17.827328615904527,-10.946201284426412,3.4260146497444888,-15.733775464025557,5.287971471309375,11.845557490000129,264.5209561464979,41.923626325587406,-4.350591054460091,-217.6501118474795,-75.31800782417673,11.638004254432532,-11.101483597865702,4.845671917909204,-7.391256661745486,4.204911250082994,30.19914602266827,0.0
12.556542191452793,4.681284501313789,-2.617633663250325,186.7480490841633,20.619825691022132,10.240595063267584,355.0243445658653,46.95078301368315,22.1376601599937,9.02704082477242,1.4128451171059868,14.579990354526739,-15.360368140459865,0.0,-13.990879322395925,104.38259809916882,89.72732980913965,-39.637980239010176
22.29634700169218,2.9033714377832784,7.79487985269082,169.68600379764055,30.021679696639488,19.217890804741884,360.5777756315399,66.17352754498253,11.01445893040368,-17.026687231442306,-28.147958671835404,10.287003946934602,3.368395612469784,-4.66483392602729,-19.52669474785082,131.17419748834467,76.35257319198396,-67.0576182990734
10.968849015096042,2.285971715037384,0.0,287.7929602786666,42.68152371297493,19.428457437417276,254.9641610360145,37.22380657040009,19.038919070708857,7.080330677364729,31.09067568494987,18.830417147173662,-19.582740954778746,6.805366604771212,-3.3054435779652085,57.42236762808173,59.827245441944065,7.020894288070508
4.941376056483114,-12.883231932325595,-8.44047930663948,-9.134632147183675,-7.28506551395113,-36.08454636352117,108.23298688897736,11.180784044851308,6.501355039908032,-119.22919385182459,-94.28201037362554,-2.268502969123448,-21.388281587684574,11.58527188571343,4.756878439143913,22.598922801055448,-15.539143203326857,-18.17312779331732
10.9511970410187,1.9994344641611677,7.41486082800197,92.86427593331271,2.2591866724914658,27.688139719651453,0.8635322180192557,7.812990935351779,4.250690495421076,62.888687013096856,16.906160366938316,1.7155588942496474,33.53490644950159,-12.293968439099343,1.1081501487789616,114.93801666340714,53.42855521847854,59.705202526918015
15.828024615632552,-4.069295931826247,1.6838354724347193,70.78050976016559,5.776238563883766,14.530556659051358,-72.37063383059751,-19.1704451358557,-5.64153038158779,-38.35130914128795,-58.99706784515055,9.382431902175684,-40.97800018482992,14.528540385146355,16.13444288977602,-71.1445116001869,-8.411386535219345,-3.692497764596368
3.7654124669828475,-7.1238766255999595,-5.306860867024136,-16.488960658562053,-20.332896773772514,-19.424191767833012,150.94361943799555,24.320046082034953,7.666473376416589,-237.8373520729925,-26.54254923775067,2.779817620478196,-30.86082817950218,-2.320339434077365,-11.304421713892776,33.02111767696083,26.08372440270367,21.620805375275808
12.00628636183774,-3.7696088831091505,8.444894278819753,-18.82922503579773,-8.511723379016567,-10.459130266799209,-68.19578752111829,-34.551007806914505,2.8067060938395385,-49.34764787578865,-82.62087686332661,-4.747249678230128,-27.80503780871203,23.391254504343923,18.13855673300719,-84.71817505474436,-26.78683964456508,-8.792614970024772
-23.14928934205565,3.3287732824875396,-10.36714838881898,74.02620646486177,21.793087583833945,4.830138268516384,-235.5143981923119,-31.10973552382489,-4.156740816531706,69.39157997363269,16.77399138638635,11.4211450817813,44.483948840106315,-47.29753824734144,-80.15715109961877,-32.427800978110575,-34.86966371308466,28.268772299278936
-14.977616615578775,22.01334539255634,8.604292450619116,-198.64221876330967,-26.984489862244303,-4.715015164723218,-235.13861117283304,-2.478865651662076,-11.696933641071787,70.14258105395743,17.241872397903713,2.752550520402289,17.328775797542797,10.341251286334705,-7.882189684489067,-133.79748606449195,-32.51416202603407,-15.976467604150116
19.15883691016971,1.3038335211541667,7.903448906268227,83.97091221234267,-9.08656766031891,-4.388934960543541,177.32464050213366,35.87431605431289,7.992914699816368,54.5401021560421,7.504851420434208,5.711522679489718,35.94706531932085,-12.847693698528689,0.0,156.94386437159346,47.806642836413815,35.13696892601922
1.5573323353591193,7.2204184254176,0.49160798767229513,54.69459344530617,-1.7630981110739474,11.708792380476616,185.34688980268913,25.941466967872092,5.198314504645202,155.30229597798407,45.67959344614309,4.8036539960758775,51.464155664136506,-12.487668672336602,-21.565078720290142,103.33815454269943,38.17640471725705,6.7609482952581175
7.881673318241877,0.8227712334770896,11.133514089781245,75.42761951439839,32.227174577448025,33.05765514822285,58.90503380307092,10.104981636547636,7.13874805994751,14.790162187076714,-5.460423778012089,4.5103189737206035,-32.25698431857081,11.184920446125714,15.875393729493476,-20.805699885593317,6.824676338273486,12.37315992207283
11.33275397731129,-18.481365083135962,-10.29551238741392,7.256899503200058,-0.10638475516663705,5.663529862698584,270.66383112965184,14.327427608781356,19.65358298944912,-146.20708060591397,-38.59062351128837,10.239830787593188,-73.18108959689339,-13.512394176244355,1.1554474194753273,37.072202899552885,37.33696684787416,7.803243150029118
-10.236836382102137,-16.858368929168897,3.963220045493728,-42.72794523521368,-3.974916038348133,2.066017984212956,83.37028010265793,2.6629461179846032,2.4522697570039815,134.31952385412066,32.87547802952931,10.896139095592236,21.291621808340036,-0.2887698237010341,6.202962310939114,11.211162479768173,0.7983715579285228,7.174278599958967
21.771237579170222,0.0,0.6388556809895406,-51.93186293596869,-2.35445973588996,-24.55115333191225,139.46635742485878,18.710076904743275,13.714807887893695,58.45898892506436,-16.115579956824124,8.291633691700927,13.80033081679951,-17.412990300528747,28.85880456422973,138.766089344353,47.0981060943659,56.59985727687149
-6.406506546094677,-10.09605368839961,-5.7106313138496745,50.41499660653096,32.39220013377141,59.93361200960979,92.78676686399716,12.807881106278444,9.297828850582599,-61.19199721529034,-116.54437022743315,1.6419154190893799,-27.135010412826396,34.05132589758225,21.11145118386953,-36.78157992970777,-23.775711255882033,26.0522002550134
-5.862874444856981,16.972430359405248,-17.115837546825343,101.8362716950482,8.736818873109913,-20.081573739223277,-252.3591517964141,-10.580836996087001,-6.496975524140701,86.26832592213606,50.89479041657103,0.0,20.108371170294486,-4.320570855945089,-6.310125945044845,-114.58971027371767,-15.10977296515668,0.0
-25.179893342590432,-4.1199376108161365,3.2211516431768112,-66.5248301558768,-10.214255819581947,7.113083617846854,-374.55813957459213,-30.088764818732592,-7.781550560028045,62.228235206827655,41.44393470929294,-5.311685013195672,-5.435125265908031,24.58393207331479,21.949368027814465,-172.8419083103426,-91.05110678769044,-86.43803126586806
-29.66132485278582,-47.40232500945001,-23.514458790022715,106.64981991183627,6.73399162817153,21.88936649106769,-377.38076233556956,-54.48350914763224,-5.469652198360939,17.848897984187225,44.99160181722591,10.641381187334144,7.881512188301595,25.319540070205655,33.114288138779735,-168.33729704229196,-163.7796832729741,-142.84730088017216
10.434217911791224,-4.30965508819901,9.073981575850217,-23.033383258015043,-5.138918508533842,1.746607969330243,-5.4705534736376595,6.716827012186871,3.6321813127247284,55.12960869690779,17.258261811449323,5.81940852572286,11.120645272954285,-0.7133818364986155,6.575447679503595,85.44848796399717,36.15298594642595,44.88912084328649
-0.15847250227588056,-10.059333715854985,-4.948449590932946,63.37681603986953,12.634291464511898,2.2362475689796706,226.70327162775536,13.415128520772814,4.5543620236168,7.764116952120767,-1.9067071839433594,3.4197123157185008,-106.48233298598497,8.56839697517076,12.762676655999558,39.11527119919856,18.641116286611332,-33.985713009388235
6.226060560787666,-6.532300360840528,3.2931131316011633,61.94318119954422,-7.874449388979702,3.7129173397136266,-73.95850594088672,-22.543865803967037,-2.896607119225746,34.25060590282401,2.424445521141989,-4.187587413811968,33.41442364232939,-22.89676652960393,-5.472225084727304,16.713648834088158,-5.387828607135924,-16.943775768011722
7.576502571295597,-6.8834147990333205,8.400469555970885,83.95192548897617,3.8810780078635263,18.499229537676655,-0.9606713730441213,2.332083169111707,3.303971785725632,-23.53421145554957,-26.866241859175005,-4.963741421106439,15.578437269220906,-11.240153846723334,-20.348081699122222,51.28716741542228,-0.8936367495136243,-30.64542889010103
-6.835423992601192,-5.810637258654652,3.754099566425097,46.85031545297647,5.580701515777791,15.178966082066406,263.5347220284234,-5.762729096376979,6.166090525223794,-38.436058035727974,-25.701773120740146,14.492433686185517,-27.393894285101098,0.0,-7.230903255613233,55.27059617195404,46.2259524329539,-18.735900690663698
0.0,-7.991793792173787,0.0,-20.50748789095329,6.140560019679974,29.786182318925167,6.734050211481841,-4.660728120971773,0.7325321915727585,-187.09064208226965,-42.54914372449916,-9.219736251469817,-12.270925702609242,-4.82254400615799,0.11652805615106104,24.834599707517157,9.225063512664994,-21.786714605011298
22.595012724720632,5.75820425255102,0.0,-140.2501731415983,-9.565655443650366,-33.43331786336431,261.3661060944594,34.97491023358901,2.8433865223080956,-173.52697294222426,-72.40578079417772,5.240382978377739,-12.795196568284041,25.293245163260167,14.786254712958398,46.01845872095194,47.80573370274883,9.435804426474569
5.965438401116831,-3.901802318795432,6.852578392863106,1.234191226838334,21.155478850417893,26.697762825499236,-48.87765732605121,-21.292411177698053,-0.8750850985935553,-37.16281217165735,-48.24627216088119,3.5549183071902988,16.690970170324114,-10.95419205348493,-7.757400524014339,63.65823844924876,7.330975526553393,-12.813532906912016
-8.098350838021195,-0.4665857220456141,0.0,-64.56452896531073,-4.787798574647401,-27.17613020541154,65.16533374312412,-3.7340675949722346,-6.29274322334047,26.46506630136517,-1.618868298158976,-17.344398877303973,-45.08941906077776,-8.560159335580144,12.494401240375117,0.0,-20.469322827587273,-24.89339641448177
27.736380870235134,-4.196467638694437,6.2047307299249175,-176.94502265066902,-13.67164341368636,-31.233886718146977,195.51583699250207,18.89754414314921,29.77513070004784,-74.1752394079246,-31.991285664310972,-1.544019009173205,-11.934727319577771,-1.6347875072161933,4.4149866955618675,37.45502835762249,30.059356286976804,44.1430430776533
17.22966169330591,0.0,-3.2219873294541146,-20.09641921085199,-7.214888141876615,-15.813674670952068,214.18367215126617,13.218066266252332,3.3112735147642067,49.47184781377076,15.556429673653259,-7.625581800466886,1.4236028417559778,-10.610688356654236,-18.80285848952761,82.54651777424324,29.56622756281129,-8.48059752349252
31.387539948187346,3.6645126633121037,-4.158981094839769,-84.50972285689383,-0.939472903096257,-17.778323457671625,195.77555997228765,43.13386736297134,-5.905258019666584,-195.41353446292786,-33.74285555673979,-9.207851535816237,6.998260086187313,7.112966864296821,17.896408879396464,91.40120422363378,56.082292466832826,55.49530101813083
5.304919515875002,-11.238892010792823,-10.079727639963092,-170.35505839820763,-28.827528904122765,-48.449999994356325,155.1807237176829,8.305214049784515,21.325912395764647,-72.24242053115739,-17.415240853451305,-5.331165130043263,-37.26985044558908,0.0,6.9080010707111645,41.24351339115821,34.786102574723934,22.45393208325021
4.118332642214122,-0.8467495690311104,8.571917065655315,189.06360769977667,24.906833953767553,22.714029159355963,209.3783086659499,26.22324384721853,15.361323592490526,-4.818564294573946,27.18030231287176,9.818991714604552,4.229857929043454,-10.287608692339193,-14.687359022469368,69.4778639580435,60.269475654392814,-5.67848612032094
-12.369817082535269,11.111256965982044,-1.652484666014013,148.397708238838,29.47461620937444,1.6226298503792447,-194.23890665321875,-27.38263681124392,7.866527010137426,62.582706656134825,42.42024720752466,-0.9918938268293519,40.48966441909296,-33.98960489396155,-32.76317161037312,-84.2963353496203,-20.020694099273115,16.009452635002432
10.70338272535446,-7.398133784613813,-7.211815559640467,-96.14745469373491,-4.113813386668491,-4.313926431034608,199.9844270760772,22.186398742570216,6.6113296407955255,-7.0128569911242105,-8.470691706338204,6.144755542450238,-19.384356268342703,3.947942303087807,10.916640372407082,55.30196017507209,30.012191359302673,9.850558839619652
-19.609839763528402,3.0874870677487216,-0.5455646655586597,121.6208875267188,15.361799124334762,-11.33983356475817,-167.72360003509456,-17.170324863358445,-4.286842619893017,51.20896414928937,52.23471413351962,5.072759797019103,-6.7692744105417635,-21.99928201550748,-21.406651497220242,-112.47260506900983,-66.1915822252934,4.643245370520901
13.792228820393262,6.299596690037632,2.3369404138264485,21.895694757137942,-11.827836587084967,-3.1383493295371756,23.16141794448567,0.666372246819902,0.0,-9.98391032744467,-19.166148864767887,4.59214480467312,27.472770325075988,-13.891583000714549,-5.441825161713088,77.65722108405826,0.12491827295848408,-19.225190863556648
13.817550863074807,-15.54905180347442,-2.861370596800343,-24.060271639242504,-10.133837060506787,-19.28817154449577,141.5991172543921,17.42682643795537,5.499657820489243,-235.7176118196423,-64.95609616171826,-1.974131450313796,-20.506259503034638,17.83966204068329,-0.13561312555875366,16.53471260210055,10.257240183572847,-10.716589515859653
-14.962822392262291,0.0,2.1630595323845454,-44.52798285486623,-13.15201852442766,7.560298134169851,-137.43927264426085,-20.236244436266205,-2.0142860640300944,-16.89250228925402,-20.746135564131773,0.0,27.91403979297759,-5.4637591926155755,8.979326570335123,17.531089818127576,-40.23599910733673,1.6042565506892004
0.0,-9.582157533542562,-4.741058865617121,-18.8223011461881,-4.91140896623007,-26.47970194118016,123.85548950549732,22.12978773474633,10.307582623929298,-153.03365676874617,-60.472742021035096,2.3212419677964538,-25.957273645613206,22.69692516947883,0.5335192322908974,21.180973963348002,21.28650635650474,-17.130684260787845
8.758519340136672,6.630743845977595,0.0,48.63392799428681,11.884321285269735,7.957953672084876,-122.84131374066602,-34.876497204910095,-9.450530665406472,-65.51630513961562,-126.15185393463602,-7.302498685876783,-16.323281191369475,7.876763967708855,4.696751479672191,16.125457133904842,-45.07592487406325,-20.54108740389438
0.0,-10.70727559388024,-2.248147321478813,0.0,-10.659480295347299,12.261526205240296,72.52346184087382,-5.658015386211346,12.441854517351171,-113.07784136743297,-71.44672549362303,0.0,-16.307308498933644,1.1231801854012387,4.382618257661386,0.0,-14.424528439764245,-18.321044308809974
-38.0258705668432,35.937884360688706,4.699893668078849,-20.81749594590933,15.75913978085574,12.7944332694788,-209.63313792799764,-12.582000044820443,-11.170002487505423,19.208356771993518,-44.33096973553385,9.705681940561266,19.537255937994537,-18.124943802209604,-26.17972660353285,-200.53525750465693,-13.771705660049681,27.82547039385821
16.204463285268332,7.9242108372657425,-0.8381798565097333,140.35519402067047,-9.433584499918945,-2.312023204963058,22.29956356731342,2.0965469497449627,8.702183199815419,177.77619108425364,99.13958680713027,-5.3251836086581585,66.93138018705322,-17.682952916188636,-19.928195673783083,97.3525804164978,57.58967471137373,-56.35489697543221
-20.02703937226164,1.6374170206161265,-8.664526942612238,-137.95932111285242,-14.591304732666476,-1.3774275621521186,-187.94374283862285,-17.129466676342574,5.749852846558449,157.39047828433212,-3.1660845385164964,-16.339073628277127,-6.365958518585457,0.4888139303110889,-12.890724180734248,33.1114544067645,-19.202323373640365,-47.026404464800294
-3.351492847686354,-2.209150503320271,6.976728831350932,-300.6149866212496,-12.502814161860641,30.430410301629124,220.47607229333676,12.487791339928737,7.194616004810225,133.92074081005387,73.7929242581786,14.807230511225121,-27.4615365247961,10.867461099164503,5.485233425468244,72.7221108197456,79.60700423058677,109.51187521989374
12.294656607683704,0.0,7.905603225196271,-97.30096968978968,-18.52679906465294,-25.773460467228915,-37.3665247544784,3.78514494452412,-2.8639423521692082,-10.622301835154161,17.96727041036534,-2.7879702141943543,41.79042010600256,-10.058378190697576,-10.566311241530306,72.36400935018402,-20.539812007418302,-14.622605308532556
2.7154861400606207,-11.914127003232936,-4.97597130735779,72.4313834985544,12.674411074930255,21.184867164281275,88.83522271472079,16.361798614171445,9.64085382150281,-75.6120392076488,-68.94459322036109,10.21787495021142,-40.747389844263715,29.410296189731508,20.892054497076828,-14.547093867503364,-39.829008309400855,21.209375130009796
-5.908069879452824,-5.135562042290421,4.341540449918146,-123.17943296100817,-26.633498070491683,-4.92796093630164,-28.09191288293698,-6.6380129341937275,2.8886465726074078,45.31746662990965,54.517237438512076,0.6761180714103475,-2.5408721216664403,4.980080471402376,12.087003978198538,-36.64837995227152,-30.71189203475642,12.498552339668777
-4.345125765698063,-6.001081817453383,5.693586326211155,-83.037881244431,-1.1803776449866172,-2.903247881254753,-147.91510382591798,-36.2448851592395,-12.414339065916636,-132.8901188697118,-26.829385977728396,-5.188376552203306,-15.06185243605843,-9.20572337917645,9.631347658838273,55.53705093254872,-7.486212585763441,-30.886634043944923
0.0,-15.468786960001795,-6.918284074494869,99.11849946893354,30.590484272344614,29.46425992659095,129.3411910581345,37.58040032085124,-4.710013061842684,-118.59400554104536,-3.9700828438107845,-22.732984371335835,-72.24400031477977,-6.554553463055085,0.0,22.642495768883723,4.396785419221344,-36.07026323724148
13.436008268093385,-0.5168189798945554,4.166757862654032,16.98520347512079,-8.324288650620138,0.0,31.168801992667454,-1.854261304049937,2.6926441636321985,119.93664476189535,37.1795764208745,4.425268533430446,26.614063343964556,8.05191408447341,-1.6730017761075209,85.35254175091985,25.020936325252706,9.0121152905499
-0.8830825368289446,-6.302526612685472,4.87926333133384,39.65069168824097,4.971665235338232,16.046242881438058,12.119679945962197,6.3355995507975855,2.757814280795967,46.006283265745616,22.23636892148827,7.400763900162928,15.173353326623195,-20.118117649576693,-16.54134137505691,62.97111889686749,-14.987144767331698,-9.452833849335974
-7.957728412719551,-10.672061063143554,-6.930544080149097,-19.725084645958802,-7.718381134748118,-25.095481566374815,89.24620208981034,26.90363447289119,8.014619797132378,-159.32757857271181,-34.898166164728764,-10.638377110819437,-15.940960044980885,6.781565578083742,17.985558784531396,37.07323725493135,4.653988270320067,-17.824922048628707
5.1045598213497545,-1.3868592706229927,0.584349415814368,111.72924327452104,15.624895489491019,-0.5597572370746019,124.52895574454651,12.736592107371237,8.129602939069283,18.962128845243875,24.24683556490472,-3.1002037538314684,-65.17438012387905,2.422862285104213,-13.11039935648846,-26.452264283045178,-21.063226219645088,-31.24372735866706
7.10208095797481,6.042776629905717,4.75343173238785,0.7302717567921867,-2.931116896888847,14.420288357449019,12.696033321959598,-10.714229440427172,-8.357685038982408,197.6363030936613,58.906788919029225,4.543613328417016,50.11326687531206,-18.149988156663028,-13.391779431918149,74.98842341106865,43.034862563950554,-41.716384494576914
-19.745896992859237,21.785753048858062,-1.149693819006177,-158.44593616345762,-24.218059377659696,6.557023240304757,-218.7034386582545,-9.009415451702873,3.652629978149318,74.44316541061963,35.0577900482986,7.939744901694713,22.44135790916408,-3.9098992325714184,7.596610481611838,-69.3025586395728,-25.996520899094826,-6.305476795136428
2.769506242359524,-4.818524102477608,-8.795959815733323,-22.868209827635717,-12.841316089443836,-33.91426968632986,82.7911404267381,12.30778322659454,11.609845961518799,-101.17477051320725,-102.42808005005168,-8.104765519231258,-15.354630523852158,24.34756796021089,3.083045534937359,15.43086593171998,-38.73952396249452,-5.71039661510639
3.167787403175517,-14.293694915696904,16.85094934927044,-13.725030083642588,9.342066161138057,50.322845836304694,206.28033989824323,37.1148151826714,18.258536675907706,-193.88537309864012,-49.64143752970064,1.518835054852275,-40.998792831415365,30.424906250290864,23.860568577114663,13.692291429677484,29.065483003354455,1.8931648302990993
-33.04704704570346,3.9641612007271947,5.485984946762163,24.02686815231881,-7.422435207046404,-4.7531287724685125,-222.8437148262838,-33.12259998115353,-10.078311031315286,97.45017424639988,21.127232520538094,0.0,52.473596569716214,-55.230422381489106,-34.10488983380704,62.97997755434886,-8.450335081885076,-29.70618253217043
14.59571181926579,22.428435837228385,5.183936067226126,128.4590290297673,10.782418769077715,16.405210732796117,-138.36311467524627,-49.63112831900846,-4.215735544120422,-106.1050497278308,-39.370009752102064,-4.7440713104013525,6.958919368587753,-17.542894060156303,11.993900357167043,84.46889743344313,17.8727402874489,-10.380851655204445
7.782993580838997,-0.6984779652394557,-5.641161591127351,89.406129680334,5.70334903017907,6.470145606636864,-68.79865095088415,-29.858185814314464,-8.901826205623761,-49.017648458663594,-39.70656786793761,-14.47949297791735,-19.66808913214281,0.5803471526919654,-14.831304997645567,-26.49770484111555,6.40280331631814,-37.02639973822815
-1.1228773572911124,-17.231216524862408,-18.529342496354865,-219.38121428838826,-46.56034764467887,-60.13370498902794,38.42937411413869,12.410741148376504,5.003313391342651,-11.547213426025664,-9.06461487882107,-8.720993991341118,0.0,0.0,0.0,51.770604554187976,4.1701961409777075,-16.683934306713468
10.435619746010977,-1.9588748637838966,-2.131410617463672,1.8448210822821816,2.4597950134451176,20.560121893253857,-78.45976866552581,-22.878413053740243,-3.092341993198569,-153.2968761996718,-60.672264936687036,2.493348252086191,6.120375644861901,-7.206087486385745,12.896799579721886,50.741490068848684,5.900941029211615,1.7680666758660948
-1.0402028808435242,0.0,1.2470298933092274,-64.07499829798523,-11.100626364808141,-8.559977364481947,-67.29137799631465,-20.415026587501185,-0.476317533463015,36.265635716864196,18.98702441673666,0.0,17.92012497351392,-17.17336330351181,-10.218806421019426,59.338451768714144,-30.60296989566829,-37.21130160812824
-7.692481529818382,10.443045489542715,0.0,48.58038454765165,-10.624073027987677,7.423865676149796,-71.4617179852524,-29.39758104415611,4.9599997820158155,112.7740958803338,86.43845813080402,0.0,54.55254801661079,-12.196307868889654,9.678379913302683,-2.76606071074686,-40.83898493619382,9.724835433121058
2.7916212346810836,-9.347565107221644,4.415591510459437,98.92000217475257,25.084643498174998,4.590745656675138,249.27730416143382,6.93756798411502,8.7827955666248,-24.63558922129568,14.777688244107235,-5.271242634310567,-9.92495377639196,-10.596129647022906,-22.725311919209837,68.79601766653221,48.56668634349061,-51.88161514903487
3.9865688602957268,-0.9028312771898757,-2.6148235570485556,90.23520136807427,3.0248244684459125,12.182889726162601,3.3018425400491527,2.0900362912383104,1.9849845161248807,-171.8970874614594,-73.49175038825018,-14.480251094188274,-16.458913220283844,3.1529507226697127,7.523469246512915,42.67423410876093,26.074643103106514,17.32309297254102
14.773508240191807,-12.896215286932557,0.3565665263593722,-203.27471381973012,-22.16540175290545,-50.17184671177546,178.03718585221648,12.43057327648835,15.958873362940635,-137.33264233562636,-42.31979629492621,-9.21715172537667,2.744779341143721,-5.4791161712664405,3.4652728009654057,42.7495375447917,22.744180874159717,-11.271185713616177
-4.682796264494579,2.7314706473501524,7.550703168339462,91.22742123915445,19.416985467644228,16.82579937522847,235.1492231386808,46.79185226580066,19.13451458143372,-128.78604702242149,-85.1661743049067,2.9483842559366114,-34.57753446083848,14.484541593393455,18.993249929532197,-15.738527633124686,42.23855462070002,-12.14568729238104
-45.01757206658938,11.814886479393722,-0.8987978279007562,-154.0719171353316,-21.087676534751594,1.89073677130217,-271.8189641877685,-14.07595356653571,-6.614277840243903,73.21225783069724,24.76576088080285,3.090792356481957,0.12447785024801743,-6.650521277281175,7.156293596794191,-112.1690454040146,-34.094782267825316,-18.337595972399527
-47.144933917575635,-14.257211767108428,-15.209234658773322,-174.65162676680436,-28.967229790273535,-8.58310515996898,-293.2060569201652,-20.825937911855426,-10.956255052255466,101.71910632741547,38.36669693053046,-4.02104604147358,11.717555609268459,-17.014105701475557,-1.7569066692280773,-47.98966676695634,-41.14291150831284,-37.71770320766905
21.698653450080997,-2.982611232686626,-2.5517244352142514,-241.18879537808337,-8.03025093183712,40.98554849428652,62.87237395434308,11.190212123321464,9.850158627288877,133.6330731142045,50.62758987671072,13.70554231745202,17.046629166132696,15.963948180720248,19.3012295564664,35.88434890287157,61.516540581200445,120.49411627224376
-2.525440743170539,0.0,2.144594152221854,63.334833622502025,15.46850795364754,12.595497027218137,7.153034290456287,-7.017264503239519,0.0,-100.62644232105252,-123.27895348353496,-2.258283683910495,-52.31334322972893,2.0370542992986795,0.946402597481492,-91.73088175734553,-31.69578000477477,9.033279505056555
2.438360913721779,-3.463645422681982,10.971423451829423,31.43946212038411,-5.781833189115058,2.466207188897259,75.22400532532289,7.329919458948768,-0.24836289998370034,41.605861083280836,7.823436740643984,-31.283911399209437,16.48389337080134,-13.742096109048317,-15.509175136188107,59.57439075268525,29.559607205435984,15.27495968084483
-17.422290406471827,21.018051180447358,15.956597976188243,58.19228115080464,-6.107279477781807,1.9500148863527014,-205.19495811246372,-31.083332145916543,-2.741212467191553,36.93642673301377,43.79561050706433,0.0,38.14267957255874,-21.886528478597395,-18.57055923337934,-91.1474060847665,-28.51214928756785,26.145871329762144
-24.172059555883692,-5.933242276087745,1.7390298905630255,147.78190443760704,22.50333645083246,14.65693261024544,-168.2283281155577,-55.90297443677767,9.521836889558994,26.223924635096605,34.43590081048863,5.978078060825499,17.265661939680705,-21.114611235235255,2.9638626938733523,-29.1662735644383,-26.541466751027386,15.394759276189134
7.8916520016828,-6.169207356852018,-4.288616919095228,-148.37140232807863,-37.75274470267446,-29.192947562962956,-55.991737052053125,-7.770982896179234,-3.945424828997278,-85.15338125970322,-22.931825929038038,-11.016092405633682,-14.555435518491139,-10.235037594806752,-2.4834163053263714,48.85667666278169,-0.8192958702486954,16.34963830556842
-9.653013332915878,-9.58947967478111,-0.8075678801263309,22.301226332175517,-1.7764930350513006,4.9893264227088405,209.5514487197879,-0.10090980572866434,9.093608979598237,-157.61096745324878,-12.690297482929466,14.163113624793343,-27.93660583663252,-5.315690319744105,-3.8222251569720562,35.439320043458395,35.00856774005348,4.70743670367375
-6.997065157156726,-4.3621048194482706,-1.2416236052466487,-27.494700879686707,-7.888789321982001,-47.48834012546702,150.76041715547365,17.47127030748608,8.160765895141106,-51.46537156231871,-35.70410148490262,-1.8124815470952347,-33.70314730281849,24.070973711094346,17.217958232255572,-6.639560427731749,32.72441381276257,-2.82986428629804
-4.463959984107256,5.820180240315075,-1.5815941707936774,-309.9974183041231,-31.84040941927175,-4.667538749920956,-70.95888528733538,-18.782584567293405,-7.233029607646857,64.7778148771281,27.07466288612714,3.52684513113086,0.0,-3.5348211527081146,-4.553709744283782,34.41940929669422,0.0,-26.5159246767318
0.0,-5.07174713981811,-10.61325355731024,-30.82071548448723,0.0,-26.912264975952596,94.93757114958586,12.726124347518406,9.154911910514755,-106.19054727410783,-137.3611436618837,-8.414146305892585,-78.6019677692261,-3.3414040762096664,19.47252194806876,-53.44182006339147,-48.104722697529816,-5.290355838340702
14.40245176228746,0.8084869199537718,8.55629213386795,-6.771848200725621,-9.056863100959786,-16.771900375665663,189.9305117359073,24.20881964094153,11.224320463204577,34.76918529429974,10.817227913358257,11.18686997077298,39.510860906640865,-8.265473185091953,-8.806463155281833,108.5635203307251,43.123625891595246,27.977307725126366
-18.65306651694303,0.0,-6.944036914719112,-26.863526484616216,-0.6996989499970147,-15.194631641455064,-182.37252037864576,-38.119924248203425,7.965095454433163,-3.9143233604622765,-47.97501567497314,8.921020669744527,-51.060570705958355,32.50572151453249,10.605443277904138,-158.6587979654596,-40.9087999503358,19.569415823402665
0.0,19.354778012952053,1.980969143028963,-23.956041361691078,0.0,10.726457823345044,-182.96510544654146,-13.332874745708978,-10.119926577999692,59.02321848327851,33.60631453382049,6.502392979001346,67.61756323759681,-13.742641488480738,-20.848813326642222,-150.79193532751037,0.0,28.364134695244445
0.0,-10.249490227354956,-9.748794829554084,-42.66843377878511,0.0,0.0,54.1250836510263,7.909874379166165,2.229624569841102,-110.17650990960502,-150.73514021942984,-24.34994595077515,-67.58260881764446,-11.922725043514573,34.87602418017144,-37.681569276634995,-2.3351841085933547,16.903729269102882
-3.716830330778775,4.224267766308224,3.5055679098661443,16.682756713430713,0.0,-5.007048763523574,-81.74439957306689,-8.086924885330696,0.0,36.96467744953367,67.35065621246969,1.8357924062162347,15.556168068348024,12.098478777022626,25.03675657302882,6.338382016964715,0.0,36.447469428984746
2.408614893903763,-3.4770034771545384,6.25724927550346,166.25247213612514,33.824711794569254,8.955280420709613,8.579774285136793,-5.21523535971483,3.198751264938323,37.39077773198147,31.118063038394375,16.306958562927203,-42.73033009993406,1.0327269074797403,-11.715207478910262,-17.303961428959422,-22.996434981790905,20.137888034411077
-4.056262250237602,-8.450712208625696,1.5750083672568003,-25.776016408894506,-6.885171260628167,5.45015575536324,98.0196938990048,19.92632276526841,10.313184598432931,127.1157108424327,40.99289133717186,5.740683661865949,29.706304857559118,-14.058178315841248,-4.166804647789062,31.061417535806196,-8.841747557696124,1.1917275363114754
21.877172330509254,8.299668825408475,0.6075699949853156,68.72941589678837,-9.036840228435734,5.476644194811081,301.4550539620183,30.73892203037903,6.793240268139222,40.00655627351142,20.068874503997545,12.948623593518581,0.0,-12.273347748422196,-26.181359019333268,137.00690197709525,35.861916684323184,-41.3406658973106
0.0,0.0,-1.6301424994014957,-83.04665979593904,-19.820408835243015,-10.108071014817863,-105.90243312188996,-12.617849038389183,0.0,-22.73890323262966,17.378610771025958,-10.329395114938638,-29.29364602228977,7.135013972627492,-8.619613174416564,-63.21748186047849,-17.630305992785505,-14.040495643157897
-13.646281082120566,10.167967217266565,8.695847719181613,-17.080933191230567,-5.244978008666854,-8.51408412318339,-219.61218406633677,-6.336558691237954,0.0,-8.846559305649423,23.75267837001656,4.47574490668944,19.134922568022937,-20.020964085968224,-10.74262993630413,-102.68983754539268,-26.796019404924007,10.817807223231398
-30.214241487028996,9.033225351952142,2.7863052404367274,-60.464580859674676,-5.231507579374346,-4.23433653094706,-258.4669028853139,-19.77372519698371,-21.68684370048104,24.640512446710183,-39.54079343298382,-9.581138208909657,13.478292059367805,6.139252057594717,12.747206429077712,-212.14437831042227,-75.20470768677082,4.646260593773945
0.45826808091489346,3.529980852912432,-4.4348125146094315,-104.02398684581402,-7.78819657723867,-8.820469603433056,49.78805779426053,8.869394191029533,9.857157788042603,77.18438689939721,46.0132026254147,-11.315001070290293,31.605298950749052,-13.13818275267824,-33.45907977743989,78.07257780365592,17.833875350355704,7.399925316219992
7.9572423142422375,-3.3022172835465904,4.122110329685938,15.716606935251141,-12.462555731924065,-9.421036469388604,-43.349205790744094,2.1947939357205204,3.108348264902017,26.21760683448313,61.15946469480883,10.007110145196975,19.571369396937072,-2.1239418696993937,-5.0318955587935585,-34.53200759292003,0.8441751694228752,16.22923746394197
2.812661379452776,2.747230560449795,3.518868251993797,124.51548580679697,22.230548923648783,25.179772723836393,125.96202410258665,39.63654864255289,16.48989429705456,-97.9827869397274,-12.469026060176123,4.566139243692012,-30.39793267388426,7.652319720684527,-3.255320523140147,58.18391948386697,22.73304632503975,-32.08157317632225
18.056059630685326,-3.54212944279282,-1.03851318474007,55.69340529259242,2.883618525656694,2.420264975833274,156.38431894373505,13.730519196023328,3.4791288005371817,31.824460922957222,17.014357232783095,7.72582640685622,10.607771595293501,-22.19484739078152,-26.773835161712157,96.38843537757892,18.523079489555375,-36.96076291098768
-4.366174210222472,-17.891702884856976,-15.591912390271823,-244.40734179074596,-25.245839158023895,-70.78726376754811,154.38659722069062,2.278111376174739,14.145739972704428,-187.95047188120134,-48.56295678807997,0.0,-44.183891441595954,-24.925908227308092,-27.338355459116258,23.726173371805693,-7.712328558339446,-33.677520023103625
10.23284943811384,-6.912821411389087,0.40219330881053,-70.47714902650327,-18.695178068005934,-24.96416228480928,68.28373871994484,17.25492918517472,3.036823076538709,-23.813804373357666,13.51453922994961,9.563994283360099,22.039940014527975,0.0,-3.170700732654823,85.25550363561514,15.767183821061382,-6.6493687310119896
1.6235113300157495,11.628212558972157,3.532643768392895,-43.70576239970948,-14.965964959493625,4.115636952356349,-214.16493475091383,-18.3866400990841,-4.126909496375703,19.419526029393822,37.70706339630515,3.34469834006489,-21.95630569662957,15.686579813506459,21.17529018612588,-211.15895620116223,8.723949320001914,1.8389976904027208
-30.01877292077199,0.0,2.2672077625037703,107.59201867250557,0.0,10.470671111689494,-316.03331347594,-23.04438499785472,0.0,25.12870659681004,13.646730595686847,13.06790672119996,21.15381699232339,-18.330631016307038,-6.602101260594113,-160.89671911091315,-59.074835245573254,26.697507687903112
9.401482401727746,1.5101762365623626,5.361535432997819,73.37790541022687,6.041397755381397,9.093613830397233,103.60310286857431,32.59996397241363,6.131490396083187,28.89406981665881,14.809127606090629,11.268870621469576,36.2996292965294,-24.52332144157453,-11.393577904819193,97.95518481266586,17.31381542737761,9.688885293205487
-31.3496098367745,-11.134649983994008,-0.6159293959006293,131.4328477816062,8.720383215223938,-21.781543230337242,-87.49030196150456,-15.221098917362697,2.9904917592375577,52.25320951587715,71.50556833330674,4.780638109849636,-28.37955853864464,5.405442887267708,0.0,-85.69065953537228,-60.69658844252447,10.89619286326834
13.368163486501832,-2.298144281677037,-11.383403775901819,-64.28220030112965,-7.649319316983246,-4.773526121054539,261.8728059800561,29.545669901489923,6.516437505096072,105.03743244667422,33.01223222476113,-2.3949232309459867,7.593067232563442,-4.236090070367691,-9.56497430014709,82.28712120256989,37.29808542530245,26.318460197520437
-31.825398675247826,13.239121742152582,-11.23078354706542,14.669083566727062,26.815604809269473,14.592328078305,-224.01522728460438,-35.43913270480833,-9.071701287356497,-87.85228000695962,-49.718630454987036,3.1902756623347925,45.16431326070315,-35.68385797766005,-24.00390420655513,-53.31861576389267,-13.981034697636902,23.835905823941403
-6.959594754108583,0.0,0.0,-90.26276173651763,-21.96768342478345,-11.216375767025308,-112.89867808562106,-32.13952827124143,-0.18286276025662682,14.260120738918108,-46.62893723087704,-2.742974945987446,-19.802703776265048,12.23498958174887,5.407112367135622,-65.83138855227226,-48.44962081350577,7.688390901150001
-1.899520763814544,-8.667681796950838,0.0,70.29478572688427,9.674602144888416,13.18518156785536,108.65469641622431,22.23755056075665,4.623613782115211,-27.33852258344104,-5.963988189342081,1.4063734428162922,-100.46886834865951,19.927481390195332,10.898805052428562,-71.67766337618352,13.30283581883275,-20.532565113269015
-3.209437814394111,2.084193017715034,-16.091059462048477,-31.248721577561465,-12.020650626421444,-14.307497890994219,176.8876562043421,23.294465465985027,-1.3201922426117156,2.2204611791191193,-25.231349770840193,-1.8410646986534485,-40.60195688465042,10.732504490899718,15.558935433057448,40.855906147962756,-11.187501328875557,-9.311445603472023
27.742182982553587,7.013750240872241,-2.229186955033866,-46.42042809776864,-7.796297330412145,-12.26975634754898,293.38501055690904,17.85702077172916,15.698614552250548,8.574863561265122,-18.8466874877436,-7.313096437775224,-30.849118643003127,-4.117899347087013,9.907906770142448,79.88577951347288,45.24527127741102,4.89302140467629
12.435938638156747,-14.419052695739026,-4.811334316488822,-54.983154424965825,-6.558212555275071,23.040467161507586,75.35031285921896,21.830192671320752,1.6045078537064774,-158.77199637018094,-73.2292679480963,1.9058773988213207,25.55719066378441,-10.493752767852124,1.0879974832457977,78.82927530121357,28.81074591258209,56.934570593569546
-23.799900313373882,-2.22084276742303,-1.1290134661275255,4.368079349680224,-5.762879212796536,-9.350992867677782,-190.80302667282885,-16.536143107991247,0.0,160.04486112868196,-5.573679305172444,-0.5208844808916291,49.12948823473957,-44.301927882614535,-47.792420275644446,41.7559595950707,5.21033171222208,-34.740286850669946
5.219351854055294,14.978354894369332,9.205666673640911,74.41209058560331,0.0,-3.825177962133516,-251.74024006885213,-21.329943384640202,-5.554308453167182,-42.45341929179101,-7.203321874606626,-4.478852368705541,-14.69951948629108,30.233408752876542,9.225752412312087,-222.80625880557395,-95.20089426090972,-107.69043552853498
2.3172039269569664,-12.108984753681815,-4.269954117938326,64.07905816095372,2.945464001710409,4.992999870823696,84.8976195838933,13.304313507134863,9.220274364817355,-206.333116010931,-79.14342049999253,6.774058150822806,-18.667569481073183,7.697904964783049,7.423733819423725,41.141507261407824,32.97753221218436,21.113969311542704
2.8037311859360217,2.2044795021733576,3.3179421936463456,-30.999427447249438,-7.45057341050556,1.465295233276787,5.8374964685459165,-3.2518421078697863,2.592967160686899,41.731559686336496,42.05800349125974,-0.7397731072633256,-9.384987695094429,-2.1644460420947778,20.987198540481497,-26.47556320307593,-10.461989199585329,21.67064284976864
-1.4691314908289916,10.57117650584695,0.0,-13.357654166312273,6.079726952807502,7.509543240087169,-31.126499034072896,-18.876338904926953,1.8649597178029318,-82.81803952632653,-171.26688469135877,5.697888269161591,-32.35914231019646,-18.581095824459112,0.0,-79.00483175169026,-86.59467773949464,-49.59434656830285
31.610379294092798,7.796412472877846,-1.9802441232247334,198.44781383169394,17.583687631721784,-7.151589771877524,47.054501199858315,-2.944212195446553,10.43744527674721,141.83273347535967,92.49151747389068,0.9689851757144177,41.1452641266229,-11.539554279850742,-23.4528236728252,140.73944801648116,62.281770775839675,24.039229235980315
-19.222639685736855,11.21735486264666,4.303061647582469,-39.67487171407884,-8.034367817666386,-9.105068080186696,-181.79386892979898,-28.826717150184663,-5.60731287066515,16.764230425163465,4.017866148094498,0.262188360508603,40.906348042146334,-5.125233012424975,-4.499523680982795,-3.8262637464054867,-25.103499115441824,-9.156296860986828
-2.4911903867723137,-10.545547376935907,11.42663403642737,0.1074062754265249,-9.026974391968412,-7.104081691022443,171.60164598501032,17.752372305481803,-5.112617262291232,46.33817048354064,-8.95858167661192,-25.9507314882952,-55.73133328734212,-9.76836317244865,-3.248752404377045,30.64991403646932,-30.316698907164337,-51.02439412619178
0.49865846692095084,-6.659133243405058,-10.13298564294984,-13.833322364116228,-4.558225560171701,-13.92456135861557,89.0767639933195,8.248874878275346,10.693724427188478,-116.22541760756268,-138.78813721205987,-10.602660291886322,-62.73850965715607,4.73408622941166,35.022961752414396,-54.3728956054675,-1.086473329577594,21.93661315734721
-24.332644120999387,-3.9361869915357723,10.818230649968726,113.38489149955157,18.426450105334382,17.309227434732264,-155.53564096721277,-44.80945867666636,5.265989016870308,41.293844197543855,42.993394701731255,13.336021695650123,-5.509522996873173,-26.8906132158574,3.648529079898632,-5.718748384279691,-5.268233869618603,13.651109906565754
-6.534632311422967,7.47303791617844,2.9388474918856757,126.09825595808158,26.964011053155353,-11.372147270201976,-220.1750913682425,-50.12065464755826,-15.238221790176599,-28.193672956249966,-38.58902367839422,-7.141430562148178,-15.951029332612649,-25.67968694711987,-20.233834109979107,-128.16628989527598,-54.44347263500685,-5.863004241381304
0.0,7.408864989400452,-10.879880601490763,51.02981334942393,-5.1059761144596,0.3541670801111525,-221.17672868642637,-9.444317844126532,-13.053283007003863,54.52748653821745,30.468025389792526,2.804257035574559,-31.24767045067744,13.357216368035793,-1.9512850265311563,-212.45331644451846,-41.63110277588417,27.684146262109152
-12.628921346461937,-4.847724236260825,5.225712219623285,-11.973821628838431,12.804465417580875,31.256973665150166,237.0862015639382,47.36139702611562,-3.72305769535754,-198.9739726596251,-94.94726406185833,12.898877854746864,-44.28607613221781,-11.57576989327783,-7.146408966717997,-21.142494473693407,31.575848716158102,-31.085542235262793
-4.322378725921811,-0.33253270717088446,2.6055753914210715,-120.8122471027247,-12.125885070041022,-17.92322788157121,88.7195367734023,11.204276621547061,10.178998598085117,144.96171892123684,46.153803921124016,8.467732066446299,39.728339468947475,-13.87518674727602,-44.35848287814137,142.28100179232186,29.414651012119418,-2.4234750179091407
32.77866562406016,7.356945418935824,8.97543952970206,304.63336049707925,37.01266595675242,-11.456309742910284,128.08293281372897,15.089809260586902,18.579416358221092,284.64519954962327,144.03638880064958,9.774487984053987,23.168970955659184,4.829156340885565,26.24409375575703,55.211056124677,96.76581934068486,29.0183613297213
2.3825175617171648,15.963345912069672,10.742859771146787,81.5907250033257,-4.130709976125951,-1.258557657058738,-151.46525422624816,-20.678716873765165,1.1238958493834534,5.066100714553462,73.01924925164298,6.289326437783008,4.436147417494043,10.548348195067334,16.014988667182212,-82.08915651850363,4.023039265771776,19.680978970141506
23.691874181379024,-4.843015945657661,-7.243477134882464,-31.04424528426576,-12.919687364930864,3.642585756658488,254.06111040323634,-11.464856646144048,10.793293962648958,-138.56213352590814,-28.66296527531419,3.1640121300882176,-22.488902856130853,-12.442757948630456,3.9154352311335243,63.99299052762571,36.30455727031823,16.65133959475685
9.481896232847122,4.88091860383015,3.0811023959451203,15.855763368301263,-3.582805170745339,0.0,-91.64791511195686,-32.88312934986813,-15.049499918503166,17.08264733066681,-46.44150246224765,-11.850980738452302,-17.831112603420237,-1.955913054255131,16.70809078730531,-49.185057226047455,-31.454839606214243,3.2285429370678287
2.7640978057357937,14.25683678981558,7.8037144175784166,27.137675535831118,-2.3255000056076534,7.994223164641577,-49.803361797571824,-27.13551199161804,0.5358047952502989,70.1339852340596,31.215615126308904,13.776145527059963,29.70554623810565,-9.187790026724606,-19.886562981729426,-13.345000645099747,-19.48278800363937,1.7526161698092722
0.24558663703087633,2.8355415936232142,11.826619414034306,-3.0502298735405127,-7.960106961503201,-9.612710008228364,5.714892084257855,2.8685506681157227,-4.673021852487477,80.3973744301479,40.250741472002055,6.554885861465718,41.20180893653651,-6.324446890471565,-14.007839142778181,41.869674668027955,-21.468733871920016,-31.93374433975518
7.844443898201908,-2.041137264982225,8.514709935935652,-24.347183067926053,-8.356283561597232,-8.460024424562457,-20.906102163065608,-2.767375675395915,-6.200288279037362,13.35423548668535,59.87630097056783,-9.752127773806837,-40.84988451144332,19.169332606392025,13.252469866076092,-70.34875015364608,-1.6330581988922068,-7.338360165542355
14.495114428251707,-7.864582648418111,-5.725123149067959,-10.102003357705083,-4.221071497431506,-9.621700908709267,299.33974702735287,57.532290454858924,10.43120756669733,-114.64019352903587,-47.26153899358289,11.765531531905646,-46.46638760383437,-0.04785022279430175,19.4302971049523,55.189662975109286,46.43941343730203,29.990561959595084
4.511661018797553,-5.894038331015764,-11.025242752443278,-32.2099089310326,-3.6031539895013975,-5.472192196680847,61.57302883245359,6.162555244715927,7.20575030840912,-128.19862142712327,-149.5650424765389,-17.25139957499571,-54.33867541607274,12.257916334291258,12.776888591349636,-33.93505232804006,-30.01901345061905,-1.7696510781157144
-9.942232804271057,29.223840693470944,10.261406688188861,-24.57538895734172,-14.693819900957264,0.0,-171.5065303043285,-11.6798086443194,-3.6081550960902313,68.64643106161768,35.48042468586497,3.888841402174,45.17422602954367,-10.66893214736907,-22.278521483396364,-64.9400572718029,-26.5206577210366,9.954133590780316
11.787176800843632,5.330397688343356,5.6117177037245565,79.25414929844548,12.273502849246379,12.408515412569612,-85.4095335845912,-35.17322322967036,1.552232087102306,-30.533183146096892,-31.1340367620385,0.36669946951706966,28.43287717978902,-11.946792372810476,7.1222898391033755,97.75644754064786,24.027447032104448,2.3295094568630645
2.4853648831349995,-10.64988934165428,0.0,16.4167237445253,-7.334242990353329,7.3601167540836006,57.181486200422036,9.819242655303045,13.965282655408885,-176.1331686404168,-141.70381383354066,-3.2615744850133948,-38.6023580616154,6.861558410619356,35.0022572333597,-76.11715547340904,-28.31952635842094,14.099796559271624
3.7021922832284258,-9.652861227748287,0.0,3.2055318889092277,-4.7281453401822855,-11.856444782207053,174.76130007354234,16.21443256448184,9.447245354487986,-79.45703503641191,-39.18791081060266,5.35231519472402,-20.80785286593614,36.85378085873132,17.151631965504134,20.961257687909615,-22.291357885582187,10.813231147203254
-21.123168758950573,8.931245218467623,2.261495366661497,2.6968106089955826,0.942540232421318,13.883826788593153,-181.6352221251931,-32.89060778748984,-2.047651159071991,-34.665406519977495,-27.298144887338324,2.2218988263233275,22.708132396984333,-9.569556196530534,9.653393894348529,27.62104833754375,-4.890703859339294,-33.13455244656731
5.141204385509562,-7.522971214486474,-4.442341506990328,-38.459025517229655,-10.823586586473551,-15.620532667186804,-64.48709377650572,-9.142386683716612,-0.5471433857267033,-68.1644373369218,-99.16210830570608,-5.038432275416786,-28.307989608115964,26.934265091094815,4.713554976776182,-57.39953133975144,-25.890064741396554,-11.800088235178464
-13.71828140193605,8.24058848030094,6.575534979116103,-24.031218501880918,-7.270015906535552,-8.73500736283554,-170.11573714512068,-14.388307945927576,-2.2900568411597053,73.08682214294319,32.82766172760188,-2.0300155492357534,21.064390257565165,-19.19522488480191,-0.901200742224696,8.495787882789484,-3.1947571586572217,-11.286458479011074
8.082374144284433,-7.029955039461383,-11.86093739379144,-155.29222292221704,-15.738129602530249,-25.96634991433845,159.32972494434725,21.926946816490112,8.426303325192334,25.08897806353067,7.589018303779149,1.9776917249401569,31.981759576004677,-9.089991189809037,6.502179528479399,104.36461429069294,40.93261146636953,28.72536468829415
-12.591431852960499,8.273420838584627,5.08505799386237,-40.66910806273383,-9.371730808471668,-7.9546674320004245,-98.86546740804405,-13.18769500357174,3.46348991402682,30.987826066292296,23.626597641417884,-5.6199294942536,58.205811158747174,-29.858908152668036,-7.25718733502253,74.54374021559946,28.36520224534266,53.835269430466894
20.18066528538205,-1.7801947884878144,-6.0423786035585625,-65.74889227843502,-8.758961100874934,-24.821966037657877,130.7496701193624,18.743000740169467,8.886632321909545,-30.224268406599876,-15.502261654444457,0.0,19.2579879443198,-6.513015470289318,-7.900164574561996,84.3716583228377,40.26573057992378,4.485826318133775
