BS_B,BS_G,BS_R,AE_BG,AE_BR,AE_GR,BBS_B,BBS_G,BBS_R,BSF_B,BSF_G,BSF_R,SSA_B,SSA_G,SSA_R,BA_B,BA_G,BA_R
-0.012649963907027805,-0.0077371262424820965,-0.0043283027811371975,0.00863643056667418,0.006678610363920028,0.009230944721515089,-0.014977818809725811,-0.0036264690416317677,-0.00788902097906283,-0.002015306443808871,0.0021312296513704954,0.010748557204222749,-0.010069200200168526,-0.007504575914316138,0.0020101777403911383,-0.016166923317326092,-0.0066182022929166945,-0.007804672372470761
-0.0007141705048524686,0.0003311953211062408,0.0014963965200662053,0.006740507908384458,0.0034974678476560918,0.0006359064779202088,0.005248884234316495,-0.002793825055760036,-0.0006219503050857142,0.002210361727375191,0.0009403223739714924,-0.002503896615336735,-0.004500991033710075,-0.004562979160031037,0.016687799717017903,-0.004523666347706228,-0.013140338524904005,0.0030717154420348853
-0.0028488491388961854,-0.001594040834751619,-0.0003984135692751402,0.005651977712471624,0.003021933713185503,0.0003131640874611665,-0.002610172453763731,-0.0037362550065160004,-0.0017992747491228603,8.28960317902004e-05,-0.002134973732155507,-0.0031539040670991603,-0.006411992946232247,-0.001022934542773798,0.017166049372938877,-0.0033324864508699234,-0.010661023375651148,-0.0014530741857881752
0.002613012811278096,0.0011373133432261374,0.00042349204060466674,0.006985214018007353,0.00533024855546975,0.008248490591139206,-0.0035696769933983917,0.0,0.000522513287619474,0.0013920833531372195,2.4202887337865647e-05,0.007838976921205233,-0.0011040292658840824,-0.0018074290640151115,0.007389039161761549,-0.007755788312904449,0.004047542048507331,-0.0022170080477657422
0.005787863942056734,0.0036152571579726282,0.0022328409758357215,0.0,0.006364467687346025,0.000858357111171799,0.008571945995719584,0.008677155650322428,0.0035749325842084033,-0.0022966193940893147,-0.0009316095458142777,0.004026701566604429,0.01271218724423385,0.00572065894764577,0.0,0.001619456899765036,-0.0075968739414716355,0.006205419660337393
0.001728407522108716,0.0007707775276493766,0.0016710602323709604,-6.210586292004834e-06,0.002005910978963124,0.0005315261060127835,0.003296699189621736,-0.0024686188601116678,0.0034855796108786514,0.002047885430140908,-0.0014512542592894926,0.0008190478767679712,0.0076101965763396805,0.0019418319716873605,-0.010518069480608289,-0.010055021935896602,0.0012643644167549773,-0.003038228057953121
0.005215102865925436,0.004745645136674628,0.006488785252336753,0.013618306579314248,-0.01661860852716992,0.003081291719278397,0.0009546752525443922,-0.0004968196026532416,0.002320918203253419,0.0034079031501971727,-0.0023877034889339495,-0.0037109250605210187,-0.008638166309565522,0.005446559668230614,0.010354563040453332,0.01555057701194028,0.0019089241542945853,0.00870024756178308
0.0089640039718281,0.0019754628379864553,0.0010957880458492355,0.013846953290756797,-0.0015119663338773366,0.001208330311576157,0.009434289895986011,-0.0007480518310893346,0.005784997257278876,0.006419744884381604,0.001081287983051754,0.0032508343658235574,0.017532551451950422,0.006769308753938427,-0.003135817447825495,-0.0010697238577651068,0.003591769413833342,-0.0015392759360591673
0.003930063653969957,0.00500901782476431,0.005289981134003176,-0.005302898241540046,0.007551869805778885,0.0037167496174819827,0.009545504746889866,0.006413165544036229,0.004163190397628209,0.004119637746347047,-0.008837529539477753,0.003824358200318087,0.01281562008763181,0.005471339543674071,0.0020459129818424134,0.007791850825686281,0.0038473470039903242,0.006483368629187247
0.0029824020866368378,0.00036908968254183177,0.0017541765392052044,0.0050186967577465855,0.0034843078302519257,-0.007404754757206211,0.0027213943289360254,-0.002001993517380313,0.004430033966954925,0.002999037530561062,-0.00037845220907824966,0.00446839952001831,0.016844878151864525,0.002874905551899143,-0.0111022093905895,-0.004770194137078685,0.001810595060173924,-0.0035853186252118203
0.0014039199971658312,0.0043489776461685045,0.003882141261378739,-0.005679767160560343,0.00542571213487651,0.004597501665423648,0.00491436013154861,0.0003459471086060252,0.005399136750607273,0.0,-0.0033838559208381716,-0.0013867841217190733,-0.011623712290071007,0.0011145914077237316,0.006348656912836175,0.00643512445523572,-0.003261477037110743,0.0005669005051237054
-0.003204457717683474,-0.0032109195495240227,0.003130492109724754,-0.011550116684742488,0.0031005382985779375,-0.01445855286332556,-0.0009228911830249826,0.001670546657025456,0.0,-0.0008496607767792463,-0.003844548783022308,0.0011810016900850998,-0.006711797625059384,-0.0073835227142759466,0.011244789540259809,0.0031691788372085234,-0.0021984171523902222,0.0017183892493146044
-0.004110041856916503,-0.0015939217200730388,-0.015037394055499125,-0.02447576105148704,-0.0003660246142775907,0.0,-0.002434102684762274,0.0024208925806501547,-0.002554775955872451,-0.01200409937809192,-0.008489461000599443,-0.0009826266318644279,-0.006961498504719302,-0.00242194239052247,-0.012893790074428556,-0.04123242361495616,-0.015057860441337296,0.005049375137159445
0.004332422545253207,0.0032689491179051927,0.0010721045712198593,0.004428630468576626,0.010130752711106172,0.001913608492167009,0.002981357844508171,-0.005160015195765558,0.0042641540551251154,0.0006306636853539848,0.002370614977417205,0.006516029347866098,0.013487371564001944,0.0010194564266498517,-0.00019511806971308276,0.003012638197563874,0.0030717335354400036,-0.0021337305377426494
0.005589419481830053,0.0017490773393668633,0.002787555179168987,0.004760903128458627,0.0,8.3971623289549e-05,0.002747016157950565,0.001234268639380078,0.003563907976381445,0.007881565359851753,0.0017676408409998876,0.004778721150939822,0.005311363501728743,0.018372768783757612,-0.006141453406502002,-0.00356495339011712,0.006063048960635674,0.007306802445778006
-0.004966259617677916,-0.0007714387580132043,-0.0005313065010592356,0.007749097918887798,0.012588597038965183,0.011021591476357138,-0.0019832853901235693,0.00019307634585292527,-0.004579479160537909,0.007411589536386131,0.0002674821420558773,0.00825653569179942,0.0177425866412972,0.002628415820666641,-0.012458173509596084,-0.0014788807355670495,0.006427724862152604,0.011770307242947434
-0.0007436317866100709,0.0018081706890246494,0.0037123368080795418,-0.00667142170082909,0.0037702613654912866,0.002312632383486727,-0.00855556537455699,-0.002030237000377876,0.002084565928166624,-0.0008744150032187034,0.00043222176507324943,0.0012176262539124617,-0.005040835692544334,0.002633149114483208,0.01879315534705335,0.0,-0.004057614060274044,-0.0020249132394365016
0.005929216698908091,0.0017326041101275828,0.002258470505538957,0.006808001523866206,0.0044721626329241575,0.0022385164245839998,0.0062022997546197535,0.0006579535130949053,0.0,0.006650805316115194,0.0027792600340844523,-0.0046772613823256575,0.004120484073222553,0.015121254577791215,-0.0032266359754921587,0.0006353518946984161,0.008812284383029502,0.008438161018152542
-0.0107402299294959,-0.007419217735794786,-0.002325544600135846,0.003859530895936649,-0.030800312722650304,-0.01542435672954907,-0.012344430666863568,-0.003994433395556342,-0.0026625086108591307,-0.0028930274939099753,-0.0018026005715923283,-0.00016400641112252083,0.0005567527250184797,0.004829740213208789,0.012105992082508907,0.005657428827219037,-0.0023125996672327467,0.0009603101422041849
-0.0052636414816106996,-0.00219723669803878,0.001397141190495283,0.005333550738140843,0.015058447850077284,0.013862248249056778,-0.007091860171300492,-0.0021596942248514423,-0.0041426995563991365,0.0,0.002357087826652236,0.005012072405308847,-0.003498995100777721,0.0005731893681291821,0.018411417959616178,-0.006818775636172719,0.003236527016462881,-0.0026079361928899175
0.0018501558353540147,0.002625437569358854,-0.002467380417459622,-0.007894980042572823,0.006501563419884963,0.004482057819912425,0.004801828135033685,0.004042165866958188,-0.0010430587392873986,0.003491709365828553,-0.00833589430169228,-0.0021601051000998276,0.0016416561744210633,0.0026588028113134006,-0.0009235527171106184,0.01187728754440174,-0.003405910495856825,0.004552040314247788
-0.006033650320266896,-0.0029916523026110174,-0.012277398077049164,-0.01987774528824611,-0.010278168342549054,0.0005301218732543106,-0.015344044800017942,-0.005191720403861477,-0.008571935148847201,-0.005742120118804938,-0.0008005400559782449,0.0,-0.02127395664995974,-0.04018329778846786,-0.009532668586076511,-0.0009072376004622014,-0.007117433830439786,-0.0036066944931235634
0.0005872904234719384,-0.0016455165782993763,-0.0008387798956843538,0.003347538072205183,-0.009972453847577745,-0.0060252082196705055,0.0002806569731636494,-0.0006170452798436932,0.0016343916431258657,-0.0019309786331837004,-0.0004652061239325353,-0.006844236106946707,0.012016812431388661,-0.0009554373811642558,-0.0149956723475547,-0.0015831731666957518,-0.00474573625772733,-0.0009895076852783347
-0.0026614385058442713,-0.00011245579079932905,0.0007171703357578598,0.0013022069139858204,0.0010760262702935101,0.0008408072022378716,0.004328633198569951,0.000846251156165419,-0.0013023425096951547,0.0037933984028709834,0.002829583016290506,0.001659352043741483,-0.0032223710179622887,0.014966155201874404,-0.0048068285466225085,-0.00989591484426367,-0.0013277711290244185,-0.006841730037963218
0.0038540742427161817,0.0042569956018142585,0.0029662439147855025,-0.00600185295650746,0.0048668651676237315,-0.017371673642390312,0.003162836967175937,0.0020523539773153014,0.0003231950555440155,0.001657596307237836,0.001355543145127102,-0.0012491337774040065,-0.004368608645870336,-0.004795500748606888,0.0075113519504903985,0.013613124637063127,-0.0038860998301606473,-0.0006409817023857092
0.006623676542736646,0.006035280085268909,-0.0027095535821430386,-0.022954361571842677,-0.031739610621652044,-0.013772420645986617,0.001174761917188558,-0.0019229643591373168,0.003906086689324597,-0.005601217116959001,-0.011149725795330086,-0.0030021191504970733,-0.004788191641023186,-0.0002626467834907612,-0.00877012634841552,0.013561905263097437,0.004769121082575179,0.007435531610918464
-0.040695613783356205,-0.026380391311588695,-0.030046632069422114,-0.005148478522946692,-0.010744153888779757,-0.014144676160757829,-0.019044434223155642,-0.0056103904288521715,-0.006198681037312306,-0.0026067956161015715,-0.0030326743695334004,0.0,-0.03258357880936675,-0.06294863469920806,-0.005053608526517103,-0.0027204991090845287,0.0,-0.005047518569822329
-0.003237929852710208,-0.00176336647296763,-0.01377587090969645,0.003115133690699361,0.0016308830065221414,-0.002092036469245748,0.0010410693345575647,0.004913521936762372,-0.0012348978037015417,0.0029121866568500216,0.0022599376311200803,0.003027763242651851,-0.009281248635998449,-0.005956296373026532,0.007027277245050107,-0.04750830141991626,-0.011183249990938046,0.005058733139472055
0.005526195928994226,0.005780164689855209,0.0063783033172618835,0.005223675135781753,-0.014560647850818752,-0.003072532756463311,0.006067383596060693,0.0,0.006053006870308816,0.008767789278864459,-0.0037443704311594245,-0.0032108800318918942,-0.0023629028556208225,0.007009296687550065,0.009939059197634858,0.022174664560369733,0.007964500547289031,0.01604544924875588
-0.012850884465878822,-0.005351632259269313,-0.0005530968949176286,-0.003389615311741489,-0.004174961064009324,-0.01352103074546245,-0.012715614446975599,-0.004450453490345863,-0.0034091496898595052,0.004368314250711807,0.0017921118985328244,-0.00012774849331783058,-0.04395940042012476,-0.035145826604639066,-0.005698410752903609,0.0090846331822006,-0.006606821894354949,-0.0013366318904581564
0.005210168834345499,0.0012435903595327754,0.001892357135720329,0.0062636099548120045,0.005910047974841017,0.003003491527984758,-0.003977177962868759,-0.0030910546945476032,0.003911466442592808,-0.0004810829186652378,-0.0007921307223479696,0.005393806788909854,0.015568140385635372,7.77802535123372e-05,-0.007033769312327181,-0.008588511442738206,0.0009702317224994276,-0.002227709505700993
0.0012608696629133607,0.0027132812287844824,-0.005579532484935331,-0.02082788277741474,-0.04142602732167309,-0.02474225057756075,-0.012128989635620131,-0.006358658550646405,0.0022173656470580675,-0.008966431848172769,-0.008539901332981693,-0.003838302167825505,-0.015048893931001383,0.003539521556871183,-0.017771355611295427,0.003568151735212918,-0.0020938263375757053,0.003068527118169684
-0.004342946615529035,-0.0010501049321405373,0.002166756262422048,0.0054818703466944065,0.012217020774448473,0.009005408572891421,-0.009104444797567666,-0.0023536582475885397,-0.003440679014185695,0.0057243342405347885,-0.01126817477214366,-0.0013094551115372401,0.0017085879987275131,0.003330347489686396,0.020166153531630534,-0.0032736273510646182,0.004036753366594642,-0.0019518978874232193
-0.003092949536258583,-0.0010713786152315593,-0.005489430843725071,-0.0035990642725507757,0.008125715364969512,0.01126192081560676,-0.0016772639437090482,0.003274717241414116,-0.0034543197265308793,-0.001659685446145534,-0.005560025655314699,0.004176393565905695,0.001200096844591775,0.005779169317535676,-0.0015332812121373602,-0.022036488197388286,-0.007342714989073893,-0.00034190731100345803
-0.0017034476660479512,0.001497662225405719,0.0032226428723644875,0.008270926003409026,0.0026061590933871056,0.0014750255098752386,0.002571389751272376,-0.002566498317984562,0.004082904865196327,0.0006784611260190605,0.0003430786256843889,0.003079828182180064,-0.004782322185533302,-0.001849686796402514,0.012055527176067888,0.003286358291508034,-0.0025042587093602655,0.008293136639416339
0.004912257611929666,0.005976245139234688,0.0006161619251045533,0.005233558602535558,0.003102651638597581,0.0032111831613764862,0.009434342673289634,0.006239386731570242,0.001124569256581054,-0.0020534352726559266,0.0018888345882134736,-0.0055061910849781535,0.010679562437821115,0.005466605599736862,-0.008026860217969452,0.013146487556279198,-0.0009343748484665138,0.010323551608112512
0.0016821811866445829,-0.0020384312058207544,0.0003665844510852435,0.008583781956064853,0.010198510082677784,0.00944992247118938,-0.002625284221114368,0.0002900307372733354,-0.001697351530462009,0.0024120618217108735,0.0013100134020963535,0.002427677387901472,0.0,0.003311465020880647,0.01666292998483642,-0.00272405134817775,0.005582655855800185,-0.001288931267405924
-0.0033383557614734523,-0.0013374771513901336,-0.0008113815363377073,-0.001439288588267811,0.001628289527219953,0.0022066265563793616,0.00419130979540071,0.002278766050084174,0.004688507916368416,0.005739767204167584,0.003213465819353402,0.005794923663470578,0.001305349402633109,0.019255028524945546,-0.005182289738177493,-0.004855669435164392,0.0007548103850589655,-0.0009436533067209429
-0.001968612199398205,-0.00014068772228261603,-0.00019524833774402545,0.0014833286737128283,0.0012372533936677043,0.0011986857666259026,0.0075653576134805615,0.002544855445439638,-0.0008067835713411825,-0.0023129759172179237,0.0009839944223913784,0.00014385101750787478,-0.0018104793830063773,0.013713513297639836,-0.005540558999248007,-0.011883306128453171,-0.001407668780491582,-0.003569289856532397
-0.0023936862246013994,-0.0016407522745884924,-0.00014662121794969604,-0.004484993630121291,0.005786740696273877,0.004267799938004085,-0.007449005416900556,-0.0038258566778557523,-0.0015673065577297572,0.0,0.0003935794538685856,0.003442879217849016,-0.007237769702927429,-0.0032304522673493315,0.0010684044428740734,-0.0016549968209239048,-0.004518537883764253,-0.003991510783159485
-0.019939283866795766,-0.00894603587746551,-0.0011276847537129084,-0.021256134461135927,-0.03847770252641229,-0.018730945281067644,-0.016230665683495158,-0.002593242713693119,-0.003656688828880118,0.0033232082704350153,-0.0010327949240460362,-0.0010452601816535929,-0.001248321031719545,0.0112734541093425,-0.01547530485412889,0.003560980930132414,0.00425368921907113,-0.010131265921965782
-0.03255930389857458,-0.02005576441028895,-0.010600034523625797,-0.029446035878627517,-0.043403183717058175,-0.025631322470945853,-0.027546246580120448,-0.009336190812435457,-0.013652710168160855,-0.0016193264756988095,0.0016578427804305085,-0.011868283544604187,-0.027285501412949144,-0.019740588737460735,-0.019455416793225815,-0.026641331808889456,-0.016504917655488716,-0.014285365837852948
0.0069170628550593565,0.003385078319416625,-0.0009425261539131161,0.006406217165888837,-0.006391259650483928,-0.017526153973787966,0.009127185576812144,0.0063677423707859115,0.0005260229459913672,-0.007986049894653931,0.0019510547737630504,0.004017119402849589,-0.00401097214189722,0.0023985520053217703,-0.005643823017635608,0.012347489181602257,0.005632241609897319,0.008702029200148946
0.001976924113584483,0.004728633188307315,0.0015365309916849554,0.014322314412483578,0.01415316971599616,-0.0009426402618459164,0.0040876537361456125,0.0035042035158162612,0.0010668990911985117,0.001197506443360034,0.000773687314286811,0.00032263924244423103,0.0004958009316636319,0.008998473507337599,-0.002673250192112178,0.0007914799326017507,0.000739224916190963,-0.0023428415035642858
-0.0020069820581955175,-0.0035969310152750233,-0.0002102435165650964,0.0026491165824502378,0.008369822456305428,0.008706208261592355,-0.0018618221713856682,0.0,0.0003300786152865,-0.0028409672093800825,0.0018869222243205867,-0.0021723509942097137,-0.005797488124074319,-0.002624789427306239,0.01142638983230741,0.006083736995551525,-0.007851123957545121,0.009029869059468797
-0.016211717276487733,-0.013571539731598218,-0.017906352716640383,-0.00832537037371045,-0.01844283334167735,-0.0179938757365169,-0.014922853324264983,-0.008904204988657769,-0.006093209425344419,-0.007952193122687573,-0.010278010272449203,-0.002638999943523772,-0.027433503134900634,-0.03964556601637655,-0.004716627262529292,0.0,-0.001606421943308278,-0.0016026236178176279
0.008207573071133564,0.00198453991016838,0.002051768531120049,0.004579067937710113,-0.005685507439014783,-0.006431360403840232,0.00950201149741511,0.0037882868804440715,0.006689230782279354,0.004666077549115867,-0.0030291524911823043,0.002848161628002081,0.004874318960181637,0.017427323478607478,-0.002462963961712735,-0.0020764853888112604,0.009483362559121059,0.009017378830679053
0.004883685393934848,0.0034234607297303574,0.0020934783499145567,0.002680290044666676,0.007796775408830896,0.005948804288753291,-0.0005111306835946313,-0.0012626805154469292,-0.0016211485226487595,0.002021115176437216,0.00434670967825036,-0.0015524282229779102,0.011490575701025737,0.000932375531809187,0.009392983757722247,0.004208141937582282,0.006332505298849806,0.0004972887108885896
-0.00022497633800622988,0.002767898332935507,0.0016154599592081932,0.003568170084234766,0.0007829658860297664,0.0,-0.0010785141904439087,-0.002557562121112473,0.003303679774100913,-0.017545374531249873,-0.0015418985702891981,0.0008552026196550679,0.008188204090151684,-0.0010619419551450592,-0.011282988301086353,-0.008838739931350868,-0.00030890772534100316,-0.0012881062362236316
0.0012984810647429271,0.003713364759569046,0.005115637965290024,0.011013964513960623,0.009519482941959723,0.012883618036113422,0.0028559947410758983,0.002810028104453353,0.002268885141989138,0.003038302536962827,0.0,-4.107807591524131e-05,-0.006441012843799872,0.006103797863846595,0.017015672255456624,0.018095688477941047,0.0011485695381978924,0.007612682457862341
0.0,0.0019340545840155253,0.0030502845074128885,0.012767739330718855,0.007388831728860842,0.008735921112604484,0.0034426260556759437,0.007340397709759267,0.0026168814885758227,0.0017843543547014162,0.002510893765390064,0.0,0.004298287460211842,0.0008397815191056488,0.015466533270330556,0.025543549520212275,0.0007026860795160131,0.010999756775755265
-0.00043597167088718544,0.001118246426419291,-0.002732210383638976,-0.00228215821035731,0.005170704491652606,0.004411206637265791,-0.005529647618112993,-0.001590326776871153,-0.0030515103663338646,0.0018187768293800113,-0.0005974207438898841,0.0026380147272841285,-0.009745492753085144,-0.0020817625031290775,0.004420087966576662,0.00017922805464034596,-0.003601904459491064,-0.005318609208761461
-0.0017923127508933088,-0.003195947369603884,-0.00032776922513495105,-0.012714722960953917,3.486410800713707e-05,0.0005338677981248028,0.005738578941426882,-0.002339956478298185,0.0,-0.003208252863202954,-0.009601304029013673,0.0012840736466496621,0.005055915247634376,0.009672903866227869,-0.0048417002502328,-0.004662417507229422,0.0012692629016754441,-0.0032338114184779915
0.0,0.0013924842343516503,0.0042182434269699785,0.005361464046611445,0.008180185513944838,0.0062663471623670254,0.0069334957098629475,0.005173708439053581,-3.652366981039959e-05,0.001016897687703369,0.0006217369619425228,-0.0011341853353654039,-0.006963866891963102,-0.0015858261186243081,0.0073153332650214885,0.009717133507610136,-0.006909549016073365,0.004405489094704555
-0.011060767248903838,-0.00325954985576505,0.0018347101895591917,0.0073277303247407935,0.01992723567085713,0.014202544336944253,-0.007000710766246937,-0.0011386155256486227,-0.005516790051163429,0.004590386236626774,-0.0012566750583687955,0.007020266354792828,-0.004058734429326746,-0.0021196648196230372,0.0154918574892981,-0.009928868019328085,-0.0006027936989388645,-0.006686607493571889
0.0056028497028776615,0.0036142206072834887,0.0009201009936288943,0.01253878236016263,0.00929832145801531,0.0010563936543303216,0.003618700294086821,0.0063756271494364615,0.0037575155795626955,0.0022174768157396836,-0.009698804158944476,0.00763288161379445,0.011832427496072101,0.004894239685619536,-0.012054408579207995,0.012631515171103913,0.0,0.0048320997321440184
0.0033524891484820376,0.0010543981996023557,0.0018995407894808782,0.00543196609025804,0.001929891667988475,0.0,-0.0011394084640389236,-0.003690875235917867,-0.004390111158158799,-0.005863734648380228,-0.00044981223063849047,-0.018872011379851363,0.014673310874873618,-0.0010475845243821903,-0.01265018878888623,-0.009947323151468353,-0.0023089437881997606,-0.005049100426453103
0.003939392153652064,0.002487782224444773,0.0036142421826291693,0.009781834095662972,0.007093671833445882,0.005621817996743919,0.0030915827406215513,-0.0046535661434074305,0.004124969381461855,-0.0021560107482389568,0.0009385565971379899,0.008021110396317806,0.0019343160744985577,0.0016281876827904304,0.009791227032360492,0.0022766396372753944,0.0070805865341176,-0.0004039301442995552
-0.005220519542390402,0.0003844605916111031,0.004459084873132993,0.012378250619424661,0.022316016133927474,0.013751115010662805,-0.007876311357725855,0.0012491098827863457,-0.000983092034187989,0.003513031161092843,0.0026678820074007435,-5.302329477638903e-05,0.0134610998809313,0.001422304687229381,-0.001077788574934706,-0.0018486597101253853,0.004850448997617334,0.010365044273952781
0.0001234557737720613,0.0036047472041911863,0.005131498612988538,0.003852326948710171,0.0077962202962641265,0.012002619083747277,0.005737252263172192,0.004429227780079009,0.0037109632013071566,0.000688264021336786,0.00043255374318063223,0.0049316658331998,-0.00767154861423416,-0.015724711818475262,0.0015818967324993068,0.009665089281669217,-0.004176570049406776,8.780617441205008e-05
0.005998511635734556,0.0025586847165259587,0.004096839511030046,-0.0022425902365326897,0.0038000085684080634,0.0019120984001147034,0.0063653145589840435,-0.00158177746016539,0.003795408810685297,0.008623394401692403,0.0005199487596383308,0.0028815003793234597,0.022416578226145192,0.007508269897502822,-0.00491761377798395,-0.009379595828839323,0.003502899883038335,-0.001566561739415745
-0.0035699969516023644,0.0008623457924721656,0.0029926101424217026,-0.000716930797920179,0.011630295924038152,0.008832325453536181,-0.003963945261699601,-0.00012341799851064427,-0.001046880537502099,0.0027499050002991613,-0.00016248533713842148,0.0029515455512060186,-0.004657346211462717,-0.001208004650030192,0.01702839709335373,0.0031247451471873274,0.0069005415325798245,0.00033170347321465066
-0.001288609109700537,0.0,-0.0010848056315150686,-0.010313352404849704,0.0017484839141119306,0.003102173123246962,-0.004563409196951786,-0.001393353405447209,-0.0020027615066139605,-0.00330421124851593,0.002539869722010815,0.0051566465824034,-0.014500877515705436,-0.014204324960807991,-0.006055036536371368,0.0024948247292605023,-0.0057624565005162335,0.003278700369322589
-0.029103369883339565,-0.014450945641108005,-0.007333980134760598,-0.006886702853722038,-0.05392904894992846,-0.024262320194266596,-0.024043676082431485,-0.009513422945928026,-0.011720767853225877,0.005713926413543609,-0.0006646131396932425,0.007031274691175931,-0.023064217033059293,-0.013903136159603598,-0.016571183580732885,-0.017501103255216893,-0.011238881101219298,-0.00935518521450407
0.0008957736949133673,-0.00028514162958173867,0.0011106308529840615,-0.006177364961023723,0.0023180273469008603,-0.00847834733031446,-0.002179938329275949,-0.005199826101218462,0.003682585965594973,0.001798542021714994,-8.75586674853977e-05,0.005819842067514082,-0.0032827558774826387,-0.002940859929450772,0.013498601194280594,-0.0009247178564430494,-0.004265359214268867,-0.005290736797483415
0.004433738462210175,0.0019077586090725958,0.004426018577414613,0.004188721485720571,0.0048260447819559295,-0.009157714490915448,0.008911313471691695,0.002096794007490629,0.0037673519841769495,0.006416759063010067,-0.003948170530808328,0.009685707112657082,-0.004639512071882198,6.56881804765167e-05,0.015338045140534603,0.003623815130904112,-0.00013805874764532828,0.0007409614341799681
-0.0030796851243221064,0.0018164406103076112,0.004144212310107405,0.012772599636607101,0.02223589490233903,0.014938958492047166,-0.007646563082890033,0.0006416826393951067,0.0014759695370825162,0.0,0.0046582806137252,0.002474162251267083,0.010340053272104199,0.000764551189846347,0.005884335402636518,0.002516494419489357,0.006794996556400987,0.011443784377922095
0.0006638525017064804,0.0012294030621660774,-0.0024633869555202646,0.006955582990379496,0.009597404104781885,0.009238139423133705,-0.004497878473601183,0.00033750292426384633,-0.0015253353711556846,-0.00598392300359382,0.0017579277574936885,0.004193944520913857,0.003305774166909592,0.005219491229332205,0.016846744946885286,0.005623306963831287,0.008183912940407214,0.001546609377775593
-0.0010874178638521895,-0.0002620555422584308,8.170512487851651e-05,-0.004048702212044173,0.0008045581813268043,0.003027548079717993,0.004585661951011428,-0.0015961941626703717,-0.0010732717980344681,0.0015648847133944539,-0.0022854826986417206,-0.0007552766716824199,-0.008841964658222757,-0.004276565949828087,0.014734828596260971,-0.0041968017580627,-0.005748906125381582,-0.0005150913880806011
0.002221977772471162,0.00043097104066320554,0.0,0.007737260569860518,0.0074980434449106745,0.0016178342821291537,0.001390390298892279,0.0,-0.000739110238491855,0.008175205259462444,0.0020372210198379096,0.004233613758757597,0.005682157341280725,0.021486713311027472,-0.006654542529146787,-0.0008201573073108354,0.00615953502459327,0.010845850302699953
-0.0076694421568062,-0.004909161721717816,0.0,0.008216080293794878,0.01321559293172763,0.014121086952340071,-0.014808024261814916,-0.002710606289002501,-0.004817523262919537,0.0008690084971184495,0.0,0.008430538745467276,-0.006505995216597984,-0.004117866719996401,0.017757000141053792,-0.014508358620461223,-0.004695334511731571,-0.004251021212470245
-0.006001886573481436,-0.005893081092711566,-0.013755905273639275,-0.01960695134549533,-0.022136726759313934,0.0020202113157142777,-0.013208275595435316,-0.004612538084185323,-0.007143306248713703,0.0,0.001335954018738681,0.002573164140021541,-0.020982732277861797,-0.04631303795316419,-0.009310452705781007,0.0004323192040045109,-0.008498688212001622,-0.004068145373740589
0.0029388902596378945,0.0020028350377033865,-0.001173821834795948,0.004939007423811459,-0.005227897551466315,0.0002511491607264897,0.007832109686878851,0.006129820063116993,-0.0054980995234866804,0.0017738468597564335,-0.0035089185777988133,-0.005006755672558583,-0.004847067554983703,-0.006497348125411337,0.01722648205843229,0.016333437382885396,-0.0034893685502152467,0.003170336088918046
0.0024355847800587886,0.0024495990687934473,0.00029747691298943104,0.012711328348587727,-0.002535141528170101,0.0,0.012258125247403108,0.011595316582072385,0.0025706077992946716,0.0061018999248758235,-0.008483415449117793,0.0038944376282895646,-0.00482978369425847,-0.0014565833600082014,-0.010359433783800687,0.009861911968937298,0.003091797250269042,0.0047134995307326
0.004590624490954815,0.000821397646416033,0.0011345646240180074,0.006027232294225275,0.010506902656450533,0.0002898920465481827,-0.0024605068686585317,0.001423138684146841,0.0001240358006026444,0.007726502323438524,0.000700378963499797,0.006745201420291509,0.01073037271889022,0.0012024603893145856,-0.011300176467546675,-0.0027723081499839144,0.00607500183710058,0.009679439377072184
-0.004841279665244141,0.00018831820982795466,0.0012621695039446632,0.004918804318709495,0.01176195125183512,0.007661376811932431,-0.010592413355729654,-0.0008137487699147797,-0.001697628404300608,0.00016961685918103405,0.00011047255967508412,0.0034520156335060208,-0.0027210152842539917,0.004902998031290277,0.01499331835202977,-0.0026759506204533947,0.004763226916138254,-0.0011543081356157024
-0.015487366986360041,-0.014722797688044737,-0.0038226575247249208,-0.016808071498968034,-0.041127064643011954,-0.012462245841589583,-0.015890357041975566,-0.004512459917051643,-0.004887876300332264,0.0,0.0018199343285323093,-0.003729054456643156,-0.003138204119271496,0.0047561389943201445,0.0031842713822697265,0.0027992712002501783,0.0013234765863255596,-0.004947984439790568
0.007154151448174757,0.0031044713669846056,0.0012688572167123937,0.007032124448833349,0.008800582934429403,0.0023201365562444815,0.0025638775793629673,-0.0017882120808287191,0.0038561281848330637,0.002455957612536598,0.0050312335823630245,-0.004263290403260338,0.017381975535959476,-0.0021429998076993692,-0.010152211428444215,-0.004819875996994768,0.0015520716884415,-0.003513325210651369
-0.003094396983049161,-0.002674558550170117,-4.294382988328783e-05,0.011054780645662014,0.0034660121861544717,0.0024275616417080317,0.0014080994080571242,-0.003545024999025586,0.0025508854361502345,0.0,0.0017054785054988204,-0.006261693633290471,-0.006602510874645724,-0.010632768325019425,0.006885356172978084,0.013738304103920285,-0.004498621989037973,0.005665135775803437
0.001430390439793381,0.005532135389933138,0.0024493742636745404,-0.023954568053092856,-0.00646085637210862,-0.004535031611636864,-0.001066322268767502,-0.003976062919547563,0.001285810089346795,-0.0023579443569141643,-0.00041943710101769355,0.0006345664987801699,-0.01622455613042968,-0.011134350883757187,0.001183493766563942,0.010504761369059016,-0.0011161290293343114,0.001521897164998294
-0.009602109888724456,-0.0032969035809091948,0.0017754075966515185,0.0041417920753424545,-0.0013608324164939927,-0.011226057622600703,-0.002342818193149983,-0.0004660848387687886,-0.003131998415606039,0.0,-0.0017060181514508914,-0.0032967812114840307,-0.008142258908382457,-0.016038204570190093,0.0,0.00810045888824902,0.0007473979285713781,0.0025758654984816623
-0.0013569108137489766,0.001109108328954977,-0.007075871637056374,-0.007972171902550248,-0.02033295227887935,-0.012430721955993002,0.004144876907163789,0.007247258297180835,-0.004583578141926687,0.0,0.000957287748232419,-0.004465352801075657,-0.013075032675767977,-0.0026849629904686545,-0.014732020413002828,-0.012726475968108424,-0.007517260351822583,0.0
0.004883564474689309,0.005767936044738679,0.003914566974297707,-0.010466620520964337,0.004812059126840891,0.004731572017488612,0.00794264884134116,0.0034925192340385064,0.0025533628965411508,0.002373188165324632,-0.0022990982864834588,0.0038891623954284047,-0.0030456624322564513,-0.0012877148735702252,0.01439573540558403,0.01479104990466194,-0.002096262199794175,0.0062071305994771606
-0.0034176215158775577,-0.0008840941382901867,-0.0005823388909459306,-0.004949397546162224,-0.03140483701011512,-0.011674861500680082,-0.0005081201680579129,-0.0015058830336483297,0.0018006953638938837,-0.0017343687076916234,0.0031558754254741926,-0.00641449794477767,-0.0015531544975706272,0.005790337739218571,-0.0034646841057861793,-0.023767372271329433,-0.005606175744263883,-0.006382482779891521
0.0,-0.0010477406319321996,0.0012737939705875327,-0.0013075158333833799,0.005785303245968227,0.003392405491486645,0.005673145124585687,0.003923981327155275,0.0007681075565811556,0.00591374177387477,-0.008631434823290906,0.0050405340884726296,0.013402868270063602,0.003436569510869798,0.0010858937455305675,0.007898863182021081,0.005132707136374897,0.002939543098712069
0.001202433450456358,0.0028461281119526267,0.005084399120965578,0.009607790832670432,0.008328466976548708,0.0074286668353445535,0.004731158086679603,-0.004317661770171889,0.0021375817381639973,0.0008272449933302334,0.0005622989687416259,0.005677317687557853,-0.0017656030838187685,0.001600412582258723,0.017248418900813592,0.0023858492900545943,0.00027672158822503667,0.00021578426004729978
0.005983486355295405,0.0021823050822180356,0.0024912402106977527,0.0017725891994675252,0.0035155897904590437,0.0007352691568410386,0.007004768539775009,0.0016708529906501205,0.004945374193120274,0.008166357588531924,-0.0014150075031946607,0.0028662955716455556,0.0,0.016271530305137758,-0.004244993631762072,-0.0015091389698259619,0.007913740678202937,0.008815045168095628
0.0039277262540214734,0.001608309173338891,-0.0009882926040388274,0.00829551572807427,0.0019243419200049286,-0.0007634071025827432,0.006065966491058066,0.0015058669509977426,0.0017738007485824257,-0.0030639979057156146,0.00038548512398338495,0.001610880695416506,-0.0034077006148257316,-0.0055789370884008205,0.00933759055426545,0.016258619281614567,-0.0019825011723319202,0.0026734277236046752
-0.005625571800410997,-0.003940048641407946,-0.022321808692833095,-0.009263346629104252,0.00409452670016136,0.005552313161287831,-0.009272272942943851,-0.005465911191769594,-0.006148720079592273,-0.0028154961234306925,0.0036282007636730305,0.0005124886782854377,-0.01863799673044956,-0.04420838043271094,-0.004820715725042056,-0.0022813640256508193,-0.005332900417604925,-0.0004633763409533087
-0.004829086471006162,-0.00076379467054838,-0.0002442832229943472,0.0028983926470510317,0.006366168104919125,0.006132748855193148,-0.003992209499974399,-0.0011319889855762571,-0.004662155299558244,0.002517852443154999,0.003887998696075589,-0.0059792527424456215,-0.004502400469724006,0.0036418230764620895,0.018133902521070666,0.00036505267612211076,-0.0050380451230249415,0.0008222530217318648
-0.0012952800501064114,0.0006228588636054364,0.0018467957624486596,-0.008128858697297058,-0.0007517917274152032,0.0006705405159229718,0.004916982569536414,0.0007222925418324817,0.0004747484133112744,0.00439985014844843,-0.0036490232092346287,0.0046087608759320465,-0.004397142377278845,0.015203791417307736,-0.006106686944956059,-0.0095946623549538,-0.0015144485532654788,-0.0055809559649605735
0.004498856346373666,0.0026196168338332524,0.00312975219979736,-0.007012259571107684,-0.014211641146671459,-0.00788751822788524,0.002201429082971738,-0.00016917850588660078,0.001634830137867374,-0.004112657336370125,-0.001514561510594514,-0.009950587199694137,-0.01174299028216828,0.0033674841467629547,0.0035785193989322983,0.0025511859193279142,-0.002392025488501674,0.005194790595265286
0.0042088611668527915,0.0,0.003147758210058719,0.0011961049695834631,0.0,0.0015359746744841483,0.0019778544082132963,-0.0029572719315376175,0.00571216275128509,0.003584072978747737,-0.005383722139577836,0.005178172279430586,0.019142007894048244,0.004834651792055362,-0.01294450913569547,-0.009540758811633366,0.0012156948701454412,-0.002438948108787368
0.00017281069616322724,0.0005666535208276855,-0.0015589143860639057,-0.0029772820126480657,0.003177978795135553,0.007360203882117906,0.002943404265983721,0.0010937894115846494,0.0002201352394439884,-0.005145507708906222,-0.0040049140738600605,0.0011098584376168974,-0.011856980145178893,-0.0002852329742482338,0.005704396800498139,-0.028673246030782792,-0.006093581406211543,0.0003017184121017133
-0.011637099071730866,-0.007570194584191539,0.00023664545999127335,-0.018699103426872893,-0.03325674314269424,-0.007136314259957661,-0.006885015581114513,-0.004227847218505966,-0.00384958645221447,0.0013717331518808898,0.004647517442018952,-0.0035479541227297876,0.003656053231869006,0.012140692746268654,0.0005321277019926688,0.008091649958855586,0.0040775148836398765,-0.005075915412782558
0.0023790873707646805,0.0013450557048069374,0.001925954187387769,0.004389902594505368,0.012121293041746679,0.007567962770493254,-0.004136115984779624,0.001166080623412242,-0.001093473593965208,0.0020266290651144016,0.004379389158421151,-0.003805711648353853,0.01992176265108451,0.001102326444092835,-0.007063317683135702,-0.004546901881727187,0.0025417118342965584,-0.006266589196757454
1.965498203156997e-05,0.004000410040972177,0.0058529300302642764,0.011987142090225708,0.006033046619090181,0.0087777201833458,-0.002029342626022483,0.004608963924334958,-0.0011058776663071613,-0.008073829955229695,0.0013749871561146258,-0.008817241981520814,-0.0024023715394289645,-0.003688090123678057,0.01392901863232989,0.020784137097471792,0.0015987309843094805,0.009540124047474181
0.011545023440199899,0.008678830067053942,0.002776177882514515,0.00725036781188281,-0.00065603536134665,-0.005668242788064935,0.009305271199997538,0.009097965870528376,0.0016364353510055212,0.00301378803685222,0.003089316105855294,0.001440007290887647,0.010989327050047636,-0.0017974557848271229,-0.006152875881439852,0.012275256995994502,-0.0006491513837567161,0.0025008734568920943
0.0012406185636272262,0.001641905540663589,0.004163735650140803,0.002269895241558474,0.017659204345417203,0.005062929650701514,0.004422548875539574,0.0022485745042628734,0.004367658714462023,-0.0033559644254535868,0.0017195696955011113,-0.018137314224072876,0.013221416824311159,0.007502691377782428,0.0021240429424400895,-0.004394795338739101,0.0022088185219271725,-0.0009624372424327787
-0.004361292927228006,-0.004179189151993191,-0.015876293173088064,-0.05107141271482534,-0.05708757511284589,-0.01725167517885473,-0.006334185435519714,-0.010347200884716185,-0.0010926075097594252,0.0020528384319781876,-0.019601080946590903,-0.0049065326991469095,-0.02222934207709768,-0.018617417288750694,-0.02594504378279794,0.007755529230559965,-0.0029016882252919612,-0.004247699527631432
0.0,0.005336240603834179,0.003991558310856094,0.011163730166093897,0.003983550917890684,0.0018547903730370978,0.0031502235037184577,0.0,0.005634187743497334,0.0003096236678709099,0.0,-0.0007241331821472537,0.0,0.0,0.020311570617410978,0.02000084544991812,0.000833727796839236,0.008060258107724705
0.0,0.002037794952839342,0.0008171937975118326,0.0,-0.0010797763149436798,0.0009860350369939863,0.0055898067554170875,0.0012500314227953866,-0.0004024333996143116,0.0037827628724060643,0.0035524051682687408,0.0024972071258092367,-0.0011959544388286444,0.0135297903095891,-0.0032335545842217383,-0.008614796704682926,0.0008329173191036262,-0.003086433488740964
-0.014979877616805332,-0.014782853751720268,-0.010725945768662513,-0.00518550621128312,-0.01646443110585336,-0.024196328804492885,-0.016027126084886826,-0.008024481500731422,-0.005883809454373235,-0.00794162727871499,-0.012024568530042731,-0.0013072844516400532,-0.02386213262882904,-0.03161080737534751,-0.006047831983230421,0.0,-0.0037815068975154006,0.005879064669526923
0.0008120780507342205,0.005150240897662573,0.0035021522786504245,0.011060603999657352,0.009539596818440894,0.008740213045966175,0.007567340894985913,0.0015360572055437775,0.001199109809630005,-0.0029036073991024745,-0.00517345306385963,-0.009548169428041263,-0.0005549859294979489,0.004886207164107674,0.01563363063180472,0.009847492562725674,0.005067481003879296,0.008567563203219788
0.0027226264899367827,0.0016700169391414075,0.0019362585778956002,0.009518473282255156,0.010855599993606484,0.004343902866664904,-0.004160891915118443,0.0007524067860317223,0.0046628359949065735,-0.007853755017989614,0.0016693980900432629,0.00431101388640061,0.016618706323339463,0.0,-0.0019150569207968204,-0.006033162027421115,0.002238111659766738,-0.00166963431843703
-0.005372248858375656,-0.001833589889749571,0.002628399045912798,0.004877539950792909,0.01505932189077523,0.0012733108081622432,-0.0031446530731768,-0.0011446652271058064,-0.005820939865904514,0.0058797292332831465,-0.00011739476507730738,0.011487105996586448,-0.002604173404324739,-0.004580956533829309,0.00768625292802503,-0.011611245026678929,-0.0019998073864873705,-0.006530732672748353
0.006338255706295717,0.0013956527948862337,0.0031701306000294156,0.005177052975401991,0.004150531134959052,0.0014990147487275803,0.006695611282216937,0.0010714991841279343,0.003988116189332234,0.0035034957574695143,0.0031360039652647926,-0.0034811636215623235,0.018356529180412966,0.0030052691914891415,-0.013530728314908909,-0.008001590952584618,0.001678172001697586,-0.00048761429646752147
0.005377069403624936,0.005090297371732501,0.004772692610537006,-0.008805184298849241,0.00715523039191715,0.009607884525374075,0.00850047009357353,0.0029719007051574645,0.0021315506731918532,-0.003150923854482594,0.0016294611603691902,0.0012722032730973808,-0.0040495067892316605,-0.00346729727645907,0.01672395029084684,0.014659914484943772,-0.0010880335525058234,0.00727077274577094
0.00596108372091755,0.0034977451291692886,-0.0028458848256412636,-0.002895513435640126,-0.028063941182346508,-0.02376527001817728,0.00475982038832339,0.005617023438929616,-0.005101723014884498,0.0,0.0016451629078249126,-0.00500423044286756,-0.018070532563809513,0.0,-0.003714375853734189,0.0033334941878137266,-0.004323323049000789,0.0028540082558519836
0.010392615996089054,0.0007128621825178988,0.0012407446665182377,0.012897167649163852,0.00677603107659148,0.0025666237116806663,0.011320795052093685,-0.00183218789894454,0.003986654606965022,0.006514699156129086,0.012997566170778605,-0.0026263898884420103,0.0005229361862863591,-0.00287789703179597,-0.004362300968213113,0.010895394535206625,0.006847939213529445,0.0050683816917379
-0.01307334206008915,-0.0048510184888069935,0.0008171962199016189,-0.012781886011138936,-0.029514221421838467,-0.005203260832050028,-0.009522801105675412,-0.00034405801652284923,-0.002501067198392488,0.007558968427584398,0.0021494151227262315,0.0016179474027520117,-0.0029861976684088867,0.01563992521975726,0.015669946144655663,0.006773272356824129,0.0008138430384643777,0.005302446970379161
0.00396309236931791,0.0020170403328251254,0.002780486074331326,0.006132298750841874,0.008316868650196072,0.013410786794344461,0.006352987174195593,0.003031485948953721,0.0016737820596673452,0.0024193183700566088,-0.0013397136959064943,0.0038927348435956093,0.00015870780911730125,-0.013845862692054277,0.012792897147585212,0.010147814457836347,-0.003046934319173059,0.0029438536024158704
0.00016705441399409723,0.0002797230747188028,0.001999019406540611,0.001942820312032166,0.005209493368127679,0.008648424254911696,-0.006763658596711183,-0.006449991127434229,0.002573002439799391,-0.011217739801860999,-0.00788950194435694,0.0018634663945621389,-0.009225797957911413,0.0017958133014581716,0.001780793316254054,0.004509107352908651,-0.0030982615058254286,0.0025330204137532543
0.00018988071355038842,0.00034081215965923995,-9.953542652781424e-05,-0.01132293306521211,0.00420381441993586,0.006762027942048188,-0.005470093192576109,-0.0028628341486994766,-0.0013329667445769555,0.002307151875832182,0.004057475229645599,0.0,-0.007040886520197571,-0.011741586888312165,-0.0025956698191270623,0.0034621853223322356,-0.007808531114210998,-0.0010572948227448309
0.0024157227986161115,0.00456453155843423,0.005232447067867021,0.000689163110279296,0.008825366745502192,0.009035039745942098,0.010507444276668559,0.004577036142824782,0.0021932790418115167,0.0024678147823511986,0.00350967436649764,0.002482203417364415,0.020598482549586176,-0.002141184605017497,-0.009654770207565097,-0.00035740766157194015,0.0,0.0
0.0041231857939192,0.0018889713149418212,0.0023730459118628798,0.005990369960741358,0.006539890234069406,0.004015856566379758,0.0025569595191682615,-0.0018528396902497144,0.004975730394560017,0.002871145992372739,0.0018889422058117507,0.007125223339209575,0.018073093100924344,-0.0007117183913598909,-0.00985362596794389,-0.008509330784256502,0.0018196507629503018,-0.002650140714141748
-0.0013235585432147202,-0.0012750589758781172,-0.00019333334530990856,-0.012647846095393763,-0.003048084537474297,0.002852957184779645,-0.0075585427002345515,-0.002114771091544761,-0.0012508994292243073,-0.00037176976089331383,-0.002887762901060016,0.004617333414270373,-0.01573006029705081,-0.02806303048061297,-0.00967059458791801,0.005459802420431258,-0.008243673366084815,-0.0009108003738884651
0.002283600439769907,0.002417456453648845,0.00435853942359023,0.014624805140809678,0.010857522735352941,0.00342398327221284,0.004974961874534788,0.002832837781980728,0.0016037115557291468,-0.0011391502257202422,0.0016373790935597353,0.00045944465873093285,0.011098879722578985,-0.002271311558841763,-0.01411007431823067,-0.000523586324284828,-0.0020549614345842077,-0.0006491727919719428
-0.0026876107474064397,-0.003407562787280041,-0.003908641321803242,-0.0044324743069678145,0.005788578808020483,0.010147107336558218,-0.005976471694744639,-0.003008675091472101,-0.0038649563902125746,-0.0014600514323080103,0.0030542688641165255,0.006654446634550505,-0.008791137267119475,-0.0006662865012456104,0.012607200691881183,0.002854566667799676,-0.011343095426376492,-0.0055247831350581315
-0.002743221479744331,0.0020209225496347406,0.004763015111440583,0.008054754602699154,0.016292486400647198,0.011613858005672042,-0.009108161179553756,0.0017942528134692966,0.0011765226202518947,0.0042069858352804905,0.0031740984092625633,0.00789567311400718,-0.0013098244337677424,0.0026804231029087106,0.015270666995239919,-0.006981398691722012,0.0008634702798184187,-0.004733271392714504
0.008761402139501403,0.0024370033957215364,0.0028841775552355593,0.014070442243822335,0.01569380471397105,-0.0029035916536532275,0.012591687825320911,0.0014217634480121113,0.006208190805355989,0.005478880404562989,-0.0036985027106868277,0.004685333922430062,0.016689355827646926,0.006649888359956416,-0.0014025719705858905,-0.00602804987673768,0.0030682931809220323,-0.0035922383764175198
-0.0032832040424120214,-0.003645958987221029,-0.014289518533491988,-0.05603779010349408,-0.05711956586229401,-0.008416873121427826,-0.004843210133699742,0.005811961003140882,-0.0009429906805972772,-0.0022291308879455714,-0.006565216883725393,-0.002057723673722993,-0.021799713693266297,-0.02123045733382534,-0.01907716015572565,0.007975941518929615,0.0,-0.0003854319765506653
0.004984153013030598,0.0007459449146811367,0.0021491120510728494,0.0038046222985204624,0.006704373822610805,0.003645960497177552,0.000464834140607563,-0.00142366812746066,0.0010032108702389263,0.007060640110015136,-0.0024841551483014298,0.0054745408116126555,0.011255822074041194,0.0007078893580202359,-0.012109962999702545,-0.004254288119268469,0.004206658167590513,0.00464171172657378
0.0008027012305335915,-0.001186984505363362,0.0018837660899917704,-0.0004921685327065981,0.004804536448694551,0.0048519513077462766,9.68314676272868e-05,-0.004457778424190652,0.003011420399861888,-0.00513266104281607,-0.00020701461540647778,-0.003951169440302539,-0.0024985660283610004,0.004938580990542229,0.016527817375253755,0.0010268828236567541,-0.00288195161810302,0.005186044253613523
0.0030186464771157087,0.003807641965077974,0.004639011482963157,0.0058034380050800746,0.00038498130703745065,0.004216004776238788,0.007404139699073434,0.00551663748450493,0.003550789163231671,-0.0023329309951063202,0.0033566043139787545,0.006130769406666967,-0.003666655822983644,-0.0029839826260316974,-0.006676146776505837,0.011782395673608169,0.004667034081130972,0.004173494757806748
0.0009536059179548628,0.001704660267966962,0.0007393128291640582,0.005967692216351132,0.008492357028558514,0.008659532923313468,-0.0012535335708382244,0.0,-0.0015359893329142328,0.0031595103520341557,0.001636086277868585,0.005357336829351942,-0.0013207428494747143,0.0001679702887230017,0.01557850190716415,0.0029685492125889603,0.006114437682923064,0.001075369344635077
-0.0009834261938507693,0.0,0.0013006084898156665,-0.013627647337037994,-0.0066731228980983735,0.0035613091359262185,-0.005851165358302921,-0.002590829161882337,-0.0030551050489561024,0.003927808359556979,-0.0029505059278606112,0.005688854353367747,-0.015648437310084244,-0.020447774195369396,-0.0055131374545329655,0.000954947149970588,-0.0043516755122887585,-0.002114553508446096
0.007996647714772341,0.004211819321032287,0.0023049301656839177,0.007883572498513269,0.007288865407965081,0.0033533865732805587,0.004263694009719176,-0.0003164428809815826,0.0004400246394596111,0.0047134256579226055,0.0037067328612807294,-0.0062398091437235945,0.023871624758015155,0.0021894576895416865,-0.009496873371004305,-0.003975541345918468,0.002967745549294127,-0.0026237138499999105
0.00248761585466159,0.001129844164962478,0.0022800294437501293,0.01815822829197573,0.014459174117042542,-0.00398807785247285,0.005354484064805859,0.005567980553151504,0.0028646617644320586,-0.0019380390405556189,0.002588488318163923,-0.0028930471079817725,0.008845453285895134,0.014197855570322205,0.0003981848400116826,0.0009256730756842475,0.0017480073641118166,0.0002612279423627739
0.008744806175778322,0.0017029358551725214,-0.00045835772882750405,-0.0020939555448975782,-0.002061490380185156,-0.0048672514697398655,0.00211023849155615,-0.002575099403363035,4.2697816426427245e-05,-0.00023390305557486197,-0.0035443027514275465,-0.0006426527342255857,0.014625512450469535,0.0030256543842962867,-0.005240782572270499,-0.005808628859365402,0.0008805683614102146,-0.003883206393614129
0.0029105431944921956,0.0002901200463264565,0.0026083164285719334,0.0003483613147581815,0.006751996830508449,0.0006357103115969746,0.006295942524981104,-0.00047861526718429866,0.002997407557066073,0.0012649554287992096,0.0015453960777980645,-0.0035632770528346547,0.016739022156485053,0.007189167216671075,-0.013471606127363518,-0.008720258807484125,0.0,-0.005408239673347581
0.001759175142918295,0.0018987797672513126,0.005019566274717124,0.005317382922221834,-0.002632065164657965,-0.0010654712387354747,0.008001483808162227,-0.0009275560129000121,0.003039795459217263,-6.648500417573027e-06,0.0014414627070106596,-0.01021664545279064,0.009241110300566392,0.0,-0.012491493079126007,0.0,-0.003022679127181806,-0.0020367662869599287
0.0060251695543296025,0.002707314039697763,0.0035699239007563038,0.005321325671548053,0.006685735336520971,0.004879751367237895,0.0022944180089051977,-0.0006343436170475053,-0.0008257187571756521,0.002500935991093128,0.0043838859262566605,-0.005049398917196937,0.017682185568799472,-0.0006187878029327895,-0.006177989618598764,-0.0054241536179894445,0.001815615523010391,-0.0037560769032113778
0.0021322470131937476,-9.908884838298405e-05,-0.0032357989429954125,0.0032930928506140086,0.014763246855340487,0.009344092649842855,-0.002730537895577899,0.0009061556553493806,-0.0037177170817828697,0.005488417496863743,-5.646652457683374e-05,0.007818830283020184,0.019232279728157345,0.0017526580685026058,-0.005913120374523424,-0.0014539979390723436,0.004099020313359622,-0.00044691233064368674
-0.012952688901368707,-0.013433802264165136,-0.011361450789892496,0.0013286171524707169,-0.020793287024919754,-0.025290566027932324,-0.014413741670842316,-0.007807213627396261,-0.003090745483463989,-0.010347807249864461,-0.010491347454288626,-0.0023721482851007626,-0.027842543426134556,-0.03057470345393874,-0.0013136370172184678,0.0019472361492131282,-0.002121035440143994,-0.003804055515814586
0.0032200058787731807,0.0003030834472184134,-0.0020245944553779053,0.004592158138711736,0.007015929017699473,0.009502797758126642,0.0062471592800718715,0.0019221424131962278,-0.002315227121239507,-0.0017712579826498155,-0.0055389852666874045,-0.0011078758819960714,-0.0036006820197955346,0.0024828466990603655,0.013273303392338743,0.002417223919488334,-0.002901906160215622,0.002176053376184574
-0.010758628639733012,-0.004763640057054878,-0.008294826474921154,0.012925566570415766,-0.019065866098761233,-0.014291695281903525,-0.010692392304718495,-0.002317042984960519,0.001015257392030395,0.0005268037111487052,0.002956467259359659,0.002281817189727684,-0.0035231929449516964,-0.01061219159826156,0.006460068138386505,0.002453053102248054,0.002741482738024238,-0.002126330557356032
-0.006441020148717183,-0.003866665106505573,-0.02293458291838592,-0.012767697379275205,0.0,0.004581095567981962,-0.012266073556031517,-0.003988915741387438,-0.005780168343437531,0.001650805039248979,0.0018045208325842249,0.0006256249104424135,-0.02127173890628156,-0.04813135479961676,-0.004482995944029572,-0.0036794557366757997,-0.0066337118919924856,-0.001967094226546978
0.006013430235147417,0.0015800617441910304,0.0006511025701954088,0.011276140882093931,-0.00025497300220732734,0.004165567078762874,0.007373347767080471,0.007754358528942324,0.001438725602011081,0.0003518621273659609,0.0,0.002826568262186956,0.011504176461462921,3.374160741455875e-06,-0.001699862940028481,0.015800483052624745,-0.004767134550984728,0.0029902872879081083
-0.0024341686563179254,-0.0003325867343950134,0.005126036336832532,0.0027841666717084955,0.008057086401778346,0.0157585515271597,0.005525385633099298,0.003703131216809515,0.001451250742448971,0.007564744467489049,0.002590771687010395,0.0016520780553883573,-0.00860576174606546,-0.020312455309797847,-0.0028458967890487696,0.010899782726285523,-0.002833571162186572,-0.002698058959667151
-0.0010415821071283664,-0.0009394562537680531,0.0007544454529113587,-0.009241951374730578,-0.015729962655769706,-0.0037949517259245205,-0.006122404321803149,-0.003049798477522575,-0.002953423054887707,-0.005781154833062594,0.0006524979380552669,0.0026830051088738115,-0.01864883289309842,-0.02813732450300694,-0.002411961244275052,0.002267218180264259,-0.008456222839564017,-0.0016384448447528538
-0.004706754418568186,0.002004538481301389,0.003696142590395933,0.01523596985200335,0.021402639420866922,0.016172234669336122,-0.009124897031367714,0.0,-0.0027945853748509064,0.004738590068945296,0.0,0.005043392767882483,-0.001440974024420266,0.00016290940906419924,0.01529049300201319,-0.0021264630114282007,0.00408648160483415,0.010459635104326362
0.00434485580195934,0.0026477032889810634,0.0018502784017363303,0.009242235301066517,0.006818032347768571,0.004586821412501062,-0.002444202592565261,-0.0013939036846918951,0.0017771920725864552,-0.0012159775681230447,0.0008761743331552596,0.00335815156038349,0.01961143851066369,-0.0015994383066051832,-0.006141560827916685,-0.00850321101276526,0.0012422700522213758,-0.002478391763095951
0.001734276294694334,0.001261813868103507,0.004852369354246193,-0.0016864632351389467,-0.003225419683231358,-0.00235904902896531,0.006752934612257984,0.0049143204092940785,0.001997795870310239,-0.0008011889369443629,0.0023516523374611767,0.0028054538965393834,0.009407993489681278,0.0004098317082595909,-0.015264965109103891,0.0036793439338533357,0.0005971359186390387,-0.0007962054684873092
0.0024550554759543044,0.0019882296766129876,0.0020087809666159083,0.006677988147333321,0.00570548072912389,0.006337684478822533,-0.003019833363604542,-0.0008719310854376275,0.0018574744336060031,0.0011768966459389065,0.0042314774481166,0.0017315215807670703,0.0095531046216589,0.0003200982325581481,0.004803187006290176,-0.004202098305738481,0.005337112990668406,-0.0018232086265686578
-0.004224015903785101,-0.002232046715478572,0.0014557546840699978,-0.007227260033908352,-0.05299295196097552,-0.017095610421946995,0.0014400172518733002,-0.0010641544772220539,-0.003574226979589734,0.00836098946883135,-0.0015992192931192754,-0.001253838709840846,-0.028551497049369767,-0.02742496063544419,-0.00729133529430965,-0.024709692183736538,-0.007822412391114204,-0.0006038884925698706
0.0035382855082628003,0.0018262826959705573,-0.0007472592401055817,0.0066358591646101615,0.0023069404144299356,0.006896107453193728,0.0057717030999685755,0.004100561560727298,0.00041183889407488665,0.0030143137707047047,0.0018143848675145314,-0.004562284460103756,-0.004953174497701374,-0.004613507092431578,0.011413373916317136,0.003930649637218557,-0.003747107208582723,0.0021427173281935233
-0.0006936312954619858,-3.489600628722056e-05,-0.00700421378285205,0.007792988174929844,0.001826213422006642,0.004047172096467054,0.0011225102343605398,0.005525213781277057,-0.0007932908666213711,0.0023449345126193453,0.0011609723135729709,0.005835437821769755,-0.0002625439529613021,-0.0013346429406466461,0.011887163281422423,-0.019936759097251736,-0.005281351738238729,0.00925934914054861
-0.003592099288011587,0.0021910881539339297,0.0053300303077230176,0.010444072775236426,0.022522019720953083,0.014306579429580349,-0.00920443534332982,-0.000249201209715874,-0.0023393488566335954,0.001512143873106029,0.0024939145599678515,0.011447155089480163,0.012121782933348493,0.0004490071196485736,0.0007496364900114711,-0.00021080270111678903,0.005079446939222668,0.009333975150894097
-0.011581352927546355,-0.0058714820870138665,-0.008490656386140397,-0.004398404896802071,-0.005298094375162664,-0.01368640408440612,-0.013055250472384834,-0.004917674700316978,-0.004765816413244895,-0.0015406274979389448,-0.006693570948806044,-0.0015078151407608845,-0.013119087505889707,-0.02749909568006303,0.0010857287509257545,0.000720826197328627,-0.0031723700587417314,0.0002964634464559385
0.0019596561844002964,0.0,0.0024600464898435867,0.00864027711355426,0.010372597198254811,0.008586442272617996,-0.001967550890613204,0.0,0.0,0.0022985505909112617,0.00311765202097935,0.00546197755759759,0.002022459836140808,0.006652965429200542,0.016623823196467265,0.004988951764227109,0.008175847080785838,0.0013552711161766151
-0.0005778443435708976,-0.0032353919150922322,0.0038147722313943483,0.008142603798061308,0.010717742501026759,0.005733877711495915,0.0038065195126549835,-0.009094944258037752,-0.0002522542183335803,0.00031633670824974186,-0.0007428708773640168,-0.009234666525092108,0.01177566296904528,-0.0011408212552986388,-0.00126694561484818,0.001580821509772719,-0.003844850547728494,-0.0035365075885987057
-0.0013027014073174062,-0.0019331111663205005,0.0004256764508755692,-0.0006357474909736844,0.004680070289514102,0.0029042074305311015,0.0015024190776849072,-0.0005167813073548682,0.00136977542206027,-0.001239242784302115,0.00021122568884210968,0.001930624201268802,0.015855444282662404,0.0015532983421911275,-0.003729381678693938,0.0034776292024925864,0.0024229996780318432,0.0015135576821255665
-0.00026867133555264096,0.002398558634011202,0.0054379874810945245,0.00397295769546229,0.006693365919524743,0.004992959005837476,-0.004493535655075159,-0.002161501909844011,-0.0014060597006912898,0.002789328177605994,0.0027531459112746064,-0.007130027312105379,-0.005706520175116688,0.0016601725375478607,0.017166225832676386,0.0015775469358312176,-0.00030904181891126413,-0.0009127284074248072
-0.0035109098475798314,0.0035092949056269094,0.004433908453158156,0.009125001942805525,0.015921271212860688,0.010846414587507298,-0.007833485755204511,0.00039267439300199377,0.00023556315468538253,0.005048796755011283,0.002283184178684226,0.00790288491881949,-0.0020063575591535,0.002836579796742927,0.013613884617493898,-0.0024988986115360265,0.0026815621100837496,0.00033735899380295253
-0.009659291207567389,-0.004981788988660317,-0.0010343056689649226,0.0026276909351271977,-0.005793536874482653,0.001090770785993056,-0.006601821359517718,-0.0008910208021840274,-0.0029367341327888236,0.002606252624793197,0.00041614268616726134,0.0060017285916968205,-0.006503533911276079,-0.004126628332542551,0.021662424468247555,-0.008048058249969537,0.003367533932642976,-0.004143592851580044
0.006137180895989432,0.0011348551357014643,0.0008825903869740447,0.0038327041917829503,0.0007683081586577166,-0.0014735822824766414,0.006858682979107894,0.001578815453109443,0.004331700429931744,0.0069490205724165284,-0.0016749705536700968,0.0018586604987443761,0.00018897725762846823,0.01741802004913031,-0.004819126526575671,-0.0008240961659150033,0.008924004188785998,0.008822216401162764
-0.018572066249664964,-0.012905479030747522,-0.008954658313466797,-0.032506897132906595,-0.056140660607718954,-0.01891602506858788,-0.019745652879303098,-0.006886756934455382,-0.006420580085558976,-0.0027461121389910086,0.0025123589135232455,-0.006881160109959272,-0.005239593827642967,0.00034084224587857927,0.007036498829098681,-0.004963581148442442,-0.0055680167719630086,-0.010865257056741517
0.0007132509666522987,-0.0009401220385161745,0.001374177384537666,0.004070702116313306,0.012349639048693437,0.008657452804090453,-0.004431632118718008,0.001167137317029035,-0.0019410553819948035,0.0016353402088372098,0.0018067357907495358,0.0045430607352365355,0.0014537368234790377,0.004383621355398852,0.01881932894597218,-0.0013971301866317007,0.007250293237113464,-0.0003668386494319262
0.002521548282233291,-0.0007142440960465333,0.0003304008748404299,0.002910353991794119,0.010190253085323684,0.007865727490425125,-0.0011869072058778604,-0.0008185261665045045,-0.0013312931982711709,0.002946557986740139,0.002188856097735535,0.006005739903221375,0.011199009666515929,-0.002493813540027221,-0.001586053014637411,-0.009415252372568336,0.002138524641642583,-0.001955314960665859
-0.008332005412105206,-0.005487430290800092,0.0015020179497974044,0.003584449622463551,-0.0005318134620847174,-0.009317659321002756,-0.005605007065799301,-0.0023859929719607705,-0.0023176873587073083,-0.0004624303947858837,-0.0013836497755301675,-0.0029262383682564495,-0.006426574801095738,-0.013363647432524077,-0.00024250821832212392,0.008899685380886991,-0.0020779104555387466,0.002146055733195547
-0.0039249126218517385,0.0008458307601008455,0.002586679842978704,0.01005039769440447,0.01646864360756641,0.005553077225094577,-0.008014774707629783,0.0020900489658871265,-0.0014978423443055135,0.001130083954667964,-0.0002933656983544545,0.004803892334421737,-0.002421050796501175,0.004750367232298445,0.020785098323131742,-0.01034947264048061,0.0,0.00014447922738662633
0.004203291221196248,0.0006102147438689548,0.002286405900494038,0.011027286333697353,0.00944761494408004,0.009017462300349315,-0.0031374085263260664,0.0019556154162679177,0.001355472761029128,0.0033529931746645817,0.0002654444578756573,0.005582110926156018,0.00541589220650013,-0.0021288460368545144,-0.0007570472623556946,-0.009524158568788396,0.0037756993712795683,-0.0026220653067560856
0.004938088329183935,0.0025782757572340364,0.002022179037442329,0.008238741568532208,0.006983235892402287,0.00507935725075304,-0.0007676142146875898,-0.0014981455720525498,0.004960565702976561,0.0010981290560937123,0.0021307280222639296,0.005513203021465066,0.017813330168065224,0.001253381625708966,-0.005245015662245353,-0.010913872869313123,0.0010832046158183275,-0.004309060686240686
0.004145779317327974,0.000584289300571266,0.0029829730581616165,0.006644773013320273,0.008823189996411466,0.005988450802101618,-0.0022459672876946166,0.0007347907020333253,0.0012234483062393338,0.0017209188542030903,-0.0007995247795430718,0.005416153537143256,0.02276468890878598,0.003262729699406165,-0.011106935654737622,-0.003811242674478734,0.003485134873530106,-0.0012577697692125883
-0.00031134748919935134,-0.004819442608100879,-0.002972035235986941,0.008480286434744667,0.007219387405145572,-0.004229189997360059,0.0041034993802730665,0.0030816626156664256,-0.0041404757683964,3.266856064244423e-05,0.004229706526845283,0.005291701336308337,-0.016876568787196615,-0.004112260213095904,-5.57250750775168e-05,-0.01613922597493862,-0.004815812368753831,0.005881971808726245
0.001863798520348802,-0.00038556887897964496,-0.0064554991193820745,0.006259595251452109,0.015887931842966142,0.008212095933303234,-0.01070319537644009,-0.0023979140768346507,-0.006154162936965069,-0.003967471272987194,-0.004559395306425942,-0.015385028926668237,0.012219721221768003,-0.0004669188384578867,-0.002816035562917161,-0.011397290805648488,-0.003500192940459142,-0.009017774882433015
-0.002335157324830684,-0.0035607506772681596,-0.011687839880848266,0.008949559192333017,-0.013917581130138088,-0.021058237070506906,-0.0045004047782124645,0.00016470415718922447,-0.005432914675545686,-0.0014599117040349757,-0.0038334107714476295,-0.005757934841217288,-0.016652887882564364,0.0030731269341517354,-0.0036545310344846967,-0.02638860287068823,-0.00948342113489924,-0.009813381915388997
-0.005211406734335869,-0.0004508734737048593,0.004547777733876658,-0.00482522060895253,0.007148788440030465,0.004760729948053259,-0.006860955756561155,-0.0019120728068612932,-0.0016798461360972505,0.002747890832430939,0.0012504663656870872,0.004575615042807108,-0.009478892967173993,-0.02272731455968192,-0.006120894571585073,0.005103002790735466,-0.0036892685916485642,0.0018359474322715563
-0.004386885250735394,0.0015616881484949994,0.0031497438303062014,0.014933200616859047,0.023577286166021536,0.016150022758959316,-0.007438273359992167,0.001300996176941954,0.0021142622723097568,0.0008448138329901559,0.006220976680001878,-0.005444420924361356,0.011227665288661497,-0.0003584423224102473,-0.0026997276915751048,0.0013308528890805867,0.004847317666018195,0.01402695852440547
-0.0019784725630959104,-0.0011479699949799602,0.001247447779443104,0.0031233509208918467,0.004011306781705996,0.0006404841548975849,0.005749276253988323,0.0012922538673499273,-0.001809478490815555,0.002563332255996669,-0.00021619642052792855,0.0012994475533825466,0.015849988207246608,0.0003897639881321589,-0.01883666354082847,0.001224164284390967,0.000581794899675148,-0.004687635220800471
0.003279419658077891,0.0063935665120655035,0.005299255114267433,-0.03940194588715287,-0.0508315390727969,-0.005301058037870926,-0.00293186685756426,-0.0038399182597153533,0.003078488709089984,0.0015897544386972216,0.0021967912198244443,-0.0080856909778611,-0.0019056136828764145,-0.012163204537197466,-0.018621156608948482,0.0006955617044791875,0.0024468140587368768,-0.00036302616041748725
0.0038565770242343523,0.00155464640562121,0.0022541067802678894,0.002521475958683246,-0.005023601964975057,-0.005486982460889408,0.006586301137364736,-0.004195937132133646,-0.001697809651780597,0.0027821667999581375,0.0006809430344026279,-0.02087208385013612,0.013086820093401147,0.0023205396220284205,-0.0082078121288436,-0.0065465663607706505,0.0014710988860722155,-0.001990158825269907
0.001349152137278253,0.003792925857003668,0.001562273885486367,0.002950177485100828,0.008660535187908467,0.004302235113414355,0.007798097779347907,0.0061524430415747025,0.0020106396817154396,-0.0015449340533950572,-0.0006933065022226387,0.008074179171797103,0.012628488819456331,0.003816861694645844,-0.00040367819171506297,0.005830943240086627,0.0020916689809585996,0.0011604929264306396
0.010756661513615843,0.009220140562535228,0.0042455376630211785,0.008211351968357079,0.00038359213260347506,0.004892042101556999,0.00948386180713649,0.006757395880585015,0.0049281982552911805,0.0025550436780923703,0.00893672810736901,-0.005342662020648729,-0.0007332138646642853,0.003914664054246556,-0.003990328066830006,0.021956350223942725,0.003979205952690804,0.01476451805731116
-0.00024776045229398143,-0.0009337496550633959,0.0019220576458965943,-0.007683726874807283,0.0006959946309583876,0.0032361666757409835,-0.004520638220465575,-0.003094322471440901,-0.002887712535275699,-0.012923245750442866,-0.002704767269214252,0.0,-0.021318857144914997,-0.03050477320504775,-0.006861825934480113,0.0017893380457914996,-0.009502796510399649,-0.0022685333121800905
-0.003190343256949583,-0.001598698695796593,0.0012260825800814784,0.01052207217654289,0.006772621809257532,0.006040523252346023,0.0,0.0,0.0042332964452902275,0.001120760272986917,0.001176458618763986,0.0053265871037475095,0.0005501076019659245,0.0052051431978138475,0.007404755178179928,0.0221988900173389,-0.002235164092506244,0.0080588179980247
-0.0027846437832044456,0.0,0.003573632280383451,-0.013223713249112073,0.0001425917748000888,0.001731745813113455,0.0014661537781090904,-0.0025785372699067386,0.001541719663701771,0.0016274912283431883,0.0041044384865961065,-0.003649695342869114,-0.010263426473718675,-0.003449607702446144,0.013123040310319242,0.0011904020877324011,-0.004101076220150704,0.00045384489422819856
-0.0035443511801935145,0.0018613391817591583,0.0018987399626473377,0.005890258893392589,0.011512559927239973,0.010584814393780066,-0.008419792815336717,0.0005558765261723224,-0.0009937750107295268,3.122558596097965e-05,0.0023067649608785163,0.004715011922842633,0.0007488738909538481,0.0046416363661313945,0.01650306331810997,-0.0042332581469625,0.004380292471437058,-0.000749904201981684
0.003452354726024472,0.0023208743090742086,0.0015819329551952023,0.00477314802834098,0.00809597143717311,0.007144823519993072,-0.004070507757023138,-0.0034313671733228407,0.0021789622770322387,-0.005498981944144665,0.0009710056770297252,0.005946225469341522,0.010342270725006786,0.0015965323692270481,0.01390118922020382,0.004620900109606786,0.006550194331691351,0.0028628399383043776
-0.004483277799329772,-0.006834587422868629,-0.0021984122279147165,0.011332015204537763,-0.023679956331478232,-0.016263991092264462,-0.0044982570729035845,-0.0026973285498722486,-0.0011248690908822812,0.00323529091688755,0.003542512380568779,0.002242517524415337,-0.001958124704589859,-0.010690417942118167,0.00624555386713526,0.0036664800477978084,0.003045066305529792,0.003473312539626343
-1.685008484236413e-05,0.0029408932515620004,0.0017420193620327356,0.0066040600748584885,0.0066773664607019615,0.0028435966657371007,0.009644710804486768,-0.0020952950988879465,0.0014637680317732377,-0.0014531111305532052,-0.0013623043295342336,0.005973200186795539,0.012143421942689,0.0015203822968742247,-0.011516262510154803,0.0035739916549373456,-0.0003032767897167104,-0.0009187545481591439
0.0007040021426696564,0.002362025559942035,0.001306081190860064,0.00519520972740319,0.005890319424507942,0.002395344830763746,0.003138360982397488,-0.005476979934990344,0.003882156082829151,0.000839567439717215,0.0005484375767774884,0.005813143016740087,0.002982640034251566,0.0007303091613272808,0.01397497951082356,0.0025921670631704817,-0.0014456084807600012,0.0011489008169261877
0.0032592968152140764,0.0028519418210406705,0.002102246473413916,0.009818460249874685,0.012255255305272958,0.006727948590382158,-0.005713158163496729,0.00111168626519387,0.0017666451537482622,-0.004543942300053356,0.0021726176987662245,0.0029837290864578657,0.01743689409119609,-0.0014148851603271576,-0.0017110749293699197,-0.0084496942712779,0.0019782330495664276,-0.003004988968475203
0.0,0.0010176288494254963,0.004986789639106378,0.002125685505680359,0.0033177092550633427,0.00020467812022326797,0.006558367839077697,0.0044177367339485836,0.0016426099159974094,0.000763744983378262,0.0005022920901732079,-0.0021749884367505547,-0.002727955637109079,-0.0030673973927237814,0.014527148821260065,0.013696786077232735,-0.0015042364695328704,0.006475502640444802
-0.009658105295031874,-0.00315058434247328,0.002775291245176634,0.008955111255108412,0.014860742529078983,0.011361871732136439,-0.008420697922761896,-0.0007264436190673588,-0.002699969288851062,0.0032484845382646254,0.0,0.00707601074259322,-0.0002261495424910555,0.003339604963315786,0.018141016233340815,-0.010036613081491171,0.0017686529041261022,-0.0036534209723729644
0.0054493542848563815,0.0015716505539428713,-0.0006014260340462357,0.0020239888781842354,0.009573683845296211,0.00022855491630094363,0.00755528824341243,0.0029673167589886547,0.00271679494029005,-0.0036752250550040008,-0.0011956952039845013,0.003434375638216434,-0.00111648871163874,-0.0010898598595098414,-0.0034145952267656053,0.009055663384142792,0.0013903700957866776,0.007889159519288223
0.0038620870952433464,0.0006177862789572066,0.001730719017135957,0.0023920829184970404,0.0052633650996512064,-0.002989341422709699,0.007203924775767889,-0.002158144375009557,0.001519811974354792,0.0014806745693200483,0.0019978438730687454,0.0024156498954997986,0.017723915167838805,0.0021486463155575967,-0.00796462275819086,0.0050052159684381954,0.0027014786399491915,-0.0004690695820691107
0.005671047436491758,0.002233102072145767,0.0012047455331775738,-0.0005639303714372755,0.01107312395600412,-0.000952732750929584,0.002516189641912819,0.0025784796753038886,-0.0023122705465784075,0.0015479178456715883,0.006634205226923619,-0.014228002946313482,0.023571088428986253,-0.0004317585882809712,-0.011725794962201436,-0.004105380659310935,0.00391402577810054,-0.004019677101638697
0.00013437405064710607,-0.0006834411989075049,0.0003862091428274125,0.005402795874438507,0.005602000423374422,-0.0019008083164358872,0.0034076744814570442,1.54742863254756e-05,-0.0006546201041153967,-0.006502735051231288,-0.006408447709571803,-0.012416850714180134,-0.0005117092102156943,-0.0006573679587145863,0.010684040217159312,-0.035288590087179675,-0.006499604686743835,0.005782818016006136
-0.008792484066941863,-0.00786936957740941,-0.0033262153492739964,-0.01008597581492601,-0.03226451388908668,-0.010350000520973962,-0.008563549477139309,-0.005295101522979683,-0.005079910784862842,0.0,0.0043214840460077085,0.0017715120109306239,0.006278666814038376,0.011569107519674554,0.013614924007285274,0.007039688766249319,0.00320949550319375,-0.0016101680134041549
0.004041682181977605,0.0005649053762056455,-0.0013289131043446208,0.005772060243779764,0.0032400723104842244,0.0021325356869914343,-0.0021075355072638535,8.575355025317956e-05,-8.520113713223421e-05,0.0027246473610935042,-0.0006483471551328224,0.0019647354178688376,0.002706618982152163,0.014704093477631266,-0.007317668220599212,-0.002128935663735896,0.006699364560256044,0.006079085091315446
-0.007708181445519978,-0.0008891852076261266,0.002178967405142866,0.006746423483174449,0.007022889128225697,0.00624814396222982,-0.01045313677879066,-4.559100022202548e-05,-0.0031871116849116364,-0.0003492727921568921,-0.000689848412535764,0.004382771088763174,-0.0042973080277839346,0.0021234519251884885,0.01798080726124314,-0.004965868717404856,0.003982942379535715,-0.0019129507860847078
0.005065812513004384,0.008591653468989855,0.006756954061397001,0.01222206374530693,-0.009893613903625689,0.005911397179165149,0.0,-0.0019918522483862,0.0017981511955790718,0.0029536328658087982,0.0033391012737108323,-0.002565370714968782,-0.004256042777024126,0.003156485124536364,0.012262124541773438,0.013139086835771856,0.0015467403894371247,0.012809995924055122
0.0011669767559089818,-0.0003710712260785242,-0.00026627781591773576,0.00024172718562267376,0.007427593237757557,0.005516157269972346,-0.002505728309892239,-0.0021714567818914843,-0.00214605050515532,-0.0027293792140692832,0.0026525467069623576,-0.0010657754973665402,-0.0074428726714034985,-0.002349281899741599,0.015273264605241811,0.0030354677197424345,-0.002619479124253249,-0.000571318645034494
-0.0015432920704284065,-0.0015903763841070729,0.0018721066129216016,-0.012941103937146883,-0.0606597626698046,-0.014505363030854453,0.0036452667837052416,-0.0007279320802840555,0.0016498881473678906,-0.0021465040212608967,-0.004265046516764616,-0.0019105834770905418,-0.009062295863764188,-0.03469024479704868,-0.0010870290880597858,0.00694441118017823,-0.0046389319583313715,0.0019584671563809275
0.005710178254883729,0.0031693592999603626,0.005423731052735177,0.0071458426429768926,0.009862428694478622,0.008529875473519874,0.008226023901280747,0.006654090395424982,0.00434952868368339,0.0,0.0007702831220223837,0.004236208837280208,0.011118205189817773,0.003240922920766407,-0.0013947988026435571,0.015038249875012557,0.004674938304264655,0.006476620723097362
0.0,0.0,0.0035986856569670024,0.005594650201695346,0.008972947772618802,0.006188810614900311,0.007402250899100228,0.007562598967862211,0.0012664216873106422,0.0005537670726942118,0.003376864504778339,0.0,0.013072336405627513,0.004110857330342914,0.006216435760362229,0.003879358532665463,-0.0011700019859360433,0.002268541701531207
0.003972650725669067,-0.00023469088946410623,0.0026887337659892378,0.0019045280353369885,0.006407096151926462,0.005140342438678278,-0.0015008643010702195,0.000974555813330467,0.0005262506476267705,0.0007622346959487865,4.03750207385479e-05,0.005220377603113199,0.018345878517684325,-0.001086830426925317,-0.0027959167407765875,-0.00866860105901114,0.0005338208172137297,-0.0020162353434918165
0.0022743939693687736,0.0036147650203376047,0.0026578542485527347,-0.009132667231687111,0.004643696744669239,0.005338403525229297,0.0028156428074691516,0.004319278968558422,0.0008152621085569413,0.0010894796702465856,0.0022504357574597037,0.005230529588806021,-0.004377375010224126,-0.005512060079347651,0.016906703648828857,0.01826534278445325,-0.0028176754409356417,0.008780939691745614
-0.0025341897985588064,0.003318526859566063,0.003056527185253054,0.0037127775965738073,0.007123965622298057,0.0034129196894150896,-0.00901371046129633,0.0004436211794778063,-0.00017577814169767803,0.00358049502086829,0.0010924672874273948,0.0003580451257043348,-0.0017090894969946145,0.004379820390957613,0.004826163434676317,-0.004725501568463894,0.0036568978106631227,0.0
-0.006867570182308105,-0.0015146260206604907,0.0003124569901387814,0.005743420800336288,0.015137587695631203,0.011516115033196026,-0.008412775949796563,-0.0005215736598328285,-0.003571922115286343,-0.0009580725401152908,0.001410353638046831,0.0038754558367185966,-0.00012185181163045887,0.005449125584077558,0.020310419101790284,-0.005635300154515852,0.004586216485646657,-0.0019349931994575367
0.001008932979078436,0.00031531172230092315,-0.009491354194476666,-0.00691284801011058,-0.004551443247475199,-0.01841865479645643,-0.0050101061901816416,0.001429550065687533,0.0004771317837744805,0.0006791892672159494,-0.0025829370390884716,-0.01541358359780694,-0.006054383796121566,-0.004879782128510135,0.001944052376440775,-0.028554013639508706,-0.006835751389682474,-0.0070067127757623
0.0007895897522245478,0.0016296255826079432,0.004988689160241003,0.005577321399278749,0.009138231689071878,0.008592412583374584,0.005741692019827858,0.007787344295852411,0.004181063457784162,0.005149043843833024,0.0028298452437580204,0.006503132595655142,-0.004740058982034111,-0.0013691551880422603,0.01774069866140288,0.009160184314185249,-0.005727492886736118,0.005487945241992823
0.0006186297874547638,-0.003994596031867475,-0.008470539413359136,-0.03648947290298328,-0.03647232652721564,-0.010721143208755782,0.005313310465312857,-0.007869678115367394,0.0021119240099297903,0.0015057093402386639,-0.017549098280772023,-0.0049308005421816415,0.025019989196425046,0.008936210558322156,0.005083838663863719,0.0027778738018745357,0.001521319693753645,0.0021556293009471483
-0.005449039225974162,-0.003033689873793889,-0.013401453674597432,-0.016598811536427154,-0.02439249015770797,-0.0010297891340698107,-0.014926928661067098,-0.004252471477007467,-0.009150140836115853,-0.01457526496724573,-0.002769723620773445,-0.001215779851287168,-0.026020076101784917,-0.04588076541154146,-0.01249996261037836,-0.006020550681711067,-0.00958164342159649,-0.005874202228295405
-0.0022999110229074138,-0.0002446174763193809,0.0008448248068924922,0.0029012866417740734,0.006790797155817611,0.007306835347127068,-0.0058644542451392586,-0.0038704788129097474,-0.00015402299324668862,-0.006823132505202932,-0.0032721009599063653,0.004225278484102778,-0.004138974195903136,0.0009974444599556316,0.01487292825995567,0.0007162723283567576,-0.0034975045403180323,-0.007109647534719729
0.0006822353820250859,0.0016373791657318467,0.0019701059496616525,-0.031769599391850534,-0.0353062523258572,-0.008668595982484428,-0.00224245875607628,-0.001533552439321284,-0.008542290054262094,-0.004436249042995212,0.004308922661419983,-0.01129518373439487,-0.023220217665551462,0.0016241129250781654,0.005364300152422012,0.003942906227367187,-0.005266159139903186,-0.0022272356008460614
-0.006669247564529736,-0.0027201567702595016,-0.007204107457203703,0.001436072129327534,-0.006080580836722317,-0.010527217245679532,2.2403374465968052e-05,0.0027216193433142436,-0.006022678847782206,-0.008314671304832827,-0.0032982275442301006,0.0,-0.0209661397679831,-0.013766532493170485,-0.00863235712415616,-0.017925639495123737,-0.005632152482595573,-0.012266052072173211
0.006432697447710168,0.004476462851550102,0.00017297671032335968,0.006888538313161385,0.006394343540606102,0.004564856835378468,0.008138161866956541,0.003528755202645431,-0.001441942185055393,-0.0021843264277512345,0.0003202946557836899,-0.0005456883896457325,-0.004488585341117825,-0.004128347363710732,0.016706910597987585,0.014151753716827307,-0.0019270341582409592,0.005796056188806506
-0.0028445101764364255,-0.00037090273899392025,0.002678656684696302,-0.001087332883567913,0.0004967721430358013,0.0015054350403358046,0.004947519505487036,-0.0004323022475606177,-0.0006564767681646925,0.003386283443774302,-0.0056145487297374645,0.0011915927075183577,-0.004052284878323324,0.01710908179392029,-0.004250151153464804,-0.009839447706317207,-0.0006764568414327137,-0.003258887604587778
0.007379599341429131,0.0021003338330252827,0.0019636087687443173,0.004333028895757477,-0.0021152949404086635,0.0007533984114842514,0.000634475449680755,0.000571744757448106,0.005182020312435098,0.006811291175184618,-0.0031770319823555613,0.00399929885233321,0.0058973126970684395,0.02102639456222143,-0.005967655992077709,-0.0052669674516580495,0.004148251065533809,0.003630610058596953
0.004221844164031353,0.0014114977072934853,0.001339343111489634,0.0019403674213627215,-0.007954195459605977,-0.004050118946433255,0.002423925706747177,-0.002549424785995873,-0.006652033282879305,0.0016352307031755843,-0.0034706008734900497,-0.007114880590783331,0.01890170204689604,0.0029012585457785832,-0.01844734068848984,-0.007273909747764297,0.001772735481575065,-0.003921253301898183
0.006514611016563376,0.0018729521664339545,0.0025472288120001246,0.0003399351730950117,0.0037915107443831026,0.0029351915839286695,-0.0024595921349862436,-0.0020889878079630264,0.005699459650373272,-0.009392656089592187,0.00393394790243984,0.0022027110822430166,0.02221683623367689,0.0021659776909708195,-0.012259577618155734,-0.006212887156618694,0.0027346585753527768,-0.003856045473996414
0.005165654038997344,0.0010667463637109055,0.00043770648672749734,0.0056596867236703525,0.0045470850364346315,0.002513591474475432,0.0065957492204702295,0.0011276077179896552,0.005542467743007551,0.009008536112513597,-0.00021487436594814442,0.0007858314173196178,0.01043833733066218,0.0008390299983443177,-0.013214149547680068,-0.007001701399045882,0.0018720753281456087,0.0
0.0015481567664268907,0.0019102948385175456,0.00100645651449038,0.0003090466494910089,0.002807655997142899,-0.00644845600924625,0.004819884379233979,0.0025206684849256767,0.005166679165154496,0.004016833922010068,-0.004248989396694591,-0.003913687509126097,-0.0019440456028805631,0.011508614384648974,-0.00386586798403062,0.0024397529010532987,0.0012317227045627141,-0.0011040620013445523
0.0029781912366943484,0.0035504445523000553,-0.00011635745470685692,-0.004105665268280612,-0.015999393679273194,0.0053973844702358215,0.009269471656822334,0.012742659697373085,0.0021787840273112093,0.0012692094522778058,-0.0037785148410775385,-0.005678579211922426,0.021343390631249376,0.013157005179873598,0.0034099045153261377,0.005393094542625762,0.004632325540445851,0.0018579219426847898
0.0005466444571942878,0.0013071362116082769,-0.00040959495177769203,0.003374257435413202,0.007941723595803507,0.0074338231404448354,-0.0027981476205624547,-0.0013578077049391732,-0.0017364447728630806,0.0025759917148423235,0.0026302574665020705,0.002855451779629856,-0.0048958084887995475,-1.958150964298731e-05,0.014188823800027348,0.0009963168040439474,-0.0012856309576093745,-0.002590564532623532
0.006116401146496667,0.005515699003919404,0.0043586386499324375,-0.011303109482675124,-0.020549964458224098,-0.0048403956278829504,0.002545795920129784,-0.00042451971211911573,0.005185980083195716,0.006956884147444507,-0.0024758724234295376,-0.0010239795026771759,-0.0055640263049142385,0.007593404003599961,0.013625764541157548,0.014685110013943119,0.004941990881375142,0.013064036470196907
-0.003965875475809091,-0.009485300103924583,-0.009107613367825505,-0.02958829944454572,-0.03689980598060731,-0.015611795410363689,-0.00559805653711919,0.006953100469515921,0.0016488819511711556,0.009765698843603829,-0.010740222731209849,0.0011085519022303075,-0.01496593815427865,0.004782814748757583,0.007365234080831822,0.006712952988894863,-0.006097518674704223,0.0008730688245536661
0.0009348328108329613,0.0027245510578663944,0.0015035684127808389,-0.0011935516929337962,0.006481460415979318,0.003456343651253629,0.0017116648980207403,-0.002641757519768672,0.002683621652340091,-0.012667935806010075,-0.008312383012823204,-0.007807415068488817,0.009940293251952463,-0.004594450625236717,-0.005969444848477817,0.002518891685145838,-0.0033276902795540486,-0.0010247934943142453
0.01136979011552305,0.009271628920500931,0.0029839790198623196,0.016304361277945576,-0.005658454817240087,-0.00242965451436728,0.007382038260384196,0.007705661003639257,0.002359632177295667,-0.006936905072459019,4.160272705623481e-05,-0.007639498869083405,0.010186265833885372,-0.001362393817986122,-0.019524195712424888,0.007458447175024154,-0.0014671541331174544,0.007094791972589547
-0.0014326773678027703,-0.0003214882356719499,0.004232650748419509,-0.012651185655293813,-0.02085848209495288,-0.017712902462386448,-0.0026284590086901875,-0.005193017029921703,0.002606418338546538,-0.008380459102896632,-0.0013884690570692693,0.0012419534594133145,-0.012051329923067367,0.0024844304821526205,0.007325416411626259,0.008806236984587526,-0.006247844721661205,0.009319911654542858
0.0033986978413669444,0.00327785165229545,0.0038713931883836506,0.001563765566436726,0.008822293970929417,0.010699867868882612,0.005763666218842374,0.0037421591006944655,0.0021939184695426626,0.005883429458488084,0.0010667706399513845,0.003705996519111124,-0.006957308774344027,-0.001735513923575214,0.005107635196505834,-0.008595348906838267,-0.005144070182335716,-0.00034060397647021207
0.0048024012951115,0.0003181418235552651,0.003260406228474974,0.0057967857376219085,0.006395172929727199,-0.0034336244083338612,0.003626100103832992,0.0011495205598099287,0.003940479403147494,0.006259196052688585,-0.0021761029263149853,0.0028576217184884314,-0.008475382333456167,0.000518430817307225,0.013294668241799855,0.00418880144034198,0.0,0.0017000363734534021
-0.002293069292745531,-0.000826714314817218,0.0010511300378091748,-0.008720557308879535,-0.0003576498322561621,0.0012494443205167238,0.003620749792303318,0.0,-0.0006464261992319152,-0.0011351620490735923,-0.0033302253107413554,0.003486413315426935,-0.006334825768140931,0.012165186059852683,-0.008398099632915613,-0.009344511689867219,-0.002268143303911841,-0.006085305427700846
0.005282000559985533,0.0007354502730007664,0.0022438698923163266,0.012513854204542875,0.0002429941631311279,-0.008772654239457486,0.0043462305731768805,0.003295622455869377,0.00029838002067576096,0.0005412722175953611,-0.0016871584850994394,-0.005535848054448041,-0.003141158683555211,0.0016035145040946682,0.013260599003542466,0.004577522102341716,-0.004008629925020025,0.004108710553468866
0.0033628449619227574,0.0003834604795268889,-0.0013113270647793064,0.008757399791066645,0.004022131157953036,0.003917430635936379,0.00857941379244642,0.003477940185418359,-0.0009920268555367235,0.0022440536059027956,0.0008665334719825106,0.00018696977478211094,-0.0016169456793416728,-0.0011571562868700636,0.012539976817841742,0.006260826101312736,-0.002549973754744996,0.0010115915650662916
0.0,-0.0024947989477035553,-0.0013887260885975866,0.0021112206791346786,-0.0015903662691692775,0.002713643385154221,0.0038702914866472473,0.005594002428283889,-0.002432830247304199,0.0,0.004871009175037841,0.003200072369274177,-0.0067564508179964134,-0.00530443701418915,-0.005075868140123257,-0.018647496252232897,-0.0051387552814584694,0.0
-0.008451990265079708,-0.0014826695648652416,0.0006873638227345696,0.008062797136629447,0.011583495339374366,0.006802497011360797,-0.00920954418888511,-0.0004888846605025233,-0.001575888584809757,-0.0014943971158342814,0.003298828569224291,0.0032746430720076215,-0.0030788718903780976,0.005103623176749083,0.020800869076234553,-0.0037604918456442394,0.005672688770781432,-0.0009084671299037506
0.003912995052093293,0.002293862802014657,0.0014122842277302517,0.010230559723521722,0.006094847038199047,0.008235135750466064,-0.0017287996988378622,0.001945510596978627,-0.0012521401743127458,-0.0007252803623720024,0.0066152237099316715,-0.0052952071652776584,-0.0036833369865999542,-0.0034839700454492146,0.006252548192602851,-0.0020922363220302587,0.005320808569527607,-0.0023355368741950974
-0.0054151939134157575,-0.004949247325721875,-0.009288337105344342,-0.016548268093356445,-0.036330990781325574,-0.0015787292244560797,-0.013125375811594675,-0.004030885641633086,-0.006475710479968977,-0.013452704583295042,0.0015708331118002236,0.0013745250773961148,-0.019652952859070975,-0.04579351059452584,-0.005512350750602657,0.0036952072773388084,-0.006536539491430815,-0.000754952838917966
0.0026592001908545032,0.0005416838672535205,0.0003671975597003829,0.0028754568682525733,0.01081570030311707,0.005127826390776456,-0.0016701891629597343,0.002078024090368207,-0.008663341074085383,-0.0007471520056135847,0.004920592822294372,-0.013702829655962636,0.01963338307311288,-0.00011978940796018216,-0.004389019610064632,-0.008327794846841312,0.0015523587107513098,-0.004407514319978748
0.00547537517907424,0.0043093173066354054,0.0006373089815743067,0.018047196745810616,0.0041922534720930694,0.0028161919868494112,0.0051146676883964196,0.006268411651970067,0.004119000986043879,0.0013844486040727202,0.002104917439397972,-0.018851816456832975,0.012281026850098027,0.0034044651923419663,-0.010893439851417183,0.0016062353152124472,-0.001110566303492173,-0.001036124857140483
0.006245368280268587,0.002885262429979559,0.0013656739854246423,-0.0031579068253354513,0.00020652772003982932,-0.0014877971058610668,-0.0003652145599689779,-0.001613946403102989,0.0037117577021579667,0.0012858549726258899,0.002775757697181017,-0.0016689449498466554,0.017848866774364515,-0.0015530869378014255,-0.016029578398570124,-0.007277146601485925,0.0007487070817326791,-0.0033165387125543167
0.006549226903653682,0.003462415258032108,0.0005969647753014349,-0.038482084376778136,0.000445912586895074,0.003509639374317055,0.0033299819941880245,0.009747814870817939,-0.0003000017863045783,-0.007560488877717045,0.0015131472785530969,-0.009267366375217355,-0.006516384715158666,-0.005932962685194657,-0.02192697794932483,0.006324776230778705,-0.004157171052294846,0.004376225391361822
0.008014481311333938,0.0026009025133386606,0.0015484479484294187,0.004846205408481128,0.015789159427951116,-0.006573685067205754,0.002632456412726984,-0.0004583679706959188,-0.003131144927516881,0.006376320806506009,0.0039534948733299284,-0.003190734053125645,0.007541064361093722,0.02021439879775186,0.005439751345998572,-0.001566856457487275,0.007211563118483608,0.006786354004881465
0.0,0.004818736056549819,0.004664395584566194,0.0078853500990458,0.008198901376936345,0.002278506670696733,0.007458538913089031,0.004069865548641957,0.0,0.0008666261324942382,-0.0026338375005555367,-0.0027677207951543287,-0.0007763728085754132,0.00011060636129516206,0.016160829766828873,0.02348801106415301,0.000786696145261697,0.009552252256439742
0.000739192018866523,-0.0010346440583514703,-0.0029596104403796417,0.007817742744274934,0.015665128839564415,0.010237802911936137,-0.009821179180769263,2.0732951449262666e-05,-0.0038156247234369164,-0.004859877987160358,0.002445148633624688,0.006207916499698838,0.008476832449904567,-0.0014623843515389364,0.009812567815047623,-0.010292855874617092,0.0015042177384333407,-0.001539775341740813
0.0009874738169948893,-5.238551462312913e-05,0.0009678118411358671,0.006675418646417475,0.008099970304075459,0.004883160158049592,-0.003880768937342215,0.0007362536168176674,-0.0013909929646934284,0.0010273872707216218,0.0004237423915542142,0.00484887495987848,0.0019769103694750995,0.002459301664934587,0.015776495295814173,0.001131701557758238,0.008292307140899267,0.0021268138562105243
0.0,0.004517585131644908,0.003094561392249353,0.015712825052733706,0.018058167154509305,0.015057934273430234,-0.007020397668037095,0.002421567633688538,-0.0009611209821981528,0.0,0.0016782699780474623,0.009944088630778449,-0.0013463987572725376,0.0,-0.003292252197085372,0.0,0.00458209258232974,0.014777775564358296
0.0013134450735818645,-0.003959683151620081,-0.0029472450192877097,0.006332678809430088,-0.00017230355504331812,0.0015660705054311558,0.0028318875027420606,0.0006171921596726927,-0.002910222127536426,-0.003940081724142354,-0.003831382580890314,-0.002394635148399797,-0.012066942893108544,-0.005696523456372083,0.0024174359686408593,-0.037788436412766226,-0.007882950421232186,0.0012142075948327474
0.0002688553686546757,-0.00039686311571391687,0.0014028763037889386,0.001796398767066276,0.006331874972812497,-0.005087592413074754,0.004183349504976655,-0.0005020273911361532,0.003026927415716034,0.0016340372352561332,0.001842621127737831,-0.001857466131257704,0.0028227335321205364,0.006083152619263486,-0.0018204752850928597,-0.007291762426006583,0.0007379872191628633,-0.004972678894363333
0.0005100132003496365,0.0004283775639147381,-0.0004848730444085825,-0.014339390140263702,-0.006165088545707393,-0.00626856787451444,-0.005287002028870957,-0.0026888641855407104,-0.004742615131926377,0.0026803807341058894,0.0009947293117051606,0.001790838285324374,-0.008737362142733483,-0.01261939293176987,-0.004323211362874216,-0.0019699513451046234,-0.006300148443380997,-0.003088822179294848
-0.005136479504012717,0.001636544309097788,0.0057545875534066575,0.008753760799034718,0.018994141515201533,0.013756758712556829,-0.009597232755255949,-0.00017899858545624082,-0.0031454223939571427,-0.0028714246344231343,0.0006363463720712621,0.0071144148520717945,0.015377722056923815,0.0012788846465498496,-0.00045996992658923087,-0.00434180894365069,0.00294925406102357,0.006159215283269681
-0.00320624578735921,0.0025581331120387127,0.0031054193188419115,0.005737080172597701,0.010594012636771793,0.011036661045453868,-0.009512713080672988,0.0008895416528263302,0.0014535443126773365,0.0007959650027236398,0.001670541072964359,0.005275228522468084,-0.001089341356757794,0.006505956358983626,0.010530840647018893,-0.006818493729886683,0.004070443681551577,0.0002568264290769423
0.0023769372113503807,0.0025819871773160134,0.004078067422944741,0.015494985991042143,0.005051427525212576,0.004118390064215745,0.011018580437455934,0.004790573980146526,0.005129795768311768,-0.0001142152289594639,0.0026798581599455727,0.0024363648127298525,0.016960019978998556,0.008182252814418433,-0.009780761581314558,0.0020558152272632485,0.0018623833129702263,0.0009377476789114159
0.0007926249195509453,-0.0008173622453454428,0.0,0.002804748910079101,0.01233212963013571,0.011139335596965156,-0.0018741182422661816,-0.0005814768278072171,0.00015005221146651218,0.0032147880590246876,0.001312624273840759,0.006258409027909282,0.007362258684127293,-0.0018700270860684402,0.011037056527296014,-0.009974691034739925,0.0022026416883963213,-0.002969248070215265
0.004159707994330837,0.00041432345971373894,0.0017495672107846962,0.0032471998560453003,0.004291633081346936,0.0019151258961684107,0.00607881954959841,0.0007106846660784636,0.004631091710854059,0.0076852821012125825,-0.0014266177873381997,0.002665973148252745,0.0006891707274039136,0.01850322691452664,-0.006456877861594662,-0.004012320513555596,0.004246511230084948,0.005499905249441522
0.00577499533680696,0.00572169882683759,0.004063739106981354,-0.04684719180963838,-0.041287570558830505,-0.006570398542211449,-0.009152005713243315,-0.0008059044127818294,-0.001967392336157574,-0.00753788671098945,-0.002407550379247916,-0.007917681221002924,-0.017766606710993654,-0.011724034965560936,-0.01823451342056157,0.004292873133732333,0.00337703212171531,0.002006806283782664
0.007090659074742715,0.0009454394678571874,-0.0013866868666836112,0.011041188453313075,-0.006543169739282723,0.010452209793680917,0.010778896839472854,0.003575647670485377,0.0038842413998453856,-0.0038919705603821368,-0.00609127226727028,0.0013627729376174758,0.022105850451212175,0.012894120358039593,0.006592761495819514,0.0026906151802898732,0.0014377950345640306,0.001853604264089398
0.002181003701615215,-0.00022151459987491257,0.0016799180950488614,0.0019496445217830716,0.008000195402765201,0.0033032108112269415,-3.629508371241359e-05,0.000333678003973732,-0.001171493593443115,0.0005153766761277941,-0.0030012611659577487,-0.007355499065391352,0.02143964444023023,0.002861186917285483,-0.006790042057080724,-0.0018668035388296727,0.004722596854469152,-0.004788050648252204
0.002679126281187931,0.0034733743126089444,-0.0014368334668489182,0.015744391417400458,0.006076327697381448,-0.002663608841142803,0.006205232363569087,0.007085612495301637,0.005236388488775981,-0.0063229714756928455,-0.004583397073101294,0.005935874464841257,0.020911749668772708,0.011903070471336452,-0.008037041470922589,0.0016871226800509037,0.0,0.0
0.004101641943120109,0.0003453947487517236,-0.0016651112378345957,5.692384831626119e-05,-0.0029223194634714345,0.0004940438110767243,-0.005640015304505513,0.0008498024274452373,-0.0013983837344296902,0.0032383478572498483,0.004123681874923896,-0.002313820513603945,0.007159194366984361,0.01801641233446837,-0.0054239570900388645,-0.001890687532065766,0.007747116534533924,0.005296094678903525
-0.008462932360645065,-0.0016644454301389903,0.0041527948654743905,0.008174005098129782,0.01753983389992839,0.013343047804592969,-0.007871462082694744,-0.0016033347401725893,-0.0008848231681206234,0.0009912399726442857,0.003439095336833417,0.006531986550518608,-0.0009721653243882969,0.004864278517991452,0.01973251306759665,-0.008611528839574162,0.0021900753884254174,-0.00032523901505694675
0.0008932504825351999,0.003878988847955718,0.002737270272151275,-0.004711984145899141,0.011056502558995148,0.0040982086581513415,0.0077046682324439985,-0.0006200300083165887,0.003621444513014706,-0.0005929717129394546,-0.0006314414751069883,-0.005069348783962715,0.009762388915360427,-0.003323822485607913,-0.018326738909745097,0.002149405523778181,-0.003962358935051308,-0.0016196418077186279
0.004960977302536137,0.003445312373981383,0.004172984895277147,0.01137908731048263,0.009140426856377358,-0.0010186214602726053,-0.0054983591162511445,0.00032219061569852475,0.0038104434510614167,0.0010025296083124807,-0.0015364106782655234,0.002154218780124201,-0.0023763965111789753,-0.0007379739936834009,-0.0036900517547970952,0.004810358500589437,0.0074224667663639835,0.0003246260109203078
0.0026222282372155834,-0.00019330687298782853,0.0014156279110199461,0.007337550805872049,0.003752267765961635,0.006420739793574999,-0.002692617208576403,0.0,0.0,0.0001752605023503981,-0.002058863240092928,0.004863803496599201,0.008814178827588086,-0.0016441840267560647,0.010945660049127883,-0.006272291629638718,0.005268672973296447,-0.0010452639341630016
-0.004626083215439113,-0.005351941252312413,-0.014533722843957047,-0.03935148017405792,-0.04619534322392003,-0.018067922580152787,-0.006064298713280486,-0.002743392525472448,0.001953061378147656,0.0016330415610382285,-0.007861216010458442,0.0007867447463034819,-0.03311225890202891,-0.00479687542345639,0.006370085797539695,0.0028687104190648445,-0.007351502452184996,0.0004307105336578132
-0.0009853029860078068,-0.004132338071731461,-0.0033288375498632767,-0.003141695576610214,0.004518992834493327,0.005597313037859227,0.002428804506742823,-0.0005912458575867393,-0.004984198711318206,-0.00909538359484854,-0.000844698459897119,-0.0010085272066193323,-0.01936527613686839,-0.02774676982191763,-0.006193774063074165,-0.030108781451009137,-0.009194611939821615,-0.019992440876338752
0.00029970455307615115,0.004598987843572047,0.004405789750359168,0.008347518048970978,0.006793146327491277,0.010139169611232483,0.00800204554494124,0.00548428977372954,-0.003320544041261588,-0.0021385033247973474,0.002896171351432809,-0.008504029532189528,0.0,0.0006135597895383494,0.001166833039806893,0.0191381250161768,-0.0008181408089592307,9.889462099556268e-05
0.0004818490382353481,0.0028373979481414384,0.0034271954020257114,0.011798465313855937,0.007087010648710456,0.009225128339454918,0.007338685441858002,0.002243723939550061,0.004161966715824991,-0.0018680865022582555,-0.003315756330433559,0.0037227301868553112,-0.002423582723063622,0.005461147080307339,0.007569439832925013,0.019375666868094884,0.0,0.005603507479948006
-0.0003908132335294305,-0.0006371956019298469,0.0001677221518571509,0.008520477432691987,0.0030514738288024423,0.0053760188231698446,0.005392357689058641,-0.006394474375279117,0.0019184476938239998,-0.0009196351272256662,0.002153518088579793,-0.015569320709100803,-0.008141436333499825,-0.0023997145134381074,0.014616647645058378,-0.0005476187681223129,-0.004780326786706334,-0.0008750335842473821
0.004131510791366253,0.0022301989783779985,0.0018108113105162434,0.002271593750531943,0.003950932000628098,0.0019930382763377434,0.006733278825065806,0.0017955168840567137,-0.0021414061621212086,0.0015839014054880457,-0.00033299004827224565,0.0,-0.009351817838365608,-0.013642591913984006,-0.004501333315034446,0.004395712602474997,-0.004618253326561641,0.0007716099833269385
0.0019935735813415194,0.0007903871045904731,0.002330965084987099,0.004259738927282444,0.00967532547782267,0.005133908742952462,-0.002564077280352405,0.00025816189552657593,-0.0014127737724398102,0.0007423094580318614,-0.00020937855463538143,0.006621663456913935,0.0033595557708814843,0.0022580564579300125,0.014848137257297833,0.002664787397428339,0.007239508090421207,-0.001912760317199183
-0.001157396705293309,-0.003675195276191423,0.0031540159930918644,-0.010262967919589307,0.005172169759636049,0.006447522665157707,0.00531425809224712,0.006283479972675227,0.002680075023777919,0.002016623921657702,0.0004381536986799343,0.0023813476604689645,-0.004016490357035251,0.002385888830086726,0.0,0.01708596797856227,-0.0031692477809660818,0.004457274192649241
0.0023661184793904925,0.0015634296786888621,0.0032316806430458403,0.0019388330665207518,0.008870980858951385,0.007022937431624869,-0.002389071357271271,0.00041200865239080403,0.0021530978086627688,-0.0018385475811639519,-0.004102856258415747,0.0,0.003043354657934778,0.006980552390826096,0.01684205033399301,0.0051620976156706196,0.005589460362442139,0.0026504458537838643
-0.0005647552791954977,-0.0006797884508278253,-0.0017080101996847594,-0.005030661057210054,0.0008109895554622637,0.003444189855544402,0.004472570626521201,0.002750089249884467,-8.336323294030116e-05,-0.007843572702299115,-0.003449551228524681,0.002454109587647164,-0.012865290693309253,-0.009651175342989668,0.006634879921909478,-0.02127254006186407,-0.0028230779925798835,0.00223849134461393
-0.01584407600977898,-0.007928089627053568,-0.0059177594380114655,0.00805100794945171,0.008736426112452119,0.009865656833450476,-0.007503280626204319,-0.0014686455547529484,-0.006492559978332626,0.0021514879119073926,0.0011167806712127123,0.00026623385707631064,-0.012400986434760123,-0.00816128875339922,-0.00032776110222214035,-0.014301191569587954,-0.00046049203043676645,-0.006461685665563051
-0.001723833316121477,3.460769274213855e-05,-0.002737210250540268,0.004523347219600211,0.0021804013800342304,0.0029606715682222048,-0.01131232871317534,-0.0021671468900486004,-0.0024988706426908465,-0.0016240649392408484,-0.0011254524000869032,0.00467357669435789,-0.007083090215207988,-0.0024319341012893417,0.014715750371439988,0.0003512438760882252,-0.004879842162948807,-0.0030862484839613343
0.005561790992442823,0.0039249629566560145,0.006568484492873205,0.0025523192728182757,0.012255848269185387,0.010487942538028112,0.010943151654822385,0.0006965589974771995,0.004081460139430561,-0.001452568895526201,-0.003635092098470523,-0.006717205159640202,0.01823909284897461,0.009471240677189257,0.005214494980091008,-0.007464400560274367,0.0021393333999967235,0.0
0.00022205154758718978,0.0013613570222670258,0.0018144104392215626,0.008932074019538909,0.004080729459175092,0.0016687367961750988,-0.005690180526023356,-0.0033343332270377793,0.0034012079111740904,-0.004165872479021441,0.002303906612543074,0.0032180766092569707,-0.006682152049465502,-0.005047109318142849,0.014663819643869622,-0.0026860792593131587,-0.00970967426408066,0.0026891582597817956
0.00517554360183835,0.0016060495816721768,0.0029557392049662057,0.007841198619046343,0.0031487936534564547,0.002658627167435909,-0.004317489254970101,-0.0037748014232284813,-0.000995859285094491,-0.0024981650611647895,0.0006980020090127947,0.0028954611549480906,0.016784583770447076,0.0003603469669239551,-0.0033575630464500994,-0.0055914515047959116,0.001951660362200788,-0.0029024611638208894
-0.0044099219844907925,-0.0010373819599349791,0.0009707498072593543,0.0007637487925789627,0.004205932850209751,0.004800162555762621,-0.0104950764108159,-0.0019507987631416945,-0.0007457270912069915,0.0033289077554545135,-0.0006095260755446776,0.0024168383719735745,-0.004107721650576026,-0.010159178507576184,-0.0004974369825658738,0.006132151165736162,-0.0011655612950344854,0.001885285383967289
-0.0015949877702117914,0.0010990322236761028,0.003537757705140148,0.01209940694224125,0.02343313200455028,0.015623584807393379,-0.008331506825307098,0.003454567970700811,0.0008872415729623037,0.0004903615816419082,0.002204892303940086,0.0071490737828139505,0.012021061360388824,0.0027325867489849396,0.0009218681107508581,0.0016452009408663925,0.009262115967191988,0.013418930796135625
0.006110554696036595,0.004454942884261064,0.005417241062170942,0.0017014254302807651,0.0036048357513354806,-0.012016948806134626,0.006889588477383189,0.007268741247155325,0.0012924834591488334,-0.005812062389973373,0.0033481239223888013,0.003343359500160498,0.001305494207960341,-0.0008252200930130795,-0.0008680233613873169,0.011811241619322729,0.006127303878480024,0.004067361836392752
0.003990747231196248,0.0015494103138108408,0.001053042413742588,0.011045620630150388,0.005541778644123618,-0.01334420207256642,-0.002971916891302364,0.000477787728355088,0.00024549573554549136,-0.010551761671716798,-0.0028277365986519986,0.002086587144946459,-0.005279152270248698,0.0004283125040078572,0.017788418462609562,0.01429421922089225,-0.0019311927401521477,0.005184409241337187
0.0034428791284519763,-0.0002742408938420118,0.0052163812328011785,0.00403307419168182,-0.0062056404301152395,0.0,-0.001378859430012101,-0.005111044544291289,0.0009534567328144212,-0.005854333165588518,0.0013476393461932439,-0.00873747171686576,-0.008955645914987454,-0.007191706842076611,-0.012213124042748815,0.0005863067213274481,-0.004086175596171939,-0.0038354749154097256
0.0030688607547202586,0.0008593140295382736,0.0005578220925007697,0.007717111180141727,0.00531108051981008,0.007770120564205117,-0.0017563846698783355,-0.0006345977542743481,-0.0006008513236231793,0.0019887660957332433,-0.00013963431865959098,0.0037146446256599124,0.009471149521408794,-0.0020217317704477582,0.0038578011304935276,-0.0077353940001907194,0.005042927745780074,-0.002635745166264969
0.001938921025635129,0.00038927270061712223,-0.0006497728315506425,0.003745305881177774,0.0007802536022179545,-0.0004323067009242997,0.008307505193513528,0.0022798192959734287,0.0006028217271487101,0.008624795846900306,-0.002716857428386715,0.003401429804809973,0.00739991513811054,0.0024599334344187858,-0.010110277722148958,-0.009427636539310658,-0.0005806298743316184,-0.002914826096274109
0.0075044901147835194,0.002468277308713572,0.0012699018022105787,-0.0035013379086923746,-0.004297182757344939,0.0018234275484938097,-0.0015223230418302798,-0.002462634632617936,0.00026741374839103207,-0.0006149922229669451,0.0017656781096578437,-0.010891900481338333,0.020845633789815254,0.005719526758889198,-0.012823496728475579,-0.007617511641240691,0.0014511749842942515,-0.004774491043121207
0.005956099260503683,0.003250727926305131,0.007979483790661386,0.006452584228011787,0.01896606401060111,0.007120223085177955,0.008694298746531689,0.0014335484195644524,0.002564518841187943,0.0014590946959554224,0.00025291843720190275,0.0013237722305389963,0.014625568473412025,0.027898820719193567,0.007287123894979749,0.0009663088024095494,0.007180902541287837,0.0
0.006091949944624866,0.003822095487781288,0.0023755256973244415,-0.0028788527825431634,0.0,0.0017785984213623388,0.0031710918510793455,0.0013830352181173808,-0.00189987150057505,0.005350514903612777,0.002374003555153985,-0.0041616646683372786,0.022892403482616834,0.003184083754599609,-0.008494089101266493,-0.0026712360202533008,0.0036841272796039434,-0.005614567356435271
0.008018367576710355,0.0031464105170996414,0.0014865055293450688,0.003816595316268053,9.144161797731004e-05,-0.0022567689791685762,0.008535914054270045,0.0008301619071035729,0.004382178066032247,0.00762714845173744,0.0022008177686782277,0.0002697124694430864,0.006736225463996097,0.017706886849362134,-0.002821016826757424,-0.0017313586972171275,0.00721822141776476,0.008531241745391063
0.0047223374399124945,-0.0003447512912253381,-0.0002277320991243412,-0.04445783370352476,-0.04273402289777314,-0.011496322181884443,0.0006849718811654163,-0.006660559672578828,0.001149520814027355,0.005373372269160876,-0.003736267318311299,-0.003777950990325788,-0.01744749021323948,-0.01955451080443919,-0.021112346765301913,0.0117679269172995,0.0012425492317555797,0.0030475443058235185
0.0,0.004094095456161326,0.005099640897760994,0.016595861228564285,0.02195489610234762,0.015449505979243031,-0.00675426337809585,0.0030621317056954626,-9.240364417486589e-05,0.005470743856544014,0.005169490964280414,0.010826621318100823,0.006944766596662152,0.0036376112862236214,0.007129712701414009,0.001051874319322125,0.00637258386077212,0.015555478453094046
0.003634139641702018,0.001032407771399576,0.0013192329963248853,0.009344132584921158,0.009162509078028331,0.006475670683202535,0.0,-0.0028280523559969886,0.004346171516709988,0.003059596979688424,-0.0017197648017464949,0.003374835872995534,0.015666160005076927,0.0003078737030318326,-0.003770937698496765,-0.00883036921025344,0.001108115419485995,-0.003883000283595839
0.003271157252201972,0.0002757515867785029,-0.0007503231510099986,0.0005795488802872501,-0.002182510291684212,0.000725358505540312,-0.004455507051523489,0.0003577558273361758,-0.0009818815141777776,0.0031998393947373625,0.004746439282769688,-0.002101378468820704,0.007736690393529808,0.016108330021405708,-0.008346622721799571,-0.006934904126702832,0.004739473701837641,0.001104225252368446
0.0016357583700091194,0.0010586411617154047,0.00011821669893639374,0.0036691336587167367,0.010146082888614658,0.0064730124744088145,-0.003018306275059014,1.3412177317735667e-05,0.0012897803532423637,0.008473869739941037,0.0007297081368887302,0.0076818994595215335,0.012224412480245295,0.002249440616104164,-0.012759858919194551,-0.0015997864444447904,0.0070381900264841705,0.009136877728757486
0.006157945310845436,0.003743667543479934,0.002375076739573279,0.014287325615915041,0.0095409540312384,0.007411104821496681,0.00310635188869354,0.0003696627855204014,0.00045993004405729367,-0.0050233736854205235,-0.0004826162610867453,-0.006807487419346192,-0.0021393363102505526,0.005523536933371612,0.016205827929589075,0.01903112846282323,0.00230914713023128,0.005605262888452908
-0.0027038808133482512,-0.0008364398298592127,-0.003036509188719203,-0.010434934541359553,0.0012845344963860821,-0.002472049038527037,-0.0012050278475982563,-0.002808835481364519,0.0003571112841596559,-0.0013017469758915426,0.002389763158000087,-0.011510228146264265,-0.014580193666150038,-0.00306770593632665,0.0019316742618151006,-0.03434895489087851,-0.006935715747258283,0.0008598162105480922
-0.004562223801605144,0.0010620147564277384,0.004042949400974177,0.008593479307805196,0.016658084572317843,0.012858654808607744,-0.008531449359820148,-0.0010495066281314062,-0.0012897050829625517,0.004969552494409004,-0.0009188660542407759,0.004893646260317067,-0.0014058069025545358,0.004459178822585303,0.017628271164326866,-0.006081858018401305,0.0017971930468127714,0.0
-0.0011356238151787059,0.0007739412007853153,0.001762773393355637,-0.006876208285682237,-0.03769268353773046,-0.008107349943895736,0.0033450444292703442,0.0020208813055801605,0.002617357027455312,-0.007680023922649836,0.0009761902115221225,-0.005588877768749954,-0.01564378208739821,-0.0007775391264061661,-0.001723785024674383,-0.03177537372528553,-0.006261151733625564,0.0020359582922299113
-0.010350609470810788,-0.009325414414416932,-0.0036008758271933406,-0.022185310686244405,-0.04165738990609334,-0.020630479465850064,-0.01415691916220341,-0.003285884946294559,-0.0035703159661481824,0.0,0.001739523178524822,0.0,-0.010571556167839943,0.005551626181813225,0.013298781212988156,0.004725381848115127,0.005981313071378699,-0.0004935131732154152
0.009775891345978288,0.0050406378122143285,0.0027530109039491267,0.0070933222840840054,0.0,-0.007936348851439401,0.011863050565601448,0.003610158176042385,0.003160371271196794,-0.004258729808496331,-0.007436506676825347,0.004546549384791429,0.012228964243791248,0.0010868217872440787,-0.015396032366098445,0.012964817626455221,0.004037409290543414,0.0024285502062839637
-0.006283175786452024,-0.003163450150815656,-0.010268606051895996,-0.007754972259395845,-0.0020311704103338573,0.008027184636087576,-0.004885709106658882,-0.002309834627100681,-0.00484100186036854,0.009136368419340667,0.002933061204176224,0.004225212639286705,-0.011393612349942444,-0.032288931338448394,-0.004892928360636535,0.001355068466199856,-0.006528782177351191,-0.0026960140218474232
-0.015228730352894218,-0.008127337036013604,0.0015072938191978413,0.004224779855742838,-0.0018528885976422712,-0.012507497266164704,-0.013387140297614416,-0.0047205060353299085,-0.0019517926521462371,0.0014996461552372001,-0.001371482575799127,-0.0019167966170881934,-0.04554300413277009,-0.031009874148947434,-0.007226904460489467,0.00672315176284743,-0.006276735283358545,-0.002986845370503338
-0.004116385233937093,-0.0030042265743837624,-0.004353273444930914,0.008762806951943416,0.007353830479101772,0.011762021069217827,-0.008317745411079033,-0.0028956746660462247,-0.003908945011003512,0.0015865622800915883,0.0034872560876594762,-0.0018948680459782551,-0.010708504252315305,-0.020014089297599243,-0.002908597933958727,0.003976738615029104,-0.005530355471826558,0.0012238168458588508
-0.0024028933609718957,-0.0036306848416784296,-0.002602272919930339,-0.015404875160571155,-0.0345609146081002,-0.022555051322664013,0.008847308454324881,0.011219507793411914,-0.00015377247643825426,-0.002310176458374033,0.005067629295382091,0.0027862153243698754,-0.016299300820893464,-0.001318305518999019,-0.0018016050129571594,0.008393646394048772,-0.004882025778098824,0.0015778066774841254
0.005873741299671994,0.0008538453399478571,0.002037733922865395,0.0013862836128283424,-0.0005639428182634805,-0.0017694586702809779,0.008780745930949569,0.001955379352546892,0.0032851983107820035,0.003734211077055589,0.003608037800619317,-0.0027114386145746295,0.004121199849956484,0.017419836194326948,-0.0033079233280715464,-0.0005161090053327585,0.002987093086491379,-0.001183466882781807
-0.013300640831536861,-0.006540534082571114,-0.0005822029250006797,-0.019864622367023146,-0.042725653122525284,-0.022710159532252548,-0.016619953152801556,-0.0018028032294324261,-0.00418221550997493,-0.006574023620608035,-0.0048924154506758705,-0.0031907914840180675,-0.017866190879440066,0.007967593293059618,0.009339702557245177,0.0012053986331220469,0.0009207241135589701,0.0008800006191265752
-0.002558958050191099,-0.0006820816465995065,0.004394699252834576,0.007100539451523675,0.003281655353456586,0.0074342361779882685,-0.0006000197494632881,-0.001541546057977363,0.0042665813032764345,0.000468278812542817,0.0005724118118983962,-0.004095017674502911,-0.015343558861526491,-0.024788800361401478,-0.0049193514340228495,0.005630341481008095,-0.006144541844284888,-0.0032736948952070376
-0.002517225151026111,0.0013107201127197687,0.0029127640608428893,0.005178147808691901,0.010370399881153956,0.011238036624317386,-0.009199046829513193,0.0013282806639064396,-0.0005538738410235844,0.006553302770131739,0.0015862151495948983,0.003820184443290313,-0.0007595538416336896,0.007334189592700803,0.011266438668451773,-0.004682029896625058,0.004900641196606818,-0.0013854676301094312
-0.0018224049335895116,-0.0017936083751932566,0.0019548591282707996,-0.011007676709442617,0.004355284182557866,0.00533114894652643,-0.005098422829275496,-0.004429278883462177,0.0014017717941533353,0.0043407905457208225,0.0045277467948213095,0.0041939632504168186,-0.008889218760133153,-0.020377793062923085,0.0005258355299381187,0.009481969137548863,-0.006452655406822365,-0.0006527095079891417
0.00915494186975415,0.005146071969364592,0.004114412258358768,0.010968091987767907,0.011005663891720651,-0.0009929048998069457,-0.0015324015022189317,-0.003346021535768446,-0.0001686552461291589,0.0017519187588156985,0.0018027209672753716,-0.013064475455868413,0.013585557538459886,0.00217669115857115,-0.008253480865631485,-0.003459891148798416,0.0037422209116993936,-0.0005561144820922237
-0.004555916360484024,0.0,0.002581903398516346,0.0050940486591970514,0.014221386352737484,0.009650456553860168,-0.0018842278233179883,0.0013606928299531057,-0.0019506082592652138,0.00459690748918547,0.0012937051482671325,0.006566183150152357,0.0015493583546147896,0.0022132868698371256,0.019485014912437933,-0.0017902225596375,0.006119475752361435,0.0006164496885969484
0.003726617859511181,0.003807149716969112,0.004323500100638254,0.011528465299902134,-0.022582521514314415,-0.006570578814865813,-0.0011047240126510986,-0.004086220332153537,0.0018988227362623663,-0.015215786671372553,0.003157661181345522,-0.003820603751995647,-0.020896056537341563,0.004655885821613933,0.0074778056188919955,0.007301809431622212,0.002458423833419735,0.003932849754347226
0.010661310563117364,0.009258180984466825,0.0022202524993420415,0.007237612378606181,0.0,0.0014473946296058341,0.011151970053405512,0.0067121982165599565,0.005617334069991478,-0.004680427590135666,0.011203272855157584,-0.004734806273681958,0.013148123263094485,0.003900937130366671,-0.010485627667534084,0.015020506483858874,0.0054910141776469985,0.0076213601551368
-0.001375710211766405,-0.0018833903855485154,-0.0004407796530273335,-0.013951184542478439,0.002288017556704658,0.003923961522155267,-0.004038577103277242,-0.0024084253267170593,-0.0018280922793161727,-0.006437641536271287,-0.000846325391840376,-0.0009757030252704652,-0.01635436628365059,-0.017699754606084604,-0.008037900998930925,0.004211734373072625,-0.007986821742338357,-0.00010131069203270227
0.0010190325718464363,0.001010619468250535,0.002648645810583719,0.008262677972247208,0.0015071221881339926,0.001208637053551406,-0.006375956462760197,-0.0024556878990369528,0.004236861927348812,0.00044284420183549603,0.0015566778222611882,0.002790065652082248,-0.007416051939643785,-0.0027932809708141795,0.013587302448293606,0.003853157625906099,-0.000300618772842269,0.0024864026869742643
0.004251551797864956,0.0036989399708484043,0.004232338929644768,-0.0029415304246327824,0.0080238796146646,0.009693614284671704,0.00886835177029509,0.005334142064336991,0.0015688447427597563,0.004413200050462791,0.0006841469071475816,0.004331474049829878,-0.007716771398924408,-0.00470590852889576,0.00809345962886372,0.010809153060149498,-0.0033311561237652507,0.0005103757893967428
0.0010303674008864145,0.0003082677483207825,0.0019606929369659883,0.010307406221316854,-0.0015440419269260573,-0.001546175573056847,0.0042145839092381605,0.0027968822160302042,-0.00041694933766176607,-0.001385845002510829,0.002159813735715043,-0.0019367777603065686,-0.009349981425838889,0.00456658232500056,-0.01093125423723328,0.0022367533060746758,0.0007611527384176482,0.0002855081121342093
0.0014085758768123163,0.0011709831229979105,0.0011815741443672347,0.006334486567184518,0.006762946452617284,0.0026778926592347214,0.006913813323769942,0.0008469432732695229,0.002631168109852274,-0.004607449174001635,0.00248278860563817,0.005310108424208556,0.016688548942199507,0.002949643208965002,-0.005940116775936371,0.007125725969825241,0.0,0.0009836953969275253
-0.0017975948081169768,0.0011682464477340752,0.00338929372934115,0.0056885667203702885,0.009708439344282596,0.008120993394898348,-0.008882799896568951,-0.0021352446688022203,-0.0015394670777106512,0.0027680568569338716,0.0006021445600412462,0.004277282992903136,8.01127640875238e-05,0.0031400243187659146,0.014949921416869641,-0.0009350630658097496,0.007812201587272178,-0.0006152747977307416
-0.0077489148531479516,-0.005013533068021642,-0.007494940040328854,-0.014590241569366728,-0.022393916996066986,0.0018199753751581293,-0.01539639330566219,-0.005287093576710764,-0.007776521414452354,-0.008287083613186872,-0.007593564470065425,0.0,-0.02141503299998701,-0.029608501683014786,-0.009528343267948925,-0.0029329101653256125,-0.007069946333165203,-0.006969668978627358
0.004236674579146484,0.0,0.0025448038527786827,0.006046366952693836,0.00224038169021548,0.002176449180382447,0.003708320258912571,-0.004114320192724249,-0.0024404232864624047,0.0032193643108447303,0.0008060496981748648,-0.007465676589453344,0.017470835792196885,-0.0005708177658748065,-0.013379070032109825,-0.008310704988908445,0.004307758709687652,-0.003822371803369407
0.006481473015870733,0.0025887452517029115,0.0012520583154144596,0.0038271584643064967,0.00818252752094427,0.0036412589178692416,0.004572258484888621,-0.0023508855616985753,0.0049635158603626465,0.0031070385118726752,-0.0008383486196055373,-0.0003258026712953584,0.01485489528314295,-0.00047302284939622385,-0.00781932452604646,-0.005634606606069091,0.0025230485030246002,-0.002701462461247972
0.000506640628778779,-0.0007115099429793599,0.0016552748008633442,0.005032001034134601,0.006000575447423499,0.008504904102910034,-0.0032515019533800957,0.0005981091636683514,-0.0032266413457284057,0.0018935695494688301,0.0017101549611812706,0.005564277253131431,0.0018767795194068108,0.003493043440322021,0.018458897869189493,0.002268724446638671,0.007864566407090653,-0.0007218435003302076
0.002283623025281211,0.0018393002714009337,0.0007186969918063675,0.0,0.003863774286777218,0.0017492107214266048,0.000498274289272227,-0.0031326413228622073,-0.0017821614883551478,-7.670741195678749e-05,-0.0013530974417341392,0.00327173449770323,0.017097559494393812,0.0009826346458002362,-0.0059188881228634405,-0.006561735190392933,-0.0003687781999731564,-0.003937829083483547
0.0,0.0008108106669176549,0.003218236785665601,0.0010922915768458005,0.009313114941234376,0.007767680732659043,0.006480252171680485,0.00761159239962677,0.001819750456567908,0.0,0.0028427350217639404,0.00235437015793872,0.012875362970675142,0.002603748670432768,0.0007542913548087674,0.005313771983943083,0.0010707622463743444,-0.0010806919099002055
0.0,0.0004994462618441325,0.002751356717930086,0.007477763904805121,0.0069063083134116516,0.008727327578348603,0.005593768847929945,0.0,0.0029907825426283437,0.0014772881853254748,7.299757313561552e-05,0.004583180896077779,-0.0031213765456042566,0.00596630671829666,0.017566106772990458,0.007645136073273034,-0.006482044440858044,0.004957463143746704
-0.014734328876579125,-0.0054189970205804116,0.002130897642980819,-0.012524989887701201,-0.036879745275862394,-0.018521781343695403,-0.006839422816524689,-0.001952187355906771,-0.004749299590025645,-0.005684417565692686,0.0,-0.004544269962341725,-0.015602687402785347,0.009042899820273422,-0.003196947886352145,0.010988058367679132,-0.000660078423139082,-0.002749528228206885
0.0054660119408946675,0.0030219512518266565,0.003246475533166425,0.006190293851224555,0.00836767539030621,0.0030907054121856493,0.0025373454634965947,-0.0016375211043069804,0.00466594953432851,0.0041881940646947904,0.0031185141577171407,0.00469165549248207,0.022274233654852732,0.0028888499694389017,-0.014668947448932206,-0.009147765742128455,0.0037951220375906074,-0.0016875339965973096
-0.0008484235722317266,0.002719267879443984,0.0018363082315927652,-0.03604892347701293,-0.045368670543627,-0.014836558830470263,-0.0012335086072631637,-0.0022319670230994217,-0.003263704173486841,0.0029553774507041354,0.0028657440506868774,-0.0021410490311458193,-0.01592862627197143,-0.016898648060890073,-0.020482536507701557,0.005392042542714088,0.0024344509261935684,0.0016542572756360896
0.002890308842566859,0.002215946419699071,0.0021198801156583663,-0.0010513498608340059,0.004054730543918485,-0.007167330599498244,0.006201904663284213,0.0022901759346524173,0.00458307360010694,0.0006117090915858146,-0.004185536934392204,0.0051112402237165995,-0.0020144041089746618,0.003884958696217475,-0.0052362126268719784,0.002984947681120027,0.0029634550715946883,0.0011125654422075755
0.0068468666709304675,0.003257638327093174,0.00028136614751319395,0.01079115715727848,0.008577153230137056,0.010710611628537528,0.005609474536352624,0.004734179934051499,0.0002286378895948338,-0.004886284511733415,-0.007892540133016024,0.000115283664202494,0.0015659559415387326,0.0068991848910499145,0.011320078159962572,0.012204301862837465,0.0013038778013259556,0.0036300281267110796
0.0018750982725967227,0.0007227112633226921,-0.00016020370109843938,0.005412308338484231,-0.0032136684611437654,-0.01461136867256082,0.0034515516031775662,0.0025346575169176147,0.0024916458828267386,-0.0005200200871592234,-0.0008582306416052094,0.0013612764338918545,0.0008240096837518881,0.003095665653202844,0.010257097626391614,0.008171865052895837,-0.0012696167829852134,0.004977041671382229
0.0039295653269115546,0.00044385237327433733,-0.0012939462301257147,0.010000177070550993,0.003912421849768858,0.0012343253478378578,0.007785178519286552,0.0032062111710739554,-0.0014346297460754328,0.004828499850627446,0.0008786568093070652,0.0,-0.006175791223469219,-0.0045311636681757824,0.012178794691543848,0.009744752820045253,-0.0030277630344727638,0.001518612268546854
-0.002662723934638055,-0.00025979975027547696,0.001511131668345718,0.0013722819087174198,-0.002261122097769334,0.0007356255807597515,0.007879321392621381,0.000517000590486832,-0.0016462152594093578,0.009420674647050023,-0.0016465400435736147,-0.006092937623584889,-0.005813473736294016,-0.002457127729175466,-0.009956468648750999,-0.011109689680135565,-0.0016275196539874879,-0.004320776221553458
-0.0052315926818474285,-0.0038357668361582234,-0.001980143150550578,-0.0010172213819037465,0.005142714654769094,0.010215705007043111,-0.008658188138099127,-0.003952221879197615,-0.0034620205609053535,0.0033998720416909176,0.003672219547668862,0.004142169659631756,-0.005364673877777323,-0.012605997363548864,0.002208599054695586,-0.0010695043869015763,-0.005857909112624262,-0.0018523049023286726
0.007256635036621249,0.001514973741929313,0.0006162215044851944,0.003386696601545946,0.005978594895168728,0.002168499613927168,0.010793342322118624,0.006044701662585496,0.0010267409513639242,-0.0026444997440361645,-0.0035660971112856108,0.0005803714466815476,-0.00032025172173453647,0.0,-0.002855021534371974,0.010279887862083056,0.0017073523577942158,0.008971990381030082
-0.0025088494165819634,0.0012203592036666294,0.0014347837943552932,0.0043440322040693945,0.00029772335960737194,0.0008881619845099238,0.007887815990475576,-0.00039643502576557917,0.0,-0.0014721095495140058,0.0,-0.000569269979443874,0.0010736509152753009,0.015401331461068476,-0.007005760839049821,-0.008929242205090029,-0.0008732392658178399,-0.0029112570889816784
0.00608758673518365,0.0014573601324617445,0.0,0.001198712097378794,0.0005548931243781338,0.00011083081313136428,0.006395383451905653,-0.0013347049428370477,-0.00163579181697322,0.007183893296269432,-0.0005129109164693031,0.0017188070329960624,0.014535295187328764,0.003174372190535561,-0.013228295199026132,-0.007679557378928402,0.0019474340928217844,-0.0023553268979025245
-0.011797626234500494,-0.007754053414724463,0.002232648960133586,-0.016602698256931607,-0.033596537092285265,-0.007251800162784446,-0.011719123907995807,-0.001881443651144126,0.0002973378957463604,0.0025096510239265425,0.002458142207810751,-0.0018389236984802755,-0.0015616210300616233,0.011496913498909756,0.013634332800462544,0.005555189670705797,0.0013381726759430519,0.004986561787554661
0.003916337646999765,0.0011765941181476895,-0.0007582050640870022,0.008098994550683334,0.005828327439554515,0.0009604664023827027,-0.0029420446927595364,0.0005290443153130879,-0.00038257384176518976,0.003576485674805208,0.004461343635927766,-0.006569696021994663,0.005540342826460282,0.015859655080142237,-0.005865623584464234,-0.0006586758513525174,0.007362319465556358,0.0070507325465999846
0.0019630053973790284,0.0005471094418848159,0.0003874444375771073,0.005488224406859216,0.002434840253860885,-0.00296571198271851,0.005585392839484499,-0.0023570222789031123,-0.0017421711987959613,0.0025479288763618833,0.0021778846555471783,-0.003632051382540377,-0.0013886119888409812,0.0007150945600792324,-0.005193884013652458,0.004447064818340503,0.004671896862161934,-0.0009553317364760332
0.00630431233265715,0.004625314913166843,0.002423525312280071,0.009511094868971769,0.009235541364095448,0.009344152927927564,0.006489737392048564,0.0056573520667440765,0.0029446924723754405,-0.00094301082795607,-0.0018772681831829671,-0.00651328327262107,0.002813410605118561,-0.0017375070203014906,0.005901870493563158,0.020688511861357766,0.002315368954832089,0.011654162629513631
0.00617093999537721,0.006632521779126224,0.004548219063210324,-0.029846560147611098,-0.03219649753837706,-0.0026105459900155454,0.0005885052089210024,-0.004893688706128761,0.004730722430161024,0.005787189892195147,0.0,-0.005160888877863585,-0.013588106779332379,-0.01599152232492217,0.0018392042684654611,0.01605709110286473,0.0026176574305730605,0.006080727574432468
0.006463266323913441,0.0013638674524600431,0.0025627637264262707,0.004108828136568781,0.007518227351760095,0.003284432013017286,0.0016338687688751132,0.0009756301366341566,0.006490630591307332,0.0048622732206738805,0.0013307657807916534,0.005809831433895252,0.022266090746489955,0.0032735515216808257,-0.013823214114997803,-0.0031964271710736222,0.005087693083463889,-0.0015486813837750635
0.003107144951142544,0.0008597158894947855,0.0008362707357600402,-0.0029095665161221356,-0.027291189032109697,-0.009523742111087271,-0.001942731015843039,0.0042309463864079085,0.002513093476257656,0.0,-0.00022480323430126365,0.0,-0.004051053787429918,0.003689928887186905,-0.00446535669832604,0.001521794422356967,-0.0027186957024058,-0.0022355100303510234
0.008728970483892087,0.002564046968376117,0.0023517881815376877,0.013277378707490312,0.007043489221058247,-0.00036855209537741226,0.000596669907115219,0.0,0.000946635044561594,-0.0017749357635753551,-0.0007513647227403511,0.0039004294237111443,0.016002430444690862,0.004537045324034114,-0.006926869141429675,-0.005636256815569804,0.001093805511733115,-0.0036902465133721585
0.008765000143032895,0.0017174179493311566,0.0017883770953484384,0.003718218436733501,0.01807284446096166,0.00454902451938933,0.010336423907392258,0.0009084449831619811,0.0067138758039260405,0.004435363042682045,0.0016429020191911971,0.003451353149845514,0.01871290616368083,0.005902420745839478,-0.004260236234094338,-0.003453805227079019,0.0009638929413588403,-0.0012682985543677333
-0.0004910812362870509,-0.0015747937845040647,-0.0014091986680545329,-0.006637379913866319,-0.0003299474671650541,0.0,0.0031284749729588272,0.0005072022509838541,-0.0007837064908588402,0.005328093418851013,-0.004960039072533865,-0.0002488010439082274,0.012574496140714321,-0.0003383612350620532,-0.017050452491715603,-0.009069733285845455,-0.0020697519536152587,-0.005043982687402155
0.006363297012728381,0.006140465237178488,0.001360636693359379,-0.02692514630413186,0.0016100887490021075,0.004016286132682331,0.004752218925512764,0.01116269382634485,0.004040870259595672,-0.0007046416982962444,0.0003588036347056011,-0.006117517726580992,-0.009898406028976242,-0.001980016991756915,-0.008581677707157266,0.006285190765284956,-0.0018549865018053211,0.00963444807053932
-0.0015391640490759317,-0.003220152101361008,-0.002964001096014186,0.0040260427094013715,0.0060305168225975566,0.008118972392191582,0.0018191637692392328,-0.0014453725919161234,-0.004030545976503358,-0.011981031137119824,-0.005088256648658336,0.0020373553993371747,-0.011489047133637135,-0.02247070042457795,-0.0007788257645756342,-0.02000171874784596,-0.008398470841574373,0.002517814866112203
-0.011658387319259323,-0.012831421666955473,-0.014564291407330029,-0.007734214091395266,-0.024907994129606044,-0.032481883057036164,-0.018428301630430563,-0.009542262701780177,-0.0049937368693154715,-0.007141779324951611,-0.0057040053109294,-0.0026839272948288874,-0.022060844819702982,-0.04116976927047703,-0.003487808913215703,0.0,-0.006353712046012259,-0.0038735376874201866
0.006246052751246552,0.002687239781405204,0.005358204471128224,0.006836313318249939,0.012546571011292714,0.010125493178243735,0.00791643665380191,0.002096186021974273,0.002809111291095256,0.0008807341717378312,0.0013968786253544213,-0.004961514458455487,0.004013082430887057,0.0007009939293295638,0.00453253189226032,0.010219595227535407,0.004581978683375244,0.008903072623225705
0.002460177089579724,0.006402045718203468,0.001505299826551108,0.01224579913996989,-0.001511213628599169,0.0009493301916162904,0.0073716698349802325,0.011776856084373037,0.0038654146073545848,0.0012566735042575843,0.0010672819777693987,-0.0198441905113451,0.016379491157807933,0.010735237773715203,0.003761908449429847,0.0015943736496513389,-0.0025751395921461877,-0.00035659962316984817
7.533586550768569e-05,-0.0009634990402901594,0.000977553652215779,0.007641707706093329,0.004416876933087567,0.007465578432475298,0.004600350865827633,-0.0031042683551529755,-0.003030679243620214,0.0010351204040702615,0.0017836459981392474,0.003876563075277647,-0.0024635313470449905,-0.0008628578991515813,0.006033834158986822,0.005722865430763881,-0.008173223200152338,0.0011552454234420168
0.0,-0.00045751960916284005,0.0,0.007896978335580259,0.0066606078112786465,0.01283958849759537,0.00343125384852954,-0.004340630223291822,0.004383887753350864,0.001827360630620673,0.0036943315354436516,0.0022217461786711475,0.0009289728768954459,0.00297603216866077,0.0025789963980765098,0.0062332703567475785,-0.0011194490306296568,0.002171193775295968
0.0,0.0004945353465600828,0.0006248058849015712,0.0038567706124158475,-0.0003409161670904032,0.0007631276931095726,0.006958945769510947,0.0020365056408331605,0.0015099536971787217,0.002844148117043133,0.0018048415652948161,0.0032246126130766415,0.003725295441999368,0.015943378377066206,-0.008427944781950965,-0.010325812429483985,0.0004069943550847726,-0.002506400334339163
-0.0009219531283472466,0.0012209284952792642,0.0012932037142429757,0.005249439588817667,0.003485641454669924,-0.0007967932495478105,-0.002169718914486091,-0.003974833977322389,0.004271973779303944,-0.008965004547205897,0.0016729143728163903,-0.0004076199543885071,0.01665391635819147,0.00046393603719193527,-0.014908099179055001,-0.005413107457770599,0.0007488904343526967,-0.0023359757108953735
-0.002966799335967042,-0.002254824220984325,0.0013412871212411881,0.004864723540934123,0.001970720510678999,-0.0005933904904417318,-0.007108320149346644,-0.004589652058953506,0.0027255632281671396,-0.0019007972587254509,0.0,-0.0032879563075709052,-0.008125655447112929,-0.004555224115694658,0.013551100550975031,-0.0038426105415829024,-0.008417795228495636,-0.004136271074981025
0.00487192725119603,0.0035259460442235006,0.002849591613440708,0.0070263606983276125,0.008637129172804464,0.0034845032493130215,-0.0041240185260108825,0.0013746175365372338,0.0021232267466247553,0.00014136411607600146,0.0048112056416508885,-0.0014891335324831402,0.014624758124015808,-0.0023124879160950997,-0.0006440476044990057,-0.003784851357943796,0.0046458340277672275,-0.0018921023673411086
0.004770815137646838,0.0032320928962057244,0.00255171796308638,0.007823572758482425,0.006191862843402316,0.0025294150462722696,-0.0015069844675816174,-0.00459732970324223,0.004488955509209405,-0.0008272433605527442,-0.00043148016867835463,0.007032285555783274,0.013723239419644054,-0.00040185061082252313,-0.005061668923578084,-0.0030096531566130265,0.00396275162247283,-0.004278362293336245
0.0014208573704302535,-0.0005979999279204723,0.0030728499799352296,0.009386602709879609,0.005576295443682384,0.00733758503745961,-0.003537372954977935,0.0,-0.0015631061463924848,-0.0016558015505403498,0.0027644507514575194,0.003268649092261111,-0.0013146434950193934,0.00240098639033664,0.01628764047439406,0.004127289436598163,0.009812794376061015,0.0
0.003709378232373005,0.0007159692426589576,0.0007729822215343175,0.006196262427821232,0.005996072320840418,0.00045272907457832856,-0.009451807511280871,-0.0007345254042024636,0.0016081665172573377,-0.0008561651134071051,0.002027881353080099,0.004285909797599311,0.013427881865493005,0.000651419630478622,-0.015059312930426408,-0.007041114971443851,0.0005282758767986039,0.0019662020656574008
-0.012524262433080828,-0.0074614478284915535,0.000405685002495674,-0.016805062332806996,-0.04473184009103306,-0.022203476451913305,-0.01690958823370081,-0.0028619307567494118,-0.002557433898750597,-0.005028112739741797,0.0025675824413366392,-0.004144492871400837,-0.009083435930788242,0.012078223905081327,0.0080302395858264,0.0037713227358095,0.00029701275380657216,0.0014769373578844697
-0.0022657049137911633,-0.0010918839655629585,0.000575659880573828,-0.013504601612028483,0.0017176847086518734,0.0040043100107063,-0.004717362628704188,-0.001958746201139234,-0.00174901030543151,-0.007810562863683964,0.002173962475410137,0.003854682773136576,-0.013994117223392189,-0.02558589232572703,-0.008072936526816118,0.001969269584337187,-0.0059912783418902054,0.0018931824745535702
0.0034170912300220306,0.0005038028392967531,-0.0008025347643910129,0.005833787881573523,0.002479859372101977,0.0023529245843046972,-0.005515627937792807,-0.0015101187230577638,0.0029510857663852396,0.0021748838590751767,0.001374537586018318,0.004561603123116727,0.0026966470581302996,0.019302027556628423,-0.00891710858071094,-0.0023903343832883646,0.007007161149826108,0.00832061885614005
0.003975746559714244,0.006544438131650712,0.005571845353851426,-0.0383153241492003,-0.037370450665343447,-0.00577195052567634,-0.004615790308828555,-0.0015869669335686531,-0.0025229993211806955,-0.005864023508719071,0.0,-0.002390308970922181,-0.01642694118513845,-0.01472566050502178,-0.01813824133131565,0.007567909456259009,0.0017708419827704841,0.0035742522351920464
-0.0007203133876462886,0.0006312251937744373,-0.014112908714821605,0.00239224429521351,0.0060822544286954034,0.0037159505507452103,-0.0016286439817443975,0.004835859810604682,-0.0016176862742762167,-0.006401741800838381,-0.00506939966753093,0.0025158779686886615,0.007309952312591569,0.0007136765368669184,-0.00417085621312863,-0.05607867069807465,-0.011134088205898725,0.0017710876041249907
-0.002980402146795208,-0.0025078251998827774,-0.0009027086637337036,-0.03912167185677326,0.0032324996441098503,0.0028171886486566358,0.0027419588776821974,0.001280714708812921,0.0005629841536467742,0.0016696048128358341,-0.00605739064656851,-0.005226270740274075,-0.012281911607176526,-0.005034793481317649,-0.017339336629729727,0.0055787586693291195,-0.003873982905335738,0.0012042215943818269
0.0011006828058996107,-0.00045398558020816505,-0.001016032845448595,-0.006706554973923,-0.0016520681953019359,0.0,0.0056686870906484214,0.001418827999076143,0.004274862273613567,0.005178262135511193,-0.004195595100077709,0.002888017028348492,-0.0008846526689874259,-0.003433808070876004,-0.015326519894855917,-0.004836259473987475,0.0,-0.0011436806012991088
-0.006377541313211706,0.0004763397258312165,0.002558948697246985,-0.006917763742043654,0.005326334930100723,0.002685191830501258,-0.0032036372765761874,-0.0019407317713117744,-0.00044115299237139263,0.00485571872897454,0.0024176615204165052,0.0053231235312147344,-0.007006225516739077,-0.013553896704060002,0.0019947830654624263,0.009501074185773926,-0.0044042798841441464,-0.002508483883426199
-0.0040159612125233194,-0.0018271413356656398,0.0025195473671385115,-0.0030610207747417493,0.007695255029053611,0.00525524571564398,-0.015325738345140347,-0.0022893019420901833,-0.0037705541355067687,-0.014285097462828885,0.0011799446739552799,0.0,-0.008823807663994786,-0.011602466075766121,-0.0017326137400115493,-0.0024355211866973194,-0.006705769397071982,-0.0064725914073136895
-0.016322433211074263,-0.009870712458119425,-0.0036767869456409553,-0.005923769245694312,-0.02508227271179475,-0.026462435517909437,-0.016593861617403543,-0.005125045348915615,-0.004237467055753106,-0.006199811763755222,-0.008069153842170634,-0.0017673926799038064,-0.012216687796244066,-0.00669980458187524,0.010412560612890665,-0.001706021264733273,0.002619624488395516,-0.0009310422545142916
-0.006338606602240467,-0.005822183600349588,-0.021990765558239186,-0.008266552778686277,-0.006477704105242566,0.005508436260843658,-0.014750750804506614,-0.0021134700771872983,-0.004463494693317498,0.004259371586341033,-0.004500185534284713,0.0029204345979097347,-0.019079617699105957,-0.0421179900999489,-0.0007287709353209701,0.0015404936039046158,-0.0027761155214947176,-0.000508207755235579
0.008982534709590954,0.006239965426331324,0.009870888225252852,0.007742271408186313,0.020223169167024227,0.0018649753001219731,0.0027385228331773775,0.0016798746595019618,0.004520964894850595,0.0016675091328654757,0.004859802599219086,-0.00703849759369856,0.022577411586688693,0.02774091553515158,0.014732446469969214,0.003949969831514639,0.005197057260661202,0.002485607587232541
0.0037320188521914456,0.0003697407689293145,0.00026668163583374417,0.004118056704451716,0.007771327038068409,0.0048809711272462634,-0.01329175333518292,-0.0014138727526546294,0.00034276769738012447,-0.004650443561574158,0.0021071160189488447,0.005419787601111863,0.008335698576351566,0.009020964264549337,-0.011416435671371503,-0.0027975647488979807,0.006521481753009695,0.007410577976161431
0.009373026880368226,0.008372638991747356,0.006616223126233226,0.013943054204255791,0.017217145758681177,0.018127321637049023,0.012144685346751963,0.0,0.003924587102521783,0.0012748341940075469,-0.0058588007470274026,0.0,0.02326694308294929,0.025406306735092817,-0.002850034115874298,0.007321307871250471,0.0046610995818745435,0.00196211990828854
0.006530550327531669,0.0016021494146497934,0.0005645093913739039,0.004843084530703458,0.004529921935654416,0.0025092129446642117,0.004790798513086085,0.00012475993524085744,0.0044531709908042965,0.0038765525691353206,0.0006868976822116267,0.00102899126603876,0.017404787317615272,0.0038825764112963863,-0.011752026926749367,-0.009489347977454557,0.0017218757992150072,-0.001131920127290624
-0.008421584539860211,-0.002306178376071308,0.0005744770658178036,0.011890894190879483,0.01489720870314692,0.010125159254380255,-0.00718621921381084,0.0011026022494571186,-0.001736224560018285,0.002600240891714347,0.0077257730098685045,-0.0021201150854564784,0.0009953801890917283,0.007281383109662896,0.022688801283440908,-0.0026611335579451263,0.006541240228117987,0.0006009793480043837
0.009784115289362556,0.00497641018263282,0.004282241321897853,0.012083706668555983,0.015171841726839629,-0.0026852336104670462,0.0014866122344346254,-0.0016968984479745345,0.006336790936990141,0.0028531593492170733,0.00372669586619213,0.004071641671057766,0.023007396578119458,0.008382424351487,-0.002526993055509726,-0.006133080767349093,0.0017115829826242924,-0.001492873272069331
0.0,-0.0011118732582637418,-0.0017311724702593566,-0.006070778386926455,0.009537305994133275,0.00512762885394832,0.005347284901191685,-0.0022863750474079046,0.0018240609552291728,0.0022039238389951242,0.0029875640441634345,-0.005948383667207862,0.010191207718675913,-0.0019894852788681756,-0.004305635700735462,0.00022976023019115208,0.002297945345878578,0.0004035995612064226
0.00890151491212864,0.00245520460568674,0.0006762938309037282,0.00928302224115879,0.0071253159192890955,0.00021561654193475336,0.008611657901664465,-0.0015699920649202411,0.006386125500653852,0.005894267044476354,-0.0033694534322850204,0.004054060292850783,0.016135028935010478,0.0063144091966738395,-0.00894741951488254,-0.007015943005903522,0.0026526574278590374,-0.0028016324949745944
-0.001512221501142632,-0.0018897593045390036,0.0,0.0019096245572562643,0.0023839709796984352,0.001655741940768111,0.005419598871341836,0.004351727823986232,0.0007139199303597529,0.0019746229014624074,-0.0018777444620267124,-0.0003836103106559232,0.004642493980220893,0.002518311130742025,-0.009731092280834871,0.007253186960899107,-0.0004973519689031098,0.0015771907420473498
0.003946723771021609,0.0009993338513181668,0.0,0.010051651124117754,0.008616230557217587,0.00423249577173314,0.005781900545468576,0.004507502077227108,0.0,-0.0016318510300181092,0.013420100363832536,-0.0037686297831474435,0.010199096336444032,6.902781785894194e-05,-0.011816995202295295,0.014118263726366702,-0.0007925100398576713,0.010425307156532226
0.005195153724139201,0.0004953957146073995,-0.0037210679908746907,0.011936566131647492,-0.014422789583328651,-0.00041405672365440934,0.00889374433878943,0.0025647272994858967,0.0023309150671955068,-0.005684329784745274,-0.003531968005816558,-0.02280675426141853,0.017669884472127487,0.010846509898098898,-0.007627813343828838,0.0025353368594589875,-0.0018092372031275157,-0.0014894492279152243
-0.0017386258096597105,-0.0021415236944323864,-0.0017556733315353377,-0.012980099987001335,-0.008097960766707693,-0.008017230703909495,-0.007870041440637455,-0.003126826575809874,-0.0033612170644070037,-0.004890057379943436,-0.004924946266498343,0.0030712746378651792,-0.01529700383640424,-0.018503551156213896,-0.009647120780323643,0.006311759595267604,-0.008372646186983905,0.005352336727132617
-0.0050221065446606605,-0.001992280536807167,-0.0007331013559995773,0.006653033590238408,0.007796843338315991,0.009379205259744717,-0.005693195133558622,-0.0017630061214884616,-0.002430485608177272,0.0039885808573379734,0.00015593073274712093,0.003765753175706107,-0.00656199906345568,-0.016722006301076554,0.0,-0.0005611200211843627,-0.0063096017617227185,0.0007538772676791844
0.00028769779228300597,0.0,0.001590404982593474,0.005790788316768521,0.005224505139683562,0.008685967242612645,0.00040794657853482607,-0.0017562059331227345,0.004337734182143408,0.0026613466512251096,0.0,0.004428613057022053,-0.0038293925573266298,-0.0008315250686162797,0.008308606373250708,0.008032993787159298,-0.0016916710011430315,0.0037201806501629617
-0.020505826823249394,-0.007651916034661158,-0.002391054288876497,-0.002885989987558845,-0.018921974111087474,-0.02053529299703593,-0.014763583702808763,-0.0047138461667348645,-0.006349333825146429,-0.0018088449245533056,0.0028815625189564146,-0.003627418051890941,-0.002942977717311738,0.0020103376630403818,0.016936561348692827,-0.01357895026979423,-0.004346782815648804,-0.00593002223820302
0.000492591742030926,0.0009836965833620495,0.0015940620689056141,0.0059805429266076675,0.009377384021618897,-0.002340119553588196,0.008034541684056054,0.004827330193623597,0.0002533552301962606,-0.0026983003650553543,0.0021221605918957985,0.006045420247614224,0.010175819573222793,0.0015573021540770087,0.0009353969157821217,0.004993338929977967,-1.563515583727944e-05,-0.0035858745786987514
-0.010975920057569935,-0.008474644773226016,-0.006723276628379903,-0.018238477312176173,-0.033862759385737205,-0.007839915083338311,-0.0067225996153059955,-0.006999680094036043,-0.004836964273519146,0.0,-0.00026180285381052326,-0.005034794381525314,-0.00528784603450586,0.009396729279693922,0.012445613640884968,0.008138678218741556,0.004782937311890213,-0.0023804319311590966
0.00402999981962718,0.003971075503035788,0.004125981707849225,0.003756975311545551,0.005700348245191533,0.0028163016209248443,0.007209087709953811,0.005129244789378082,0.0033864196414015893,-0.00449747501846485,-8.735148084414863e-05,-0.0030686333125182676,0.016301446966750625,0.002420810283928859,-0.008879175727432579,0.001484029075672121,-0.0019330244611344158,-0.001610923918856616
0.008622931625646934,0.003925741064358106,0.002087844352085485,-0.005037096391415193,-0.00012142783171562874,0.0,0.002953382155600848,-0.0006745430029817286,0.004518708170337291,0.001958576432324187,0.003135203390374863,0.0047626056003641825,0.024677243223418605,0.005019820128856096,-0.0107703750400461,-0.005849397451783521,0.0040377628486813685,-0.002317744417760538
0.002572961299573514,0.00033669355550116823,-0.00246989261766641,0.005485457660771991,0.011320750024884014,0.00721414654920302,-0.0027508380652275935,-0.0001825110652478511,0.0,-0.0018861117719563298,0.0026562014061267294,0.005918722079679575,0.015415890425208948,-0.0012398653372293976,-0.004706585928531697,-0.01130023118994546,0.0022215366846520244,-0.009526375004857684
-0.006795047682072236,-0.006348436606917211,-0.003031053187721197,0.0,-0.024965385064311955,-0.011909932334695476,-0.009280830107890332,-0.0037969027928765075,-0.003917659398101055,0.003117670766929536,0.0030029334684971098,0.0010825751372250806,0.00678227767353719,0.009204995221336073,0.011933463053340263,0.011516708693014696,0.0007626177829829683,0.010417704391681732
-0.03139820230058529,-0.012517022909585241,-0.008321323047574136,0.0018508797727799387,-0.014057242893284933,0.0005206059409959004,-0.005381836575390964,-0.0048899758818858365,-0.009270216004210742,-0.004598027219414284,-0.020076834245125366,0.004964703641363643,0.009835797279486358,-0.009419159192976855,-0.01827085385157592,-0.01731843022957367,-0.005519414245429576,-0.007928635849811488
-0.00026319508893083793,-0.0018270230634973824,-0.00043837633801616376,0.006423194952465924,0.009248121020140143,0.003860308850691951,0.000771901542601707,-0.003621138963489215,0.002179846150939598,0.004278607222492783,0.002698973330109673,0.006612086651826127,-0.0006621912939417442,0.00024338645766494663,-0.0008272155447104062,0.001611468587913078,-0.0024505215979454516,-0.0027598812241698308
-0.002328675232111861,-0.0030422575230864093,0.001864646472815233,-0.008341157835988634,0.003991612505318455,0.004978007657360443,0.0010575329457563859,0.00264344679127298,0.0008111865721523819,0.0005863820587429787,-0.00036294312400300606,0.007408538269148691,-0.004999831448862684,-0.005976276827043932,0.01335518979733738,0.0025082428725875894,-0.0023165575874399573,0.0019033562014511493
0.0017802053187917371,0.0,0.0,0.0028588412274626624,0.0011004588905472784,0.001696491277153559,0.002546148507815738,-0.0006290650723313617,0.0031470955021170176,0.005863932312860085,-0.0007978566332435975,-0.002088463456717975,0.013276014989292055,-0.00018773497765958093,-0.015598475561131456,-0.008912830872503677,0.0029457475668231595,-0.002564492380618422
0.0034599657201120266,0.002166875249724309,0.0026557238116619907,0.004903982340155253,0.008547827884998464,0.005819761305162127,-0.004035757246173715,0.0,-0.0007966200376838005,0.0009338611218696678,-0.004701604173979204,0.0029928597193284155,0.0033218018286717906,0.006914205021778647,0.015666820729152094,0.00516765110495973,0.007029858159045408,0.0018126586281679222
0.002416302552915664,-0.001610985109417265,-0.0004576500497589542,-0.006996600089123369,0.0006340340708436846,0.0010787872207446878,0.0027980386256464033,0.00316201647121658,-0.0015415477537776532,-0.002101530290392381,-0.0029216497399009735,0.002798581800523368,0.009110204772602461,-0.004641762376400323,-0.003143869579948305,0.010212580287671002,-0.007365332837576102,0.0008760491504720908
0.0010326516310581774,0.002105785009987608,0.002084476179039062,0.0009910134306188754,0.005261143143271786,0.003547273587422685,0.007506364251225861,0.004542929151968746,0.0031487170087569198,-0.004463898264659326,-0.0025246942003349254,0.00708085081025116,0.012002944096837638,-0.00040578580118291475,-0.02130803769123583,0.004655735908717488,0.0,0.0011578508658585257
0.005537350778564888,0.004085556550847944,0.004990402332459309,0.007647164404848258,0.0062715304188344255,0.0030797374913947018,0.004782180495654805,0.004288757694079296,0.004782502810711682,0.0002493865874369342,0.0004466169518821637,-0.006232350582319259,-0.002576822687038111,0.004422801593405432,0.014293084863673141,0.021269769691983048,0.0017524503101614213,0.010572601288745487
0.005449449362815012,0.002725858621038904,0.0022680700786903035,0.004840477857594361,0.005504725220782701,-0.0034479927822139104,0.009169018632690323,0.006466656571827873,0.004969883159138876,0.0033149154056333293,-0.0036623694542711966,0.0028353742073209827,0.012124898513966854,0.006211149397592615,-0.004280070279886059,0.004240655625388593,-0.001124572426024505,0.0009088718397683021
0.001374180606253628,0.0034860528194211073,0.0043145592279085964,0.008596930888330176,0.012270393795324257,0.005880056814132702,0.0038806370691223334,0.003298616592046035,0.005498060178422909,5.935157217056799e-05,0.004404891327353531,-0.00642613497174761,0.010600619962878886,0.0015925568797714484,-0.0011084326193279857,0.003840375539967373,-0.0014149201045507071,0.0016635752822037816
0.0003220580268566326,0.0,-0.005702327803214697,-0.004911351415522931,-0.0025357619119670822,-0.018407126169817954,0.001013861854769796,-0.0006025283420298329,-0.006331303238227063,-0.007362190292922678,0.0004357508031763723,0.0010200117706842292,-0.020238811668541794,-0.0228869898387783,-0.012359731135221382,-0.033184288254349416,-0.008025795126128929,-0.00405381344951411
-0.012534058627381817,-0.00966066392439121,-0.024044813890327803,-0.0017010283967620332,-0.006574848281256272,-0.020685955897236943,-0.016484069868241594,-0.006624227920765612,-0.00587914733290997,-0.002561403487116064,-0.015599668271923514,-0.0033124297791775844,-0.024248733132708363,-0.03741262174866295,-0.0056764548941358,-0.0011361256151588238,-0.0032209863412966523,0.0020529660158304652
-0.0023227489218903214,-0.0024279139232928513,-0.0009082683776677324,0.0024796822806426666,0.0013465190569247549,0.0009633858665876612,-0.004368765494758559,-0.006027148634555007,0.0037797262918729357,0.002237836742022733,-0.002115743839316058,0.004836873577391085,-0.009063884361003168,-0.006325301527705597,0.013248949705609182,-0.0015935353348868922,-0.006977341430159497,-0.005152960148364961
0.006154106560516321,0.0011700285795556323,-0.003176577230714253,0.008191405040635735,-0.0009356669666951122,-0.02027652489240806,0.005140126303561972,0.001943005678308567,-0.001979534554488072,-0.007196343068529316,0.0007484764644667374,-0.0008588623315102645,-0.005460854556014884,-0.010757198188498143,0.010959412169641152,0.018361203105436114,-0.0006846203373090907,0.0021389053811911862
0.0003174542269178437,0.0009441245015573517,0.00014010256989884867,-0.00838126873974969,-0.00037127683594794387,-0.006200811844563215,0.008121658714708697,-0.0008078659386223799,0.0024718574434195676,-0.0016140890684628636,0.004398148853968169,0.00042000010697354587,-0.006136951442100182,-0.0005483169421446651,-0.006655133341887869,-0.011582848440888357,-0.0014107528450387193,-0.002732548904786171
0.0013070994536837244,0.0024889217756504396,-0.000713126088235361,-0.04789658024121392,-0.04635595520814652,-0.014878334155422314,-0.000980480900151858,-0.0030216089395836672,-0.003813306621350033,-0.02587283967292535,-0.005380726255998104,0.0031523942621017992,-0.02017325903075853,-0.015522276048280725,0.009421232346566229,0.009248718000872614,-0.0021279862856795396,0.00585763097057318
0.004630714131125265,0.0002932002481835508,-0.0007597992579341975,0.007785026311667288,0.003492502704384688,0.0015763439181138005,0.0058000202611528376,0.0015664391599082012,0.0014042150644295545,3.9125599576089355e-05,-0.000642738293433685,0.0024751425817202966,-0.006157555461378633,-0.0008579036037527344,0.013655632296584518,0.007458819244618928,-0.005341310638639108,0.0018160148824900996
0.0028249978350785346,0.0034175009595259227,0.005691229945557772,0.018075553672423795,0.018081274535304146,-0.003793987117111607,0.005916617399881246,0.004393862531749988,0.004961068148840814,0.003415003290643602,0.00184169034817591,-0.0030492397419953693,0.010750580937001914,0.006034587328026988,0.0008974292553262802,-0.005230965958538783,0.0026461852227053486,-0.0013489021529643486
-0.015094084607449989,-0.010350187993415,-0.010288567851720118,-0.0056789988870074365,-0.018334267589090344,-0.021983482289916572,-0.014419115307344108,-0.007015447343473092,-0.004897514941228606,-0.008145487115504486,-0.005255571996601704,-0.0037364507675069335,-0.025447403431889226,-0.03369599901645973,-0.0032036396311466574,0.0029451039900499237,-0.002343257552801951,0.003015764867700693
-0.0069322433984391595,-0.00854287542782342,-0.0020039988733197606,-0.003226930491174552,-0.031773813098372364,-0.02051846647109936,-0.007580366509686101,-0.004110456194276189,-0.004230004103762465,-0.002459720499932128,0.0012804413926044882,0.0038280290769393596,0.004296598812529554,0.015111499362818729,0.012057983737225428,0.0066315444631656895,0.0026100273571436454,0.005941198689386043
-0.0077829259545678636,-0.0032598920188974434,0.0017886426287202256,0.009344536005360289,0.017952847930985047,0.013830959828109142,-0.010125723362809766,-0.0015716377054617147,-0.0029509671686346727,0.0008536780951134852,0.003376942773764407,0.003962828612919686,-0.0018755725384833907,0.005964736077038441,0.019960419386065513,-0.008843187272178381,0.002477095209513794,-0.0036935029492629542
0.00870094966131641,0.002051979071942973,0.0013537532442496382,0.00448885618438656,-0.002041112701779057,-0.0016200515392338468,0.010264936392237793,-0.0006344097138502905,0.0023241340672837956,0.006518956228045479,-0.0009327024265905064,-0.006020598709523371,0.016874509271672333,0.005901163437030883,-0.004669448419876959,-0.001120483010386158,0.001973068167859534,-0.0012771573937338035
0.00611708932220601,0.001316240838504041,0.0033908104071553474,0.0030018738720241885,-2.2146285685761212e-05,-0.00014310621031348478,0.0035222161026251526,-0.0011846147785812295,0.004773893925772252,0.0001969916951097383,-0.0021261632009783975,0.002342745707958446,0.014048447021862958,0.0016058840592700896,-0.014035754324180381,-0.006489246095981633,0.0021891510180363522,-0.005376653192314708
-0.009131481363175884,-0.00283244285221982,0.0014667371205445794,0.005670225105240384,0.005142219034574658,0.0,-0.010893881691130614,-0.0004954526249063507,-0.001894511953186491,0.0015976497981083566,-0.0011338570925624807,0.0028390972382706663,-0.010942979853526298,-0.017787240911256347,-0.0007110714020696115,0.008607086634935193,2.3942773617030566e-05,0.0
-0.000756043471937473,0.00029099684504215855,0.004336405579024735,0.010654401786328543,0.007551617014778312,0.007513470486498901,0.0038304776212938958,-0.0023119961267676105,0.004618284044536555,0.000889485895490827,0.00036705305058365006,-0.0019283498036718394,-0.0026183601944488877,0.007380047248993543,0.01709751494777134,0.010104651702819538,0.001621024156963644,0.0032049961555202094
0.006963232662071994,0.0023299169699431683,0.0006611126210863005,0.0061898989788731346,0.003634531302157877,-0.003484680525515526,0.0026584117053552667,0.0050819224897478855,0.0037639188677343026,0.0029386715525251596,0.002300156504254078,-0.009438978710392096,0.008788383234659868,-0.0044806565292548825,-0.023060309430851987,0.0026466417472079404,-0.0023670824205603443,0.000644410043310048
0.002108561873605115,0.0010185903172974067,0.00556742721350041,0.010621792502543368,0.008070065404239957,-0.0011243911906898122,0.007547389167307717,0.0028876532325808504,0.002611201911422333,0.003007756089338847,-0.004293253161107257,0.003150061106654443,0.01393045913558901,0.006148836466960175,-0.005924576267184889,-0.0065086793065665454,0.0010595151480999663,-0.004268793268922676
-0.0031293790655990777,-0.0027843656877541306,-0.003272403665841061,-0.015904181634690574,-0.011914319346017607,-0.011573255592024883,-0.00785886327970099,-0.0027488665044693886,-0.0063751176450970734,-0.015399484139471972,-0.0035177637137249907,-0.004120597412459699,-0.014572473857390312,-0.016175706658420483,-0.008215486784771662,-0.003751900984749775,-0.007351580005415485,-0.002627873076094134
0.004660021618687415,0.0030289275210140846,0.0029103184224175275,0.01005383667989837,0.007960307899408742,0.008109445159713286,-0.0038937499054482196,-0.0022971156798545695,-0.0016307736656381723,-1.928176871629411e-05,0.0051329614427548095,-0.004368544513717734,0.0,0.0009083423924444585,0.008416558818368395,0.005434816994846714,0.008197142116895708,0.0008368259844493339
0.005458247344151006,0.006175828898108734,0.0034108111214278558,0.01006059916346127,0.007322323207086968,0.009523028221593267,0.00517295882799748,0.003958225834868517,0.003922445270213342,-0.0039059280659785238,-0.004273830946602462,-0.003573372402031379,-0.002743514398424993,0.00960164746633484,0.013562845830473156,0.01747692073194091,0.0017704719740897676,0.005648732885894611
0.0,-0.0023310554993349604,0.003085749494314943,-0.011564293596173678,0.007107799921385052,0.003752084489350148,0.004340732228452654,0.003210609659816055,0.0037139363737203456,0.003562586597331077,0.002783106822969745,0.0049132272749602465,-0.001058019185921946,0.0,0.007919155236009789,0.015587692990740422,-0.005592992621098204,0.0008225672690068825
-0.0010051347429055103,0.0017466975886237216,0.006116240013054277,0.009879345842768148,0.011001607421291384,0.008972156436008993,-0.008091901197928913,0.0015222283488819264,-0.0017712190145026513,-0.000625909329919346,-0.00076296934626478,0.0075389809159268645,-0.0029720877926581535,0.005880767934734575,0.019674435993861067,-0.009574699192528353,0.0019465928258874797,0.0011423695460747799
0.000402689991324697,-0.0007433200071436708,-0.002239191435204257,0.00288162440710047,0.0054715726816938265,0.002627492290785143,0.0016300798991164256,0.002906156034720567,-0.006043002633222091,-0.0023853991147586816,0.0013416320106812258,-0.0057650287735688055,-0.0008968532984432252,-0.004883841564607114,0.013260050188402359,0.006603263963189057,-0.004809250928037337,0.0
-0.0011384789062538528,0.0016846986426474393,0.001824422033900919,-0.03745315911694515,-0.04324433056034324,-0.008959406257634004,-0.003812408761114756,-0.004075240133891107,-0.00388517601688474,-0.0021810337174559555,-0.0005705698437846718,-0.004347891453858068,-0.020438205462081034,-0.017525833782730198,-0.02115882210612315,0.0029405770230096855,0.003081676960792043,-0.0017094686604513798
0.004182136022826903,0.002978512886906781,0.0025620082074144174,0.004088369812957064,0.0060895406487436665,0.0023880686381308226,-0.0036579632536771875,-0.0029869191673552765,0.0047391556211831614,-0.0016678660967273252,-0.00026196857805402415,0.007418926692708769,0.020653262761606964,0.002668378062459079,-0.010101212107330672,-0.0075872064967279105,0.003642916389225742,-0.002592724684415265
0.0052741001361911455,0.0024090413894079584,0.0032348337138970165,0.00874954160802039,0.007839757315704849,0.0009501523688162349,-0.0005410349077361823,-0.004988616263222063,0.004172246973734296,-0.0015317978768967973,0.0018180318395682015,0.0020547530251662327,0.012771743405641125,0.0014132233970615218,0.0004925696109349829,0.001811133949698698,0.003929064754636508,-0.002410612449246688
0.005920557387639438,0.0022388034472589995,0.002093228627084136,-0.00144162345870905,-0.00039373518643203977,-0.001350587027880054,0.008231639496694667,0.009449176462476495,0.0008564880686292623,0.0022096549853269365,0.0034675299835952825,0.0012359202707338572,0.005879002297129336,0.011533624154359398,-0.004993703383959386,0.006368147793293021,0.0009831398661295278,0.0009135106325445924
-0.005851569969867586,-0.002303084761535406,0.001140403514175972,0.00478545762009629,0.019421637745344736,0.01161428748622886,-0.006753525094092014,-0.0005071263455104201,-0.0034107837033421425,0.0009004382186252406,0.0019155569097792562,0.009781059801054162,0.014942875539498924,0.0,-0.00395428630683341,-0.002272520457585745,0.001726282045411112,-0.0027537631936115498
0.002933019050525724,0.003893453360098417,0.0050984185840905576,0.0037415013624441606,-0.00753632680352374,-0.006327739645407692,0.004541558989602109,0.004922197290571326,0.003240544494108216,0.003084926310360787,0.0035167847087850534,0.005692390060510264,0.01128857391478854,0.001262106302965993,-0.007084999537380549,0.0029385990508703943,-0.0012878056318204995,0.0006011129739648471
0.008735594073579288,0.0034217062131070308,0.0025032750448884364,0.0014232106234320762,0.0016439774311202602,-0.0037130694031153317,0.006864714792766167,-0.0031599313292877806,-0.001069576521446468,0.0027062243758773784,0.003908961787358791,-0.006064381312069538,0.019828666486820856,0.006197390650726106,-0.01137221281350612,-0.003587214304984541,0.003953036483505416,-0.0013407812753517198
-0.0034850600679996423,0.0029779900053365613,0.0062773478439901945,0.01277195115558054,0.01674366936499209,0.017138009205336514,-0.009236891340580455,-0.0015077451462670722,-0.0022149233408339524,0.007475186719520546,0.0032802906026020433,0.0031354846661410286,0.012218749502624497,-0.0020209758389304047,0.0,0.0,0.0033760707998695128,0.0031142552548683033
0.00809348634928475,0.005574079726850409,0.0012902074285844121,0.006918523780541729,0.002480835738963277,0.0033649157284017543,0.0086185456867626,0.006694684881522598,0.004783401222013389,0.0008429197137975982,0.0013719775662032678,0.006540476788523618,0.002935284314320326,0.0026515006543469774,-0.008490880581542274,0.02098198245380476,0.0006256898838626324,0.004199274334956982
-0.002159105908781004,-0.0019307013602616271,-0.003355726482702351,-0.003387620510585331,0.0028336018074524576,-0.014445909415289034,0.0010813418939352056,-0.002277874398613829,-0.004631007011776673,-0.007643109694090592,0.0014797830830415052,0.002582479853715227,-0.015356143122110233,-0.019368156245740856,-0.007638589668547787,-0.027491399874038806,-0.008332307525589363,-0.00020478498781140164
0.00565396304798104,0.0031250555095519,0.002200499977131524,0.010422643780799289,0.008910075565322542,0.0028766358206134216,-0.0022749988495598386,-0.005632795843950743,0.003585215018004915,-0.0008029129202145689,0.0011966969834511238,0.007235216137116132,1.9834168861320177e-05,-0.002580200059110945,-0.004276943826152642,0.0037748746203427135,0.004435396958340911,-0.0008421542397730047
-0.006351393530181852,-0.0023466530735147136,-0.001839678919399541,0.0032458175171308657,0.00541013465945425,0.0055715460465906195,-0.005209071519731805,0.0,-0.003512096322591051,-0.001809991258667363,0.0028924603898270807,-0.007607170764354265,-0.004709388269699469,0.004273865040688467,0.019306785701442297,0.0021834313041875146,0.008850098452861152,0.0001608477673451271
-0.012029984740375407,-0.005606443379599371,-1.5899885708977106e-05,0.011401218619148388,0.009946803868229704,0.011435474836017019,-0.009767112851956953,-0.0021970262639257675,-0.007191566076724529,0.004814053628858737,0.0007676032744437126,0.009886170184133148,-0.005233544179707356,-0.005508445080075343,0.012340092199140394,-0.012387574921317783,-0.0025030200455752267,-0.006465859494975477
0.00022450463936227023,-0.0013763504172159555,0.0013322045199115613,0.0044055324589042264,0.004663907781603827,0.004152802467225265,-0.0038894116048742485,-0.005800149859973758,0.002479097893231417,0.005458287564386178,0.00251575389259991,-0.003712107151214517,-0.0026811561190004116,-0.00044708110147388783,0.009169336802300298,0.0025694085796302574,-0.004442707784085592,-2.1960697748152347e-05
0.0054687604009143265,0.002543927986345735,0.004947003312883748,0.012353747051142512,0.005256910476570838,-0.000857040453322971,0.007193959724761143,0.0003131105299610479,0.005120601282145952,-0.0015713623779708237,0.0018898022602075626,0.00028402949686784585,0.017909890424143017,0.007208773196207209,-0.00635114831096272,-0.006716154575803046,0.002824954647273012,6.059161685351144e-05
-0.0007084710794887541,0.0009102606775503015,0.002796258878830228,0.0015505904688791828,0.0007294488557841118,-0.017881753822075956,0.005326492298280235,0.0056003103575388005,0.0008691661330245792,0.0,0.001709719961067927,0.00066421029496923,-0.011421632535968774,0.0011151235933175886,0.012736845856899555,0.01466641887407606,-0.0029954168829209723,0.004637545023680828
0.002548315816934732,3.572089846592972e-05,0.00207187306409371,0.008386628578134348,0.007072099969170035,0.005846216076738447,-0.0032779239096935495,8.134534888367227e-05,0.0013269523168277248,-0.0007778250419974444,0.0020121560351798154,0.004297296064377251,0.010469226201726066,-0.003048047810732136,0.003163205219201203,-0.006455558606999882,0.0045161556257702126,-0.003666642427914431
0.005154806950133621,0.001153444312758284,0.0003362116764888918,0.0038170193545661968,0.0040041421498173855,0.0008383540193270099,0.00522490517825322,0.000973286012701433,0.0041145411652328545,0.008371738289711767,-0.0013164037422756236,0.003462325907685637,0.0014497225940794764,0.017415660931688018,-0.006868873359917,-0.0038072848820081963,0.004243574882336995,0.005111519713281845
0.005725768247987052,0.009267975799337167,0.007921770457074274,0.00909657829683062,-0.006845808746828862,0.0067213021317781025,0.005212258651134156,-0.0020262199527231487,0.005158636324304993,0.009877031467092635,0.0026464594219447624,0.002674040462779344,-0.0019621791101930297,0.007410774563156437,0.0114850464219373,0.01929474577201942,0.002999478850515625,0.014967323923283107
0.007329002346990976,-0.001902835190593097,-0.006386844620955134,-0.05231214204075892,-0.04999553688580092,-0.012543147361661955,-0.0017610878233514072,-0.0022980445771226773,0.0007729797679735921,-0.009896963218619596,-0.005875332678557543,-0.004410372898576168,-0.016865003173311348,-0.010647395403420462,0.008288675496984806,0.01001211613839946,-0.0046301234328893805,0.0037771621103687147
0.0007000821259489797,0.004654661779283073,0.0032387309186736367,0.009833054452396708,0.007426783470555244,0.006749389768518374,0.007051423626603066,0.0032483756939424963,0.002774365253904832,-0.004058974252776352,-0.0013796622452457092,0.0006327045685768539,-0.0013860628162233254,0.0,0.008576113983011911,0.021572598898291873,0.0,0.0029641202974591135
0.0015392694113814838,0.00043972331244256834,0.0017700962489213983,-0.00441292402604124,0.005837520623541127,0.008782054893893079,0.0027194404442656395,0.0003956644076563926,-0.0038860091424137186,0.005496240446952052,0.0027138304970936067,0.001751047097661649,-0.012234875290630191,-0.016020222335358297,0.00013535434504802275,-0.021396296230771345,-0.004623168537751422,-0.010274859878881909
-0.010715717549033402,-0.0037780194990536765,0.00243322633608523,0.01074545119806786,0.019481832050290488,0.014333451345819065,-0.005834471617837351,-0.0022156947788294725,-0.004425666734667262,0.006606782603692812,0.0008945563479159807,0.010227674344992567,-0.0022603058845785335,-0.004218771016615011,0.013582238877633369,-0.008632513875673903,-0.0009011891164433133,-0.009755429146147007
0.008551775413826884,0.0037624646099887285,0.002234842123773471,0.005415657653528865,0.0046733391115819315,0.001810103117997182,0.007111057154022179,0.009045715508311134,0.004077072334789799,0.006088303905626838,0.009773403329488672,-0.0097576100544442,0.014387017321886615,0.006947624604717761,-0.015328248807054176,0.011719209292753758,0.0016708912133288777,0.00845764104411123
0.0005757914435568104,0.0014070759144851612,0.001438008726928194,0.004747261187699705,0.008248791566910904,0.007813082265843707,0.007817532146518688,0.0076446457336150015,0.001309390754470521,0.00144858837073459,0.002207846318537043,0.006827045164463105,0.0014529157934828688,0.0019216992227166904,0.006700053821386209,0.002681770966645889,0.0,0.003958012625798618
0.006405374320204071,0.002908775987117304,0.0019736908662871078,0.006573330645639224,0.003264215707652796,0.0028402990857080033,0.003950052698014036,-0.003171529847954937,0.004657689056898279,-0.0012526567420254274,0.0007707657854881515,0.0075593000334920135,0.013876340398132564,-0.00192125485005697,-0.010879342299433587,-0.006346574937359226,0.0017291474008047983,-0.0024595019980319446
-0.009116540731482057,-0.002095230682314387,0.003251213126108993,0.008090798229247043,0.009711776130618155,0.011174357212200392,-0.007875395695196826,-0.000665061498430873,-0.00149173382248076,-0.001039507855104308,0.004452405381186611,-0.00044649296910042376,-0.0037000076662573747,0.0012351450573407899,0.018283240153230143,-0.007222501470848041,0.0059172167180814835,-0.0020515775451113542
0.0023823762201208897,0.0011688366646401321,0.004915982454021667,-0.0032481669797340645,-0.004173677927033198,-0.0019943802765610605,0.009818868743740588,0.003648814655824916,0.0008899578453670638,-0.016766782563795858,-0.0011015711833738968,-0.003988994457017694,0.00803671344608402,-0.0010886549153590135,-0.01715654393442935,0.0016916367970003033,0.00016631437083940563,0.0016117109577633432
-0.005937371899307222,-0.004053958894290408,-0.015783139064062025,-0.05825322128315498,-0.0588666279587964,-0.018686396430855987,-0.004237672848438994,0.0057052599128528765,-0.00395102053558376,0.00223850993386678,0.00029605614177358625,-0.0017217850756860013,-0.02204931957063891,-0.017241092295416597,-0.017102423469392,0.0022200485541565285,0.0006698254191113612,-0.0015127691142600708
0.007831324392235509,0.0011284381995066294,0.0,0.0018952711102636294,0.004708754604319343,0.0014472265753043938,0.008032066071705266,0.001925554983139616,0.005405078570448303,0.0027830358673498912,0.001105520507048913,0.004239292938728884,0.005648078880775747,0.0017971293484828892,-0.0054772269154000006,-0.004079614426431103,0.001163361901575016,-0.0024198372767075677
0.005016169285673622,2.4652961789040487e-06,0.004561761693737305,0.012799056391195157,0.008237848472634536,0.0017197491093407424,0.009343400824499658,-0.004290795259041846,0.004180168925622733,0.0009349753004426926,0.004312322607683481,-0.008824266443045804,-0.006085601133156813,-0.004857058334693221,-0.011101997353819195,0.0005048102856877427,-0.004770508426040558,-0.003150149655030887
0.0021623886098108567,-0.0003119877192863318,-0.0006078704747265644,-0.004625155909063312,-0.0001507108797282129,0.0004758204087473008,-0.006568847316035805,-0.0012526425987186758,0.0037292990108708764,-0.027122510915499075,0.0025348882414239493,0.0022483101114761403,0.01274492813781943,-0.0013949565223477678,-0.014435058258248147,-0.00912625733658842,0.0014854328415705687,-0.002721308190040593
0.004550250484020864,0.0033226689755975216,0.0030836851829287508,-0.0039653533115716405,0.007467032088681519,0.009520675593590641,0.010727809980294717,0.004254306243312135,0.0005574484209475604,0.006859065366692532,0.006799187610327697,-0.004393166994190254,-0.0056477872604243536,-0.007471643645343425,0.0026428745463157968,0.008536406639919242,-0.0020939645354474947,0.0008545646828076042
-0.0045116392116234545,-0.004076513275442942,-0.01466740797055853,0.0004497207284596973,0.004217677294768097,0.00878099528929763,-0.008532621621937415,-0.003661160574080212,-0.0009984318308333157,0.0038623599687824268,0.003842203036323109,0.001680575204393387,-0.021539765308732705,-0.03753539485768456,-0.006893164931571306,-0.0022804476329406106,-0.004745783299913347,-0.002675616251811508
0.0011170483273914174,0.004551538557146169,0.003432368366937212,0.011762270716081399,0.006812141075699442,0.006487082324430021,0.007461817680569346,0.005661928337072095,0.0012021714828906232,-0.0017292072339011723,0.0009465215566103851,-0.0017372490559321115,-0.004894913022447673,0.002466672598993452,0.019128146646873734,0.01036701075602236,0.006198823294069293,0.010648799697713082
0.0014774213640576525,0.0009894775891424392,0.0031741722142146537,0.004720997315811899,0.0044681251835900606,0.005444239230137069,0.005529195218958622,-0.002899576683539982,0.003248376736741233,-0.0023128391909128876,0.0010044315194591158,0.0013535468773029343,-0.002581032641563376,0.002356840854307048,0.015129687914351013,0.002951853886954417,-0.002728513842272462,-0.0016731451964540137
0.004230492238637681,0.0024481162337624497,0.0023986641280567544,0.009269916413269094,0.011414291676775074,0.004514574157029232,0.00663424181723343,-0.0047245047867118355,0.0017858713498380275,0.001630934223864738,0.002604570277552004,0.008260344781018399,0.0011082492234819922,0.0012057331706720848,0.01532354970382655,0.004340297965307536,0.006586797209099375,-0.0005945712546256698
0.0033857436691051364,0.005424024541955226,0.0047333587844520415,0.005794983926717337,0.011375277377812295,0.007390636370543133,0.007005781913542571,0.007175189133663728,0.002571923794264918,-0.0018034674671090754,0.0023017839688662185,0.006148641437370854,0.014290972567988563,0.0036358357459111324,-0.0012247282468185224,0.00221502133969497,-0.0018927072317522003,0.00033794097493691777
-0.010088437966179876,-0.008419766804261892,-0.005354143422002678,-0.012653646612114124,-0.033579432639952216,-0.010037172059308206,-0.013154510065500358,-0.0046444096622360225,-0.0049743650101415965,0.001842360581894429,-0.0016274815579338782,-0.001525028389975624,-0.005609926829041937,0.007944600572869756,0.013516019744694581,0.004737079488407205,0.004619210965959733,0.002661591375132763
0.001906405561258687,-4.953332184182759e-05,0.00020475820283574257,0.006881285855202192,0.007524880239794724,0.0033764347006185152,0.006857320391986483,-0.0018647171232156468,0.0026199243784233535,-0.0011875805968258343,-0.001715076559610465,0.0030687952652141068,0.015123569133101056,0.0014309090450143943,-0.000575733304621201,0.002828317896665013,0.002642222774068271,0.0004032916661711322
-0.0095599115167608,-0.009381924083489085,-0.006581340604682553,-0.015219323538532918,-0.03821541895476895,-0.010110820657453359,-0.013290899798104742,-0.006090215779883312,-0.004957841151262707,-0.0030449333853604325,-0.0004596894631192251,-0.0029709903728812534,-0.012369585387697484,0.004106770796850539,0.009986438459557637,0.00519775975457333,0.005025267303270679,0.0013190658175558923
0.00030310548488664935,0.0026347533216223395,0.004783734138548229,0.003755293813790197,0.008364087668643038,0.004074368023122145,0.005785055149267579,0.00831126364147138,0.0008237474823334857,-0.001757480846294379,0.0016494048848535465,-0.004129036726480332,0.01204659336398392,0.0036845959710105625,-0.0009493654565422555,0.005145001133926157,0.0018768607034225747,-3.72495261780903e-05
-0.013816566950074714,-0.013246037044596225,-0.010674181061327196,-0.003007470710253428,-0.020171343203505637,-0.022066776542963313,-0.014231807869336104,-0.010051249513019644,-0.005176997688716092,-0.012370929237461546,-0.0063188615876561575,-0.00036990482982400714,-0.024021818735301365,-0.034966244787046435,-0.0010058931223671178,-0.0015667664541649936,0.0014347668607459898,-0.0011001988548244024
-0.0077022710925130945,-0.008041570576199489,-0.009263528012536838,0.0038916133447008104,0.0022537191389411368,0.002438634552223115,-0.012681921752742213,-0.005457262497861002,-0.004849472530273889,-0.0015064520575335796,-0.00324426834979132,0.001477516333904307,-0.016864827421160827,-0.02541495248250157,-0.0024744514405921096,0.0030942872946833396,-0.002655322993272057,0.0008849420024320265
0.007604864250781728,0.0034003547915084278,0.0027977376747529833,-0.0031414627454073316,-0.0012042452273676749,0.0004383345368978963,0.00056939028557991,-0.002524639138303881,0.0,0.0028458394236140832,0.003051127035503406,-0.005412619933399147,0.021510100330703018,0.005256016004891096,-0.009752937500200624,-0.004383952038280682,0.0015394490243357483,-0.0024198623315104043
-0.000335507068994815,-0.0007231901691243235,0.0061773173692376915,0.006300051357151841,0.007465989250422283,0.0052077815200135815,0.004611083893653497,0.0068188225735983776,0.0033701085102240346,0.0018330912359810299,0.0019281813661382128,0.0061535025072227455,-0.0014783106072175482,-0.013424438254332134,0.011472806169816906,0.013493953668974155,-0.0036029676014229356,0.004524203050656962
-0.001408065323928512,-0.0004543362094990879,0.003335964057721562,0.009973179345707725,0.008377204061736596,0.013531300820875863,0.004978393324138949,0.001486490722023159,0.006012556398547303,0.0009673409202468522,0.00033056529664501276,0.005920395412880028,-0.0056243785674971155,0.0067977838527647876,-0.0020496646456474982,0.01788183929471894,-0.0031602644931464988,-0.0020543156689876996
-0.0016696469762317121,0.0022722759881201164,0.005284631138525098,0.006406196877085224,0.008762120543945129,0.008085589973854767,-0.005455727918597037,0.0020244155065540365,0.0,0.0004213413326313386,0.004499391947911085,-0.0013986440102513045,-0.0011158277751630908,0.005807846569710521,0.020760162563203278,-0.002139206923829373,0.0057883681371174375,-5.540442628727826e-05
-0.0005032121233987641,0.0021482900942901,0.003825318665624244,0.012505108353472651,0.022625899835561587,0.015552243829510617,-0.00763471642073665,0.0024296479648864,-0.0010397005526087584,0.00043071620606965216,0.005526617953486058,0.0079142223602854,0.010172378378061316,0.0025568952708200617,0.006471790025080161,0.001997174363653165,0.004604692870441258,0.011001562584468647
-0.002776828594307748,0.0022219426000725908,0.005956097431205474,0.00890572267365178,0.009529321686140034,0.011729779539994396,-0.004990094389986483,0.0014830501545288974,0.000453104512179798,-0.004516368218444107,0.003667255183490956,0.007067825311568473,-0.0009654726379627797,0.003159063745371976,0.016504255538760074,-0.0010111333893177954,0.0005574492176974393,0.0011122901343893765
0.004156697115387446,0.001381749502830753,0.0009387710260953146,0.0036541251417510313,0.0,-0.010216693877039846,0.0,-0.00410160347939158,0.002232324515771404,0.000629467078695275,0.0005215369065039272,0.005649719847214725,0.008486383138341306,0.0005575936038797181,0.01152337040783523,-0.001686782518473352,0.004416620721586282,-0.001996639365981767
-0.0014968942894733014,0.0018044969829585174,0.005463516813403,0.015096909749698259,0.02209691173148686,0.01664492301564387,-0.007067460080333569,0.004710968852054599,0.0016498890905491887,0.00897063733706431,0.0021322795080973276,0.011868613615324361,0.013078808383424245,0.0019074917939248546,-0.0010890195255331358,0.0022113984492803654,0.010047020383902525,0.013955226371952914
0.006015855620099845,0.004026957167556696,0.0021902063264597708,0.006665392092297112,0.0024436791247867337,0.0023168059531345647,-0.0004469690094491394,-0.002221463078230195,0.0038597460229048237,-7.726991919001789e-05,-0.007066208004505544,0.006494531865987358,0.014735848714135448,-0.0009095932091414032,-0.006691961631696876,-0.006284953715037268,0.0024414360604731325,-0.0024310451372482125
0.003938895049816921,-0.0005165130176861845,0.002000881742596589,0.002768786124781516,0.001391495934193376,0.0018600309879388277,0.005814061885712923,-0.003576232265405052,0.0015643895712885718,0.002331303961576735,-0.002326354343965286,-0.001570827624630779,0.012709357410120532,0.002643104480046758,-0.01642066578325966,-0.011013032542648394,-0.000761347289833124,-0.002933133647849991
-0.004578151237753436,-0.00777169522129832,-0.01529062581244189,-0.01248366288191664,-0.026192867200760445,-0.008284901412581756,-0.00955155914455867,-0.004846607638283209,-0.006594693092397473,-0.005679271249294828,-0.002223402595333688,-0.00032713820700338425,-0.024136967559551564,-0.04337734050825704,-0.008287909015893777,0.0023275091024675407,-0.006915239990837652,-0.007934551991789746
0.005887816768054767,0.001604624939843488,0.0038772585610694263,0.005638858377319515,0.00644532094047618,0.005537966570273086,0.004994971883606114,-0.0009197739569674551,0.005604738696801445,0.0045959618577706045,-0.0019452283356712148,0.001467312839907897,0.013863571322852639,0.0015851357520047273,-0.004778572271943364,-0.005948565773246096,0.0013298144831443025,-0.004488976184286009
0.0005368059049900098,0.0020952988528204707,0.0021960887771320173,-0.004074820762402275,-0.0003648520539544532,-0.004637013976637904,0.004060871926100407,0.0,0.001778069383556948,0.0006894103695750702,0.0020188768881949756,-0.0036051405196338275,-0.001590744531861824,0.010523819514668877,-0.005254364675373151,-0.006291317629537767,0.0,-0.004162466277338354
0.0034774335847703006,0.00345284244258167,-0.0007190741829152892,-0.005608399321399197,0.007007880406393661,0.007584761576885251,0.007175806203179701,0.0019034119233787244,-0.0017049687648554906,0.0009659459134140846,-0.0009672624638345626,0.002001685548698968,-0.0018216927932810014,0.00724385674208728,0.014022690089641078,0.009041135294904842,-0.0023189557289443915,0.0036443425843438043
0.000971019061098547,0.0012151384573822566,0.0007322734007810927,-0.004023898678053275,0.0003004594540292575,-0.0008294408894975178,0.006771021501148858,0.00321762616354686,0.00018898094008197003,-0.0036605914424242274,-0.0018294300303082496,-0.0014655245436506557,-0.0029647177125026055,0.010971024746800466,-0.011136522163946515,0.0003247711579175293,-0.00046738696284013274,-0.00453476384234857
-0.0015273671884532092,-2.7139833425612278e-05,-0.007681756117123127,-0.0031911835731367176,0.00331813808178146,0.0049565683434452616,0.0005828816405695484,0.0032339440590462465,0.00032058376743135944,-0.011550007818075343,-0.0033065848118372272,0.0037853772771451323,-0.004656775433482815,-0.005125185598285461,0.008904130422359855,-0.045671388811158,-0.009946221413802444,0.0046177320584179365
0.0023079995973680095,0.0031641170355167264,0.0033110284066919216,-0.002623963393232079,0.009776039959084782,0.006156720995469705,-0.0023626134431324526,0.0008161863816686132,0.001362794827523314,-0.0003068240872709215,0.004165623962832036,-0.003351957227304826,0.01841928246930491,-0.0007283514851020873,-0.007900292360414599,-0.006940937189437434,0.003981315194079031,-0.0014872785852027767
-0.0130404597125887,-0.0030088020482099205,0.0005581466843189739,-0.037835331286219916,-0.05057860481842825,-0.01707755147690074,-0.002869213396499855,-0.0047063647074964965,-0.0044536019123044895,0.005839155356570287,0.000975664391541898,-0.005143288172243372,-0.018788351110042546,-0.014574766149822756,-0.0009688297196624111,-0.00042870306801540874,0.0007929574603453282,0.0
-2.561610769318737e-05,-0.0007576009348944122,-0.00019891341910288884,-0.0034039106918965843,-0.008836999819027962,-0.00903177875105242,-0.007615683822000208,-0.00297828423775603,0.003761125281211497,-0.01342946489376169,-0.0003578290985731023,0.0010335367469964632,-0.004811599001648157,0.003542970976274193,-0.0029502062121150585,0.01263328653775229,-0.004777120671216006,0.0064280335198460825
-0.0027341758577226496,-0.00231084370039608,0.0005605568242539307,-0.013040401425787598,-0.018187575144757183,0.003260839937497246,-0.0051860869298317415,-0.0021737888290658935,-0.0015045497215263497,0.0010871600832076497,0.0017620497729461137,0.004261373959502342,-0.015266200873740293,-0.019779333553441244,-0.0032216794478688495,0.004774496761037055,-0.006525752652417165,0.000168385419144379
0.007181751605619144,0.0024996102607871156,0.0014037070093386177,0.002517329564238631,0.0035641161975983366,0.001359691394009058,0.004247866803052372,-0.002472814193141133,0.004491007562673814,0.0035032234759266394,0.0034505808610530496,-0.00445142390454513,0.017760845233205848,0.0021954513108823383,-0.011137230991423355,-0.005708946850670835,0.0017451319894651394,-0.003263013263746721
0.000458385662058309,0.0032735954241008415,0.0009646474372522873,0.005502395558053047,0.007254820166914359,0.004974822222558451,0.003228319729911551,0.004743321646613345,0.0008120977649739483,-0.008787441689404752,0.0016935510700874983,0.003881389475864548,0.013572725245504642,0.0036740309287775505,0.005243490183509966,0.007910491351221445,2.321924616092519e-05,0.004359244827656414
0.002480751228869381,-0.0010998268460122827,-0.004741141914689185,-0.021439226536048,-0.033508030930217335,-0.020560850724906907,-0.00032084288089233965,-0.003928032496783262,-0.00748881192662079,-0.0066710825369238995,-0.008959574716758768,0.0012191966879593879,0.002697740124686705,0.010282263650108064,0.002164403440809441,0.005427772470503259,0.0009058510616401476,0.0010083366858019138
-9.747533553990447e-06,0.0011628566382189181,0.0022445003098729133,0.006539320762725621,0.0029264429045950608,-0.0025723417707165627,-0.0052403443399907015,-0.0038543803408912065,0.003863835743385873,0.0009978442107878387,-0.0018783726353886175,-0.0046149193524884224,-0.0027559989546271342,-0.001480123677911371,0.014649998099041687,0.002112664125364563,-0.0024467654849521154,0.0024501048049534475
-0.005596657741044725,-0.0038369490027987006,0.001597334929170608,0.007284965610118143,0.0072100822414774305,0.0072763854708003,-0.00784059016400263,-0.0020403768184182576,-0.0016435658540485333,0.0015357606096100223,0.0015698937962783759,0.0022776366932062146,-0.004909190749203757,-0.010860887969916428,0.002748853306369075,-0.002296660921034493,-0.005377248222679059,-3.0329051779661234e-05
0.007676553259723052,0.0023051962310843784,0.0,0.014524509200346085,0.006539356676565294,0.0,0.0047257126833141275,0.0019553238632052028,0.005296605350642626,-0.0030739959088696323,0.006660339804715108,-0.013100404406150413,-0.0007721344348803302,0.0,0.011387548367570478,0.01787397619809483,0.0002761905307162904,0.0034261904964999687
-0.000529911634670708,-0.002124286398675194,-0.003867435975976072,0.0014364515425756234,0.005478103567957929,-0.0036552702454082666,-0.011525441146566022,-0.004811500885757419,-0.003083117111425204,-0.009338820284473076,0.0015038467026727885,0.004451141557794461,-0.00660784943944918,-0.0002922102306314756,-0.0014794913711445464,0.0002594817364650643,-0.007332212618918563,-0.00226660739704225
-0.0008026628551443959,-0.0013713044738827547,0.0024549230122552735,0.005285386254482433,0.006361237557139134,0.008117594791691008,-0.0010639372859499673,0.000979759732224568,0.0016213897732909393,-0.0003152884555193299,0.0020413712250057676,0.0030412185983531384,-0.005355073315110579,-0.006533875685899696,0.01539962510560261,0.009084838866543474,0.00033394319125878654,0.004319319388517151
0.0051605768349474905,0.001182626580022393,0.003390123389864201,0.009344491801816963,0.011561421533443793,0.005964437184938107,-0.0011129679547179192,0.0013499054484085637,0.0002585864420437434,0.005886404117365966,-0.003542092335428461,0.00814283078523948,0.022238006300342353,0.0026990291592241763,-0.010173475327977277,-0.0026979035932608196,0.0040131502859263105,0.004960158376353274
0.005107597390143633,0.0018381298718449172,0.0,0.0026445766102972373,0.008060426170331538,0.007720817003377336,-0.0023616983585216375,0.0015596167221330886,0.0018954729473164835,0.0018061110219265047,-0.0016128673118049701,0.005561789260985239,0.017282761407509277,0.0007886227733434606,-0.002199502368976177,-0.0074489001256864374,0.0042763816818457276,-0.0030865529352206295
0.005262408407955912,0.0027036213117402614,0.005440003236079443,0.005249495625871617,0.00888832369097515,0.0034234469539408162,0.0053708992136079275,-0.003875917281710364,0.004385581642006273,-0.0014320624226299191,0.0006036063840090844,0.0034355138392576927,0.001494802330843805,-0.00021056315705679762,-0.004942823617691981,0.005938902702046282,0.005978758743423747,-0.0026840987441999684
-0.0008687358940246254,-0.0025578014954786444,-0.00019095423835765898,0.0008065299187438752,0.005881025098802961,0.0,0.0031922295152713854,0.003930990983151593,0.0010716982876355396,0.0008859177288246104,0.0008865418436501456,0.005983905046759295,0.011069283895550794,0.0019045008282249428,0.006081441351158481,0.004145685716196566,0.0027661441563678474,-0.0011199929002227368
0.006926773660174159,0.005430293773402054,0.007072321944117247,0.007328229578473288,0.008667933443931792,0.0046365812450844795,0.007524839175472714,0.007700656493558741,0.001596949620324446,0.0014778883926130529,0.0012111657721423515,-0.0003912280425306655,0.015092851117986417,0.005357133975544442,0.0010529810514319565,0.006628757102497388,0.00021378653594608598,0.006774171625181513
-0.015499001774254256,-0.013503666306399521,-0.00606729404114699,-0.029577075963959813,-0.04068794782386401,-0.012598216931825426,-0.012706781484325108,-0.006297069839472436,-0.007945953079624141,-0.0055218206216039265,-0.0030190287765118904,-0.007173030636412005,-0.005282661511461823,0.004782123493962581,-0.0028937660032368256,0.0025726913435056356,0.0031454626489346655,-0.012710329357651068
-0.0016107449947504,-0.0009400715783364037,0.0022856533134864177,0.0024106543407789367,0.007120151866866568,0.002948931743086804,0.0016571995031343725,-0.002257628509577129,0.0010457303583709116,-0.0010653874377688504,-0.0008686082966204302,0.003117178673038394,0.017287834615090366,0.0024691156430091607,-0.002332382758942693,0.005584943180046068,0.0019725116249359256,0.0012093168811271662
-0.0035482120002880576,-0.0035428329656642076,-0.016083358350941553,-0.0016467024437648965,0.006864896416738732,0.006884427934746421,-0.005808326391328972,-0.0025893646407773247,-0.000949711551514637,0.003424565604880809,0.00446776371498874,0.0018657032952889778,-0.013779272479579616,-0.04109165025884379,-0.0090510138550458,-0.0012309477297737337,-0.005271847027372908,-0.001777079885118632
-0.0012418160888146663,0.0003475935122190981,0.002377654466391276,-0.00668441250440322,-0.0013374761200310467,0.002142699725181102,0.004808575934955656,-0.0012461817482877617,0.0,0.000255921755586853,0.0025515229281942845,0.0007812788470649261,-0.005910977970276009,0.010179044273926274,-0.008307716893233345,-0.006775030040081993,-0.0012034200157573743,-0.006512799123066661
0.005114735279702577,0.004470000688855555,0.003909513674832328,0.01567053222201132,-0.021328064612443964,-0.01963038481383237,0.006050417450443305,0.007982417851210783,0.002469332026956391,0.003099619275907732,0.0003847631201682828,0.0,0.0,0.011123137290894862,0.006282303789904203,0.010895019437544359,0.004114637748199814,0.004613341652734533
0.008149531579796516,0.002833097449099449,0.00024197863576136137,0.003923300029140344,0.00320184112045714,0.0006398348316258986,0.005778393187828949,-0.002724993928209714,0.0024626602537650057,0.003706746226745892,0.0033485260475934068,-0.0017372823106201545,0.019362125758018475,0.005098602935710002,-0.01111077125661278,-0.0038112685027367845,0.0033760631263896326,-0.0019061837096392836
0.008490392954086835,0.004212389826148979,0.005555989759565128,0.011729245562375779,0.008212048338641888,0.006631204748298619,0.012328286548613981,0.005763001504509594,0.0,-0.003265902735374843,-0.002499737548165158,0.0026660821452203004,-0.001889159407475456,0.006053185295683197,0.010567470866397966,0.019886776014065397,0.003126751155118946,0.011932462183209508
-0.0005804147458518696,0.0,0.003490637674947958,0.0041058739330195465,0.007942178635654763,0.013417316532954065,0.005875081358987725,0.0019431575030267338,0.0006442042484100784,0.0026037797368453864,0.0027742507365744575,0.001186859687288848,-0.002235569292896619,-0.016914258265270897,0.0056079278622365005,0.018054471486768274,-0.004619378720332069,0.008919750352888972
-0.0004927678737332153,-0.0012561116322220363,0.002850378433065789,-0.007826142501330615,-0.0009443409021908575,0.010760219205427279,0.003061751388402493,-0.002977872209153715,-0.0004219587033757153,0.011163574769788296,0.004338400482435806,0.005439108594925965,-0.00854233286525615,-0.02024768384019183,0.0003100994587130478,0.010319844875870192,-0.004472001320252632,0.004726103424574998
-0.0016400935359285962,0.002090281280437402,0.0011726655175389354,0.0067354007659395304,0.006852046153672878,0.009570757274057174,-0.005491397502922215,0.00046263741567267413,0.0,-0.0013904301132403713,0.0011527553998433658,-0.004709650112951214,-0.0055098222284420085,0.009263665339855742,0.009327092689555004,-0.0017942645321309013,0.005778862077014247,0.00038620796968584503
-0.0003399148658595205,-0.002185101160731704,0.0008699241167901233,-0.002256185642522478,0.008405827862671083,0.007766316225619625,0.003564820278490597,-0.0015807156919711769,0.0023417262210884944,-0.001956299525401124,-0.00099595579829112,-0.0050209716084744956,-0.004430567240125981,0.004414692117996373,0.01619105511942147,0.006792361305398356,-0.00860894500838111,0.0032361651506451483
0.007287178474981538,0.0008423894603799576,0.001926955122379357,0.0029719258190427783,-0.0011131060598982621,0.0006370080088009778,0.005482005031445325,0.0003219560112685888,-0.002061963069912489,0.006217528423880818,0.0010760150590856635,-0.0021673111440263858,0.006282257716108427,0.018764041250490804,-0.0032498674537366945,-0.001143186067740937,0.0070595243386790685,0.007951447410907551
-0.006664009145462372,-0.0030546533882062693,-0.007637212979677376,-0.012423068196675829,0.005167397224461158,0.006849206462017524,-0.012866635376940086,-0.005303431185658684,-0.005385295005871277,0.0022514230353109844,0.0017823346212634263,0.0015110460981599407,-0.014627068541869284,-0.029941462492488868,-0.006047741697914694,-0.003239106534614546,-0.0073845905880578246,-0.004172165154041493
0.0051646033576152155,0.000842574244811385,-0.0007779427107420643,0.00332706347306811,-0.001249971650771537,-0.002881574193932505,-0.006587612593016886,-0.0019364485152005622,-0.0024709506780661267,0.0009775135326313376,0.0031545024529130885,-0.003931720266736837,0.005649678740921594,0.016121394080491576,-0.0006915248811311568,-0.0007123855436665955,0.006305708241479613,0.007678010797518925
0.0008299452748368039,-0.0010766264228716277,-0.00022602204723517192,-0.004727950711585404,-0.03815648048813366,-0.009855273527937962,0.0008390898980046933,2.304965463965428e-05,0.0001847507173638726,-0.004807725687543342,0.0034831932577635456,0.0011576820582294483,0.0015975132945284874,0.005121098062156752,0.00550425689355399,-0.020778586117122216,-0.004461275628400836,0.008212348294707697
-0.003325792991488244,-0.0003720079136695237,0.0013364597648743337,-0.012018177392941566,-0.050129941892489545,-0.02245256270642958,-0.0036359882663442385,-0.0012919747990972094,-0.004440200438055145,-0.011134820291046291,0.00305940716413183,-0.004412590387177525,-0.016710499420828816,-0.033208365132206624,-0.0012262288437974577,-0.014249864449383873,-0.007692045762342278,0.0009058908110740338
0.0010634621920319982,1.160997885614657e-05,0.004838555217887319,0.0035760925757665745,0.01268441796279435,0.008393991756131433,0.0001881713411960017,-0.0011720464609602072,0.003241436258959197,0.000769173482888086,0.001671342792482899,0.004322803815625637,0.0037103499211772538,0.0012824703846716936,0.01009681636020622,0.0041932121385257854,-0.0007450342907310602,-0.0007206068955951314
0.007211285612668193,0.0038770163642895725,0.0021438477827496337,0.01294072760182305,0.006099530839215025,9.64928304482336e-05,0.008772171814768958,0.008243207280711932,0.004624347477208895,0.0007941797465030497,0.0006052878790506138,-0.003513144318807433,0.01774608826034111,0.011761514910076275,-0.011063989762654271,0.0006823401796967348,-0.0018471447476811384,-0.0006311273834352232
0.010179830424252589,0.0029998483704705725,0.0020061510435487764,0.0050764706159015125,0.014451249309813952,0.006129132702631307,0.005535078415204597,-0.0015744067940759038,0.005267507906117528,0.0020636567291523367,0.001010875063616594,0.006092375073538933,0.023678930091268518,0.008250074450503287,-0.007230301954840888,-0.007141702163907485,0.0013900097515695915,4.772044613579607e-05
-0.0011879846949483393,0.0012763572491902905,0.0037090851773286925,0.004465772110629459,-0.001986468696957396,-0.000893041961867475,0.009942334149614328,0.0,0.004261299157012558,0.0,0.005513628761258868,0.0,-0.0010809198726484297,0.015525077175672815,-0.004776563095057872,-0.011460188520376464,0.0,-0.0032626520122785684
0.004490663488453089,0.0031182952675731456,0.0024304081181580023,0.012429118817438118,0.009831057201279622,0.008545195801496498,0.00733998539361751,0.005741900957924974,0.0003134482587304603,0.000880915398191085,0.0009358385427721558,-0.0024484308655155487,0.015287526285223979,0.015448983760985274,0.0035140424267216227,0.0012567761542455701,0.00024556503307534015,1.466806017864919e-05
-0.01146371318832233,-0.010685237049177157,-0.010085734808858953,-0.00234270916087281,-0.030434698474013578,-0.012070200907404707,-0.011627453041938171,-0.003310988531978253,-0.002279872128611773,-0.004385842510171707,0.002811410699772168,-0.0018824435979570497,0.0030650280929966907,0.007296820261447979,0.010496196890068364,0.011258560508399131,0.0027423777765624682,0.0068706975762706235
-0.02865235012246879,-0.012340031331043508,0.0017017145580574672,-0.034159080419693684,-0.06882046513960578,-0.024696147699565796,-0.010167537041626196,-0.007198524203352032,-0.01122742622979671,-0.000637026280001161,-0.002772858831809915,-0.017546410284914122,-0.010307396882814183,-0.01941323836817175,-0.023123964486641304,-0.03091885963313934,-0.011413664984107336,-0.01577149872736333
-0.0017497084924435861,0.00043142151679550204,-0.002469461803940376,0.0012637518785623492,-0.0014771525618899523,-0.0019824537560772515,0.00036877421272947053,-0.0035340895101854076,-0.003107849734818732,-0.003248016893809521,0.0009301674807244742,-0.000926903257949763,-0.001774749098959933,-0.004428406472871648,-0.01217950477187189,-0.01255705536661858,-0.0005479353681990197,-0.00655591272546608
-0.012364129320426952,-0.005670375799669099,-0.0025371431818058668,0.019280991056393103,-0.013145311921376126,-0.016303201416038197,-0.009498804142162205,-0.006149122461628365,-0.0023183818282886026,-0.0039110164506340524,0.003346274223764615,0.0022234107843224406,-0.003756909012280631,-0.00973577136744353,0.008884920243220394,0.004042751357698431,-0.0039099607228487735,0.002172589285337083
0.0023190263704452037,-0.0011901767300707483,0.001397256397802972,0.0020907787036435984,0.008271836132875887,0.006909097455445547,-0.0029052868133194972,-0.0016585810464106515,-2.3472457315668476e-05,-0.0009593473099660507,-0.001406386023993718,0.0061734164385159425,0.012694657848678768,-0.001894449220836481,-0.0033607168554857553,-0.009916361206847725,0.002579218962321681,-0.002408405906520524
-0.002565216618589215,-0.002089871430383053,0.0,-0.020415337348628534,-0.041228931821410894,0.0,-0.011735397504223796,-0.0019204454874882655,-0.0031132724794803,-0.016414874914326603,0.002391354865838802,-0.0004828731661717794,-0.022141560151520072,-0.04164457771111146,-0.00614427261125451,-0.0010253517681193464,-0.006212596679949401,-0.004677208272678535
0.005738599845078099,0.0031846037661103664,0.0016645944347457905,0.006126834960072951,0.0036354244609400213,0.002757790787347595,0.002500098079097434,-0.004071030886810238,0.0035120499124466713,0.001272634648858763,0.005020060462375899,-0.0012623567928718383,0.018304040826581065,-0.00021642129303741246,-0.0156318058683731,-0.009137174211715577,0.0010875425531013628,-0.00288035274091928
0.0059823837583486885,0.0043635137350085205,0.0035463949571870987,-0.005487396595838444,0.00986196623659708,0.006845535783754263,0.0035274263998913897,0.003455077029916599,0.003173663781368854,0.0008456697835153304,-0.001080891471362458,-0.015125108186044183,0.0071504828220799975,0.0016733083653609894,0.012050754551363937,0.010099223435442607,0.0007945984974622359,0.007845957262359267
-0.014393908660880835,-0.006894224750180067,-0.0005558235321624894,-0.028509235271361035,-0.053436964721630946,-0.02014920506589614,-0.015045228763739864,-0.0036631797304816,-0.003111475446587419,0.0028138322777252946,0.002129320447456508,-0.002367256294022099,-0.0070069900386712436,0.003976362645252441,0.009065884218353311,0.003790371584189542,0.0013890202574438448,-0.0013636125949543776
-0.012078670701441988,-0.006611867867160207,0.00024933135262027205,-0.002279590457761687,-0.024141167430825256,-0.005148973063510698,-0.01503382998154937,-0.001584196882465332,-0.003006785179450739,0.0006302868263702487,0.0029010502382941037,-0.002686207211510639,-0.0022676980216812205,0.014623003321661084,0.016187346189410538,0.013376608591421969,-0.0007510622087958494,0.0073845028547368866
-0.002511644955041136,0.001831137545640432,-0.0005575925986824041,0.003285279418414817,-0.0018888271414765504,-0.0007473885969700716,0.006999168692882702,-0.0011366070759098387,-0.001140339527872255,-0.0007459398086206639,-5.3274689040762156e-05,0.0003969222038270056,-0.003741722043284386,-0.005279782157157004,-0.019422567099661742,-0.011003057748560417,-0.0029506120396775638,-0.006560358360374649
-0.0014314061132452561,0.0011179115096949677,0.003990293649408541,0.009456461077562203,0.01756640902435472,0.014789748408262993,-0.009231062545287915,0.0021418781190391716,0.0014829855810820317,0.006753663174251707,0.0019592425627106055,0.007406972327597605,-0.001866414071239212,0.0025930298557705054,0.014661416540140169,-0.002819053470274461,0.0022390323921783113,0.0007253815084374282
0.002048349179923749,0.0016689729284128428,0.0004800158277515396,-0.005684403990824446,-0.008083649502118347,-0.011795573833507916,0.003211997451159076,0.0017982272538598278,0.0025206880004146593,0.0005051769727297443,0.0008041859855670218,0.0023160185857082983,0.003625057272294072,0.00849678293133269,0.010990946043211264,0.006017401491475174,-0.004665942362329075,0.004776351292567416
0.0,0.00026458042375054934,7.296715949683845e-05,-0.0008857089015816709,0.00045724063057926245,-0.0006651969025416707,-0.011564677655575032,-0.003598723881289601,0.0006144226067216029,-0.013386833548259517,-0.0032995617359290225,0.0031821348038291192,-0.0065534043909126006,0.0,0.005891972034272235,0.0064730872736043915,-0.0026778871184762803,0.006107872843490583
-0.0008737067465880708,-0.003935518912270671,-0.01640791393933523,-0.004183553310105842,0.004442079756579641,-0.0009192113030573216,-0.0086136817533228,-0.003955400519617651,-0.0028475512997915967,0.0034834313428196194,0.003985181789356938,0.002636803162947697,-0.018875852636937463,-0.03221482695907977,-0.005353211742588783,-0.005062779665102764,-0.0051207255863621095,-0.0018237211874435055
-0.011345753209579099,-0.010410209487263872,-0.011661485839136445,0.006750392883847817,-0.017876252411628782,-0.014350761477757495,-0.013084026543197385,-0.00795309628413238,-0.004663808466637422,-0.008108948955600138,-0.006345927472289791,-0.0041572420328278665,-0.012925118909817724,-0.02510221774902418,0.0,-0.0009285453431661788,-0.0045528599891293325,0.0015715942291427698
0.0003842467169889098,0.00016768127394268712,0.005716868536392005,0.00585296980282869,0.0010772656264450271,-0.00011559787490960625,0.0038818209383586714,-0.0008623464054897244,0.0031609013987905672,0.004281211162486636,0.00035748563224538777,0.004397971335593716,-0.012340965524282143,-0.029432574119723116,-0.007012447168536027,0.008496967301844228,-0.007666710726638628,-0.005083450532371785
-0.009929311274719698,-0.01051519636308015,-0.01064714554897338,-0.014834823175702823,-0.03794774197387111,-0.011422623712127353,-0.008750110245288689,-0.004606346847204469,-0.004712165898080699,-0.004683635269180029,0.00296045053036878,0.0,-0.009394416703830403,0.007422743896385119,0.013845842724908183,0.005330214934935199,0.001872351082902579,0.004846296271550213
-0.00019043321930647592,-0.001870532016670908,0.0,0.003847962196613993,0.00770963144043555,0.005576667975099503,0.003125129077724458,0.0015957214538923346,0.001483434653772339,0.0006679000620221306,0.0015716344255383246,0.005306715446909157,0.0126553038361976,0.0019179108819907928,-0.0035535315693684343,0.0014752613341089415,-0.002034546852872389,-0.0004908797932151043
-0.002646679300695186,-0.0005932372267935328,-0.00053978295807926,0.00864899093116466,0.00040377109056838383,0.002716799126293458,-0.005203184419301907,-0.0030675168717569467,-0.0036879304609253724,-0.0020241941702062297,-8.154100309581944e-05,-0.0046910126377410905,-0.006761028539116514,-0.004139088425880156,0.009844261957586371,-0.0003920886804609359,-0.008677915955041485,-0.0012324079253370965
0.005600895461016328,0.002440456457229476,0.0037290104112788457,0.007217497347571754,0.002207509115072188,0.0018266837481362597,0.0008683906158931009,-0.0012353746110789735,0.0029535984921973198,0.0007391101119510593,0.0031944597252782396,0.0037755583617309577,0.018531412255709145,0.00151988676834873,-0.01093418636452997,-0.006865333094212825,0.0008812376252947503,-0.004168147407271318
-0.0021190226140024335,0.0006539450651281516,0.0012749789405857121,0.0005235294700649031,-0.0014729690685122735,0.0012448591867343034,0.007616106452456244,0.0018700078953957765,-0.0008759181675273864,0.001905206700738788,0.004318232546727262,-0.006020750094759496,-0.0005373780534907584,0.01735375666710679,-0.006256324244437954,-0.009869497533472387,-0.0015555126157615411,-0.00438958144030102
0.0005665676066575243,-0.0012221216987493811,-0.003812526196659421,0.0008826622623675644,0.001983197341997737,-0.00106023158455586,0.003012822773258374,0.000979253279339623,-0.0003494363155493258,0.007508574764127001,-0.002310150694940411,0.0032170957512949482,0.0,0.01748629018740885,-0.005504159773455902,-0.007176228390605186,0.0010387088169148233,-0.0028892225600370934
-0.00023075446779743163,-0.0002227006732784151,0.0005972049550479182,0.005576873337365414,0.0006589339351726477,-0.0008176420866792196,0.005462029534996413,-0.0006253846712508198,0.003833498532187775,0.0013020110594331364,-0.002486281030436569,-0.01693329055147157,0.014807695304288637,-0.0005767806344292747,-0.016151983667667232,-0.0021059074131514234,-0.0018120497433432498,-0.003761660460520802
-0.0012520384783653235,-0.004282476533107972,-0.0030219095857358796,0.0070433513509720585,-0.00047796874603568944,-0.0031463069440436243,-0.0006911748672281262,-0.003485533143991874,-0.00026219137126469986,0.0,0.00205124638994446,-0.0078102076342983365,-0.013089511256301827,-0.0015122903265480543,0.008707783503258801,-0.03303950435222225,-0.006222885524799266,0.0014349439789302712
0.0022525801286705734,0.001428618638823346,0.0036504294339948554,0.007214302095284346,0.004956116107371146,-0.003942762696284677,-0.0037754368173644956,0.0006369252850052718,-0.0012560094646484378,-0.0010475970308715624,0.005670187973363135,-0.004791160232550765,-0.0017048621589159196,0.0012926754693396271,0.014504577423476073,-0.004021286747454391,-0.011142093298383006,-0.003092263787598642
0.0011362889343962024,0.003082004008022446,0.006095983781746778,0.013443624708819327,0.007559600096363912,0.007895911795564793,0.006749218947801956,0.0005219864158052073,0.004982944643109681,-0.0009036167110919393,-0.0005895857289078529,0.0029726061927683586,0.00017003951540136457,0.0016665996001433221,0.010350364740992872,0.020933418528525854,0.00027769017182531085,0.005606894559697734
-0.00027693108937578586,0.004137600133868116,0.0032894523630972445,-0.03895768357148881,-0.05090476622498844,-0.008994442285646288,-0.002287851040494041,-0.0016775074237057107,-0.0005824106409345548,0.004039529559767443,0.00043334100805727594,-0.005798409226035116,-0.019798618747081772,-0.015197200183791008,-0.012248834904247247,0.0026174257159939027,0.0033133412135716135,0.00041146694437871334
0.0018456186116121347,0.0013926034699468818,0.004798527763344275,-0.0023823128809357568,0.0031547275524706478,0.00751291557590498,0.0062425522590114435,-0.0003077553075967017,0.004706948258905803,0.0003586626629093915,0.0014686727274237261,0.008317543219363023,-0.004145639027793175,-0.0034113264239513477,0.015155666587343835,0.0025603740936894215,-0.0020335987083512684,0.0008999456609507447
-0.0003524542515918996,-0.0012592003093711993,0.004166915420402812,0.00786988730696406,0.0032789369080048095,0.007563080079627898,0.006764301586270356,-0.003224280243553012,0.00013696826191151194,-0.001745203189394901,-0.0018670855834612185,0.0032745080335738414,-0.006275907312456913,0.00142589351058551,0.014826859737721533,0.0020181368275456546,-0.004146064677195744,-0.002589678516381401
0.005272261461954791,0.004450820968860157,0.004368292083001779,-0.004073555234966035,0.006550150933369138,0.005330255180975611,0.006746691141699539,0.0030196026472109694,0.0012974980676045882,-0.01121195628168739,0.0009402018204655645,0.0005606287462291185,-0.01356453096902182,-0.01125752882704678,-0.0008059453094085168,0.0019019503019282202,-0.0020955296783905556,-0.005254689337773789
-0.0017419457438410963,-0.0008092990001454887,-0.0005623030632851642,0.004172076274439113,0.00047942982421827823,0.0009313419694928173,-0.0061487005732478,-0.0017725845346814142,0.0,-0.02071997860241545,-0.0013296639678083977,0.0008782751146348863,0.0,0.012384580486857946,-0.009040847291187865,-0.011037804634994037,-0.002912314275082336,-0.004447220512889906
-0.01046673463521702,0.0009295206487340885,0.00022858434594223072,0.009114603619503758,0.018634235544781448,0.012731810090677502,-0.011964691172582939,-0.001848742941608226,-0.00380655177719984,0.0027210512871406866,-0.002303303415869863,0.007758533656036499,-0.003955493509310217,0.0031903427456956915,0.015896399040676176,-0.006172519152879386,-0.0010946833086640391,-0.0015377682097207912
0.0010361695971405982,-0.00023015682425088342,0.00435954409000771,0.003912154012579092,0.007098120392228418,0.004238235487683672,-0.0016093977422006976,0.0010325003501929187,0.0010297630543966907,-0.007614029731203348,0.0023769710747304296,0.004696270543303438,0.0030486003091166084,0.0007422629969484426,-0.004428579894547387,0.006330816310081313,0.0015661003054075922,-0.00038407844485440976
0.0003267378810288928,-0.0018058464673639562,-0.0007353832212479861,0.0044413090462370715,0.0032866109463738327,0.0012732430630969167,0.006007505443453346,-0.002728891818416842,-0.000519523910435704,-0.0008664387978323525,0.0005470017828700915,0.005482991821103617,0.017060658465766224,0.0007238293383186774,-0.01602528543893312,-0.00012022714113799096,8.6253600361872e-05,-0.004110974744880452
0.0,0.0003227980960814308,0.003073971953536953,-0.006472401154694347,0.0022790051237054,0.006128159013764248,-0.0019274075537653588,-0.0022132349043798884,-0.0017871393109308133,0.00232764094553984,-0.0012194854158347592,0.001129849261764787,-0.017665391030816564,-0.028223674072358932,-0.0064007965145044,0.00473093629749484,-0.007349759765493696,-0.000977746376515154
-0.0005583727093054787,-0.0004741667189378877,0.003554420479869106,0.009941958744094453,0.002658364395180801,0.0029694003659423538,0.0010110041989158116,-0.0061592016579924405,0.0019939442156635618,0.0010816665051610066,0.0027817618396215426,-0.012623278403524948,-0.0015705089673058363,0.0026555286964101876,0.014923992505241786,0.006132298746488171,-0.006389173203552671,0.00602969176928983
-0.003453698955037933,-0.004636512129275339,-0.0022129867763227705,-0.011637655415941932,0.00048375522443987965,0.0036610953900875496,-0.0065656717957809346,-0.0033745210319452105,-0.0035306373328245944,0.002573527477610239,0.001373454241938877,0.005184345591129827,-0.009041602511681634,-0.011691441471542323,-0.0036742646422955566,0.001463650956168217,-0.007980714385401006,-0.0003187445367891367
-0.005840766860336717,-0.008556569346064156,-0.004392385559721809,-0.006190960160417904,-0.003825172699176539,0.001317174923002542,-0.0023333576595290216,-0.0010442878619950045,-0.005946228589291681,-0.013244118901517875,-0.004740487024012222,0.0010596583379623246,-0.01496190002061697,-0.03332101294845262,-0.009262705189953412,-0.0341105687947805,-0.009847719170754032,-0.01812359113333198
0.008049154378509235,0.0035120009058065725,0.0024609240383690664,0.004470758477826571,7.232411186803231e-05,-0.0005621727270434535,0.00776161762802368,-0.002679774645239106,-0.004104550380015754,0.004978625681352566,0.004281091620360287,-0.005335985964625761,0.01963149704112087,0.00594075000234324,-0.009920648545413132,-0.0032298191222903203,0.0016004907426681767,-0.004061664349297195
-0.00037562545264684897,0.0010196289367097244,-0.006299627526225027,0.004229659986365457,-0.014065199996337742,-0.014867886388887513,0.0013070677779625118,0.006126266403730348,-0.0048427745826488105,0.0031781139927089933,-0.0037299312789747657,0.0019868711867301997,-0.017692847536651058,0.005034930069604093,-0.006449457184314009,-0.011572354931739432,-0.007268827351089888,0.0024965713636331127
-0.005263060537970448,-0.00324506747396962,-0.012949759852611663,-0.004445711313337555,-0.0043399719800329304,-0.002635365091419998,-0.000984224309460455,0.0013077192219138533,-0.004386733774702885,-0.0013443737996092346,-0.008853317492636788,-0.003645771937727833,-0.014675318581317431,-0.003570828803491717,0.004990818007650752,-0.04140868385801264,-0.011828132638195047,0.0012890287618817775
0.0035348084568907145,-0.0008590910277979748,0.0,0.0018134422389738559,-0.003019137967427126,0.0007469176790381784,0.0037942749649756955,-0.001369842394088195,0.0015482411750480894,0.0055256884279521875,-0.003811226362711297,0.0,0.001571699242760277,0.019080391785242082,-0.004146818085722057,-0.008254524207134474,0.0011572614234867994,-0.0033431146121713565
0.005697286825155012,0.0024969761558680573,0.00018722142382710102,0.004579543329746058,0.005078251154311078,0.004215277012498618,0.004601680443610317,-0.0026719555372983,0.004099925228313861,0.0015231025347572126,0.0031423429119611045,-0.0035845559859559893,0.022057428475004633,0.0036952773231064408,-0.012081714435020789,-0.008525477560456204,0.0035979648129114226,-0.0015320800863853207
0.005728629663614842,0.00045712206506308666,0.0005905009516432485,0.00393701258610407,-0.0012968449220697043,-0.0004550235259938629,0.004935080781424536,-0.003232326766888419,0.002719619883432717,0.007736215631972262,-0.0016259270594153458,0.002244498470742863,0.0056229476330354475,0.01844362211067135,-0.0052663193311076285,-0.006511705330125711,0.005147363745292105,0.006943544015875838
-0.0010201194736873106,-0.000729882545497366,0.002121267346203153,-0.00574271042144567,-0.0016565724850114139,0.001613797874042149,0.004706320108274808,-0.002490087838193438,-0.00029048800694930917,-0.0013465120398358447,0.004054836875801354,0.0005161848219631855,-0.004133751313893479,0.010543854961504479,-0.00778417121519026,-0.00854429440023142,-0.0016765704951023012,-0.004811607187830956
-0.0032381626449444153,-0.0006120088134988959,-0.00015163917685581034,0.01019876355867699,0.009673139809898666,0.01160561539032086,-0.008908792464021847,-0.0037316904357151586,-0.004093504302540407,0.0027506965720599085,0.003068064388748935,0.0040697096946012605,-0.01317943258011883,-0.01863972931738052,-0.0021653596376865133,0.0047566961982754095,-0.0027089519021831574,0.0011743860952321203
-0.0010717326086243921,-0.002063524397475439,-0.017111397866715165,0.00907336379553738,-0.0015532308190532175,0.0018179073085205256,0.0,0.004084620339150949,-0.000190015058333024,-0.005761947874324232,-0.005673579818189032,0.00793372010022238,-0.007902531931157407,-0.0016737266566336883,-0.0053023663289838655,-0.050158775081421636,-0.00978073201833109,-0.004486506183822694
0.007243764268436843,0.0020903402794302155,0.0021811552586699858,-0.0028354933856573976,0.004683995162010885,-0.0042134817637711885,-0.008427882650801617,-0.004411633247566625,0.003925648909628943,-0.001628017627749101,-9.646493935366685e-05,0.000999768521949988,0.022666063439834776,0.004472743516887773,-0.009416965812454565,-0.005321947895354487,0.001278421863723757,-0.0016093454551732844
0.004914189056569944,0.0016831102214614512,0.0014193146440541753,0.00727774709762274,0.001035944378303066,0.0014609716282368717,0.002228796178723957,-0.0020395192201259774,0.004130971318587358,-0.005905663843366299,0.00022912874806022376,-0.005041175808200729,0.019473760472882327,-0.0059877709949445615,-0.021882283798083026,-0.0006307846483307221,0.0008566095339707843,-0.0027166134682992614
-0.0021348743763726953,0.001538929658385885,0.0030221785071538987,0.007429905006931182,0.007923687760709801,0.008459130599277045,-0.004041595893386809,0.00020039299840408846,-0.0005704255067517347,-0.00520512443508457,0.0010724793156859016,-0.0029831665999274105,-0.005921817169242735,0.008418825938503781,0.015894657542566793,8.570826714184771e-06,0.007172134309552572,0.0012120997895243846
0.005896762487958237,0.0010062472570442882,0.0052199851408062225,0.004110181403471082,-0.002694735402081075,-0.001781865500091356,-0.00968396821948973,-0.0017861194342693146,0.002716266464791605,-0.014299396966631486,0.0008509914636576332,0.002223408256594393,0.015555489221762128,0.0015968110538943049,-0.012202256571162997,-0.008382278495022535,0.0002930641767976938,-0.002129966723674664
-0.000382707412931236,0.0019983406087904464,0.0013648858890892633,-0.013118749530562758,0.005822394342978484,0.007757926300820863,-0.004079302852797117,-0.0017582172481360795,-0.001708254965602678,0.0023852245063956793,0.0013904156392515908,0.006439327716471031,-0.012077130654891422,-0.024397486230841946,-0.004539938552956665,0.009311446519568082,-0.006951770157973358,0.00223873409571642
0.0038654488348440724,-0.00014142747385079252,-0.0007745733490586446,0.005523722565919514,0.003359390584115244,0.0013756094661279646,-0.0031251119622200817,-0.0015512083985843239,0.0031515262123443296,0.0022639224292232986,0.0001369472857361453,0.004296338322295096,0.003879541425578246,0.020836892772847913,-0.007184439004337889,-0.0035780482807248335,0.005041025262743733,0.007287790678022071
-0.011461358031503053,-0.006467641165745534,-0.007511857666295211,0.006529577232826389,-0.015042575704898283,-0.010976928349835281,-0.011518852595459126,-0.00220550941481381,-0.0019044369899342054,0.003097147020726573,0.001315822799505604,-0.0021211472271485884,0.0030705360664562776,0.0035047877508017915,0.009789452756381666,0.013400356329333297,0.0016810064949277124,0.00933312010169798
0.0030376387047727172,0.004243933307005881,0.004207580515169533,-0.005494537633548875,0.005994069187165771,0.0038725951806547593,0.0063230774653958155,0.005400804197673254,0.002155284000001849,-0.00398950582208693,-0.0001534684790495503,-0.00040460073146120077,-0.0009712271698380072,0.0016090006539593567,0.014732921744196457,0.0093481651684663,0.0032994164869027142,0.00927947340909531
-0.0005787244261243298,0.0007630365465384887,-0.0006398418843816721,0.005685816446770308,0.006712860110171935,0.003734850891745753,0.006867755471115417,0.003780056432600188,0.0028851503438020744,0.0,0.0015767737350714133,0.0033346008413251906,0.01251268215323313,0.0015680201532355421,-0.019384989318509918,0.002368634479395095,-0.0033309322829568,0.0006986599937807425
0.008422827237734793,0.0034317393032390177,0.002179940328818335,0.006162761971470581,0.0011536319879989422,-0.0015259937651439877,0.0010035741000017713,-0.0012348806748048496,0.004838760311594253,0.0019336367533189312,0.0005718517453787721,0.008176798629364325,0.016881149853382352,-0.002127196026258111,-0.013372565993039187,-0.0034892246600711227,0.002342731755182224,-0.002585273378369432
-0.0027994579157913915,-0.0014880506861045207,0.00047989493280950105,0.0017394251506320526,-0.004198576941014171,-0.0023906011801201592,0.0062911355726970285,0.0018965361385155398,-0.0018952973586609317,0.0026072765476529993,-0.005849454134370887,0.0007640107102235764,0.006741446724886036,-0.0005233084835270413,-0.013307071400724528,-0.01083421746032852,-0.0020196393547932436,-0.006196290931211008
0.003158731849182164,0.0017479999418722539,0.0009253779501652075,0.006545355902212978,0.012780545604768594,0.009192468256100844,0.00134839096628773,0.0008384964483137551,0.002242143503770545,0.0025294102497612513,0.0,0.008935403991563612,0.019119410797414103,0.0018143634458842024,-0.007057198871331921,-0.0031001689105220674,0.006200353490438673,-0.003887733128733112
-0.0006015479985266725,-0.0006612882378458222,0.0034301543128010883,0.005314896237622374,0.006944686930100261,0.0,0.003737200276785302,-0.001646862795476817,0.0019280491463889715,-0.002022043237094128,0.0010181820698805845,-0.0020701576243367823,0.01650301088421475,0.0,-0.011518615347112782,0.000921320858052396,-0.003656867207422698,0.0015684078701472016
0.004826891201790063,0.001361592748259573,0.0009113895190491497,0.0019450130959508308,-0.004842476795441539,-0.002865495167769131,-0.004547297658060599,-0.0019935300948035655,-0.003095961937097789,0.0059070264772120235,0.00469150580197167,-0.005881093210018562,0.013249681512610877,-0.002018282475587925,-0.011037306996730497,-0.008933650472653636,-0.0007915663865593662,-0.006527331270947158
0.0003952435270154198,0.0014026938503390132,0.0026363805252345826,-0.006429861865395204,-0.037576707885366864,-0.0186331570410364,0.0026761991346719895,0.0010245905178491875,0.003189919554827969,-0.006980757872825233,0.008148534106642302,-0.00375992751530151,-0.00703933176227139,-0.0016977058200641105,0.00023382707400880425,-0.0023961824832436462,-0.0037220119337548923,0.0033968855504590556
0.0012205138998707505,0.0029315535702354963,0.002164173919933733,0.002339819601272837,0.005670045356352894,0.00893079843501171,0.006914133034027263,0.004971616074768777,-0.0035479496695229847,0.0010287912135056143,-0.0045986427367770075,-0.0069335593318788045,-0.006504054596025043,-0.010788543772682372,0.0057455416447123025,0.008460117415925629,-0.004242611743802987,0.0032159649792174692
-0.009615249427505102,-0.009771279659856753,-0.001132790023243595,-0.016773619766870047,-0.03880355872356903,-0.022328919581290217,-0.008903176726671179,-0.004003531540408502,-0.0025906978639284365,0.0017618344167025489,0.00286189996671831,-0.004042020724201615,-0.005047152128446359,0.004343679958455913,0.011628215580277724,0.005422324547671063,0.003554078569007413,0.0
0.0,-0.0002004928258753344,0.003823611963302309,0.010462493139931191,-0.010322565294160016,0.0022638936761402526,0.006568638317087782,-0.005731794887921024,0.00019299134424388394,0.0012695634509732785,-0.000739819656028401,-0.010545963121835117,-0.012780499297155655,-0.007580708102156159,-0.012893083157499902,-0.0008860810588613609,-0.003565732541545189,-0.00557088483859948
-0.004193706325424071,-0.0005874303470235796,0.0017935629846843294,-0.004212723080236493,0.001993278864758738,-0.007868849983623425,-0.011285576149481872,-0.00025869370214479917,-0.004533976458716883,-0.005640228698021432,0.002107134892436496,0.0041678758330770446,-0.004477157152068539,0.0019437724620999881,0.004926169438572506,0.0004915213914317569,0.0006520507808633128,0.0007253763541745159
0.004598914284617905,0.003979747090501168,0.001731943234607473,0.009390240554962029,0.011472367818011862,0.007521895964057916,0.005048165438185656,0.0,0.004327971889933812,-0.0026992422386370924,0.0015896306377989591,-0.00695845716421244,0.013113275093229305,-0.00011500931633766462,-0.0015501765085340529,0.00390847981129289,-0.00035150619827037133,0.0013901118003566137
-0.006678159076012522,0.0005758187325970712,0.0032738252387718206,0.0077356907295077675,0.012926758254134165,0.012502895080918291,-0.008498144589594818,0.0018768026560715542,0.0,0.0054037682561393924,0.0011660725000188607,0.00393734570873291,-0.00238064366662901,0.005858184569140161,0.007700314915194886,-0.007441805682178118,0.00376247512078706,-0.001782509122181121
0.0046186558782773165,0.001179574188574522,0.0018927332306457384,0.0076425975157673335,0.0040360871262385654,0.0033985139453254144,-0.0012028484392926316,-0.0026449155981059977,0.0046512268941658495,0.0012542868702245975,-0.0012227077799907417,0.0029239917765759922,0.020821450009636113,0.002523531246289046,-0.00901775536914589,-0.00576447075872953,0.004576163410828311,-0.002845412487427715
0.001004963020895448,0.0016195020167736412,0.002240864566763119,0.0037606305420047424,0.009529893166256465,0.005549153306203884,0.007305650295786711,-0.005308505998516171,0.0019702075091013404,0.002047040373925825,0.000605017463420654,0.00824128324435898,0.00211046914202322,0.004772574015806596,0.016178365260862398,0.0052161700927829775,-0.0011021181018661544,0.000747526462654538
0.008650729999191132,0.002245903059290013,0.0001927429569620378,0.007979882876715649,0.0032656935858885114,-0.01442521671152933,0.011742627256011724,0.0030248830454114497,0.0003226523340407414,-0.005018391993394926,-0.0039077063365899395,-0.002138563173393045,-0.001972086113909595,0.002431841973337041,0.008424458858259301,0.015840406413858935,0.0006373392032075561,0.008023012369580113
0.00400444331333962,0.002086802417625242,0.001507799052222846,7.948582141333706e-05,0.005547723139441831,-0.00040871979914680037,-0.0007719152686793733,-0.0019356933625123808,0.002937752001981224,-0.0004193424099528104,0.0018146278224823126,0.0062979637322244,0.015292553926311968,-0.00029248716154548025,-0.002224319857321506,-0.00419708039108693,0.0025629527283440798,-0.0034796999860614436
0.00047603651746388906,0.0034434417261523954,0.0055782211705328495,0.0031536580160701805,-0.0011295061895218862,-0.009972235512184468,0.004160684399873961,0.009237349029620463,0.0007751356064629322,-0.0060077698234698015,0.004247155605739043,0.0037452193405378546,-0.00476883415006984,-0.002833715019701112,0.01684511522802266,0.011901532576594962,-0.0029814578171858874,0.008509633394618542
-0.0002778229113196433,0.0,0.0026143489884653524,0.0036209190333128046,-0.0025945190604767716,-0.0026041864548466344,0.004822216026938795,-0.0014366355677651486,0.0002300500436281417,-0.003923364508339287,0.0033664683455226978,0.0015968256852559406,0.012020177559282278,-0.000751116537596009,-0.01216170248823471,-0.008542248244907003,0.0012549601644848063,-0.0016446440668847649
0.0,0.0008652065345145562,0.0010467315601984995,-0.0013340960470826968,-0.0009949612821157274,0.00013852897443956586,0.0016734478422784057,0.0037719885092866038,0.0022380701776715346,-0.0005892654038050595,0.00023087459815675568,-0.0030026489815240076,0.016463977776948822,0.0015923577883676363,-0.021485704922777186,-0.0009185764877532344,0.000718413608467198,-0.0006155565292135409
-0.0017233382820277326,0.0015242087219107076,0.004020283854693192,0.011357121379536664,0.021726398191684926,0.015420078937904992,-0.008381421142225417,0.0005575883800745577,0.0,0.0011172252668181684,0.0,0.00819698605439872,0.01240730372742301,0.003553135196325893,0.0008415947124351673,0.0018558724080876045,0.007335572621265809,0.013381569940754387
-0.029431892907122576,-0.020804384817643636,-0.010591045622769968,-0.053125418705860766,-0.06797353558777418,-0.01864280669604528,-0.023799052031387522,-0.012877642581460135,-0.013762598542900895,-0.005827073242632763,-0.0024800226150373,-0.014337667964206916,-0.02348281654876279,-0.01742049142406855,-0.024268658634343892,-0.03151198785745828,-0.015405664865644248,-0.020389455868911444
-0.009944982334937534,-0.010242368279714977,-0.008780267530996531,-0.016465643296070406,-0.04061692746309601,-0.020811637914320745,-0.01415758272605347,-0.005481242544828171,-0.005145527343626492,-0.0041581001295367265,0.0021131859052151273,-0.005189797103069427,-0.002528274212427878,0.008395969419193969,0.007869320965901053,0.0024019837636584536,0.0,-0.0011098674767364008
0.0037376240076623206,-0.004378271261851091,-0.006703498984951743,0.0062065475761439,-0.03968907760641217,-0.013353518435174601,0.0026404715745386156,0.00939515201864621,0.0007952349576942345,-0.0061026680642833776,-0.013153775897228088,-0.004178420827316435,-0.009435223829219094,-0.006022624428768134,-0.015740217264641938,0.010359586384332622,-0.0037788209498235384,0.005415894533851537
-0.0014265652801836192,0.0008167341644815364,0.0017426765656136313,-0.0014072887580969633,0.0037225192041895026,-0.004230754970883872,-0.007318772247798329,0.0010406116785316374,-0.0013563503058930486,-0.0005269827564505963,0.0009659991349842398,0.002340454090222977,-0.0019620870990173437,0.005926749333515239,0.006720031077640184,-0.0004453218831716845,0.005860393453334661,0.0012441023046937255
0.0018187638814278876,0.0011959432820449975,0.0011034653910125842,-0.009562918131417008,0.008506826906071982,0.007190290541707164,0.008215915891884609,0.0029006015373617706,-0.0010874155343552638,0.0,0.001034994087379986,0.0,-0.004453087504572325,-0.006380065855060353,0.011273120496569396,0.011453423421199947,-0.0034498957548208266,0.0005554209506344332
-0.006693628931669639,-0.003056756206395074,-0.012767794127916936,-0.018391380205916873,-0.024348740211778824,0.0023026146084919184,-0.014688831785111564,-0.0038630023422921217,-0.005197730523716461,-0.009765587484505409,0.0012027892351225082,-0.004002222507432089,-0.023158099153141563,-0.04749276514632271,-0.009506608063198712,-0.0068014775811429395,-0.007862325737921859,-0.00554237252186543
0.007130722634193958,0.004885710259117058,0.00262874688878328,0.0018064140847797753,0.003409290942588214,-0.0006794606861536596,0.009730325373279078,0.008059647419559827,-0.00487072429299261,-0.001584963884742546,0.005600292236554715,-0.004725660052950735,-0.0013822204605260255,0.00030759418921303083,0.005654919185332694,0.012727745878787323,-0.0023496313539786836,0.0033749568659687673
-0.0031788077215716645,-0.0025165802478002287,-0.007877023854640985,-0.015016405179121117,-0.020895083180320174,-0.008250593363657143,-0.011870575156383109,-0.0044420395923005325,-0.006292692172764065,-0.010088594168297126,-0.0024998154322161893,-0.0043233940415977916,-0.021043930358312424,-0.032044630229967036,-0.00828211482336914,-0.0035834982119048128,-0.00822769764141921,-0.006635706190604107
0.003290875863486237,0.00565058955279762,0.005057288119732868,0.015186685569220567,0.002566910801909312,0.0015490396224507538,-0.0026653155154942334,-0.0020025302180840267,0.0031936303361708956,0.006820255512791494,0.0019224091342234994,-0.0013853648387756425,-0.0026367062487906512,0.0,0.013697660524531068,0.012560742755079938,-0.0005034793079821988,0.007498558024179647
0.0015992262853689054,0.0008901810037629884,-0.0035109741856260385,-0.007616430720488687,-0.024602065706324016,-0.007219395668057174,0.0038124584680513237,0.0060665322768240345,-0.004406160717654557,0.0022487090155139658,-0.006373065880291778,-0.006712019351270779,-0.014729556830125447,-0.0022104686505458443,0.0020040076116286626,-0.01001548015841121,-0.004762698870414501,0.0014540911095572012
-0.002611020697929582,-0.0013498238443500849,-0.0007506663166025195,-0.007437050213195482,-0.0023748022817507803,-0.001880738213358807,0.0015723493769627958,-0.0024997218739139966,-0.0011284928658658313,-0.004985003229201939,0.00047743539579881827,0.002402813246169036,-0.016108805973814453,-0.0049226150500984835,-0.006222338123597185,-0.03081764259392788,-0.009734310621144736,0.0028557635413771487
0.007505232774136523,0.003276905374140037,0.00922396120594408,0.012753207579221257,0.01787792796315103,-0.0017660333265753162,0.0072387072050380434,0.0013231385718979576,0.006827849215143664,-0.0005670654123044467,0.003654442598028792,0.0,0.013413456290067073,0.015712228590405712,0.0031905390415905206,-0.004634749189870759,0.0030437173574157103,0.0014587655665194155
0.0002453521664555506,-0.0009385061921380818,0.002065344704178943,-0.006428022183783969,0.006739086617528829,0.006586879685202794,0.00787619501101086,-0.0006885670681256053,0.004778345188829818,0.006002664344767819,0.004222307697055193,0.0013554422510896405,-0.007470226358480384,0.0025286086716655937,0.0008043066675562801,0.002444613345066548,-0.0030492950263444267,0.0014109360615698757
0.00028053478182723076,0.0007713683782401348,0.001117687747412075,0.004586947465202533,0.00983893121622121,0.005009780572338115,0.006105589933223112,-0.0017089414470753829,0.006073575149762298,0.0021163658821716316,0.0009520542743843206,0.008955131110474199,0.016709909248791493,0.001333955615149887,0.00025653766844627927,0.0035856589735466307,0.005536381121807213,0.0021704901589669062
0.0027959296867214036,0.0012697045181985123,0.004393120073817601,-0.010984054277354285,0.003993842512675433,0.0030914268092991463,0.007888297972123808,0.00516600813711813,0.0007004151036677078,-0.0032237289697575047,0.001979873845347283,0.00431266830741616,-0.0023939579278659914,-0.0007326854516193515,0.010879224143587636,0.014206001602603205,-0.002822161610101933,0.005596967506487825
0.0019265889195736966,0.002095669750978173,-0.005509376370329705,-0.004023425327441836,-0.036722479675939404,-0.027849163457198425,0.006647341057795504,0.006315493556886334,-0.0045255124031922,-0.0020164018303090257,0.002290042933218142,-0.002643451264534156,-0.0156753762966541,-0.0032881293661538454,0.004783491498525472,0.0009553130695384548,-0.006969131874415829,-0.0011074308255999699
0.006871537617929669,0.0034788620347993206,0.005032719663860209,0.008149788996624207,-0.003084497838134949,-0.006068894216006899,0.006115320946540995,0.00046572206512951746,0.001744050979951104,-0.008602652032998677,0.001351876352496491,0.0031131614524480314,-0.008355610833087352,-0.0012686576092501038,0.0025115048630521475,0.011393976206261225,0.006029861620375256,0.007968542374603024
-7.224791105147026e-05,0.002205802173059128,0.0028823623528896366,0.005920046901591224,0.0064757143828166825,0.008733478035415323,0.008352159785444227,0.005797721426258699,0.0018313838950127102,-0.002800577354113611,0.0002518286709408322,0.0010948658940435462,-0.0026430958312074577,0.0028447416526016993,0.008978030178347435,0.010990237874860162,-0.004218220438873138,0.005595925466446959
-0.006803317295218198,-0.003342827822353953,-0.004127692414569904,-0.008703484981002844,0.002126395714978123,-0.013867793438052679,-0.0015518190540071838,-0.0028786155059582056,0.0,-0.0089630553768862,-0.0027073814575492875,-0.01377487745457787,-0.010702946164774218,-0.005710177984005726,-0.0025893687653146744,-0.03143686900180541,-0.008296793702900878,-0.013931829418215622
0.0030195203024411493,0.004309261478220954,0.0017497922476932346,-0.007794157903955517,0.005197117013271662,0.008275673374348215,0.00718191285613626,0.006501107320927663,0.002772660886560343,0.0008155758891388881,0.002171746843635374,0.0023565056155055867,0.001987647151344445,0.0011880324592218091,0.015353362300555465,0.020657310211183468,0.0008426895579763405,0.011868474667561843
0.003690321373897994,0.0006748589079805401,0.0002339789881724783,0.008719947123272329,0.00428333402872731,0.0,-0.010257625031850716,-0.004280343579135585,-0.004741531776623218,-0.010482725085764777,0.0,-0.01963590467463874,0.014500786744354986,0.0,-0.0020109347180684817,-0.0046296631035452965,0.0016330085178741733,-0.0026301983411336147
0.005741961114743414,0.007959793713424044,0.005064804005622035,0.01534545469315808,0.008588524166499256,0.009444523869724913,0.005432395486131709,0.0010818896045197725,0.0027018536256270486,-0.005397441916063487,-0.0020443526971388746,0.0006125077839349721,-0.0026688931199454276,0.004774828923572386,0.017945244672468507,0.018294024565935475,0.0036717315637762086,0.009325288068521606
0.000487584089705917,-0.0014396807044013684,0.0023446405992152307,0.006806726129181177,0.0052569205631825665,0.0006951105950169431,0.007730172589541252,-0.0008588230497997884,0.0007529299359875689,0.001596699219176986,0.00024109216814423846,-0.002768301270509133,-0.004921061273127388,0.0005425927305830125,0.017170989065070266,0.0010494607431221945,-0.007517518796215698,0.005915800559386203
-0.0033543212898244656,-0.0018402609678471002,-0.0009690883939036349,0.0020596365114359996,-0.0006681800258665298,0.004086834991727603,0.0009954496741174097,-0.004751653810054501,0.0022630304748493127,0.0009125516917205783,-0.002782511207224796,-0.0002890348851529164,-0.006728688649929173,-0.00534595451808708,0.014154672447466593,-0.0012774936968872263,-0.006012585002934011,-0.004299659307165575
0.0049786832969573236,0.005650318274128674,0.004265883026991189,-0.016479777273203332,-0.03004271180959057,-0.005890739245308013,0.0027610661123474494,-0.002038769290223514,-0.002509554464503743,-0.0018935598677850747,-0.0038412544223269513,-0.008123641989993336,-0.014862777404035243,-0.01394088094975928,0.002124596229454475,0.013109548159458142,0.0005964700090368784,0.008331603035741403
-0.0005635254853016973,0.0007037369992084742,0.004745871285313915,-0.0006663575679699309,0.005871545276941303,0.007931792779821025,0.00413248411102838,-0.0010499538401879736,0.002313790496482566,-0.0027199872821963168,-0.001279612332292589,0.005746059529868598,-0.01239277573799267,-0.02708569945519699,-0.0006662329685866588,0.006068288716827224,-0.004042469612063505,-0.0019340882764798534
-0.001992536296813383,-0.003346559017829751,-0.0014044367300625534,-0.006317389244872036,-0.00022740910635291967,-0.000153165688639853,0.004565637163197501,-0.001247537774485263,-0.004104956429247928,0.007043265759962826,-0.00718174160567362,-0.005864195912944824,0.001590231096195918,-0.004056082895826656,-0.017075158769374602,-0.009494597211631076,-0.0014994881047523153,-0.006790825058179198
0.0032739984893041755,0.000719277079759029,-0.003692720081318704,0.006356887685411029,-0.014336467995553218,-0.018316967224999835,0.0033516158379214107,0.0032528321189735886,-0.003264976079611689,-0.0055678181723698515,0.0005519154151390293,0.0015235775071709933,-0.03276015126941769,-0.009499767184232346,0.004127088629856684,-0.005191870077394312,-0.007849759105525636,-0.004975848123739787
0.0046640034926111705,0.0021066825602975635,0.004033030439649813,0.007147625688205351,0.008855791782269414,0.004765691862443967,0.005934122296696221,-0.0016024334362679015,0.0033190019787347207,0.0033002110158763007,-0.0009426928827510032,0.006647753265729823,0.01456703408718975,0.0013267659316938206,-0.0006872773663277903,-0.0022044211186026423,0.0028488006281378563,-0.0019637465533449555
0.00798801312227482,0.005544077276399841,0.004967291475191306,-0.00213216297317345,0.010036094780137948,0.0085918590924409,0.005225374788635048,0.0063687229631208655,0.0019402638768372031,0.0,-0.0035467099724321455,0.0018291843414385413,0.0034858617280196743,0.003689011403243445,0.01540073775564082,0.008395849496815423,0.0030265449875632754,0.00987538866297942
-0.0007079283469895839,0.00026364967725247586,0.003087322412975859,0.002256267798430613,0.0069326057942884845,0.0052353510019324,0.006769558813948044,0.00638484992444065,0.0013091852764856495,0.006195031397620376,0.0018512761829207758,0.008258650482314429,0.012326772257736108,0.003172950716790275,0.00348039959501078,0.0024571492689927964,-0.0011889657017866398,0.0015942173270942078
-0.02531987956693572,-0.014095949848930395,-0.010752248277503831,0.0009209839246525356,0.002914941474480421,-0.0033754388813156248,-0.014356457292544995,-0.006919442619095875,-0.012278377684022061,-0.004551039969082983,-0.003097667477978811,-0.025634720371470448,-0.019959679957743285,-0.014600411952398841,-0.017618570068170327,-0.027269016191532828,-0.011980274584238485,-0.015318339311211515
0.006121154451192075,0.0015694290636502574,0.0012485418967518552,-0.002821261037698412,0.004744603080123089,0.0023874637519650625,0.004626552210356327,0.0,0.004569559883371301,0.0063195338702322496,0.0015872470530023822,0.0049549811225635,0.019964972478706867,0.003938557185161653,-0.012809828837871604,-0.008082455076792939,0.0038731384861006753,-0.0017067770760325618
-0.005624585431236781,-0.0019315004034753515,0.001147885690684284,0.007019599443626703,0.01574442364702766,0.01069730198643755,-0.0084066118044123,-0.002052319821002807,-0.0034370557450840054,0.0009194466640762522,0.0010202363956155452,0.00554633874378411,-0.0011690545045343588,0.001770919526898367,0.01921303983608925,-0.006329139090932954,0.0028755828295632477,-0.002113722018449539
0.0033117012939896597,0.0050608776242032395,0.002552323639118434,0.011244374940349364,0.008148090263560987,0.011317997475965444,0.008462991618616068,0.0049867695467089145,0.0027393740724802125,0.0024584888285062627,0.0,0.0027792491702268735,0.00393783882834503,0.004063255940832056,0.011658379590714167,0.024203611425106134,0.0010400559984824354,0.004465295968848121
0.003963547122656624,-0.0004966993938610848,0.0007826848294302076,0.010401083572499109,0.00900028587663434,0.006922857878943174,-0.01072364628706551,0.00017698480168861595,0.0009975162880285482,-0.007557696263770916,0.0026186196587520924,0.005835129484928506,0.011804935636690179,-0.0026376671468773165,-0.0021923668780483812,-0.010271549313023808,0.002553118853571135,-0.0029698198514606887
0.00817348534172045,0.006062447363089034,0.0011191301402833924,0.005155692612676107,0.005749936578021613,0.0035769725632578413,0.007017028350151738,0.002721907087342146,0.004636860748740864,-0.00519316156299582,-0.0017863744146839318,-0.004055698566546636,0.012017391276000352,0.004786884685352004,-0.002390287715974404,0.018704708131858396,0.0007632925408289422,0.005468891623972363
0.006502140272001145,0.0019761901946864766,0.0009039027704550368,-0.019917795761160425,-0.032332907750135226,-0.011176584048573749,0.008093754870691992,0.007747849839996422,0.0002995730933678833,-0.011720968145419501,-0.004173899270704895,-0.003952761856989754,-0.01652216487284022,-0.0024517159922792142,0.008509535492588548,0.009590330510231644,-0.004304983250864565,0.0014750786367050822
-0.003823683910088951,-0.0026633859498980473,0.0018739049969957956,-0.009013247023238089,-0.00032751930222573843,0.004015529485738544,0.00291078395189428,-0.0025432716492682726,-0.001722370073137522,0.0030072335996768874,0.0002824329955284995,0.0,-0.010355819349845788,0.009383272233742548,-0.008635758275839471,-0.012816242835793834,-0.0014537243740619346,-0.008299116821182992
-0.006955693890193173,-0.0005709874550642126,0.0019199062688642723,0.004009578589852569,0.0055905881233713406,0.0045551893995767374,-0.004062979124714145,-0.0014434407906137325,1.757202740077209e-05,0.0027186535217333047,0.0010196890492818987,0.0035577371146344266,-0.013832586847155878,-0.0186538983349443,-0.0012222893528881786,0.010571249870814937,-0.0019727250321167063,0.0002726615013716408
0.00010896917618505018,0.0,0.002208314171802524,0.006542930477576515,0.010305216150596826,0.008282253923211523,-0.0007702203812990416,0.0,-0.002227647241691557,0.0026448743759165047,0.0007912199681714768,0.006735338263230758,-0.00025592302756332935,0.0008173407521104983,0.01640119468957964,0.0020596086791759257,0.0072888343275679945,0.0
0.008580779971915201,0.0022312078017800974,0.0027598396025294287,0.0028090645671537593,0.005525304739004622,-0.008875063855108539,0.009639564308794082,0.0008457228823633629,0.006684096372454555,0.0015565196543866923,-0.0007579944101475509,0.00534302214453808,0.01737425828539969,0.006026438226068883,-0.007230207099123491,-0.00475113449434824,0.0033407746921819445,-0.001499516895266291
-0.002637854712364064,-0.0026035418989637845,-0.004981139974443914,0.005039715957444224,0.004478366403527584,0.006145448999320814,-0.002443753611719445,-0.0032545912617465028,-0.0052193248376984505,-0.0004088086468838051,-0.004963435941174964,-0.002204741797169086,-0.013273356750374724,-0.002571198490750579,0.0006983850371062826,0.0044866856336067676,-0.009872328242015805,-0.0011173628857275159
-0.007826586595309071,0.0,0.0018295574574705672,0.0024861921998505765,0.01005829907659787,0.007983663620774786,-0.01104106480378793,-0.00197367010946074,-0.002717724695871468,-0.002448540398955212,0.003352819213263638,0.0033997248237832957,-0.004388712323412833,0.003584589667286066,0.01856775289177377,0.0022574863711103278,0.005709270413099249,-0.001067446996593096
0.008695849327023428,0.0018566984864240397,0.0028684721415554683,0.014021147678988986,0.017083744135190503,-0.003522156239857406,0.009876856501680999,0.0013793827599015945,0.006670078708436148,0.003911819110314317,0.00025009070930005674,0.003682068074898987,0.017713633115314504,0.007177769744888411,0.0011570440122790075,-0.0036441459011914363,0.001729949568209802,6.720020969086526e-05
0.0004005448345010757,0.00263400463664496,0.006278471603329002,0.012644527604693381,0.004687938831027751,-0.01114329038126437,0.00566922110442045,0.0004498043484742704,0.0021911491499841673,-0.0020600801925064953,0.0015091520778528044,-0.0030097121552272866,-0.0020520492965855268,0.001795081966637003,0.020871158249127657,0.009025979893100633,0.004612355287257452,0.008300749222584058
-0.012004617157849166,-0.0044425770587403525,0.0012995195218822653,0.00479319668702672,0.004586773674231036,0.009783901794743968,-0.005614269788335267,-0.0006489633975480592,-0.00366843138782704,0.0027756111475689058,4.126995308883012e-06,0.0006166773305915066,-0.0031502303125589223,0.001996229208432993,0.018133234803240316,-0.0065061030053017365,0.0038035557389616967,-0.0014405052878143712
-0.0014919754803882255,0.004102207789666052,0.00446576543774837,0.010368448756476653,0.022669796778614693,0.015119881033929814,-0.006967785212376833,0.002710316002237666,0.0,0.00836244541729339,0.0039028562416167246,0.010948816170855495,0.010684016087914685,0.0031141175199476297,0.007009456109007714,0.0012558370114346975,0.00899407358524994,0.015484000994354999
-0.004909643662451067,-0.003462031908169744,-0.020248365309471224,-0.012882672689898907,-0.018211319099323903,-0.004207921267454643,-0.013921162212181341,-0.006638384973018066,-0.008355437826214193,-0.0012790698232994406,-0.009624897262588018,-0.0020797227953591245,-0.01964699559887542,-0.03747588013931272,-0.006066838017436322,-0.00039005952175848126,-0.004323564460012752,0.0
0.00427964943664249,0.004386887154657124,0.0005331139109544277,0.0002825191818868334,0.0002951217134490859,0.002749486738323996,0.006120434467396879,0.005015425451454061,0.002719698968730634,0.00012632459748035385,0.0020334371296541988,-0.0017676821007639428,0.009219379139584696,0.0025100804377919065,-0.010010070076208254,0.002609833338905573,-0.006756079440163441,0.0005769346283963049
0.0030410180581694323,0.003762246512363703,0.0002671737142691791,0.0003436753592005485,0.006773348302460109,0.005146486411029155,0.006025601536582047,0.0017490214813191882,0.003417093314837005,0.0010436360424962857,0.0031624980614881827,-0.005824957722917011,0.01860130149689751,0.009952058861800442,0.0028229678564951873,0.0012084216985495677,0.0020621228830448816,0.00101477752899512
0.0010550043441759287,-0.0016797145802126944,0.002915929568688204,0.0038734682303368556,0.0018770764226155898,0.0028485923937161006,0.007625055395946257,0.00449855221025522,0.0016485358142896921,-0.001584649262070538,-0.0012516415677360734,0.008229004150828053,0.0007923455281056357,-0.0019070112269038246,-0.008385193025633996,0.003965459604701461,-0.0006402796828239577,0.0007422530591051982
0.00868935052463862,0.002951921948604283,0.0003586141923113598,0.009752842084895977,-0.003350882360462529,-0.01239438539501886,0.006798159851416617,0.006244820325877934,0.00120776639888983,0.002109569057869006,0.004006126999339673,0.00572748121885414,-0.0067480685028418926,-0.0032947009940573393,-0.0080067844915797,0.02054514187915,-0.0006872900041945501,0.009377453445087093
0.002536408137289416,0.0,-0.002048909019317952,0.00203070092977101,0.004880078869188886,0.0026220821269302215,0.004354287890505752,0.0,-0.0005603630871454637,0.007014378536309657,-0.0015945185129097746,-0.009263882081990542,0.007816256712242333,0.016920428505726857,-0.006178487020371153,4.7807707985033214e-05,0.008730429781336018,0.008327828981938644
0.0016169155090111863,0.0,0.002135407431987827,0.0069383696761872865,0.004498411861889,0.0048639988209148305,0.004773337554331185,-0.002570375365993335,0.004154849723486793,0.0005857943086389147,-0.0036902268859182576,0.003390947097526384,-0.003746337245674101,-0.0002692327829485928,0.015851535165794156,0.006725407475654145,0.0023442658352730806,0.0031423650011647916
-0.001582126092143792,0.0016332630864373673,0.0031705752616217543,0.010316642886272117,0.009130131348591858,0.008067670512019096,-0.0075688225147087125,0.0010611738513680048,-0.0010025008319944008,-0.0005181288924792111,0.0029149851077896697,-0.0026286165901566205,-0.0005128369426787373,0.007439170041171393,0.020758430795163763,0.0010113094743271415,0.007275173885024505,0.0014161447466861168
-0.006098481574061983,-0.0026087637453364367,-0.011499351745787714,-0.010925412201260387,-0.0005581195467607872,0.005900865102135746,-0.005623508465369219,-0.0018306666316923734,-0.005728851298276903,0.007122370666428659,0.003237373436129144,0.003063634869632468,-0.013823598230878963,-0.0346182663607059,-0.003976835804271064,0.001578148106041309,-0.006624023573608047,-0.0012860504162063163
0.0033532968466042155,0.00014686047338025734,0.0015040539950890788,0.0001295806532229411,0.007877677594779102,0.005900578109006922,-0.002923004082249857,0.0006807805106332532,-0.004224247160158972,0.0014638878447122547,0.005400076603998314,-0.00793355341731263,0.014974072489439985,-0.00017597602876620968,-0.003437341413740972,-0.007877481346530739,0.00045295848269469416,-0.001380485772263386
-0.012854352193121954,-0.009700175568394684,-0.015003030317501609,0.006735863588523026,-0.021913304453588512,-0.019919545603746446,-0.015469159836583249,-0.006548839730420298,-0.004097505154600664,-0.004299164115386393,-0.004800400791755012,-0.002912412106605182,-0.012394305609077918,-0.02478666839688019,-0.0017155460284309584,0.00045751639015169024,0.0007882524445024129,0.0006196676700146453
0.004181575860965462,0.000738361297872316,0.001488337000392093,0.008346670889965777,0.006884704703462411,0.005818945800755789,-0.0020302503188527415,0.0009780960578798126,-0.0007170431726953963,0.0012969315128173965,0.005182101018640994,0.0,0.012651458730275568,-0.0009512209306712618,-0.004159770239717168,-0.009424729921265937,0.0029514134803010753,-0.0030295151471357723
-0.026182288132697962,-0.020684166844031127,-0.004909269172289432,-0.05329939702403125,-0.07149472771111133,-0.027657528608483962,-0.027827927596094575,-0.00964218889378384,-0.007962353604676335,-0.0021126985971217935,0.0019662262073925816,-0.007534902827002818,-0.03184530197634494,-0.02190625778206812,-0.0267286271214007,-0.026931936307303506,-0.012548805344716763,-0.015846525033390235
0.0018941520437775027,0.0011318167184762328,0.0,0.004354831828669361,0.0018258424750638325,-0.0020874746607660306,-0.0056954763773124865,-0.0016451323363083754,0.00314527710470914,-0.01773395349373503,0.0019411559731333152,-0.0004499863257377195,0.015169119857336797,-0.0009005005162759082,-0.01547886642559783,-0.005884568593132659,0.00046176584219872113,-0.0039722460895644345
-0.047157762928387324,-0.03570523777993422,-0.034266698911164024,-0.010603799845208532,-0.028663730819265345,-0.025545495497677293,-0.021033247959428483,-0.00964918625521852,-0.011124039362971967,-0.009815905661837383,-0.00912066423665002,-0.004007089233553986,-0.04043204933895767,-0.06976310327634394,-0.004832043391416508,-0.0023933500205334784,-0.0021635671697838033,-0.002655144439820345
0.0024731137708852327,0.0005273718526203482,0.00022654689049925227,0.009267233801205059,0.00858302758703671,0.00586605848314696,-0.004453995426946312,-0.0014766290561049088,0.0017053411205813754,-0.0007980873074068014,-0.0017163930822437906,0.006449544882442628,0.012629821276232845,-0.0016683819080572043,-0.0024462286405198073,-0.00836461067454224,0.002889476793247521,-0.004329535997632111
0.0019521999442689952,0.0010563259011635358,0.0013016384575496392,0.004545029873184358,0.004900986355826672,0.004342460247376229,0.0029446353247096577,-0.004052382194398559,-0.0017899461649559943,0.004436528804632573,-0.004238641906217237,0.007073287332675027,0.01449998534547413,4.7984225920474955e-05,-0.005616019081433486,-0.010336391602883837,-0.001055883084770256,-0.004518467765849105
0.0,0.0013638236146341738,0.004415633947587596,0.007729614351248512,0.0016284047094294114,0.002944421294619142,-0.003326744245333963,-0.003404678855189726,-0.0030666139694498144,-0.0008566278079630742,0.002946843820000593,-0.00289365771983583,-0.006448991837182874,-0.0013225945767413826,0.009131912140710307,0.007005458932274897,0.0,-4.838744233182091e-06
-0.001305894130540365,-0.002538837087017743,0.002584281268740037,0.006146364299213689,0.009792324326202301,0.00636576901588903,0.0010744716987703094,0.0011651564807041777,0.005634809948552473,0.0006308309574925645,0.0012486803466456356,0.007981254434508988,0.003715439421350207,0.0031955921815322143,0.005345608754743302,0.023526337399375943,-0.0018655915388142664,0.011648478301101495
0.0018862509963224541,-0.0006599616263255107,0.004239896229508548,0.0012215944828274019,0.0034556552096881997,0.0007456037152402778,0.00032854500955943394,-0.003599553031489163,0.0013306090075819303,0.0013907959405780603,0.002009345736028881,0.006549404471074063,0.014858384351069403,0.0034454644909563755,-0.015386710907425504,-0.007158003328859325,0.0024496091443834897,-0.003636385317194426
0.003996846123747723,0.0034941128741227128,0.005486481512078399,-0.0022640427889609985,0.010282767222813871,0.009676114188443602,0.0023924940613136545,0.0023517694175707216,0.0029735091727394708,0.00029525215106484436,0.0002284394087744856,0.0027392958126095284,-0.0024608939803705135,0.0031210813086668004,0.018266338667078212,0.007729130077638268,0.002207874230594483,0.007215639101312704
-0.00046977566383868934,-0.0002785466673394661,0.0031776716435241666,0.0016842085592426925,0.002615418002225264,0.0011307216415807533,0.006200444010277376,0.0004135293758796378,0.0011665263039026587,-0.0008052978587650331,0.0021048194132563245,-0.005998973861887353,0.00638919970670945,0.0001340204583185076,-0.009836850325146761,-0.009961055305656434,-0.0019681637734024512,-0.00455627590230764
-0.018177838967818456,-0.008223157636442659,0.0,-0.017342011394921492,-0.040159138892563166,-0.017577967689912013,-0.009017141936715885,-0.0007605186623008274,-0.0032711860375562473,0.0032295905914585866,0.002052086514367808,-0.0031324663165824057,-0.004636328460122177,0.00410373537845098,0.0027146475408114643,0.0030644681046727044,0.004858490719680528,-0.0007134861513979213
0.0037561404671774094,0.0025859766775783648,0.0021825238487853172,0.008869635120633818,0.00962376897836539,0.006337535060535446,9.778036630863592e-05,-0.0004683386597280057,-0.0005573492945205509,0.0002209464444767245,0.004861467957012136,-0.001212041935813582,0.021668140993788793,-0.0017157680217744018,-0.009375395364939127,-0.00936926093956295,0.0017642501106970422,-0.001868984612198088
-0.0019317564966077835,0.001930439128882218,0.002616078765026606,0.0062329585284468,0.00526213999430638,-0.005368632076007993,0.01098511278782165,-0.0020309666969549867,0.0021409292890318676,1.0793575235777397e-05,0.0002709019914794703,0.0029959543087255017,-0.004479960076067993,0.010543930699699361,-0.007532222850534635,-0.015039208207802718,-0.003057220031565442,-0.003150682320289785
-0.009896642948110417,-0.0025582195409171405,0.0,0.013622846609315372,-0.01446462923273625,-0.0054539750874306615,-0.005061085785605749,-0.001477423007830193,-0.0033376147463311423,-0.0031515245303638324,-0.000778274611885969,0.0018449206436207217,0.002517121543422763,0.00307865660181263,0.01020414538368736,0.006920204716602648,0.0027978214331657696,0.006909764718064882
0.0,0.0036575695326565077,0.0055826946098825655,0.01482924871560356,-0.008051040774231645,-0.0036268782707586425,0.0,-0.004771038336892273,0.0025479317503735634,-0.008525087577359435,0.002442807796148168,-0.004308490346895029,0.0034980574151006697,-0.00272762359367217,-0.015361957004509435,-0.0012556594583319155,-0.004107188213271544,-0.002109105612799325
-0.030321712731568022,-0.015015210562891701,-0.007699842672550694,-0.0033395593176047318,-0.03683855810282103,-0.025806345062712982,-0.02562713439765901,-0.007469960928726934,-0.011100249873181414,0.004382537763170635,-0.012430628788629713,0.004268800275201902,-0.016277199448309753,-0.008918293546175987,-0.01091217240258882,-0.01718196499515608,-0.009344997962157521,-0.011104621678619558
-0.00037520938457964015,-0.0011398136122631741,-0.0012909746068173634,0.0035211375803761375,-0.0005741261812063491,0.0010014182957199182,8.893594012910255e-05,0.0015388945826706139,0.0024758501993087895,-0.0018630848663281363,0.0009128834964302064,0.0024533365561430214,0.008916324953304522,0.0031071652406903802,-0.015280979371943768,0.014626729419018885,-0.001987948163683817,0.006346012001228547
-0.012666191833735378,-0.00851710456705232,-0.0019839353915780786,0.01044736644323861,-0.018032834550013817,-0.02271047644831919,-0.01415025360127946,-0.00618857161558032,-0.0028226343355765163,-0.005880858053359825,0.0023767016907741616,0.0012114349870476087,-0.008219328863446012,-0.01345175817158939,0.004349696587971108,0.004166632992255634,-0.003623419461558905,0.0
-0.0046053779790249105,-0.000786959961970649,0.001018753119556446,0.010938950132387586,0.004775236685777323,0.0012890230140938882,0.005677172024362693,0.0011692903427969411,0.00318516609430273,0.0003664363824479002,0.004449553292511977,0.0,-0.002873185459663371,0.0036233301309752278,0.01554197859643464,0.016857260878118764,-0.0029721554530239835,0.0034932758357162433
0.006315415224077388,0.003609323790682342,0.003928224716893302,0.018844655273335138,0.011036565987445906,0.0013813524585886067,0.005607703339159603,0.006033742776839268,0.0047375007316301085,-0.0035359677592554355,0.0028418051558610773,-0.002943103871842711,0.020212113077220525,0.011543074555281264,-0.0008696533178179696,-5.2942550198101294e-05,-0.0006750297296781727,0.0
-0.0023409184619583197,0.0030192830813533674,0.005521313496313849,0.010014033465876636,0.011558021824893187,0.011714353791904424,-0.009200504156065454,0.0012579722472442273,-0.00016680323913514315,0.006312657299712759,0.0020883889383881034,0.008041357933928883,-0.0013234597427108593,0.004752742405937374,0.013494442343735338,-0.004715364568319841,0.002877559667289648,-0.003510975381474296
0.0031655035192769175,0.003276263309979059,0.0022093101211354263,0.004996019802621247,-0.0007020067967014797,-0.012144261983336112,0.00827031206337025,0.005055615671535244,0.002994771959109132,-0.0010235506835852997,-0.002310697180643331,-0.0050418139322943685,0.006039294653706707,0.008181421797961356,-0.00290415495474592,0.0008755776591104483,-0.002784555995249277,-0.0004447969965719299
0.0009967765219515861,0.004077302489124231,0.0019117094736772501,0.006340440690427023,0.00791868638381017,0.005928863411059488,0.003389726979830138,0.003909184331449247,0.002243265806804968,0.0009795718929706038,-0.005538996389385191,0.0026100305573137886,0.012558920519961266,0.0006669603476493339,-0.0005872679942945256,0.0055578635458090305,-0.0006324257559194045,0.0026817101406403643
-0.002372914685886571,0.0023453482201305793,0.0028641480025320834,0.016060034878216077,0.022657448177675545,0.01590697085794492,-0.006560869035986444,0.0038740504418024514,0.0,0.0014693017132069734,0.0017526870455822337,0.0033572379788404283,-0.004150234087636052,0.001241965024426474,0.01608822856343125,-0.00198206483866155,0.0030423872678668968,0.009341485878578762
-0.012669181078058983,-0.009776710302858755,-0.009294187218237531,-0.02499480033425365,-0.05439371846278974,-0.02351694669701361,-0.010818540044903482,-0.005685648193588633,-0.009000093400123563,0.0025708264802653596,0.00039664746226109916,-0.007875430500361798,-0.013307697249521577,0.002356477283826432,0.008122965805603915,0.0022529254722236567,0.0022257360586492724,0.0003512219973020869
0.0014073966997972666,0.0005327083970382496,0.001344912212549219,0.007591150898646754,0.007257064812467214,-0.0032493718257035824,0.0057903331160603965,-0.00253387572041435,0.003682922478542335,-0.00044622301395082334,0.0011206903781471429,0.004964933649972518,0.0012210654320004661,-0.0007289666890279537,0.014841384335320427,0.0013121469982078355,0.003955317012857564,-0.0027937317220098484
0.0,0.0021234930463824766,0.004012406268999509,0.012910698856337149,0.021481940012927036,0.016302476452191537,-0.007364751929132867,0.0016752053241822266,0.0,-0.002230982940580047,0.002526063060494888,0.010375138270551369,0.012578347287491052,0.000446986052719828,0.0009696156300988538,0.0,0.002778090862471296,0.008603741179762411
-0.0005189619793533172,0.0013371568978328657,0.003693307408514703,0.002674667314746989,-0.00012751512041888268,-0.0005640672969324735,0.005383052595439399,0.0038575055785994325,-0.0003277872424422492,0.0,0.002966461945202155,0.0020673832074881897,0.0012816100738535857,0.017864964174437257,-0.0016389284962895214,-0.007660367613596633,0.000822435768661502,-0.002599802882610424
0.0032882313259923576,0.00212490758190779,-0.0018238817418775258,0.016126513977803205,-0.012421800834227956,0.011407748564348582,0.007528041836739936,0.00776138503764962,0.0022058550553663097,-0.005296084629239169,-0.0016382471852623922,-0.015849261543362494,0.019150435919372245,0.008158578756335877,-0.009868353716222961,0.0008031525123270513,-0.0017519052832429122,-0.002447527423931055
0.008798301513195684,0.0073550908090103334,0.0019395324205637512,0.005348688417391597,0.00016403247186031424,0.0033118687333911416,0.006349075194844119,0.0022753448581592462,0.003015944265998209,-0.0016287684931292317,-0.004038008150583039,-0.016772322834149415,0.0023901951108505873,-0.000700806464637048,0.0017417531654210267,0.019105893697210396,0.0018125955795507951,0.007584681199797674
0.009386848496091147,0.002809848332402194,0.0033084413366130704,0.015980301208107946,0.01858782469731458,0.002866276347703074,0.01077220323109034,0.0012666643671263792,0.004916192592721614,0.0031060211624098734,0.0039798105059462244,0.002232837424034985,0.010361439498606207,0.023453735548193452,0.0017089418542777567,0.0,0.004296098905694672,0.001348821719133933
-0.005603671039019088,-0.0008951697996133145,0.0010804083272004346,0.0034284761186611835,0.00568319877918399,0.006234479848869742,-0.003756850519995697,-0.0016706765844239242,0.0002322367102142039,0.0028331728585409034,0.0012804798508904713,0.005457945205639591,-0.008764242577395819,-0.018054183100014626,-0.0007706762764711511,0.009026138812397617,-0.0025731340021979137,-0.0009409163508358152
-0.006551458829881439,0.002211582069206153,0.006466345929728151,0.007417275276519305,0.01822117526945608,0.011979049856193313,-0.00697719569753267,0.00191076447782752,-0.00278874373230367,0.004512781349915341,0.0026781492790528146,0.008270729704246872,0.02068216835154044,0.004208764846201559,-0.014264626669371993,0.00427323406627524,0.01011163652349675,0.01430018044233973
0.0007485962652236584,-0.0018051364950766203,0.0,0.0053641115483598345,0.016027734153114075,0.011687842091514711,-0.006211318187278113,-0.000498390891323749,-0.0005368716048663732,0.0005084107132085725,0.0,0.004618780136930024,0.00018452632361790942,-0.0010300845808205769,0.014632005307308635,-0.010078515338111639,0.0010702715153506543,-0.0033091512544532672
-0.0282524199339034,-0.00933971437511345,-0.0068711249690074205,-0.0018399144949110325,-0.016505205020998445,-0.0011619579414370658,-0.005846639121821689,-0.003866934069710986,-0.011280579177910243,0.0014575016936537856,-0.0060444551621111385,-0.0012576995299479093,0.012873463431339778,-0.0004558907986855151,-0.01925171685528672,-0.00987675013383072,0.0016276334675029641,0.00492662400647341
0.005820212311703873,0.0016912508845482793,0.0008541735384770262,0.014440694085538193,-0.003864973135121128,0.0014720324430088148,0.003267488125119746,0.0018952096840359706,0.00222170742047897,0.0031177683500787385,0.0,-0.001168573289582196,-0.004034015341150656,-0.004293306318812997,0.0006205410110112746,0.01793618424458931,-0.0005468723266662309,0.007424983377805401
0.004780637783801602,0.00277474509736774,0.0023341842140690494,0.007382798139435914,0.005426335443030258,0.004598208485491974,0.0,-0.001827789048978534,0.0,0.00041426018058523346,0.001399078894596221,0.00617878905315851,0.01754593266918388,0.0,-0.007668585417207349,-0.007786539043737734,0.0031375197688402042,-0.003029860418477179
-1.3926279886966827e-05,-0.0007058236404332739,-0.001222329573930536,0.002566359424771022,0.007744563650754115,0.0013338702968910703,-0.007883506575190173,-0.00405545909022545,0.003245827203519049,-0.012137821017265139,0.0019695591506295814,-0.0014111611073910346,0.006849115548451584,-0.005526135218524298,-0.004878461329729196,-0.0008260889659558577,0.0009260017023503752,-0.0007438725378949764
0.0012912660441622614,0.0008388588273612445,-0.0006354429173877179,0.002585644211217971,-0.000200319646635767,0.00035149432228912463,0.00749958323075898,-0.000796129723933513,-0.0035676075927421292,0.00719990912198719,0.00019876875625220397,-0.011556914198111817,0.004634143072439505,0.0011145139327763155,-0.01201251219492436,-0.0054907953042068365,0.00032556100541392304,0.0
-0.002020525617463272,0.001997954910304002,0.003846201039142106,0.012492581379418641,0.020454312928637135,0.016107081709917967,-0.008319570848745579,0.003006133476475074,-0.0021826076529774443,0.0058482452215262316,0.0006756699509067254,0.009626955671835243,0.0013587230735686868,0.001373918266574739,0.014704301939766282,-4.5222916608300425e-05,0.00395391227355088,0.001386602061212036
-0.009802336296003557,-0.003960812316842845,0.0016887934515017913,0.012458527929234952,0.0185656960663451,0.012414257732631532,-0.012503522468664692,0.0006208613345486831,-0.002858775464352133,-0.0037698603933982926,0.0027119509379728516,0.008021854841846044,0.0199604336401201,0.0017522076887788664,-0.010960988486195799,-0.0002902025368930552,0.008784143389495864,0.011446186600083563
-0.0032646650739354766,0.0009085536508692039,0.002692381142459694,-0.0011399330614772678,0.0008359556541240558,0.0037517884851638924,0.004298731965791409,-0.0009352522135733697,-0.0008620090909406905,0.00156906955277447,0.0011616749965826395,0.0014960046187248973,-0.005638671736843707,0.012103301840502255,-0.00599929444421659,-0.012604045675052395,-0.0010325156044156138,-0.0042380661520900476
-0.01165623977293497,-0.007748102201810328,-0.001178637398363859,0.009257441962844191,0.012242334929162612,0.01280024558374177,-0.01057956009314215,-0.003470403547319586,-0.008419500757854465,-0.004178099519800265,-0.0016484172931615813,-0.011459239686320191,-0.011930299146466414,-0.0076144194524541,0.0013970960351283373,-0.01817089512856246,-0.005420990565718125,-0.008057245909433366
-0.0019509920568475867,-0.001536300791927389,-0.0038456400701730067,0.003431107609562203,-0.009227405933401382,-0.013417475786202056,-0.010834815704047525,-0.006405748583914692,0.004047406464493789,-0.010491421063256321,0.0005543141385659112,0.004713817156433929,-0.005052067210407604,0.0025509957959354,0.0026597881412303076,0.002088840106066927,-0.0021408814448379736,-0.0010957461623114506
-0.001260851611350211,-0.001407026783751401,0.004900323001022035,-0.010013152949551083,0.004758455919164566,0.004417928128694665,0.006100818206441341,0.0052595280111775895,0.0038242902962112076,-6.73825327626344e-05,0.004004944515242088,0.003721673383862995,-0.009298515589858208,0.0037834119364141433,0.002583758113725001,0.013882958632281934,-0.005134458078143604,0.0
0.0,0.0034629026523771635,0.002726902917414427,0.005857259840861091,0.010834728482795217,0.007220294511178404,0.007391088400520362,0.00810602540349832,0.0011249493970744238,-0.00362261847234766,0.002213354898699345,0.0017099785994455258,0.008631517688284154,0.0018532858524649245,0.0001083585153831533,0.004052449570889027,-0.002118371996464744,0.005573347280204817
0.0005538840293000509,0.000721445300636394,0.0038482144771730424,0.012382794715615767,0.005135972027200143,0.008345505486687796,-0.0017817419120996476,0.0015392636928815658,0.005632336482403556,-0.007038223808698377,-0.006813191046181974,0.0027993568152912852,-0.006366275036011894,0.00576897286723482,0.013778378132351344,0.017647037012021156,-0.001382816334358317,0.010845466463402717
0.002131123069776103,0.0012868709640539015,0.0019792992908421515,-0.0006176554832069098,0.008529451341390862,0.00816872485314603,-0.007189143866419721,0.0001300045801066043,-0.003464200129886226,-0.0077573975995796525,-0.0025594719904107155,-0.011465678668039886,0.0,-0.0014717228990483774,0.008007922181031447,-0.0013348648134756031,0.005416139764020215,-0.0009461385443644355
0.003805120789578708,0.0018335630410908463,0.0009216265896121524,0.008487349586505606,0.00821665106468964,0.003580032690042825,-0.011146639142936185,-0.0006485734365754284,0.0008239608719001347,0.001373324830271889,0.0018568052549538434,0.006755171527879193,0.010127763679254493,0.0006426487804625819,-0.015559375284181266,-0.004982816604625218,0.005486090602323241,0.00802886839364074
-0.044590320149927344,-0.02955056228819845,-0.03399668452787209,-0.00853003578627431,-0.010206627012440194,-0.016409512065033174,-0.021121758949446994,-0.009900058611470093,-0.009462484668586983,-0.00907720011857414,-0.011558738548138327,-0.0027077779360660027,-0.03695342716074741,-0.06961874042200326,-0.010869503949831924,-0.007200349724115544,-8.074760015589166e-05,-0.0038040646219449914
0.0013434684315201725,0.000346356249869982,0.007341807670997439,0.004585911966142048,0.003454490460687527,0.0016012283485966395,-0.0025017240760398934,-0.0016923077636777375,0.003228015433680069,-0.004858275945287613,0.0004956207729568242,-0.002055242237902125,-0.0029018402639127585,0.0024185183615426423,0.022866834150249763,0.009261428528144466,0.003918132920957119,0.004851146487349502
0.0005369939675866588,0.0006555734235803129,-0.0025204933009882187,0.007758334448625873,0.006505409323884432,0.0072291108207040945,-0.007102639400508062,0.0006890115687085614,-0.0008324900595087679,-0.0003882958198903992,0.0015862804261863382,0.002387293898000006,-0.0030992658819675944,0.0009588236419173586,0.01583708282741219,0.0024277128481713342,0.006226547400314371,0.0008405503294198688
0.0019285090452621815,0.002779033863254115,0.0012528078849888091,0.0076266179438024715,0.0016634726971083854,0.007144251384265399,0.006765617452121051,0.0018963714656960496,0.0009037664806231517,-0.0016618248499471883,-0.010045779861512066,0.004194992594719455,-0.00570414885366553,-0.005458838364658797,0.016772715198539755,0.015299594464381696,-0.005729766789059449,0.00398438181585932
-0.0036314128412761946,-0.0016812128820360899,-0.002070589443984528,0.007107624090132131,0.0,-0.0005926963274237772,0.0016849214381594836,-0.00039106623620460836,0.0015027533464608664,-0.019663575190247497,-0.0004372188497527663,0.0006612407327810053,0.006667808881067213,-0.006490924383223514,-0.01920150267807345,-0.009586528031030682,-0.0014139268786532509,-0.005512758113372818
0.004260158771044985,0.0014474892788342258,0.004123604931551821,-0.0009022698046761203,-0.0001319198231362467,0.0003225537524897844,0.00958884604494273,0.00047256025982574053,0.005129151320083973,0.002783694880383428,-0.0019333629797157928,0.0022145577298389165,0.017672480011153312,0.014829827650449958,-0.00044875985470174863,-0.008040196731815327,0.0007610403511670595,-0.0029776427649620685
0.005936807062736131,0.002338369716670064,0.004302586221552408,0.005709859519111152,0.008480352019732896,0.0029895995229389234,-0.004020414904333032,-0.0017704444342507928,0.004504486768830639,-0.0040483970738390395,-0.0015708582209408995,0.004444276547647765,0.01757153707008131,0.0,-0.0029660706472279755,-0.003246482685747601,0.00464063910512637,-0.0005390763386559222
-0.002345338350020457,-0.005903249005678124,-0.0044601839300186675,0.005586146548116978,0.010411594758527376,0.010292156904995808,-0.015289034408771449,-0.003226469780209538,-0.00646311703989395,-0.00962275761579103,-0.002012292483536595,0.0,0.01847183206244666,-0.0009270932451642616,-0.004201186423101085,-0.0055427265663038966,-0.0016132000503442402,-0.004499615169255112
0.0036997496025939144,0.0008185495176609959,0.0007073642313498056,0.008564040833013367,0.006582289903818876,0.006995746609418986,0.007675055174917363,0.005837122274053215,-0.002536001256395799,0.000632485014887422,0.0006898827616977863,-0.004491341974128816,0.0014958890119540374,0.008258672969632131,-0.001179048564290374,0.009625217253974592,-0.0019592317267422034,0.004615861364090659
0.007556335747957931,0.006849244892973862,0.007084810003680262,0.011738179510401727,0.009660792709309451,0.00455705522636485,0.006475753146337395,0.004617891627824335,0.0005295501244624339,-0.003253920770280321,-0.0035639245019774366,-0.001957889601209109,-0.0029119321094073715,0.004846487486119703,0.01884843023537514,0.012114061797108769,0.006209921822386227,0.014629571347131248
0.002157716542445315,0.003982623644640268,0.0057428934048468485,0.006349667616027128,-0.008707088574524216,-0.009753817469807186,0.005963302918973417,0.006429188930068403,0.004642918955294523,0.0030796294817451,-0.0028683304108952142,0.002118182427779007,-0.014216112864031755,-0.007641867235424443,-0.019916963007027565,0.010507509695537983,0.007293295206565527,0.0009985535957732945
-0.016012065464643687,-0.016194078679492054,-0.014720066759458866,0.0030252164517608126,-0.03668286299540232,-0.012979413094919885,-0.014460132223154787,-0.005148722455235532,-0.0032230865831519464,-0.00029513801112944016,0.0009162722186174821,-0.005403188319683509,-0.0017577397904217594,0.006629622424426343,0.011313911104699871,0.008665492197251405,-0.00112033798159449,0.0025551362242853953
0.0025487025383742925,0.0038251445241498333,0.0032007849916892888,-0.0027775450822747046,0.004125699824240233,-0.012948136317112653,0.002188867289425808,0.000365960457196136,0.0012077667906010552,0.004614191632662664,0.003376698731873763,0.004294250009347348,-0.004118659593365887,-0.002471429877679974,0.014862335079806123,0.015604814152990917,-0.0014913684448223366,0.003781850057170119
-0.005393459985812129,-0.00014853395328038866,0.0016483886147049733,0.0034439680643677953,0.005879986541789188,0.005646092578939815,-0.006128878411462109,-0.001599030550659282,-0.0027971432323040434,-0.0016257167859171204,0.003567825515671461,-0.007326167955890478,-0.004220403531266544,0.0048885368735053225,0.00951875150575698,-0.003637882669462633,-0.00044545407986728506,-0.0010411806256702101
-0.010533979034349206,-0.003792740577059213,0.0010945352720084752,0.013559009637000352,0.020414510953912623,0.014352427211591667,-0.01240681657293291,-0.002160808880342806,-0.0049815596571898295,-0.0018548136317721475,0.0022298370041966336,0.0082379972210968,-0.005951951627542504,-0.004464291557891072,0.014900514529753328,-0.012322748307581744,-0.0028618160179191146,-0.005492793025473931
0.003268864698959735,0.0015309549139671755,0.002710625615388428,0.008258940693595751,0.012282287234605407,0.006206085684938742,-0.0019419667980732295,0.001369116753706256,0.0019341646740862522,0.0028263750006238043,-0.0009097605836386635,0.004335320657295932,0.012162377064022543,-0.0012487242692157865,-0.0017186650195823937,-0.012286717379005841,0.0004271782477318385,-0.0024452297688135477
0.008204845280190777,0.006798212206693784,0.007028327736571818,0.011456510955713938,-0.025576067847220014,-0.013118276565284718,0.0038843046298061906,0.0030000379621559913,0.004894615718045996,-0.0019109631162855403,-0.0037209632943976984,-0.0018586746505185668,0.010994445415691664,0.017743940246899525,-0.008222970590730322,-0.0029714415974720467,0.002255424170351958,-0.00046527214512896015
-0.0009366906761036845,0.0003326491803976341,0.0010306793643172667,0.0014607286909871554,-0.0015053870797974113,-0.0005165175560389944,0.008641255044918606,0.004492797745562453,-0.0007603771209643859,0.005427508451722795,0.005305682083337588,-0.003400257286525626,-0.003353701188431733,0.008089854211365082,-0.003239414859858832,-0.011481621927321856,-0.0011654387778229577,-0.004109199160122782
0.0005006004768080212,0.00035081263770921274,0.0034654718739184328,0.0029994938617045187,0.003849317666056949,-0.002578086720416991,0.00928355036076434,-0.0021845559130941154,0.004477751918097095,-0.002120106160342754,0.0036963962479342302,0.00017637789550882808,0.008503720900720817,0.0019507054619046938,-0.00540864373862174,-0.006725849510700493,0.0013955283048875458,-0.0013701142112269096
0.001918248785874452,-0.0019023950967285868,-0.0021480605420903503,0.006928731465144713,0.016315196532600895,0.009279212573654409,-0.003694357893143957,0.00038509846674231033,-0.0035317822393206287,0.0025997729256817368,0.005096868434645162,-0.0008162734055307724,0.019642360210008432,9.143604429075704e-06,-0.0037750165531108587,-0.004046184667842489,-3.498150337328554e-05,-0.007997839301646839
0.00778361620050277,0.005429020977291734,0.00027132293336347776,-0.03841051533004809,-0.012665878782349902,-0.007693862916953397,0.008251429286828895,0.014536196379069236,0.0015799197141303826,-0.008259247629703526,-0.0028857815963354524,-0.008498413737538709,-0.007569476103850458,-0.006169722235009731,-0.012894162136284006,0.009823218896390361,-0.005293043173179853,0.005143485741988363
0.0033716577435906002,0.003220633625761739,0.0038206217562994542,0.007537094467999069,0.010038760430995476,0.002099859298514031,0.005805840130443242,0.0004261780348301626,0.003054231986893105,-0.008888194435992038,0.0005117119289965591,-0.0033605357284986017,0.013059784535088907,0.0014694240334263318,-0.009771960139522796,0.006538638830521143,0.0012605999822437664,0.00039738753885142086
-0.009610614185426863,-0.009752079455258874,-0.010670373522088133,0.0066624819126643075,0.002972604190720113,0.0037821524319996023,-0.011828432952038292,-0.004132657120408672,-0.00400008384546454,0.0002039981623964107,-0.0028210057982726087,0.0012625744797510093,-0.017157475490858366,-0.02774666620495714,-0.00643975703068893,0.004617977025909034,-0.004002149872650646,0.00040569791456339377
0.0,0.002094384237919004,0.004134303943092533,0.01060636815736176,0.005486654404618315,0.0017853088509175868,0.008286587386269403,0.0,0.0027662949250384593,0.0,-0.0025931375540479014,0.002111309988843633,-0.004995109163261136,0.0031058426331578193,0.007359130754546246,0.009680524494678521,0.00574599822904758,0.003929985547622097
-0.0036277852525024024,-0.005077235101587622,-0.0030892977708824377,0.005806822502149662,0.00454304261920934,0.0021430825462270377,0.0008552533642957152,0.001149675006660989,-0.003859070060605899,-0.0016884312717912967,0.002180101501295075,0.0009440647235219514,-0.010247934226768212,-0.0032130170613345454,0.008673791858953233,-0.03708275485302223,-0.0113824557402698,0.0035671740325437656
0.0,0.0,0.002095687646724163,0.0022617852592252993,0.0054981332885182055,0.0007844538313854154,-0.007132053330649675,-0.0027423598945960264,0.004286641307124884,0.0,0.003068310440779443,0.0037856888292085765,-0.0014928180302115903,0.00040101849183200226,0.011275661633659815,0.006335380445235044,-0.004176975259801628,0.007187330353439183
-0.0008216947465480379,-0.002243562534921287,0.0002630046586345822,0.007419532990795315,-0.0018954903054311523,-0.008471493375810652,0.0070276284149064115,-0.00018769351469576838,-0.000630956298013752,0.0032125589705108066,0.0010440829958724698,0.0069807400384037325,-0.007881176051970697,-0.005505391481968685,-0.010944264234151464,0.010696581484318964,0.004174317605043985,0.0020063960832052306
-0.002282086422167046,0.0008720837022740225,0.00274938491808231,0.0029810508909499716,-0.0017468282491360744,0.0,0.0029591889153413706,-0.0019970571506969102,0.0014898642672155754,0.0001931486795380915,0.0009053114715430388,-0.0008315497204606024,0.006133886190761946,-0.0019954956739656154,-0.012615821904399816,-0.008896443567837498,-0.0004399361820784127,-0.004321300485311805
0.0005599591547949308,0.0008498130533992799,-0.0009355585295293971,-0.0013495595675600746,-0.00023226401446644617,0.0005630399017549155,0.005284923671917591,-0.001204626066829828,0.0,0.004944233828606968,-0.004186522050542302,0.0025944653770850435,0.0036054128798072914,0.0006380082664811638,-0.016715294280195536,-0.010055257318939774,-0.0004507750418680808,-0.005731888318005519
-0.022077005954390022,-0.009279944604201461,-0.0019099299914447775,-0.009232761197418147,-0.03172670557463302,-0.025825004818463903,-0.018209521585597518,-0.004767332254477584,-0.005607057059717246,-0.00031323055021484044,-0.0012459860802768094,0.0007961480475305382,-0.013786331341484692,0.004746674617108961,0.011705875508056306,-0.006413860044594636,0.0013784337196214148,-0.006421085080815847
0.0021344487770534105,0.0026313918350253443,0.0024160966539419288,0.004838893715950195,0.0053461062107456325,0.0020236691081868805,-0.004069398311840435,-0.004589710268381719,0.004831597056460349,0.00010405260288178719,0.00041521445743202836,0.005527752609878756,0.003327467098716775,0.00211561147122938,0.014038530422588279,0.005026436448402222,0.005023449440597017,-0.0020003046685996007
-0.0007809601552231307,0.005614376122169564,-0.0005235219909375852,0.005155473354411274,0.00011912577501918237,0.006822738940021522,0.007262504023389281,-0.0027790901907556263,0.005332895670394484,0.0005113168281837562,-0.0034674050447423325,-0.021646960925382205,0.004847337881448894,-0.006146150123216694,-0.011361378980764683,-0.00012495850242466702,-0.0048755431797826865,-6.375327514152387e-05
-0.0002614884021202102,0.0007526789409882806,0.0044658748506303655,0.008247502412957852,0.005753633035996104,0.006809219271978839,0.0009940353717208833,0.0,0.0012722725854772184,-0.003313488186435973,0.0006020176609726073,-0.003394773926965806,-0.008742290186570814,0.004826752305896758,0.004856956080989229,0.01876237881791503,-0.0019435560045639234,0.0018091192564658257
0.0024562486261453078,0.004509275370759198,0.004158574790878106,0.00039628378267722673,0.010205538295146204,0.012298154429826421,0.006735002501568264,0.006687788769748418,3.659654100582239e-05,-0.00013527412570514096,0.0010884886821528926,-0.003316844431915975,-0.004962858473801074,-0.0009517737571255871,0.013589596586268788,0.0213921005307189,-0.0011580163947054005,0.007904099357399927
0.004971404867486282,0.0011602511612754242,0.0010420702371305472,0.0041168109351881945,0.0004491563272352592,-0.0007538849803946572,0.0025525106113451802,-0.002257332720938221,-0.0012565351076425928,0.009518773027316395,-0.004209235143939296,0.002653196950132071,0.009849503456803388,0.0024519354115523887,-0.013566724695124734,-0.009378497976951323,0.002202855204134016,-0.0029126120238518044
0.001076624022226095,0.002082062056336345,0.00334835282190154,0.0074644525867119445,0.005980701949874362,0.0030833932141826064,0.0023825037777223087,-0.0030068293163735215,0.003556658349811043,0.004930603421541675,0.0008910381511527031,-0.00240377797873381,-0.005658776192552843,0.0026670460243425247,0.014386822292073553,0.0068931708540105625,0.0011344403100402097,0.004123164294674152
-0.0010642727502119835,0.002605823409809046,0.0022671155389706603,0.002364061018265898,0.005458852356081931,0.006870715227031114,0.008628382643006652,0.005344673406262448,-0.002381453237831148,0.0037327397822977913,-0.0013600263135998608,-0.015027299141812545,-0.008554509646292232,-0.013850402620545758,-0.0018631807959818823,0.009800495205227907,-0.00312904849684233,-0.0014709677814530482
-0.016592665551540056,-0.009274000678759558,-0.0014307989892313972,-0.0017740593932219887,-0.03323123475232837,-0.027358664026208568,-0.011155368371773387,-0.004808955737972605,-0.004382424749291963,-0.003768432553928776,-0.006756706088962604,-0.001847910243170084,-0.00287452489984916,0.003558508940734511,0.01085402078392912,0.0008826649022991411,0.0029320532538027605,-0.00011069637704720636
-0.003448752131180647,-0.004098896600620893,-0.017085796031256362,-0.009539250686324066,-0.02320173419137314,-0.0113896638232688,-0.01346188929815854,-0.004362415673789616,-0.006838302506208992,0.0008569835290922556,0.0024283769955092925,0.0013546629710689568,-0.018460532451760107,-0.04352291325856759,-0.010070223728292084,-0.0060416606517519015,-0.007334506622940821,-0.005889099442000362
-0.0005993607943320011,-0.0002666629977830667,0.0013100421464483677,-0.0032316309585054275,-0.03496274864373129,-0.014505006252540916,0.000579982751666942,-0.0022335309438193175,-0.003552572623025505,0.003446194119984946,0.0025228684013900255,0.0026395332897345444,-0.017442952469117666,-0.035115715894532995,-0.0034197438893982727,0.004480582542629964,-0.00752491886241607,0.0009644008843298357
-0.008064350013651958,-0.002393814737492549,0.00045254682695465277,0.007076743986632444,0.008534326554353532,0.006277760474850166,-0.01169241222020571,-0.0003611953005143104,-0.0034727668260167623,-0.0007190399559039649,-0.0009419582475756075,0.0034498392327666533,-0.0040712285243519435,0.0015432873412472641,0.01954464793962148,0.0021700095188697437,0.007299090475353907,-0.0022972500290873894
0.0017399448947739103,0.0,0.002195091094521674,0.005563775648171331,0.0079786726207925,0.004510510283972178,0.005341039589929736,0.0,0.0034638470937593565,0.0038631499622011093,3.187077437388949e-05,-0.0016408665325908511,0.009145308301715347,0.00021871172692218172,0.013146564906363593,0.003755884105266784,0.005010509163400127,-0.0016588001586595874
-0.003011112252895997,-0.0012896755838949908,0.002463018005794721,0.0035092233761283608,0.01450778255255121,0.011528844702310652,-0.006827380443003191,-0.0006442486090862493,-0.001315445708942628,-0.0016656543719235134,-0.002202532769067407,0.001557917986380582,-0.00021891242186867065,0.002668868549370025,0.018698039611387305,-0.004379275914719094,0.004342322260437249,-0.0008160901772249762
0.01240085501180737,0.005448115327328968,0.001877936671988374,0.007903981706344902,-0.006336333228993668,-0.006882743837418306,0.006341815926862961,0.008250460566669117,0.004445340278876684,-0.0017122934848172306,0.0023670547070504195,0.0073826980387577505,0.005559202893189959,0.004580761046419681,-0.007059870742104517,0.016550475585112166,0.0007068953140848058,0.006766796591507453
0.006414175238354233,0.0033121029944211586,0.0016898373121798486,0.003628243270729416,0.006269462042740502,0.008120451044776142,0.005867100784327008,0.004583729219056291,0.003080807620882904,-0.0017682622023276735,-0.011431869749612815,-0.0029560052439461222,-0.0034016967596203424,-0.0011101369749649233,0.012888906293578875,0.010908953270665562,0.0003814908972845155,0.0031841609177591587
0.004681049167874559,0.0017836253054454984,0.00222195100754451,0.00928609619865378,0.008538952889230247,0.0043826626699580975,-0.002711285288814994,0.00014910359588696899,0.0015417240672561804,0.0,0.0012561939684235393,0.006416078595910907,0.02060955644346451,0.002055342514830299,-0.003255723678994619,-0.006054354712394209,0.005126180044242545,-0.005503941198355108
-0.013592742530409504,-0.009315025057182106,-0.0011499805711042458,-0.0007309360309483126,-0.03362861857448629,-0.02446014159654463,-0.016261336893730185,-0.004166231323500204,-0.0024666698974887885,0.001198458348655713,0.0021399786826701937,-0.0012545405914205585,0.0011201064117490782,0.003225996465153333,0.012617928210339987,0.004546622553214921,0.005243519465401269,0.0006537524054562177
-0.00951733408475972,0.002403718046257521,0.005302879312122365,-0.0020346308612947824,-0.023399484757751755,-0.009833460249518582,-0.004218526139935664,-8.397962367553033e-05,-0.0016599390597160156,0.009422379803509476,0.0043062351539760926,0.0059802390145768484,-0.0025212251489725775,0.01576823968373734,0.0038376957604163743,0.016540774617018538,0.006994275298767433,0.004568904678995674
-0.002019554933897991,-0.0005459793964583657,0.0008391402944979404,0.005856888216287608,0.0011830655982011586,0.004838041662442641,-0.005577420414884055,-0.0049440833537556204,-0.001323601193088907,-0.003285753997070669,-0.002700673110782371,0.006326763381423673,-0.005308864698148033,0.0,0.013605680990968259,-0.0024514906712078464,-0.006387352630340711,0.0014198475818439776
0.003411049424771967,0.0010283598888471157,0.0012572544290581568,0.008327047945423577,0.010205740909836952,0.0058725353343571,-0.0014141282076488766,0.00010303865167805524,0.0005315408390548868,0.0014736609591192603,0.0035893899814880897,0.005920592146315367,0.018661235602157458,7.200660892132172e-05,-0.0031376434586033197,-0.0055797635901891195,0.0046140971865064285,-0.004233673661438314
0.007131619815395093,0.0009468631229508114,0.002715214072824361,0.004105445007534636,0.005791306508414065,0.0030860953266602684,0.001678647544921323,-0.0017748533225771374,0.006338674951802717,0.007467518194965893,-0.0014369311772176711,0.00264781687768621,0.022126323425011224,0.003754468627152141,-0.014168580623666693,-0.0046133856833141295,0.004106824044324729,-0.003767931723971739
-0.0010136160868576718,-0.0013442972549862916,0.0002442035650331707,0.002704417384785539,0.005342732777686432,-0.0005057224005975496,0.008484268703692696,-0.0006379327892323745,0.00335410744110622,0.0018657233205599689,0.0011225666986967794,0.008281640242266661,-0.0053157836333955245,0.0022867444123333006,0.014252692055711863,0.0015909634200424112,-0.0029034140210936208,-0.0027021279909275817
-0.0006221498713728553,0.0014346762218601667,0.004100006105913043,0.004473885014436551,0.009804362909066368,0.007492867649942293,0.0049429279152564945,-0.004702204697256061,0.003696790807276612,0.00041520461061646545,0.0018603103135688525,0.007047358878861864,0.008792677319761109,0.0007746737719359905,0.009427729488423242,0.0047710778477428285,-0.00011119791513566772,0.0009654751284171315
-0.0009596429291932998,0.0010012516543442208,0.003145653125196162,0.003274269014829174,-0.0002952601403507165,-0.0007580079520974832,0.0072587083454204535,0.0,0.0003557948890891711,-0.010811031476070937,0.0017433002522733903,0.0016393508194121895,-0.0023499604685235016,0.011329191656326551,-0.006423606212339202,-0.008089874868051048,-0.00101784616880647,-0.00468893954090463
0.0051126478449341674,0.004953310830058596,0.0027242687328814016,0.006078636378045616,0.00669752820889542,-0.00353118565155224,0.007269291752706547,0.00756589205696158,0.00143112557955402,0.002403249523202215,0.0011196499346594973,0.0006469419312065723,0.013012663083377382,0.015753000590840782,-0.0014268810180772115,0.0037789451317992483,0.002428580284278976,0.0009211987296866009
-0.002935711603097546,0.0015700551252575377,-0.003622352424790183,0.007656132397766521,-0.02482527716871336,-0.025256925335097744,0.0026404661411185697,0.0012616610109444006,0.0019453318135811918,0.005993588338210087,0.0027060870158913757,-0.0006753029138900905,-0.009357966927429387,-0.0038252068633046732,0.00516354839323854,0.009395700285065249,-0.0043516297423707145,0.0014663638259417508
0.0035810006365874615,0.003896792222950943,0.003713609851564357,-0.004894650629416056,0.00534854478185322,0.003618542580173978,0.008441151595169671,0.005626432250341383,0.001247878523119697,-0.0033546680405213535,0.0011318563201265345,-0.0037513075643829798,-0.006351358135467417,-0.010768318635790242,-0.0008408780497096477,0.008687694308106182,-0.0018977919284413143,0.0028027541389130314
0.0017109713764445447,0.001864789212442125,0.00017625294758333334,-0.01240911864526405,-0.012469606742315398,-0.00240751517940132,-0.00821193838303752,-0.0032780713602621895,0.0038849842633000673,-0.002445960155968138,0.001495023876928206,0.008044110395393635,0.015052598966844842,-0.004954593080694253,-0.020686844148808056,-0.012248050292223195,-0.000289602648986994,-0.0030577527184498243
-0.0020364407381390543,0.0005513566202006821,0.004085828511383327,0.00797144798884549,0.007449294266919131,0.011355019514541492,-0.007768730397369187,0.0006080404837075023,-0.0040851168261543565,0.0030180194616064734,-0.000402912026165103,-0.003486172552842727,-0.003935427894466276,0.005240419387876331,0.01928086763896951,-0.011548680874023368,-0.0011388477038481969,-0.00830855193771014
0.00807615654393595,0.0011972750865343268,0.003008141483058405,0.006120124796754029,-4.3029775395670277e-05,0.002370268458078469,0.0012923660554838392,0.000944139533779134,0.0034934850968703574,0.007727536365053247,-0.0024779130674780375,0.004110250463336038,0.005373195528934606,0.017693339309242502,-0.0020898428908213912,0.0007788486542810545,0.010482313186953227,0.007866964928657169
0.008946321328348276,0.007016118702386937,0.0016633596786307242,0.0007507578692307464,0.0,-0.019065167624719898,0.005981750111426785,0.004611047030870317,0.001741274781416531,0.000938960277875653,0.003552986778639828,0.002184895427326146,0.0055603237887940846,0.0007790822484613243,-0.005371759536671667,0.014643325350958827,-8.135279610689524e-05,0.004048161096479305
0.00526949711952756,0.0039042114934667647,0.0024374260715354697,0.007063487697427962,0.008488507733065902,0.006271114566976972,-0.0012355336613122314,-0.0004269805657482706,-0.0019459896703036487,0.0007188286840095386,0.005579488460103147,-0.008620495420862405,0.007876201284797924,-0.001293812735542094,0.0058165660004580915,0.002994554906255486,0.007025390555584259,0.0
-0.010148050370760522,-0.009573130051191826,-0.007744547208787913,0.01623706167122417,-0.017332768445675554,-0.01901047940149767,-0.010606968915418399,-0.006870469182711933,-0.003604324740692865,-0.008755375580993213,-0.004926080361122866,0.00693078438347678,-0.01898465140157181,-0.019365529915401233,0.001516125229168088,0.0014362259917005244,-0.0030159787472130986,0.0012131964443938686
0.006539742131320539,0.00229603871132228,-0.0005706956224258448,0.0021273569616635005,0.0036055151459817238,-0.003622343613508593,0.006770330544826182,0.0019492598423606316,0.0060076782480942195,0.006974595368026847,-0.003777236943410138,0.0012126089467886648,0.003188910156025568,0.020207994652499534,-0.005547351842151109,-0.006052091452210269,0.00630842859993734,0.005824088683174654
-0.01385668983502769,-0.010591595930945058,-0.004849007797293431,-0.01047081188397749,-0.037915727687434536,-0.011351299928282241,-0.014364698768909471,-0.006190116639543221,-0.0056447574827485705,-0.0008587986837454073,0.004047658056743002,-0.0011310568238448832,0.0006413016800910057,0.00635569814228186,0.011073234808786796,0.00416698392375238,0.003509229341972634,-0.002755519700246123
-0.001917241021822718,-0.0006812389025575708,0.0,0.0033316278307143326,0.001339382639322123,-0.0011355249356552392,0.005108502526219835,-0.0031152576792730616,0.0007750542403283498,0.0005810863244917867,0.0009002252765320828,0.007780946526516155,0.016645067596502333,-0.0021468179672843035,-0.01998122594386987,-0.008980751031526709,-0.000401598956163641,-0.005343178237269831
0.0008411919858659929,0.0,0.005384175914860324,0.011071675914971739,0.005159702381315305,0.005158387494413462,0.00030803475833937204,-0.0031601271489453244,0.0025293363319405975,-0.0026803470196204776,-0.004841539529811656,0.001133672823344254,-0.00276750954849921,-0.0013572027505083053,0.01517604524445938,0.008786919606459198,0.002980335092299758,0.00754225678396063
-0.0418185014416115,-0.030313998253058142,-0.025442787766358128,-0.007704798296542782,-0.023129273786861367,-0.019483566254450368,-0.01577031303925928,-0.011801373398374134,-0.009214630084239422,-0.010660527101137046,-0.005311239041062848,-0.0018907561847125456,-0.03864761621047704,-0.060677164303334793,-0.006902451180000164,-0.003697901552818598,-0.00012136665370529658,-0.0028723984630903976
0.00067235072716765,-0.0012037126594983993,-0.0006157781613908645,-0.00346595886193504,0.004805802522434557,0.0027262911139552272,0.005144162916226992,-0.0017228581619814882,0.0034230019747287636,0.0009600744082148824,0.0035894490108576995,0.004411379162645476,0.016929139265469087,-0.0003273161095934256,-0.01214666140058407,-0.0012759393926350835,0.000929273959484342,-0.004717800802234471
0.009672480895701633,0.008708796929455424,0.0033082480169386976,0.013752202843102796,-0.020754841537917536,-0.010711009983520257,0.007878241262761041,0.012802628243118395,0.0035626232871318587,-0.0017955478536355043,0.0007999818506643953,-0.008280651598102736,-0.005829071319486264,0.0009966858532932427,-0.008419906484903936,0.01506171734331606,-0.0028843504674536135,0.004654092235648919
0.003648407544045909,0.0007523209970036935,0.003305060800086314,0.008507722769353727,0.005564239939845464,0.00740821475944831,0.011593052395132046,0.006610205173606601,-0.002035815168258127,0.0037824564116227697,0.0010541728653382383,-0.003570232626310148,-0.002606663197873384,-0.001557933094909115,0.010575163976519537,0.021036883781272882,0.000309209749317841,0.009481368473137672
0.0026339787823277025,0.004879456587538846,0.00470022904256965,-0.00557618036907662,-0.02628488451063809,-0.010947568494641013,-0.0029289173346801183,-0.002879381043180705,0.003030617158760488,-0.005552467283370621,-0.0018856540240567749,-0.0032199431475394046,-0.01081277216659113,0.004109561636129403,0.008274555108616759,0.018134648476856093,0.002701088271247692,0.009117925858381688
-0.005687829687850401,-0.0008604452285179553,0.0004915515501369915,0.0015589379016540833,-0.0011103575168892818,0.002524859507115816,-0.002943594739916596,-0.001639284511141588,-0.0015965859405265926,0.0,-0.0012822890793734055,-0.0036005685446259686,-0.005302146807907445,-0.013138628234193695,0.004713257686778253,0.007561738765305625,-0.0010074243773801927,0.0012538693194824903
0.0017672485931324142,0.0011809801153420552,0.0005994437478260924,-0.004771868675686264,0.0069726421784969345,0.006810799238397664,0.006723858776441475,0.0040930605788203345,0.00035996966804262894,-0.0018207277607970769,0.003321362632563649,0.00224872668720058,0.004514001306819883,0.008382557319846355,0.010858146118486556,0.007263347229806458,-0.002433790138435722,0.0011858114323897648
-0.003437995275551819,0.0017513375335694828,0.003224149434195863,0.011435820825177974,0.021153738874746003,0.015423276603166742,-0.010038427812756292,0.0012209639014967315,-0.0007016374306341397,0.0,0.003178125783381065,0.006652503550499869,0.0,0.0008407867134191601,0.012272139756805881,-0.0032444715507227045,0.0028191623448088647,0.007566332185276664
0.007649182850879353,0.0037761307414586076,0.0018471656853225713,0.0043874782069440125,0.007153119335317769,0.0038497421721412775,0.0003101704744134342,-0.000863930324012692,0.00037062126666041143,-0.00022046829386069118,0.00369452219729242,-0.0034135296495048507,0.02013707872519773,0.0006140073637612694,-0.015639755068667088,-0.005105808152443265,0.002926089457744898,-0.0013035122698174667
0.0075208073910322274,0.0031660830889927603,0.002348042440107468,0.0012462648539522938,0.0016756780219051776,0.0018746586943205786,0.00936187645177438,0.005442554379746676,0.0,0.002457170150668292,-0.0018328004712253464,0.0032806875167927284,-0.0025618276976292795,0.003398057356358942,0.01313782904025828,0.014276146764543423,0.0,0.004687546662966918
0.0025569208111102613,0.003114680250807125,0.001609771403782974,0.004319401433474774,0.00956808862344778,0.007101534365746212,0.005056499745406809,0.0030744659659551273,0.002501597254113439,0.001497164481865348,0.002048044295566559,-0.02400726218064613,0.0127860604170007,0.015624628437854754,0.0021019743032217914,0.0004612525120537965,0.00045806295399230396,0.0
-0.002060115682130493,0.0,0.002681358561233952,-0.00450936639035002,0.0,-0.0007219352508463215,-0.004490888797018877,-0.00302146610480953,0.0018934496492302745,-0.00911977445184769,0.0013168349082092344,0.0,0.001167375576603258,0.004176182954102269,0.019059682404976436,0.009954427963090606,0.0028650068318088083,0.005224246224063422
0.004592794407879806,0.00310792421549677,0.004311414610902305,-0.009332633965053018,-0.0039293624835933984,-0.0012955013975951015,-0.002628107771475864,0.00012693332545102586,-0.003349186704411959,0.000578069384294019,0.005453811913686519,-0.012832674822416254,0.017149815106350354,-0.0015210911752568234,-0.01724920642303679,-0.009382157567378159,0.0014788908374277277,-0.002240511744200188
-0.005983907347664309,-0.004229568225554562,-0.01180071333082752,0.008046916682976501,-0.0018528635110509613,-0.0011926792570730357,0.0,-0.004346571893283596,-0.00936485964312837,0.006131941857004642,-0.005352271303837797,-0.009126229192212584,-0.012089343753741849,-0.002563139919102254,-0.01493800637199137,0.009477446996891788,-0.007168817643065086,0.0008182089889247068
0.004420613496254944,0.001276495815188061,-0.009396908790368868,0.002057380274660238,0.008313353635562968,-0.0025180231942371362,0.006274905261338706,0.006531273897345509,-0.000318086582230863,-0.009176884120390161,-0.004501820927666153,-0.004144636795274395,0.011461245152844737,0.0030246478043906744,-0.008267994438439044,0.00717784867325053,-0.0059123937752341696,0.0017929544728031354
-0.0031670769301718154,-0.004761252899748022,-0.018454655192090254,-0.000903992264022388,0.006396378802947416,0.007485856639202982,-0.008724581224956736,-0.005692584578495648,-0.00441662625213174,0.001723572685869924,0.004504274472711501,0.0025673694359241127,-0.015910717435730453,-0.038348270455320084,-0.006156204860898024,-0.004084705599193326,-0.005541872473360698,-0.0027062509560807496
0.0006462382000093201,0.003209446808088306,0.0028836999416194434,0.0071358456969426165,0.004637485348223206,0.003357859131262358,-0.0074854159157498965,-0.004216273007473682,0.0017977761510059491,-0.0035247963611985907,0.0009168330956547436,0.004480102450314258,5.181930193265189e-05,0.0,0.007717583867836805,0.004420039373710591,0.007167830079346318,0.0007738364722580104
0.0,0.0014331784002583558,0.0016509893621807995,0.0003245288367915809,-0.0005211207639627437,5.4894686141571924e-05,0.006554633194426191,0.001444559921177638,-0.0008772781688460475,-0.004630632924432887,-0.003383262984999945,-0.0015051347919525135,-0.002692507465083124,0.011661354778043509,-0.010391684980911219,-0.010602436075832325,-0.0016259988165370414,-0.006380993862102781
-0.0015237511632110096,0.0019971378297376683,0.003036941277769372,0.009617643865409135,0.012130919275082891,0.010681035363765388,-0.008300927440961293,-0.0011237822359880273,-0.00024123475199067177,0.0036236417307667045,0.0042618340919466265,-0.00262463328347558,0.0,0.005456332038884391,0.0197559639183847,0.0031425597079645785,0.008779598518186257,0.0
0.009954282953263541,0.006018498957583395,0.002160697615942198,-0.0009544998497097134,-0.0028473147076753824,-6.670392509271368e-05,0.012735614699268432,0.00898801819360174,0.004168515070778706,-0.0014873505466959887,-0.005695340169794095,0.005586990175141496,0.007648665755000691,0.0038768413656161556,-0.01312657562711324,0.019150960437053114,-0.003344322639765232,0.008160465837686391
-0.0022858701805312195,-0.0002451390178762971,-0.010286627833671102,-0.01211140132100287,-0.024726199232296783,-0.02042629958587915,0.0019475933374386008,0.00560434461336625,-0.005191079991753777,0.0016016307980601578,-0.004786819486335453,-0.003827411634253698,-0.013730241367067204,0.00021929771186027176,0.0012667293106299212,-0.011351110650218531,-0.007621245323886664,0.0030242373184926202
-0.0032004337920021235,0.0,-0.009369667282883342,-0.035896599204757094,-0.03542135725725471,-0.010070731536372099,0.0022543114883088232,0.007803556692316852,-0.005836101743232771,-0.0002758221694559593,-0.0009286998402909521,-0.003031985450695689,-0.024552076420918497,-0.010882929117030617,-0.010949018694993309,-0.009157622528356143,-0.00855804501438057,0.00048368217731040164
0.009933224831789614,0.006042557399141866,0.006908191929404757,0.013027743769437689,0.01619171429517348,0.006527664777965774,-0.0022166729181914706,-0.003198809618220252,0.00432363930739222,0.0,0.004427867252614447,-0.003544553607514222,0.026490143881012066,0.011741506574909051,0.002363790283557321,-0.003829766811803699,0.0008762201562454741,0.0003287751437834052
0.0,0.00026324138502059044,-0.001333845289987645,0.0036246623809914765,0.012221088519596055,0.010678505549702318,-0.0033385617220827264,-0.0005727085199776247,-0.00570692510670755,0.006614025562734515,0.0002452767839695736,-0.0020508755091120895,0.019942692021828967,0.0042199914176245,-0.01502314667195163,-0.003819723687323494,0.003264217611456149,-0.0002648673177110643
0.008848050063715838,0.006912523628861239,0.007509089484742819,0.012136385534639126,0.009651526436332106,0.007922421473948,0.0048540985707350845,0.0029005175943789844,0.005141227537051039,0.0,0.004815501699007939,-0.005347304300328444,-0.0007122460991965867,0.006668753571173447,0.016521877070142493,0.020973522366454934,0.0037909882097242726,0.015610888924548469
-0.01356065193569052,-0.012112574313174886,-0.010056567508146647,-0.00839598336803587,-0.021648753217246512,-0.024498474099122553,-0.013842542440138921,-0.0064759901160335006,-0.004396378880057985,-0.009183227407438953,-0.004860450825650039,-0.001244584142951045,-0.026045015273940063,-0.035257643471549235,-0.001882065224279156,0.0,-0.004378181098183667,0.002969442127583849
0.0005300689074661808,0.002286696974497079,-0.002485435559935473,0.014207105351001234,-0.00841095711073099,-0.004973303812526086,0.0066139124695151425,0.007441338977052163,0.002896934347189933,-0.0005732716574701711,0.004052939039464274,-0.00851578751800276,-0.01351436011827852,-0.007260593043449373,-0.010839350113290158,0.011797794969747501,0.005165732742718409,0.002356302714888481
0.003776783483596505,0.0,0.001470931956747836,0.0,0.001602742906277555,0.0003729529549386522,0.007212651598007468,-0.00352010591749831,0.00215931212531109,0.0031468737365152838,-0.0028329277127497627,0.005726543803786817,0.018029301806674194,0.0015515065548760195,-0.016088385599587092,-0.006604667269783973,0.0016477841165238169,-0.0033556409989870875
-0.009361520141292436,-0.006628897862199002,-0.004247366399799522,-0.006216374873358223,-0.032078077816433445,-0.0076286981253896585,-0.010942142712697245,-0.003454052975300587,-0.004315243997681948,-1.3887964686721782e-05,0.002169073491341131,4.376113657584773e-05,0.000573529779731094,0.011453079002444508,0.012481529553440581,0.0058963726998330565,0.002773152243503635,0.0
0.0027830559803445885,0.0012052240011058949,0.0008006508084450536,0.0033701430239856233,0.0025183136223999644,0.0005306204949592852,0.0060220830051629605,0.0025206948027716525,0.005931349424356535,0.0010337134203694542,0.005823428455666408,0.003763041149521795,0.011287871694738117,0.0009305630347099715,-0.010874374578386062,-0.007397183509621444,0.0007369774051904616,-0.00262612225452458
0.006145175165858854,0.001994323846168364,0.003872594557208933,-0.008064432026438707,0.007963258496956036,0.00812441203224719,0.005391824069505057,0.0035133335758236748,0.0028536791493830815,-0.0008867401383840122,-0.005844916377329705,0.003551104088736406,-0.005011485432740907,-0.004521439373687324,0.013217104917839104,0.012895036644153082,-0.002410201047480595,0.004909356313979471
-0.0010274547952056504,-0.0005301383736632465,0.0020933380049056524,0.0042185596105896285,0.005079359815517066,-0.0008056102026046615,0.00669711833704193,0.0,0.0050990664529410356,0.0023121495072679103,0.0019380368051867597,0.0015347058729683319,-0.0032210116645520724,-0.0012451270310745053,0.003444003821446919,0.0012885274989670376,-0.008920705502179278,0.0037036038073193674
-0.007428803068883376,0.0,0.004734429046476487,0.007257792040170059,0.01181328637414969,0.011933438013395654,-0.007064747710241222,0.0008755705732231861,0.0020474985066294723,0.002732913760860096,0.00239259735064334,0.0024367092179952508,-0.002392162345851468,0.006710022992158708,0.0090155153195799,-0.006008695487250234,0.0014508369643354072,-0.001581730111957405
0.0011724646759640783,-0.0005160897730511715,0.0010334016264513086,-0.008707763922401792,0.0012808846959161868,-0.011152244746218771,-0.0021894750338733665,0.000656464087378167,0.0013172562143055077,-0.0012167796910986038,0.0015345808799880397,-0.005329876184636365,0.0109181079156436,-0.0021248644351631873,0.005116217146971933,0.006613106545861138,-0.006596527827077644,-0.00310161867002106
-0.007923301200146485,-0.0014617790811574795,0.003296760963966537,0.0014740094168198305,0.003683699411271433,0.007730517600795246,-0.0087588903520673,-0.00034491355716271806,-0.0014795590770955566,0.0008643243794419723,0.002512042565220758,0.00520356248248201,-0.0034712816945005795,0.0017089062891638758,0.018997312132986888,-0.0033825019982578423,0.004831737241673093,-0.0018841627300402522
0.00149224063935626,0.00034792008110025703,0.00045297903255063016,-0.0058523678981653015,-0.018344776854350427,-0.002291190084881157,0.0008891631772978984,-0.0013139487230954105,0.0011274324625721354,0.0003311393104733375,-0.0017512883572770221,0.002596790345678025,0.008857592949634757,0.006027193629040349,0.0019243279828207907,0.003562643544548793,-0.005252775337464367,0.004115319692089743
-0.0015794688598742218,-0.002703480522906784,-0.001946916730893726,-0.010662904003440613,0.0032832576042659384,0.003974804800132236,-0.007193197317494645,-0.003362538218894453,0.00046536204854601804,0.00028762232784202877,0.0036323038902324745,0.004364378000637293,-0.011163850388674868,-0.015845274300945986,-0.0027745341300372366,0.0,-0.0062566735880971985,0.004285532221656993
0.002856709674874513,0.0001652517854180638,0.0,0.008186660327767112,0.00837440998222669,0.006779789052232278,-0.0019949766181062917,0.0003099684235137541,-0.00043367199328765536,0.000894060915892155,0.0,0.006156431534249246,0.005660530986683705,-0.002073551255001546,0.006664183098937015,-0.005832672216126982,0.0044758267531077745,-0.0024136206624050527
0.008526755200848793,0.002673278803023593,0.0,-0.0024096451702115404,0.00019892867337021038,-0.007875376067705851,-0.002459026611209035,-0.0007801417194286601,0.0016066353477493362,0.0021662827494659865,-0.0003876063316359578,0.0001054934614803419,0.003885836971587427,0.017152046233620183,-0.0024579492377108203,-0.0019240578286383243,0.006064701460975619,0.008622333302700548
-0.005096396518259955,-0.004407763803258959,0.005069135137342333,-0.0071359253944698635,0.005072480406835158,0.00527855273137806,-0.005130634177100474,-0.0018744286941937143,-0.0014021200593599072,0.005287969155540666,0.003454023043568198,0.0006867662219093167,-0.010151631179545111,-0.00846330765174415,0.0022532649928101046,-0.003633147413721561,-0.004961818265863486,-0.0036449641552382846
-0.0015769903734862924,-0.001673109708867475,-0.001249740655862225,-0.0007296925013824067,0.0009427056948429569,0.002590021535547529,0.0018234496051632203,-0.00021601484303812279,0.0006490996062852877,0.003597404688534749,-0.008597235114376853,-0.0010718721056783783,-0.008432670058823928,-0.0014707806622449567,-0.01984526953190113,0.00048571920154895517,-0.006651837771058562,0.007853919320695756
0.0014514626765708665,0.000659005976038126,0.003650524724464158,-0.007851876192333811,0.0031170625590805972,0.006693864096090446,0.0045072510002951,0.002025971500809459,0.003329522358445329,-0.009118033459025876,-0.004336255427346374,-0.008503044097837496,-0.011574793683504567,-0.013848879120375948,0.0023628643933221623,-0.03273915677485959,-0.010270046081727713,-0.0008543978046311185
0.0008121072859584486,8.501186867054996e-05,0.0027832716315841057,0.0011827336583966452,0.00019957874852646177,-0.004019005030797344,0.003443045455244713,-0.004898670905232628,0.002080047922899052,0.0018853821762651352,0.003398498101502437,-0.009987214610455953,-0.0010196818160857887,0.016853248721915928,-0.0030513364406932245,-0.010508057542329969,-0.0013516496195255768,-0.0027184015900530486
0.004281970038040833,0.002973113545740812,0.0026206313670535924,-0.0004146798086344655,0.006182942278995854,0.00644733926398484,0.007091486397923506,0.004253128373220844,-0.0028544655533730397,-0.008711775202848278,0.005935394651236229,-0.00615277093246903,-0.011082382027674718,-0.00886915777117106,-0.00340495853841509,-0.0006755479908933159,-0.0030702689987531823,0.0013403088910145062
0.0008048216845035618,0.0011135271929923203,0.0015967651774863975,0.001507525431832898,0.010171734772972705,0.006309957883818397,-0.004605526804528678,-0.004032499316617004,0.002331645355373616,-0.008139744095588545,-0.0023174295882219306,-0.0038394313448494267,0.003850128595030492,0.003649315437748171,0.013153232117927217,0.004796497667232182,-0.0020827740936771016,0.0014389157695198426
-0.0035561756722058686,-0.003919004714627674,-0.011132330943088057,0.0103465791525616,-0.01644875795986781,-0.008148881861704685,-0.0006641556207041948,-0.004923407967272364,-0.00010849434682725647,0.0022034919731423242,-0.010714080561222255,-0.013680971797452392,-0.016301254204368537,-0.007609503443080889,-0.03094425708515989,0.006759475302851451,0.0,-0.0027329481535459665
-0.0009011537731335539,0.0014117446209814472,0.0028638141687406366,-0.006110629749392725,-0.0028137474944256884,0.0016463226141782146,0.0036173317125755555,-0.0005406324977736794,-0.0019142837654577095,0.000763054234603928,-0.0006366436176339424,-0.0030788998313555226,-0.007526611315088682,0.004028258001624722,-0.00651191056675682,-0.0103720570009816,-0.002485354949759767,-0.006223845969967629
-0.0007353600446215576,-0.0013023626368653754,0.0005039438195571002,-0.00960787184667371,0.004276399926363298,0.004391386682164696,0.004138780288895666,0.0004740131493594253,0.0045206753866926155,-0.004181190576476183,0.001691594001146328,-0.0016870276564147036,-0.008415970333647499,-0.003607601808275847,0.013718156885935221,0.002729235923787855,-0.0009204946572623746,0.0016588656935691967
0.0038986593864050274,0.0026555830768477187,0.002035570160636708,0.0016148619492715166,0.007736531567904007,0.00691846348434563,0.00886058902458267,0.0009677903169304569,0.0018498431667909542,-0.0005232964193001362,-0.0027421959447638047,0.0,0.01117470925823147,0.009289146890613852,0.0028288526199263995,-0.01003021095753276,0.0,-0.0016533216247549762
-0.003331961676200885,0.003594355727081365,0.004417395092562848,0.011037633797006606,0.021355122614207144,0.014610482063435194,-0.006240413502967318,0.003393208835173349,0.0018147385371169646,0.00039878196875012885,0.0018886934643056387,0.011638149973953453,0.010599334999038739,0.002006733326792424,0.0005155396186636715,0.002466856992837587,0.008176697082851427,0.01391137888036173
-0.002649334074856965,0.0006068791702126042,0.002944611686674074,0.001503048749503644,0.005079088759960031,0.010225183409759791,0.0013775157128800238,0.00042762217450388726,0.003549173090271677,0.0022434752564296874,0.0015733157605997501,0.0013004042240738684,-0.016195129778503736,-0.02280266013786591,-0.0007895616086478047,0.004050123266016614,-0.007618003065070839,-0.0035858621288836715
-0.0010772459982649678,-0.001440592209845042,0.0018307355256303717,-0.01015595070062328,0.00174720940621339,0.005857704933432887,0.01265108053540664,0.004836020620916708,-0.000708050577642207,0.007941565830581108,-0.005727508709770279,-0.003916809130226229,0.0022696259986953295,0.0014101421996155924,0.006107941031758796,0.0184784002557021,-0.0044264476186135744,0.008163036689890976
0.001308675135291698,-0.0009310526660734715,0.0008149818156601339,0.0015746422918843821,0.0004900818843609952,0.0003518478698770746,-0.006412661803333812,-0.00508409744916709,0.0016621262794719058,-0.005913893368418173,0.002091394576610932,0.0028747350092547127,-0.006201961695514052,-0.0029480107959462165,-0.009218665069051684,0.00036010158430789394,-0.00541367342599031,-0.0005722552712343031
0.005260510037580851,0.002391360487820251,0.0016878756845139311,-0.0038058046076250227,0.00450765775373405,0.004129661615975695,0.0026016516715580943,-0.00038550771256129447,0.000907385081767527,0.0019581669576706966,0.005572154395372564,-0.007030537714450217,0.01824180553454815,0.0032619919546813623,-0.010591316383752023,-0.004294022634501554,0.0015279788033991577,-0.005519347214963624
-0.007368191617656561,-0.005534284489562435,-0.0017083853279175152,0.00764664588976222,0.013924842672889437,0.013291131837688751,-0.005491521509209403,4.802572549612049e-06,0.0013667845854390373,0.004971859380796842,0.0017994429564724267,0.012754270649984542,-0.00814668388655389,-0.007846255658945374,-0.008372687513494579,-0.005830243502815984,-0.0007421317114877994,-0.0035200344916459826
0.000588469884927796,-0.002433321105399157,-0.00197767358580142,0.006368269203010585,0.005087786117878741,0.006512509257841002,0.003485065545967435,0.0,-0.004771483972170592,0.005810491175188749,0.003062940710563964,0.004373020662546069,-0.015039157804146356,-0.007773669474442969,-0.008033114276702096,-0.029416679728407166,-0.008541689641011157,-0.006534317613671792
-0.0038802100117553092,-0.0006899909856839883,0.003531290565112327,-0.0002529736194675984,0.0003954324127104079,0.0026718045690910398,0.002770750446150331,-0.0015110139219408423,-0.0017984887022726222,0.002159132267409352,0.0010615296485297727,-0.003978363308000485,-0.002673598052287881,0.016097806605377702,-0.005065034893971214,-0.011204728525671455,-0.0005719832035286969,-0.009516406375844732
0.0011686566217676457,0.0003160037085031851,0.0013980520775080125,0.00896069272902836,0.00105470003113099,0.0,-0.0004258700144947401,-0.0030913372684804436,0.003535521098254202,0.0012165040181236256,0.0044585119104329895,-0.0013249774628947108,0.015901382095801334,0.0021881350929677363,-0.014194064536416185,-0.007252782783657411,0.0007723410333620197,-0.0030577608996799864
-0.006159689708815326,-0.0027151055711766773,0.002988116029570749,0.008292842829206806,0.00667191973731988,0.007501454744643978,-0.008285793905202959,-0.003312443742412224,-0.0033108785176816933,0.0017199842666085945,-0.00044452166143100526,-0.002318105508614127,-0.00559860028624141,-0.009034750092327393,0.005353721779469109,0.0042740408364990625,-0.0055335422799173166,-0.003551841520854134
-0.009546410274914666,-0.004425460725785723,0.0037246822921988137,0.010486158278824275,-0.012398436834003455,-0.003163636989579359,-0.009987343010660335,-0.0006604807652638096,-0.004494764497823385,0.0,0.0006356603701624495,0.0009101653731195324,0.008389198265175068,0.015256307314159985,0.013675328355598926,0.01595562568546025,0.0033926617883658717,0.014282920204925477
0.008407394964040407,0.004938078044914103,0.009730312463436756,0.012568186932988565,0.018231665808154773,0.0013024852567854656,0.011012896355573369,0.0020477649184826967,0.004746556761786588,0.004392249254470819,0.004171209860698212,-0.008953808941535005,0.014833368567027405,0.018360070866571793,0.01042364025767576,0.00431031303116875,0.004027364308824205,0.0019434488678222034
0.005405088330360319,0.005845739914073163,0.005277953370521589,0.012077672362160096,0.01754113219521341,0.00944709232687665,0.007227032043764286,0.005883810836965491,0.004015799787953019,0.001322697438768412,0.0024240079962284944,-0.0015217729182066054,0.024138103216911094,0.011292292705426159,0.00015044012360419364,-0.0025898880819016736,0.004033267318419467,-0.0010607140760881956
-0.0018157228993220035,-0.000536991678161157,0.00036094974560303976,-0.009454128906982993,0.0007600401876019317,-0.0009991063727360142,0.002996504699156335,-0.0021845673181658727,-0.0010293904289208158,0.0021224815609135403,-0.005197580863894528,-4.166747710777945e-05,-0.008814566825233388,0.012007293468501951,-0.008691757994047068,-0.008954776625881539,-0.00174914869276877,-0.004907691312645776
0.00556275422466102,0.007653369075027846,0.00814613553456395,0.014425364515854182,-0.014241559271369135,-0.0035576656613879255,0.0,-0.0022916836419043713,0.001248605115611461,0.003259487222523013,0.0028246983131858007,-0.0031623555299969556,-0.0016876311109175813,0.010032626745690236,0.013205983792124648,0.017905582035531685,0.0028303932521473135,0.012043567133358753
-0.0008564793328165185,-0.0018664277054551367,0.007242465922229545,0.010736364907094188,0.005600994654260156,0.0031965225487703675,0.00525838701746691,-0.0009996755774493798,0.0019296597242290056,-0.0025468149093071783,0.0014285088703402586,0.0038253231636469847,-0.0026880923953709773,-0.003529632732983711,0.02030778286080635,0.00930304686908961,0.004157637668959515,0.0037851961074359397
0.004349129347784405,0.004103583743527399,0.0031216732579818335,0.012271865256083083,0.008222000614247995,0.008503761610228842,0.00840421735638434,0.0036913750720762163,0.002108756891457419,0.003025042323238421,0.0,0.003477134009972045,-0.0014947721330352416,-0.0004964693833541131,0.015516751293437993,0.021945269455551305,0.0,0.010191263388412211
-0.005133706666749477,-0.005446885376483875,0.0,0.008388356909213357,-0.02668109456435739,-0.008398501035076004,-0.006142126871878102,-0.0015999442789959091,-0.0006852216931545078,0.002379126240206908,0.003163300743476665,0.0025873455476605398,0.0044156008719476855,0.0036069640388779693,0.007560043766224555,0.0033261590571593497,0.006569336430347652,0.0
-0.00979806562268124,-0.0035646376963317564,0.0019552349526212706,0.0018249202562766642,-0.002092978312364252,-0.01580298653105855,-0.0076336233796093275,-0.0005932972877296549,-0.0018860002467709354,-0.003645578891355856,-0.00524634938323824,0.0033274578093761492,-0.017565830877802925,-0.024579339470673922,-0.0006872216169568496,0.009607679704447866,-0.0038775122035642063,-0.0021768037639623705
0.004125076998685629,-0.0004605004061124736,0.0,0.005924530300136884,0.007981311864373852,0.0037678944210133465,-0.0018345987876092298,-0.0001724814377931395,-0.0016235725889252042,0.003507080158729648,0.004184988528671535,-0.0010682616472408848,0.02138649255341754,0.002151756527956299,-0.008127900453285477,-0.002590518590360456,0.0052562800711383455,-0.0022332924826867703
-0.0009404687821162966,0.0,-0.0015431185799805213,-0.008660662306810382,0.003855288398239723,0.005246581566063548,0.0,-0.00019650264040094127,-0.007772720445250628,0.0038456186255946276,-0.003750591285350541,-0.009104802095023566,-0.009482902214137442,-0.008362157838791932,-0.002890411346183652,-0.0128889729203554,-0.005833681610704191,0.0018820604250002898
-0.0008036126675996875,-0.001900831337511793,0.003939717930617364,-0.002895191151994626,0.00575215207924024,0.001918038397135315,0.0066953233236333835,0.0013186434762445555,0.003602108850231973,0.002491022086819464,0.0024894416178723256,0.0032361414230279145,-0.000737153214226563,0.0029054144536880245,0.014327843571169289,0.018861357417887088,-0.0016019622884793515,0.009376216907946058
0.0003533781802236762,0.002202266783538104,0.00110061090306327,-0.0004489620549289378,0.007953056613090944,0.0073307090355195625,-0.0050788294333929205,-0.0025939796679339115,-0.003190509082041137,0.0045209361096305075,0.0008528933774022342,0.006230108049359962,-0.006217149841009963,0.0,0.0051226898843239315,0.00027262235289149704,-0.003105217543634697,-0.005286151509263745
0.0022180441683505594,0.0017254173246442602,-0.0004521865726768476,-0.0034261281570491997,0.006600939804097945,0.00666594534894473,0.0068503009289303295,0.003164947972591462,0.001393616812186408,-0.007203178931064211,-0.0027966859721141046,0.0032334875058746063,0.011578737059524327,0.005002570814083667,0.002135578725835888,0.004979505615624487,-0.004183698137806319,0.001138712571028759
0.005629809958425407,0.0013423817488322823,0.0027729663385742194,0.003438815247083956,0.002135279824156621,0.0005256867903501231,0.004026447569486963,0.0,-0.0005027700878525893,0.00758238606499614,-0.00024195160559568969,0.003298268382581766,-0.0010938147574515434,0.016823408099325803,-0.005603239281213715,-0.0019084002642160685,0.00892944020966524,0.008256389868743094
-0.0030843650056427132,0.0018832410547097533,0.004347144903348305,0.008069821111024566,0.005088021618213759,0.011631140728872523,-0.008187075088110712,0.0012178863887014845,0.0,0.006127133593436631,0.0021834517204709597,0.003358775032423166,-0.0022375091842136837,0.005594204151638733,0.01003718520518376,-0.006043245780162996,0.002552299475038619,-0.0037748355485697563
-0.0016868767598553778,-0.000927179670418495,0.0026405133157065084,0.002856692281136046,-0.0005576508107605837,0.0,0.005773354901166153,-0.00015752042270258005,-0.001314009036843048,-0.002194901628673067,0.0004070263104740276,-0.0032404063668399295,-0.000730784668453098,0.01658886597902933,-0.008729497770191951,-0.01331711898214648,-0.0026079500579582813,-0.0038296228683617813
-0.0020475323877978636,-0.002225691492619383,0.0061087513267752995,-0.013149246719671017,0.002078561000306339,0.0026517790686479046,-0.0022851046880377774,-0.0009519282027407228,0.006422905522548491,-0.003604732750105031,0.0007275161171076858,-0.007202193898939509,-0.009849240162355203,-0.004725601357580322,0.013727486954560438,0.0037654146817533707,-0.007845463643449496,0.001895674968318651
-0.0008356287135923521,0.0009071605493384701,0.001552580756268391,-0.011129046228679601,-0.0027524016397929146,-0.0015490073320213998,-0.006406712228099017,-0.0007067252372260941,-0.0028178479909379737,-0.002557614197914563,0.0006511904790247774,0.004330935441722846,-0.01341779968296114,-0.02518540307590932,-0.005863620152884153,0.007375815394705506,-0.007204757677052419,0.0007584114705130179
0.007226223743882367,0.0021183213441946036,-0.0017232046517970583,0.01416419514023312,-0.012938017094438788,-0.008622873534143956,0.004591494150986537,0.0038818726311857467,0.0025081828914158976,-0.0036927245984924814,-0.00019367662596225156,-0.004526406100725133,-0.009970101934209401,-0.00304315591231266,0.008794834535850851,0.013743244814619126,-0.0013323783617265811,0.006054824572653385
-0.003790485573539478,-0.001999784795796035,0.00117548171862226,0.0037818188289809236,0.012204489815934472,0.009699898804029165,-0.0072422806627668165,-0.000558293152900581,-0.0014604082799147382,-0.000842222272331684,0.0032893037989302934,0.005225888037187166,0.0015075389910170311,0.0013409294144587649,0.01930246188720618,-0.0022597805445120633,0.007232773671163933,0.0003793522880406047
0.004256863974599686,0.002479622911236437,0.0017412280428694932,0.01828201958413288,-0.018401024158286636,-0.005803401020015721,0.007352423986054831,0.009751464191024435,0.004178389265464533,0.0008976674579980337,0.0,-0.011055506048918338,0.015441111495285724,0.010974769698200352,0.0045086057923931925,0.001813496827954832,0.0022678181256835044,0.0003637107528695338
-0.0006525793917108754,-0.0015609638957935154,0.00319620098402563,0.009116367100597857,0.001801983456284426,0.0010844088033061415,0.00529910582369344,-0.001051218438711736,0.0015970694888402825,-0.005361539409963052,-0.0008943944557644781,-0.0036297266993742254,-0.005426848700382225,0.0031784584644041426,0.021488860121546938,0.010428341167010524,0.004717520677240513,0.0032397246961647086
0.006091979482712391,0.0006931918001536043,-0.0012950970047708092,-0.005325167808882516,-0.015212169651772325,-0.033255508412278346,0.0020600293323442278,0.00021824433979963066,0.0018442723322243796,0.008963563363822539,-0.00223193608234451,-0.02856166262344209,0.004835371671070804,-0.004050422226181783,-0.021167836028785893,0.004950884741536801,-0.0014935131927863283,0.000881997155405323
-0.01887286949388176,-0.011324157553523622,-0.007660717113424823,-0.04159936078279824,-0.054395271255182114,-0.02296919049632292,-0.017970969556884344,-0.006407642473945296,-0.011799711191471924,-0.004886720935951348,-0.0005785826055120516,-0.004414336895219355,-0.007899172185514475,-0.0004347266547240147,0.00871827671674955,-0.004281049626806613,-0.0011202579669878925,-0.011995782863874621
-0.012624520734907028,-0.013410740598981943,-0.011438164713398195,-0.0011525558025864827,0.004260390418872223,0.0037103455739830706,-0.012949744140292896,-0.007850464020127039,-0.006560258222157331,0.0,-0.0038821318305553424,-0.000428742595258568,-0.04789453507955574,-0.049694064000693795,-0.01304976130279082,0.004318915546309498,-0.008458933937663655,-0.009076415614081679
0.00045990263412642074,0.00203777570370444,0.004155179397841047,0.0031444598513110595,0.0035018052699443557,3.332505819694059e-05,0.005851412023898792,0.003416934195021609,0.0011974263270608538,-0.0017433745786712695,0.001150281803162982,0.001021416754687837,0.0029262750524090973,0.013826510483748531,-0.0036585969307735677,-0.007143546707391602,0.00028260929500074385,-0.004065204677863751
0.000489085422704917,0.0013255278041042148,0.0020769677708645747,-0.004136952355814452,0.002199302980597779,0.0029877311555605653,-0.0032447824804629436,-0.0022508632968706163,0.0031987267884112033,0.0005647335856440652,-0.001767344329279096,0.006616046153061927,-0.005479972110845001,-0.0033677029086871457,0.013797940308299958,0.002194477975210396,-0.0036366283134416856,-0.00178021640018736
0.002746906765580423,0.0026712456040881103,0.005107920926449185,0.003985275326586943,0.00741995506260124,0.012973356001221414,0.005141521735121561,0.0034945050747726154,0.0009504562636399558,0.0004794537568739769,0.00029703412672239446,0.004095584249984361,-0.00840631523349451,-0.01095972811214926,-0.001569285994036122,0.007342790707429852,-0.004912276927189752,0.0018051159397558976
0.0037448434784114037,0.004251289322929653,0.0010835291017697746,-0.012221961986184136,0.003398181664124326,0.0031262248971052537,0.008092074479345191,0.003057653732168664,-0.00210133426417926,0.003200293030230949,-0.01118786236760999,-0.00590821011777209,-0.004768092900087102,-0.008103342509882889,0.009922067299315863,0.01264387450696405,-0.00501102710806885,-0.00021390976252048596
-0.012938951495979017,-0.012021257348807868,-0.0026302853377290587,-0.022706996874277015,-0.042996524993836924,-0.026064878045343232,-0.017190255685409203,-0.004971984696887323,-0.003626374348340542,0.004005764443042957,0.002458746805249046,-0.004044228445359266,-0.016891441720523735,0.00046155580005697417,-0.0021220230803029264,0.003954778669617436,0.0029741454394256192,-0.009611875641370615
-0.005654722490098238,-0.0018903564450775277,0.002110931012223667,0.004078895916851497,0.012046338936041576,0.010921346854379232,-0.0043311799732004925,0.0,-0.0013143222352856169,0.00326071840209946,0.0,0.0054805498197404426,-0.0024624148418172457,0.0018497653866964845,0.018983407160324615,-0.0033193513446314257,0.005312630940251721,-0.0008375386622538686
0.005927639342922787,0.004081762223281647,0.0035170127410265655,-0.003814753362254749,0.00658704402068821,0.004283930998441882,0.010642701599719933,0.006666089512299919,0.00236425287136497,-0.0026545870831391496,-0.009312789301537882,0.0020935672763944028,0.010180018943390661,0.004029961049241486,0.000620808188709798,0.008383198047899793,-0.0018520608519943791,0.005033592711093021
-0.01509340487732372,-0.005268051107158107,-0.0003157989136668973,0.0009167703156059424,-0.005895463047378349,-0.013528059646133616,-0.007856778267182448,-0.0047372620519735556,-0.0013403442624384762,-0.0018619865830217187,-0.0010767313819802647,-0.0010529443101696264,-0.04825177790682971,-0.03792138353197488,-0.00582340472168058,0.009388006060847243,-0.006767995227272459,-0.003957262030462788
0.0028920667172790005,0.00147398294828103,0.004101187689660819,0.003970541755883986,0.0023996200223006204,-0.002790375509681526,0.005689531152523299,0.0,0.0042881854510807066,0.0006831777957031141,0.0033098013997673393,-0.018201761909841883,0.008892781773180354,0.011499964106194045,-0.00045466292069899154,-0.00407099670848785,0.0019675105011078948,-0.0029348791427110284
0.007116708063145226,0.0064497549201301945,0.007063095345003758,-0.02269031344504048,0.012150020588183857,-0.002206992795974572,0.00940289503569632,0.0,0.007708894568583436,0.006785267438986702,0.003070720196814364,-0.0028127961706368816,0.025767636869533,0.01980687377941843,0.008099279460105786,-0.0017463229003523023,0.0024878061967943677,-0.0026362641116573077
0.0005079907342341218,0.002677324792086338,0.001031609724114532,0.0,0.006562558781386733,0.008385166329278668,0.004746102485479798,0.0025817482287846588,-0.002771187649268892,-0.006168313805166032,0.0021022789828185765,-0.012551363174326485,-0.004100528121526353,-0.001470245982047065,0.013590877472133308,0.01802552274350605,0.0,0.010158259981233556
0.007972417541814714,-0.002718025098996758,-0.0022235179414320733,0.009315818480720084,-0.007747113859025906,-0.010963399328700116,-0.002334142288169671,-0.0035123106867231513,-0.0006770023689900424,-0.0012444975150715486,0.008491041835514827,-0.012163321689996006,-0.005893291546101314,-0.005975900169665734,-0.011219305592840473,0.010024930402549809,0.005205236820458687,0.009138554483787358
-0.001508351074161246,0.0020406474797824013,0.002856956766917879,0.005441047393308628,0.004097760682785701,0.0009260088083674912,0.006037352422466421,0.0,0.005405073103717534,0.0,0.0020996121520825335,-0.0030296979661363346,-0.0011890584211208045,0.003058587727207927,0.0206720150662244,0.012769568665251628,0.003951261409501383,0.006685277861532515
-0.01407458879428649,-0.009727068089114197,-0.0001590347992473404,-0.006581038528651553,-0.022100649780272246,-0.023915928812059294,-0.01103977569563037,-0.0036541817575542522,-0.003978686395555249,-0.005393412436633071,-0.0031105131460190576,0.0008359004375112093,-0.011747021140360282,-0.020074125901905757,0.004861507677641823,0.0009266469561419335,-0.004656041278222659,0.0004285854716487292
0.0017387361570637536,-0.00043837832816057083,0.0025331170593241694,-0.0029440066904481877,-0.0050491718604437396,0.003458379681893184,0.0072194017327014215,-0.0018479063452486887,0.004535069626719866,0.00030826405877096725,-0.00010784121066351781,0.006642961065841547,0.012659262738607895,-0.003927467112297083,-0.016937373375267722,0.0007799290543535715,0.002172647971896313,-0.0026732000769350422
-0.004907229797144355,-0.0027441433405854094,-0.0070717421221136575,0.004917835892861411,0.006376386376208702,0.01011711299202951,-0.007814076955965647,-0.0038635540592075065,-0.003743495184712102,0.003940749782686383,0.0002957240353323281,0.0036083024071003286,-0.009680693472569304,-0.02299814192741827,-0.003855329276111693,2.8055097639538915e-05,-0.004635056441258244,-0.0003287413935640221
0.0006660044154958068,0.0005271299970192737,0.00163097032936218,0.006017248318947503,0.0015555456880436364,-0.0037682202333001904,0.002565272676497888,-0.0011032444179868183,0.00201541591491573,-0.009758617546183523,0.0010184627480198205,0.003927159259920078,0.014263899486919463,0.0014404525268882048,-0.008940477287635655,0.0043247149484277455,-0.0019479481341575396,-0.0005945646297228335
-0.0008434340712315983,-0.0030510627379364366,0.0013735527281232844,0.008554895404489499,0.004776226059657318,0.004037729626577526,0.0011046936334954632,0.004198761718860347,0.0028661710952185685,0.0010740591251779327,0.0005744915894030487,0.0011902133127615813,-0.00280031026039188,-0.005701184897653303,0.01118990553730169,0.007393530576773601,0.0005650094680642865,0.006412158448383436
0.0024483746857868987,0.0036840836325405467,0.0047816757969299665,0.0036163164279417524,0.007131777629887823,0.009028905136308345,0.008672507343028135,0.004642973289968883,0.000262103796169169,0.0020129178258358744,0.003276156174069679,0.0,-0.004459942030055623,-0.010453366898611179,0.006798487696867861,0.011613433939506585,-0.00207734726766647,0.0016133927647006413
-0.007340544468046275,-0.0029373083418551315,-0.010862846991615334,-0.009624565398419372,0.005836371393957747,0.0071082908164959895,-0.00922670013233918,-0.0022088944501623946,-0.003322698301310045,0.005281800206334406,-0.0011205936932902243,0.0,-0.010055341873503678,-0.029336950594773654,-0.002912097457382044,-0.00021519060946874533,-0.00571839639148991,-0.004647864129618345
0.0,-0.0011474594456577635,0.00127335634667322,0.0033275937724135136,0.010698141579275056,0.007192513784106692,-0.0068992851398528305,0.0007288667122329089,-0.0014399753591045467,0.0022463688997340675,0.002617381619050102,0.0052385490184878635,-0.000862092476023746,0.0030907334249910493,0.0174045778709802,0.0021862058199927197,0.007061206581041957,0.000808059099770185
0.00910356015286278,0.0059568777964838044,0.00011897639946966462,0.013623664920831146,-0.001590278297389961,0.0010837741770947922,0.009120015554973254,0.005044634771226241,0.0010170252113663098,-0.002851446460869229,0.0038937409798906015,0.004024278355728004,-0.003933287826097054,-9.33014949105596e-05,-0.012797451708040536,0.01637273164966457,-0.002571281512464234,0.005973634461922769
-0.005541664759539179,-0.0014147330932167306,0.0013502951997528985,0.008430275363734852,0.004821334564848085,0.0056899127344892456,-0.003610386228546005,-0.0010015844444474574,-0.0010742357983138677,0.0017642719782993894,0.0008120135726220316,0.0016099858759126985,-0.0055502451599177246,-0.012662049571668676,0.003092776893533455,0.007628366104844211,-0.0014853563966922842,-0.00010838759951506145
0.0010312288248630196,-0.0004664449092923526,0.0017208405049010235,0.005820206185940331,0.006129444935547888,0.005886789515945673,0.0075484715432252115,-0.002860642581420288,0.0019912697081088874,0.005075054077934125,0.0030508221461144416,0.0042489302920315644,-0.0017405586000911008,0.0035152468460236605,0.015896354803405777,0.003208728019746735,-0.0007782809631403023,0.0005320275484440307
0.002772146583010182,0.0016666645013128924,-0.0009678621598059834,-0.005429853060785174,0.0017673358443672559,0.005436662275530295,0.010125395769481628,0.005668260545163048,0.000528850786269558,-0.002123123755765993,-0.003676795759205404,-0.0016607933261753984,0.011001189342673974,0.007503805585760549,0.001169926794704628,0.01411631994027617,-0.003977070282519863,0.007995222684908834
0.007300118870161745,0.003476251014771183,0.0009440103581237467,0.0065153106682318725,0.007030852758356261,0.008473148619613128,0.0076376748627293555,0.004351806433693824,0.0,0.0005778936183634142,-0.004480437619786603,0.0002326813585068452,0.0027991079571358115,0.007893107160322078,0.01179210811992872,0.009790203658093216,0.0006612886154284261,0.0035687194445991194
0.00242881305381359,0.0028235826631806053,0.002608688317662505,0.0007072756878414244,-0.0034683646619229477,-0.008605142783313306,0.0006612159329204537,-0.0007579187050606955,0.0032415023358430195,0.0007011978987580149,0.0007766055774484831,0.0005283240447107156,-0.01183879382290559,0.002065200329717745,0.011080763346812336,0.009591654367235249,0.0027275675539614177,0.00734069694347313
0.000801061113809565,0.0,0.0021430545753760317,-0.0028784394791585848,0.0034789025023668806,0.00566614050445859,-0.0023543327667886844,0.003933843459131074,-0.0006983649916684584,-0.008405704706235912,-0.0009684519462618694,-0.0013958979263681587,-0.003964041966716005,-0.001670489963709098,0.013264740341151571,0.0171288330292848,-0.0013196687929152749,0.010092828838487944
0.005947473821462825,0.004084163300816086,0.00016654898174531433,-0.030691081804574003,-0.001204831010073409,-0.00047257486032141585,0.0018834234352001393,0.0067665416446339235,0.0008844029069856048,-0.005983807141475963,0.0024940670754598523,-0.008638081097531222,-0.01197179288191844,-0.005462284716768076,0.004822266927742141,0.0031083658463845016,-0.002179089841174896,0.004181061873925571
0.0006660490116648469,0.0003654764173031688,0.001774091416748271,0.001800760475120448,0.000311375823181489,-0.0007843571189447791,0.005589314693962442,-0.0025100660718034616,-0.0007265686158234564,0.0006311499252175145,-0.0071312135087626795,0.004168182873126974,0.002866415898107153,0.0,-0.01811199359892713,0.008494734582562518,0.0013213874397670963,0.005270668185820891
4.9257252098920386e-05,-0.0013232525212719904,-0.0011852764454969807,0.00492689580325861,0.0044981294731209955,0.0026885819587007522,-0.002550561542420648,-0.004296229938573342,0.0032600652533144904,-0.004957279452126309,-0.0072667776442274495,0.002732083340344279,-0.007242827583344109,0.0030794686332180944,0.017055108652827566,-0.0022533571322370426,-0.00633225007360161,-0.000594982437613782
0.006872677513553019,0.0019635957368967696,-0.00016862290981458906,0.004645197607263542,0.0051475428607806305,0.003991112457059449,0.00493906863958955,-0.0016700458185481776,0.00425037430234373,0.0030369097103029367,0.0033991941072807935,-0.00330458571680283,0.017699897568024894,0.0030581847549021766,-0.011853634058508726,-0.007449257850985767,0.0029641454274934244,-0.0006196126421937828
0.0044609399226128365,0.0032271116874077917,-0.0015563491743927728,0.007357794003969384,-0.000140961483699272,0.0008505415788077039,0.005499839974045818,0.0005917436342975619,0.0018223968916800833,-0.0029242305235929783,0.0006727389824184102,-0.0037059380977503137,-0.0051540503100687435,-0.0019980614343638437,0.016013334908447547,0.012286898684561034,-0.0014716622671021426,0.0023546853544449686
0.005555224780106716,0.0016517890141345376,0.0,-0.000812712812274941,0.0031657926973236096,-0.0019867465642698914,-0.00028703716075302273,-0.0038345227601765063,0.003345974706165621,-0.0013403703593054264,0.00261238973244436,0.005831672641299099,0.01722430813066545,-0.0013491300728754668,-0.011335382336499012,-0.006525437697109712,0.0009728727795943805,-0.0036609818776599298
0.000656157517612968,-0.0004935536286740286,0.0012403861844555875,-0.004607808472533343,0.0,0.0014991339266610295,-0.004523273885194685,-0.0049159153133897515,0.002690661293652857,-0.008480908717484149,0.0007119920922610223,0.0010579787586863178,-0.007215450312927849,-0.005331348188786805,0.012583766944406636,-0.0017388621551573046,-0.0072411677199303946,0.0011383405308889871
0.00563584174087925,0.0016001643266911588,0.0010840155736720552,0.0019643130284675092,-0.00518111950148476,-0.012904274239257602,0.0031341045255836265,0.0004469630616618704,-0.0049759658405159534,0.003591854360052836,0.0012395022897925246,-0.01318102513806304,0.0065691910843110445,0.0175674375697247,-0.0010600004193485513,0.0005153456065059347,0.0072899671986369425,0.008915510189987319
-0.006284197192967447,-0.005313296948949733,-0.022609575642490047,-0.012572198628970483,-0.0006216010275202807,0.002576454669874085,-0.011479817506154951,-0.0047876542608568514,-0.0068110885175470485,0.000718147920797365,0.003350235109263701,-0.0023701377209137398,-0.018734616495367343,-0.045371338101786805,-0.005799950406211333,-0.0026096936271682355,-0.008147044271612476,-0.002885170752760957
0.002819710591107305,0.0006249963109332478,0.0022280786168092986,0.005370368760605253,0.008030915696569612,0.0056325757801233885,0.006354923888367669,-0.002295747060270685,-0.0029586484273022803,0.006102232309031585,-0.002524771430659261,0.0037224582542497355,-0.0020118430971854465,0.001285956170093006,0.01952237443123421,0.0031250721232950244,-0.00232712689677663,-0.0006338299521932989
-0.004270653314068863,-0.0007238944692244468,-0.0020981600365962707,0.0027700932264521404,0.009468607674556073,0.005991026494027406,-0.0013400338745828918,0.000264445260103591,-0.0027777459530834697,0.003357613767499095,0.004628529981695668,-0.0009672694835501107,0.002472354163017343,0.00556608815431894,0.024960392678544777,0.005220651833467115,0.008948859735078259,0.0
0.00048186988243953903,0.000945340497370752,0.001488496760922738,0.004516534755422274,0.0006066525819269646,0.0056153081309619,-0.00026678692608684293,-0.0014810504926309046,-0.000484077055017211,-0.0019910299988642175,0.0010276973282100118,0.004753910347612834,-0.0034222709372306467,-0.00045363288912616596,0.015805091007029492,-0.00038472157951517346,-0.00372221324466807,-0.0006971411952914307
0.0021008287343091676,-0.000973003514611659,0.002178618200640522,0.0027653154819082654,-0.0009007045183438056,0.00041543152260174325,0.0015426744248662866,-0.003438920055420032,0.003309569381330264,0.0024319251979986333,0.0007846006054289452,0.0046704106036490325,0.015076026329753266,0.0014981983744585697,-0.015607138425687277,-0.009342774052326508,0.0011292755339710515,-0.0020192608567550984
0.0006164743607756902,0.0017307902472367615,0.0008396822669747519,-0.006663787384228095,0.005109547105844381,0.005056047378913766,0.007979905416124056,-0.00030049880293745617,-0.003425547812445597,0.00045515885592004615,-0.001120322304307076,-0.005657529388029017,-0.004623711911294989,-0.015426021961880709,0.010857869986928401,0.0025767922874202222,-0.00522447350627303,0.0017817012087182546
-0.010366176063697503,-0.004712433886200171,-0.011049307100579461,-0.02327276841804166,-0.027437418366614952,-0.005198057694269508,-0.014013840598657517,-0.0058431475657647345,-0.009180422396235293,-0.015262538042749385,-0.00578950577082234,0.0,-0.02749235347768923,-0.05244829902425321,-0.0123186879066757,-0.001991810813715298,-0.009061935961214934,-0.003937718741913121
-0.008038171333625367,-0.0032187454587269807,-0.0008769785564748027,0.0096549578862059,0.013532543745793145,0.009966859431307215,-0.007092033471663541,-0.00016215622417660265,-0.0035675923177240117,0.005544726241148063,-0.000959625201574697,0.00421652599948885,-0.00387419112664067,0.003154327189016992,0.020276639297909186,-0.005453085643208286,0.005035207524174844,-0.0026974912646224453
-0.013838231411690221,-0.009371654578211722,-0.004022498576950357,0.00916078840882342,0.008930461743213663,0.009711208824583217,-0.015413360401975303,-0.004077902319588528,-0.0070277088530487555,-0.0004598225794906198,-0.00017014338359840831,-0.00011582699947870852,-0.012382811730846955,-0.006629012094398332,0.0018607323327113907,-0.013872436801051428,-0.0014569189795042728,-0.0061538411317342695
0.0005698371032197375,0.0017156356366992997,-0.00011517931898428376,0.00236668162309336,0.009293501694155484,0.007364840669169767,0.006777221377890188,0.005673120801196004,0.0011914860092142644,-0.0007111547447737635,0.0010270213850371345,0.0028166292668179646,0.012593044323869056,0.004143977340306699,-0.00027902645088807686,0.005228664461599597,0.0,-0.0001863004921452971
0.009912944201123524,0.0027827176356908963,0.002968944112011462,0.004990072918573167,-0.0008379017374950765,0.0013441639490819335,0.008426967683758047,0.00014518145899092234,0.003180793975973422,0.004116413430269586,0.003776846525188149,-0.02619838540340999,0.006441110209657671,0.002851764429057125,-0.013667377902777668,-0.0009588075462373498,-0.002614429215862406,-0.0012059507997509902
-0.0001555624903317534,-0.000859866941699919,-0.00019068594458755204,-0.0009304187024046686,0.0005021382130963934,-0.00015528478462087763,0.006717296780846782,0.0031072938621610614,-0.0015313129695041507,0.0008551551559140754,0.001894514937961496,-0.008227759482149271,-0.0046172115656380516,0.011013451140637719,-0.012232448191283312,-0.008643763404995144,-0.002105213789778123,-0.006916322408571403
0.009853974105583538,0.008019544306410949,0.007862456292864865,-0.009784124484637089,-0.020593350228376477,0.007413228465205663,0.00879277456141672,-0.002938690881723172,0.003873553245380768,0.0023175184789375894,-0.004941732455021134,-0.0117320245902875,0.024475133033432732,0.019327590033759674,0.00679047806630233,-0.010546759060307833,0.0019086892274702751,-0.004364891987651907
0.0019247122624017872,0.0017213629251324606,0.0053213502698989555,0.0008218927571744338,-0.0003435247248113189,-0.0027717319965348515,-0.0076969406910459065,-0.000859357580695005,0.00487024379985148,-0.02636223076897864,0.0007635470118973914,-0.0031443818370685316,0.011377403480550207,0.0,-0.008746700773358132,-0.007711292335460518,0.0003472185236556894,-0.0021651378200331535
0.010147842804247622,0.006985286863853871,0.0032644664586264005,-0.04229507136605858,-0.006166297506119101,0.0006367689785021001,0.010337455000542383,0.016802132893267364,-0.0006270492176859803,0.0008370694509195879,0.0012743561819018561,-0.0033340746384616206,-0.007077694091835334,-0.0009235900489546172,-0.01250187479644182,0.012234220911219765,-0.0048803842733163285,0.0072879497655751364
-0.0011536820827488406,-0.00035236275846236453,0.0013027589238459932,-0.0029097553671384715,-0.00536364744216836,-0.012963002350548822,0.001960655285833155,-0.001666812198659852,-0.00012217518327336768,-0.0027088108943622642,-0.003009432341288728,0.0003074159371892915,-0.00879457863712068,0.010204262954250098,-0.0058075515657941,-0.010468700415429924,-0.0010645930983263095,-0.005095681787025852
-0.0008839115775063128,-0.0006479327572797548,0.0025400286953231464,0.004557835261192358,0.002530602944531819,0.004315249086111898,0.004075010059699958,-0.0032489273557199895,-0.002411630292990484,0.0061430522392768834,0.0007585925168818816,0.00802693998093863,-0.006980925824849784,-0.0016454902288537865,0.01504672259500403,0.000860144286903552,-0.0032002235429231716,0.0010895608326503027
0.0019793403768837087,0.0020170087855349485,0.0024609717020714125,0.007848814280757782,0.006713700825709464,0.004924905788001354,-0.006112277678150161,-0.00513862101756023,0.0036586174317527276,-0.0008709527420709305,-0.0019494461401561383,0.0044256498688692485,-0.005930769005328538,0.0008495534198883146,-0.002042283677378496,0.001677740980136947,0.007833255205253185,-0.0007127512992600588
-0.010307043574185975,-0.005157371866779548,-0.0001238563335846979,-0.012370824605880838,-0.048137488374997255,-0.028270667791024138,-0.005658551512707201,-0.0010359569286996374,-0.001390084295974073,-0.009958288009925926,0.0025739633815207315,0.004332520087986425,-0.015959151082886314,0.004933661474825987,0.0051722910740741555,0.003170038630344361,0.001512316119014111,0.00184753547733231
0.00457353361105434,0.0,0.004170709175000286,0.0010100213869229581,0.002549876286581745,0.00029037415033016236,0.004283611617542669,-0.0006201213954946759,0.0034318822245256032,0.0048943297011672954,-0.006210116364151204,0.0018032454824156803,0.009886536833627661,0.0018655739097339077,-0.01027068848940987,-0.010347562336600186,0.0004360215967902984,-0.0021386143521494854
0.0020763336985940785,0.0033401547418705786,0.004755307633985278,0.0023137422225474563,0.008833862529780427,0.013283014075857512,0.007379557196062076,0.005571258404578,0.003009625663477072,0.005452184914285368,0.003328495784792816,0.006266281070943941,-0.0017878136744108161,-0.008435994285629144,0.002634707824385715,0.012793258096869686,-0.002597128604207728,0.0014763201646725843
0.0023568469292887502,0.0011061641603078124,0.002315771901644331,0.0030232157710142187,0.004078135819294461,0.0010623164740616478,0.004901103231045862,-0.002281367312142634,0.0028700352326203184,0.002050994927487462,0.002783067869904972,0.005086053399735414,0.014240582712479829,0.0038285708280814644,-0.004490024686267399,-0.0049338205124432296,0.0026098107620216365,-0.0013459713080025484
-0.0059859905881932875,-0.003405764960434449,-0.009095836747371923,-0.011263684665751943,-0.020102401685091514,0.0022065964061115237,-0.009535813084430208,-0.0031963441844671376,-0.007236906044643603,0.006308032881238369,0.0036838292126778484,0.0045199253728994,-0.02052037013617386,-0.026894775582236557,-0.006046816702283742,-0.0056995709496658895,-0.007039387977638992,-0.0031865033474735155
0.0001765223083318067,0.002006296329610647,0.0039654964404756705,0.002584124079986427,-0.0005913413623821212,-0.006153585295128636,0.0011896581075561278,-0.0024437549690525303,0.004470304234598485,0.0009207283699348809,0.0024874938547038684,-0.007876585297034742,0.012677064223795175,0.005439468754968872,-0.015232151749732567,-0.004695158743154653,-0.00032513770015154045,-0.0015363959243339708
0.005752635594596518,0.002152218851747699,0.0021309491558745754,0.0038058672119996944,0.004202953366942655,0.00467202478723661,0.006859832673326591,0.004358587712919922,0.0030417113471348425,-0.002374342888770833,0.0040006468628971115,-0.01470323015438924,0.009902821821120001,-0.005434371563091448,-0.021148781824423188,0.0006648260286984927,0.0008092723987734837,-0.0012202319016823438
0.0035684649440212222,0.001414202703915538,0.0005372142027293069,0.0033199451523967575,0.002046503042302858,0.0012997369577100234,0.001027673466192765,0.00020586109719611834,0.005018515524217335,0.006737875525372238,0.002472028189689392,-0.0011251686716098124,0.002574380613208057,0.01697217992582602,-0.0043750662011186395,-0.0008165587661797264,0.009390805435548849,0.007259819012221717
-0.001524039319829253,0.001310466947380164,0.0018920645704958519,0.00980236952465089,0.0021607182190974926,-0.00032548479403463873,0.005651973438623372,0.0023420412066684675,-0.0008801230355032584,0.0004642067631393693,-0.0021802116595238835,-0.001394281726953292,-0.013114724477038348,-0.00024347326511830477,0.00596914949254407,0.016807881464704334,-0.003610107412223543,-0.0006728573302910504
-0.00046811634671770715,-0.00012434674818374402,-0.005393424077389357,0.009276220938104172,0.00978595610902009,0.010923019338413453,-0.014562470401215614,-0.0036274193817554764,-0.0066041206063512095,-0.00866240112553185,0.004077879432630658,-0.012364169641805946,0.00943556573696065,-0.004287237768530478,-0.0053670678870697255,-0.014144303142042423,-0.0015064090284038338,-0.010345231057428031
0.0027040201569378144,0.00242022077124782,-0.000721359772398183,-0.0026132181232273767,0.003737608367178572,0.0031111677775467563,0.009055728654545195,0.00587600707815697,0.0030237903190751007,0.0022231304307424003,-0.00037009380110795015,0.005612287729736613,0.01425474790573707,-0.0010603864104308752,-0.012851939368618942,0.006588597574940471,0.001453772767738169,0.002291441445491829
0.004090241391063877,0.002952687738427863,0.0015562083544582066,0.004448347276434958,0.006205961981801928,0.0035534140504254012,0.0029881093788793347,-0.0024123961696834173,0.003861990932010678,-0.0003897825423731376,-0.0006955206877199108,0.00722544049132222,0.018222031089308945,-0.0004158286538212691,-0.01418887409796117,-0.011158065965367447,-0.0007250072937142367,-0.0035941877008215765
0.006868164231409722,0.0019993181736715675,0.00050501298945825,0.0019300166547401537,0.005383693771229557,0.0033820681624499352,0.004502309207745422,-0.0030161678616959465,0.005086141238860615,0.0034974289533788636,0.0005334074827266935,0.0060270306096544355,0.021183765046814875,0.004649287568858729,-0.016445098207916734,-0.006710021968220838,0.003546085741126862,-0.0010112952315970425
-0.0013660674237700213,-0.0035391587429858015,0.001668504454447138,0.0024029956698954653,0.007869393822696458,0.0042399873170897474,0.002919183450478635,0.003656290961894833,0.0007599251266740099,0.0022050876752107546,0.0015569764406806756,0.00431700425596637,0.015149704781309907,0.0041391042676471425,-0.003803861492064169,0.0053435872683685525,0.00284428533066212,0.0012926676549028168
-0.001201209358265821,0.0014469378347200335,0.0021426295027123696,0.0037112169341419255,-0.0007840032405132962,-0.0022610155328409267,0.008074085080774344,-0.0008684185264279193,0.0008501651677690671,-0.007315715968895531,0.0003902860645341986,0.002526747252205596,0.0009575391761696673,0.016473758003110198,-0.005199287290968633,-0.009493669810649879,-0.0005619462949983095,-0.003149334150572773
0.008501682781564246,0.0058186096540169974,0.001592198557830016,0.009477410571895316,0.007920401428032527,0.005008062256544002,0.007534476399453851,0.005639309472535125,0.0022043382752534586,-0.0028696614152195427,-0.006355811951045564,0.0037991016639161777,0.013534826708071337,0.006260269405232536,-0.00029900869251534983,0.018947787266688405,3.0258136160946573e-05,0.011308260709984946
0.006230982950382485,0.002702720776356776,0.0034021170812011596,0.004608551900196511,0.006839257849072697,0.0022914375032855403,-0.004084465689720895,-0.0015131135187215609,0.006203920843898932,0.0009232771442506271,-0.0033908675670672257,0.005797728606378241,0.02403663197238647,0.00290852513988909,-0.014284944375792459,-0.004963037790254389,0.004656884040443858,-0.002811006642970515
-0.006150400478241837,0.00028424832062743126,-0.0016185743694637823,0.006572285269576998,0.005595961754475987,0.0038816017103352886,-0.005213807451812708,0.001133131838597071,-0.002884332003375138,-0.0014175615235901635,0.003573654565360592,-0.0006967777944233768,0.0006032572726761479,0.0037180372702077203,0.020128632288427185,0.006011786250262155,0.010034734212958085,0.0006429818100415416
2.3837307564220432e-05,0.0015640084065139085,0.0018593681019701133,-0.002396060168262063,-0.016772316801021363,-0.018699909398639147,0.004565010888435029,0.002134960284021854,0.0006882607615037572,-0.005080896760068761,0.00012711623855751267,0.004080910208303944,-0.009904577262442335,-0.003908138364695553,0.004790952192868927,-0.004274830480075929,-0.004436537057472058,0.0021060308141523515
-0.023057293423473207,-0.011667201707703193,-0.006140139256250726,-0.01301844978555024,-0.026965029647343663,-0.01909072423412805,-0.016845932449458107,-0.005247354301023747,-0.008425368601442506,0.0,0.0034962810355848722,-0.0034866829061979956,-0.003645797501206667,0.0,0.016501849473910236,-0.01867876664524213,-0.005122251290228909,-0.005705414616148929
-0.004296014245344143,-0.0018020996397652106,0.0005617082924014326,0.008265110399901363,0.0072134351178885624,0.005472730546111017,-0.0055012117515659065,-0.00042327331682475154,-0.0017475127799927931,0.003792645026641594,0.001947594349017881,0.0031326609204277286,-0.0034989532980564705,-0.012455454603214377,0.008013964759398308,0.0066770897633481145,-0.0021480670665792105,-0.0001869620611181129
0.005366781442331806,0.0036797800941942857,0.0016680122665969487,0.010460120044298516,0.00320412654341658,0.0005464647722691541,0.011407438290571647,0.01045647656658702,0.0019786350455167725,0.0016477522002072713,0.003334386273583382,-0.005906578128777536,0.00933265663925909,0.002442509652849606,-0.01611506491179155,0.011939146962197283,-0.005214883915536435,0.0
-0.003386400188970977,-0.0015763921034838097,-0.0076354284071367354,0.005063115803097781,0.009077203007714819,0.009344396263602069,-0.009018707888899285,-0.0030064248593107325,-0.0012789660155633374,0.003867948711787307,0.0026179232821555713,0.0008645543835914093,-0.00757926690993876,-0.014418589685157357,0.007485686107212009,-0.0005374706945852982,0.0037931343194489327,-0.00024908936314767087
-0.011275959668969706,-0.0029805342839403447,-0.0035575212192614364,0.004549476105145882,0.008457100032401634,0.0038209866726038742,-0.003083705761954849,-0.000793601088632892,-0.007903412283366995,0.004727286816558255,-0.0035239499455015895,0.006001123870665994,0.017525104463048422,0.0019829835094724814,-0.013369907765168193,-0.0036784667283774938,0.0063253700595120345,0.009505624140017781
-0.0015027507143728497,-0.0020025389181448677,0.002861850819318359,-0.0024417267075592195,0.006756907926607867,0.00022673807830146726,0.007376566521293518,-0.001068165212529346,-0.00013212981846936502,0.0013738745679347133,-0.0006433058265474805,0.0029235830367943935,0.014426987555932308,0.0029510570020284226,-0.010553421446824243,0.001185639875037266,-0.002867328561917227,0.00029895478437895126
-0.001241680453128106,-0.000705906244026128,0.002218382473264302,0.0035814827120805347,0.00040844181656806555,0.0006144451608832809,0.0013109143733195023,-0.0006303387718799877,0.0015723048701162862,0.0024478293216210352,-0.0017156004663938897,0.006455548913217051,0.01091762856014121,-0.0018472336148903103,-0.01569536821712098,-0.008228684530995876,-0.00033189420860820835,-0.003647743022148089
-0.0007138851031467621,-0.0016668753515448242,2.8471522277387688e-05,0.003234382570324969,0.008093242459630057,0.01198288095778241,-0.003181028464078208,-0.0038857995510277847,-0.0013108633245129905,0.0034996370304914708,0.0010296176066699567,0.00026340464484417964,-0.008075006137727533,0.001759101679436052,0.012289839789097281,0.0001264276620934426,-0.009641635187324037,-0.004653738851962588
0.0007818492666114401,0.0004611425222054268,-0.0001643841814478744,0.0016972068908740114,0.010661472838292883,0.006633743859655799,-0.0032002193575599155,0.0017827921089062619,-0.003791788521526679,-0.001367289505471941,0.001706775391025235,-0.00042411282318416627,0.0018243743326376211,0.006789091911096727,0.017255987622454616,0.006032566751380635,0.009215564670772215,0.0023065983197399637
0.0038975246038101667,0.0031863867579188625,0.001957274339127258,0.008156516662475091,0.008623801371713017,-0.006620046065421349,-0.0044743712700933075,-0.0039408231476551646,0.0012771899179073037,0.0032015977301486126,-0.004960041311483393,0.00523674300110367,-0.002474307570893635,0.0011868084320915161,0.015385242471960155,0.004671744722301262,0.006453119143979299,0.002092959924043604
-0.005068534323797071,-0.00436218147075648,-0.0012572191141871978,-0.009950670574701774,-0.003612884955481578,-0.02392261808830707,-0.0038244734771752924,-0.0029171495175590225,0.0025177282495671372,-0.005032540358001125,-0.00030159627629893783,-0.0020778408511781385,-0.007880219628050782,-0.001221400094907044,0.011123128389846871,0.0016514790354235612,-0.013383724186052475,-0.0017496714218673687
0.0022435337433366165,0.002043787201113142,0.0016468393882722297,0.009651120041698855,0.008997509526569693,0.0035422408112036102,-0.004262294101607427,-0.002409360714020923,0.0021008757326895456,-0.0002120311903372378,0.0,0.0073648590847245395,0.011714686203009977,-0.0023410651159266973,0.00480957314485834,-0.005769194521641832,0.005729792967121522,-0.0013737855899667861
0.005085347191519826,0.0015062059407557325,0.0007622467902509398,0.005482417837552222,0.005128537583403695,0.0019965458028152767,0.005488638338653052,0.0005069097495963927,0.00488593816134991,0.008651307740377635,-0.001996935661013436,0.0034974079790840336,0.0016325861462393166,0.019945705031940777,-0.006753727281899271,-0.004861272508970554,0.0032943592535655828,0.004379779394318266
-0.008490460642527467,-0.006777350688243992,-0.010873772706358876,-0.020602453629142856,-0.0779081650285154,-0.003924798338218419,-0.014014025703779815,-0.003544068331050726,-0.005616774059453652,0.0,0.0011449090439791547,0.0,-0.024639982295729317,-0.03846963401256728,-0.00800167186207008,-0.002461116401007796,-0.007086685284468972,-0.00808999365934987
0.0011561080402310005,0.0020368405211658807,0.004945972873883679,0.013841545404893183,0.006327082866534393,-0.006011117628734082,-0.00945728031073252,-0.001398646140085894,0.0014024720130810483,-0.004258539147541491,0.002903345173828296,-0.002361664948488969,-0.0033983933984635464,0.0022762437178260506,0.006269508455525327,0.01744655844669594,0.0032521141698565,0.00696708066266144
-0.006806012430271763,-0.0019591906407715166,-0.013486975159438194,-0.018897652991989165,-0.020602010774652797,0.0015154319004939871,-0.01153472120760585,-0.004508556073516602,-0.007703626142557629,-0.00033822629115845684,0.0011853717749056298,-0.0005155572923520587,-0.020815001121518305,-0.045387917218232356,-0.006000922920255609,-0.0007186186882022627,-0.008026183605998534,-0.0072517521252079
-0.0013454811054938818,-0.00023379193203016045,0.0040231680612071155,0.007329777076756463,0.005517727778219144,0.007518349002724794,-0.000561341262221018,-0.0032623225541116405,0.0003263677603557158,-0.00898736853526519,-0.0038153717083887757,0.0026459998472374373,-0.014746379197579389,-0.024705713784515745,-0.0072536901354920726,0.0038570630960349287,-0.005692887792377073,-0.0005087512909077371
-0.014542935143215483,-0.010537315365250915,-0.021193214856712737,-0.00743746887538064,-0.016869300218582413,-0.020404497288478044,-0.014967860236026451,-0.007817649129878416,-0.005609948676502445,-0.011365615183413917,-0.008406068006513204,-0.0011988440046431538,-0.019307686059327197,-0.03754863249656052,-0.0038221864312764143,-0.001628912397290072,0.0,0.0
-0.03149692043154152,-0.010991937323937877,-0.01096630758024866,-0.0029376860887050512,-0.028518844552536234,-0.03200672442719647,-0.01910727738751245,-0.005992174686408889,-0.014436462865923544,-0.003288884667902624,-0.02683750065307837,-0.0022705488273697537,0.003456654915134884,-0.009594113413778263,-0.018419358557937412,-0.0230614746788237,-0.009314484398718464,-0.006740751465244277
0.003375077219529064,0.002894084828278851,0.0033698408546330924,0.016749310201709326,0.004213358714795484,-0.0009820079267771605,0.005741746156896143,-0.0013609997862010514,0.007091032097177187,0.004263269503869895,0.005214448343994368,-0.001338444810486491,0.01042737491226626,0.02105071447605957,0.0028108953439800748,-0.00833954706966913,0.002602817684386183,-0.00016027776842178487
0.005397486219098338,0.0017892289748078515,0.0015756909409734184,0.005889113846416951,0.005258376331227018,0.0029028409745489635,0.004139251382580112,-0.0020255708041040502,0.004692289614871019,0.0036380894981290286,0.000843129917852958,0.0052694621745649015,0.020171572265571643,0.0029825025596143923,-0.011816571344558656,-0.0043399573359675985,0.0035674174943651667,-0.0033172149086207886
-0.006952756332818759,-0.0004621515213588073,0.0033874666530187094,0.011924923680905185,0.019491895355901144,0.013328702681047308,-0.01049267079352679,-0.002352055413743349,-0.0032052807312235973,-0.0002802126920422633,0.0029323859498163606,0.007886411524912856,-0.0015377944194533732,0.004869172687929784,0.01861600752632588,-0.00849042631329883,0.0008693223207557533,-0.002929914938611812
-0.0019516604975445286,-0.000659098161370169,0.003285286586110563,0.008409921931811264,0.0020087071879804426,0.005434787840013067,0.0012023147326797267,-0.0013839059655808676,0.0035116773107246235,-0.00031617970545421407,0.0008056285158741769,-0.003642069288098824,-0.01881437487664213,-0.024877769118380497,-0.00458010750084554,0.0006622328654015878,-0.009147742613985214,-0.003126547349729475
0.0006148882934415719,0.0038724742441743013,-0.0018468383214265297,-0.016798090513876943,-0.03378845897261645,-0.013399677561049473,-0.004052674869067409,-0.00444117576995792,0.002522408765837328,0.01140008940356117,-0.002411743297994544,-0.004210963762898051,-0.01428682434077457,0.0031705186680410333,0.005750210741795262,0.0022319143778855555,-0.008434451855472634,-0.0019394738283812357
0.002816863087176372,0.005973333871299839,0.00364447686621091,0.012333626563763403,0.00758673489273571,0.007166933342291981,0.005365013291982034,0.0011311297017000232,0.006344652166869223,0.003027571190260432,-0.001431880489010556,-0.004250931866249406,-0.0032743631234803732,0.0006954218831085876,0.014229597079633644,0.020957560059312635,0.0019936713032695807,0.014071064308786074
0.00042709281915765394,0.0013431149353070808,-0.0007208009797131914,0.00044757470117962636,0.009567066323349862,0.006916814142068714,-0.005884905632676246,-0.0034185395814324486,-0.001498792469946719,0.003699729368668377,-0.0008340031478323539,0.0015751441779735095,-0.005445320054528623,-0.002831325662412364,0.015269299905620674,0.0022098008843164578,-0.002306650381662806,-0.0017891188262803837
-0.004589361560084565,0.002903689657441215,0.004491496571879044,0.01360341765812774,0.02359730520862528,0.015712745906473112,-0.007468022584743788,0.00044775933301927285,-0.0020155220752802274,0.006598949232371798,0.002265244562073491,0.002734692758352607,0.010355329038931289,0.0028899693866429933,0.006660983671071623,-5.028060235050952e-05,0.008010000822512763,0.014310305611430013
0.003989448724189907,0.0019285339497327224,0.005278840151743926,0.006796157414184576,0.0033420649133628177,-0.0012247407552510717,0.008342138990256917,0.005397712771250532,0.005707295064928027,0.0033836306365133935,0.0010828654949242076,-0.002162584847893058,0.011681103113620509,0.007775536978598418,0.0030556447965219952,-0.00852339529438319,0.0011614434736455519,-0.0005823873898979925
-0.0023999009940161575,-0.0001860583839269543,0.0017907527362093722,0.0014244298750095397,-0.0018588638610254143,-0.00149586857868498,0.005867516210850545,-0.001061780711605183,0.000490632938362896,-0.0016127879792258051,0.0031128108899269,0.0025195358945880055,0.007316784926297159,-0.0032177473409683165,-0.012820525213843761,-0.01032532538585328,-0.0020355509018273703,-0.003032279303250108
0.005113069230879118,0.0022194833383663666,0.005571334265097657,-0.005491146193126901,0.0005987862864950285,0.010188657918859841,0.0013669465499397413,-0.0004991140202710959,0.0029164739257993657,-0.012476968730431935,-0.004493913658129705,-0.009526885336023277,-0.01182358041436487,-0.0159385698356517,0.002191951664568321,-0.021258829224251805,-0.004719370040176311,0.0022164124810663127
-0.0002562690366995291,-0.0030457814511745105,0.004529708070735871,0.005635052841928501,0.009987580186743847,0.005286002887717299,0.004877235600028043,0.0,0.0037437607376051446,0.0008329433216565273,0.0019338721661980463,0.004560250262918128,0.00046955052349473086,0.0011667726140267814,0.01644929788102121,0.0037579881716686718,-0.006907009293991337,0.0046151642884271205
-0.002464885853532967,-0.0027007037018638882,-0.0007735664136797333,0.0051764375009431506,0.0,0.003857104417278215,-0.008439915205501384,-0.004825345506095019,0.0027626122649690404,-0.0012911876107949253,-0.0018488472717576475,0.0027139869671416687,-0.010279356600725717,-0.005856148475510452,0.013441488199078214,-0.0014238235647692637,-0.006569428395316747,-0.005311374789755928
-0.00011954604306206847,0.00024350475393804423,-0.0032378529843737967,0.0006963663941864374,-0.01634429319475526,-0.005462956762728718,-0.00882204325555139,-0.004933819325791688,-0.004980780969855101,0.005729809976279253,0.0019233927732903117,-0.007878035021059042,0.010538162332022726,-0.003198798763015965,-0.01294013321289012,-0.01209999970321026,-0.0022460916483745623,-0.000548177873284636
0.0017889874358883108,0.0017616514490554698,0.002700160409271894,0.005134009918354541,0.003856925903483557,0.0011577767419676266,-0.004471748835456769,-0.0026102481630075865,0.0022020308116931894,-0.007179978211580756,0.0020393835125453886,-0.0023171251686433924,-0.004611765827198321,-0.003088384513968571,0.014883250669139494,-0.002395327760528346,-0.008518528579883647,0.004125166599782111
-0.015839106229810357,-0.01082768495714286,-0.028383388873314916,-0.006494444094105366,-0.007985550247388553,-0.015918707067087326,-0.013528551402958694,-0.00892553807356784,-0.005497856375124558,-0.006172996747506104,-0.011429345842968657,-0.0026791514617442525,-0.028912162501956787,-0.04016498918536114,-0.0034919707693062997,0.0,-0.0029791562264778037,-0.004305338320006485
0.0001899974629677502,-0.0005725389766132442,-0.0015142141347626594,-0.010073613311519096,0.004400619147713411,0.010348370402374045,-0.0026119863440576554,-0.0027253423912316304,-0.0031402448180952724,0.0019143146400389536,0.004094746164698656,0.004099823605541078,-0.006497408881995666,0.0020318206570235724,0.0012607436658595608,0.003816932022851088,-0.007270793525246826,-0.0015192873307632365
0.0056495248640886465,0.00200459846192967,0.0008422556060271679,0.005702762375966079,0.005551030261753989,-0.002573686861410474,-0.0038194483300254814,-0.0033596690097639,0.0037563891268888447,-0.011160063580216276,-0.0011750847513624571,0.004182864694423882,0.019844472678183806,0.000604436045561164,-0.00911017513596388,-0.004242541013905998,0.0026838613463791515,-0.002195773618019545
0.012099808125850878,0.010456789289189201,0.0023292112631930757,-0.043861300129184926,-0.0026075175389314535,0.0014974133895181724,0.005741507358287404,0.011913038655175406,0.0024500554446060425,0.0022905873461010304,0.004518960330339669,-0.007542570203993193,-0.007821523875393832,-0.002534136612476429,-0.008231863194766164,0.014010600606659509,-0.003686328190938359,0.009666584243937699
-0.004034345643566733,-0.0014880283379082465,-0.0018672655123893364,-0.0018202030769471573,-0.001933032432501901,-0.0005744472738513308,0.0064699707707334565,0.0004806650954514806,-0.0018840684607376156,0.006962235797826565,-0.0068290618749422966,-0.003076738638272979,0.0002477517526735393,-0.00461345255870153,-0.021261925930198232,-0.0074184523687080665,-0.001914398459471499,-0.006541469754008281
0.00997404100977316,0.0032520592505209606,0.001989225386412036,0.0012286165178230432,-0.004163883372056341,-0.0037105471679183405,0.0004244184777395192,-0.0005137666390808212,0.006519249209722373,-0.0006930942695958577,-0.005988360411652955,0.005429672684575377,0.021285390316262157,0.005750422419854665,-0.012115571850296493,-0.010531233545540851,0.0019480443890089229,-0.0015406583783582027
0.0056474056300321734,0.006952651429875222,0.00687532632073116,0.0006749567855104717,-0.035662219485857655,-0.013254958890231172,0.0028800614139221107,-0.005670020140572534,0.0002983825366514758,-0.0004023926666426581,0.0031923844610947075,-0.008045640654038655,-0.015166193074752312,-0.014524687442242988,-0.017595580781668122,0.011709277652054326,-0.0006443026813276656,0.001156949591934034
0.000930046747235999,0.0035156952960686545,0.0014518671256829757,-0.044417220409978725,-0.04435692280987955,-0.009326923479986336,-0.0016460127308164153,-0.002504608505595912,-0.002109169638562743,0.0011228078266920052,0.0028767521354561994,-0.006094980439046436,-0.02150874082002348,-0.018387110640500855,-0.018930569453469374,0.004005754613430343,0.003198052544032001,0.0015727781421648324
0.005322798986087656,0.0021695773501618004,0.006053879742783024,0.00746479464307169,0.017958114366588812,0.003978512824514315,0.008912428680445951,0.002901780352212398,0.004361850822006541,-0.0012443562108349542,0.00089827314687146,0.002872210808053898,0.013861023394136293,0.009651342838561214,0.006082195700447494,-0.009217698980646184,0.002192377353900503,0.0005802313068523635
-0.008403700956175892,-0.000838328317390724,0.00028065252764858503,0.005828118714779629,0.0031876459405053995,-0.0011239860043813239,-0.006610329637679111,-0.0013074444230354134,-0.0007572843750272198,0.0010644768018490082,-0.0005248993999244228,0.002531313220120436,-0.01515770026790464,-0.026656309436450105,-0.0029666771475611855,0.011722815578585753,-0.005725442621010259,-0.0017033691358518815
0.0017657918248190879,-0.0002956891753236439,-0.0010025972301772488,-0.0012229225487148132,-0.0026910902530099465,0.0012214996001835496,0.002207896679807461,-0.0008083004235387125,-0.0004103844559342998,-0.016013691111303057,0.0015201407949147754,0.0032045273216655215,-0.00740788632126765,-0.0028447142386768248,-0.009936867269531602,-0.007916770575467656,-0.001302367284697403,-0.004366797608838437
0.0024226000593383936,0.0030739135518388816,0.0042088852578959285,-0.006383963782917003,0.00535690107958039,0.005736473035507522,0.00823898999789887,0.006330324133246863,0.004369177718629421,0.004917867950885277,0.005460521936680615,0.005572511306735981,-0.006019110092948043,-0.006032502733896381,0.002188382614216274,0.00921787131741452,-0.002921434590323141,0.0013482138664129353
0.0074360646691282,0.003441160686823741,0.0038308184848353044,0.00900063273737812,0.010131673550189424,-0.0022544411872784903,-0.0047604485501676385,-0.0030539652313150323,-0.0006711468578452487,0.0031714647500900393,-0.0014396881905381841,-0.008779106987534016,0.022109472241155358,0.005653054158073499,-0.00769458226076719,-0.009622399406777527,0.0020755903392891814,-0.0025411994252994216
-0.009584491493164616,0.0007353858890498759,0.0020943218104198438,0.009017247061429494,0.008594512742065177,0.003157840888888018,-0.005942379368785483,0.003420265313308767,-0.00120986869653271,0.0017017417729793722,-2.6385869316296463e-06,0.005242506795788995,0.0,0.006233472605856556,0.018891265409846834,-0.009455113338560566,-0.001734643531085235,-0.0006932600059240436
0.0051885246332707465,0.0014643325819261145,0.005207529802311559,0.0025705797072174408,-0.003232551276576474,-0.0034783309616771125,0.004482869804115174,-0.0014115661104268232,0.003981908529801978,0.003235063204729092,-0.0014309946640192227,-0.008017542069567656,0.020817317113676247,0.007391842914828284,-0.00097429216039024,-0.00820507950211431,0.004290537647635451,-0.00048313389174570176
0.008354875760678187,0.0038827504578090415,-0.0010366756376544853,0.006143608227315366,-0.041868412962634605,-0.026645906557384972,0.008492703269337586,0.013238774061918302,0.0024014950840364705,-0.010707249175629109,0.0070056956100917655,0.00041563881668211584,-0.01029864132128684,-0.008641050361622979,-0.01691287984026403,0.015384593116347755,-0.003554683694669909,0.00508178246593495
0.0006033129050644417,-0.000917519790942067,0.0036400386093189798,-0.00813869152947374,0.0036309327765295593,0.008619766808246249,0.008936866679727524,0.0008106414211843197,0.00198785665501214,0.008487523687771205,0.0028195273144768877,-0.006474110876104316,-0.006448993534710329,-0.01751437540789608,0.0017898062393556014,0.010543796376355361,-0.004947489540770407,0.0063254940604624155
0.0014545948713505419,-0.00247207577111399,0.0006478314084383056,0.00740114009554753,0.008533927647527102,0.01184692272875737,0.002786300654525255,-0.0009040991587839353,0.004707551703453277,-0.0009305388807362764,0.0028078961790584615,0.005609412204278005,-0.00473430440849191,0.002524426245268506,0.013103038935241118,0.0045463520877192356,-0.009621333932126016,0.009376084162114898
-0.0019374104543378855,0.0008393118483825103,0.003849094156861936,0.006479793951899826,0.007424325416146576,0.008286033587674132,-0.008611738993120954,-0.0012606753571410406,-0.0025122871254604356,0.0015630465227652365,0.0035299620641629573,0.0015238276762991638,-0.006557963842639642,0.005286349997821037,0.016064638643345563,0.0010063850841819236,0.004462926685409376,-0.0009503874216860442
0.006020153631229501,0.006070484066055055,0.0,0.01101492390550412,0.00747999476882463,0.008377646181678643,0.010895853304987426,0.005131547983551945,-0.005506457495932339,0.0,-0.0013908693416088155,-0.004896161506647993,0.010571180730359404,0.004493647666058981,0.0,0.019094917614759448,-0.0030405969989290983,0.011830460846403504
0.009334670490151537,0.005583308614424319,0.005765082682783243,0.016163402555289245,0.01338933613561668,0.008844218799996898,0.010131859855613795,-0.002690283760014426,0.0030297351393878008,-0.0022557949710910546,-0.0008136744335902683,-0.011089135280459841,0.022791243092515685,0.01013006576008611,0.0040833041388916805,-0.007081311249357005,0.0026746114084862127,0.0017243149363310728
-0.010398627776833917,-0.002612967218577279,0.004652814635575473,0.009490224745677407,0.0246852626002237,0.01432096134321942,-0.009333839587136095,0.0,-0.003106980062105925,0.0007084426673270626,-0.0004984962086794065,0.003968381542017986,0.013239762843064232,0.0,-0.0011597824459678911,-0.0024513277518284663,0.0009090102495153935,0.005799787251825832
0.009000329266646128,0.003507883278057201,0.002732636742770086,0.017663983560297244,0.017046962138257887,-0.0037359022641829717,-0.005001444969324639,0.0014224075289976732,0.006100444996470826,-0.004788767153885374,0.002309304622761266,0.0018708994384565097,0.012626584121098922,0.017686179057890616,0.0033158650990861046,-0.005209383142171396,0.001994165373711992,-0.0014247143394867795
0.007940209709679803,0.0020671791590740896,0.00036504387944688,0.003698695099086027,-0.00019898697578724783,0.0017602814957630856,0.006575393777905227,-0.0006813680712433073,0.00044937014728474044,0.004332363212040991,-0.0008179184565360272,-0.0007383779971337903,0.013483744499604086,0.0015451848866877105,-0.014186760008141812,-0.007616171190141218,0.002011177543672257,-0.0032494498958647207
0.004820449423363407,0.004949074553353964,0.004799107551367617,0.0006957013407123869,-0.01047961301785832,-0.0014623700437192922,0.004766062701822412,-0.0047683971311839,0.0009868538580929647,0.0006383617766005988,-0.012895556847733325,-0.004284430481081846,-0.019941564380625484,-0.012048386967367009,-0.013698627216792943,0.001515778832788947,-0.006075257172984509,-0.0007729338861844279
0.000918054080678872,0.00041447264447696234,0.0004970896609836753,0.0012187126170490152,0.0020299412278815734,0.0009315805360958837,0.005308566596725389,-0.001253301206262748,0.0029402686431047654,0.005573010672756387,-0.006687645263861462,0.004239019142620585,0.01048213562347054,0.0026539270090708855,-0.011406825658094187,-0.006670245964537803,0.0014709767465177126,-0.003415117525689652
0.0008189011094059446,-0.0004186349107966111,0.004792945803972672,-0.010857174296762574,0.0014693970270368807,0.002029698616321707,0.005725951890759009,0.00310201304686383,-0.0002572455196612738,-0.005630084153825055,0.0019261531668943639,0.0002697526804532028,-0.006839959847498233,-0.009006862430903229,0.014169503184236978,0.006416156987729489,-0.0032093007303050673,0.0075626664773895645
0.008883580318549628,0.0029557364075510494,0.0029167440716299283,0.0019977811028216315,-0.0031680813505392184,0.0034019165516179697,0.009761830983265628,0.0010499484784254557,0.0074128295878530814,0.0043133538690911435,-0.0022166757710724923,0.001251063062418084,0.022078521903138502,0.005634854366318874,-0.010812488789855391,-0.006607849437744816,0.003363169747737758,-0.002618591261124445
0.0009716266657563256,-0.001589266991281924,0.0010848866072043905,0.009133844856684996,0.007844200795022196,0.008671210337618399,0.005098929673365035,0.001477100247881272,0.0022986812276933576,0.00030149563612502834,0.0010744343192632024,0.002832487650192185,0.0023954585438564725,0.0013844564392700342,0.007843819880700745,0.023454105646305724,-0.00044283026884303964,0.0037578111345850512
-0.0011110413865424236,-0.0019977267446133415,0.005810354900243818,0.0008270173046741001,0.0050922198114970426,-0.006128336654199296,0.006184996558952997,-0.0014578322979360771,0.005063636716769944,0.004448157958717715,-0.0030668437917062623,-0.011314771011980097,-0.006202754085445655,0.0011601226510373382,0.01644533805212165,0.01061880042768598,-0.0035795501241064225,0.0035391310678182485
0.002986548214106736,0.004653571347990542,0.002008796296952078,0.009873888514134302,0.007588151207904201,0.005459502731967705,0.003728541783986102,0.0,0.002207679418354262,-0.008696417872513695,-0.0020069482267609396,0.001918016308202482,0.01455897611240882,0.002390677632234251,-0.0010250709613896611,0.006781305238019018,0.0,0.0017085329418338388
-0.0034805344627486753,-0.0016317728750681046,0.003224611204392192,0.0031378265313113766,0.01241141042973811,0.009959021710605516,-0.0023130833648198137,0.0005381596626423698,-0.0020736311042222236,0.004603008985161789,0.0017516903638492866,0.0023386751098994785,-0.0027696837894371283,0.002132333722472777,0.01839078340694775,-0.0027454434391590804,0.0052778049486054465,-0.0011515625197889984
0.007890626611914711,0.006301313285029464,0.007012032193157409,0.0011595949537856623,-0.0016349031373162207,-0.00401280961906035,0.0051354243419988515,-0.0018764522687209626,0.0031030728597918208,-0.0033950156028399784,0.0008529811152240552,0.00266079618273306,-0.01017296178546467,-0.0013224367237630145,0.00356057593339956,0.013734698719905214,-0.0020389415111233262,0.004131581001324831
0.0016782590211591758,0.005793246491108895,0.0026180004423383267,-0.02784183284120292,-0.034253443581193734,-0.012899027058076648,-0.00938786242700066,-0.006674670244727862,0.005764723534701636,-0.006213434160234136,-0.006807326658127984,-0.011385854562032548,-0.02028893100125176,-0.019938381605410567,-0.01565798203756919,0.012584109285010952,-0.0033537570464900407,0.002585760642095203
-0.02197355144855879,-0.009347116114561141,-0.0030246105398695836,-0.012471630042218497,-0.027197627635473814,-0.02256846213166691,-0.01947838880358524,-0.004233617585884493,-0.005774988769555005,-0.0033818319186085964,-0.0005083829035708641,-0.0006590185601041521,-0.014463579430376078,-0.00034251432550485303,0.016358899089643233,-0.015696263822018674,-0.0029822558391478836,-0.005318678343881694
0.0020849162424446,0.0012131807575109495,0.00042288305549463074,0.004377254937479501,0.004139108948313871,-0.0010914986922940964,0.0020342173893075324,-0.0041778055689174025,-0.003660960816797085,0.0016939422729770695,-0.003926276855229776,-0.011094845226733718,0.008121460847338452,-0.0027389491689750445,0.01255410586107387,0.003377135367666784,0.0022794959927426406,-0.002736193888915203
-0.00491426169341325,-0.0029274669253894986,-0.0014527511467990304,0.0042611627422901675,0.003960524935119824,0.005791971211329922,-0.004158492968695673,-0.00044916874337822,-0.004242386166775788,0.0029737273008569693,-0.0012227569788295486,0.006184568916089442,-0.0061301541079033855,0.0021110902763948067,0.01840046446597795,-0.00409368989278459,0.0061118774969127765,-0.0014132221711330752
-0.002696566305803467,0.002506881686935437,0.004521984937656325,0.008026645914113215,0.010748179042239753,0.012782493536536658,-0.006354518405438917,0.002661045715728404,0.0018329781596317192,0.001390418048473058,0.000975410326664935,0.006626746313697125,-0.0005698723605113147,0.005470630642777244,0.006143241782848817,-0.005924740608063022,0.0019043167413543083,-0.0005531783093530793
-0.001683520798933735,0.001357242755208945,0.002615387560281648,0.0023555089196052197,-0.0023541986011904434,-0.0005769195146528418,0.006607625525683042,0.00032740783571750344,-0.0006845362000398599,-7.694133459214977e-05,-0.004483205673952018,0.0014517993473264898,0.0006998703191165691,0.014888463039295008,-0.004727132265528164,-0.008711267735419572,-0.0009067427289252652,-0.0043817379194970784
-0.0007749100406759864,-0.001517559697194016,0.0029268271482967025,0.006023354015493116,0.0009042136344361756,-8.771432356216406e-05,0.005388014071827675,-0.004180840065370037,0.002175835875761698,0.0005503505282563369,0.001809803481550318,-0.006338862418532562,-0.009305044175184614,-0.00248506672349937,0.0009021712160107479,-0.0029311013534316747,-0.004409506684008096,-0.0031663196366160332
0.003366459918134425,0.003396100075123166,0.003848244266756807,0.010375531279104375,0.009580831736409829,0.005215076464058985,-0.0037095204152807824,0.0011506172248350944,0.002210927106152369,-0.0031564456039809255,0.0006610807399022021,0.005351146079369116,0.014850201967011095,-0.0007804101376279967,-0.0037861070611321856,-0.004099795512563234,0.00457978411017575,-0.002053240595281877
0.007560083865787398,0.0020445361366507246,0.003649905002015167,0.013460619683142569,0.01562658936624639,0.001311575451493121,0.009346110532605381,0.0008070766891034825,0.004054169866059039,0.00386371634103175,0.0019120960148440544,0.0033355858456275626,0.01276951676076129,0.01975867407255259,0.002592538329482638,0.0,0.004437872486801074,0.0009099014934147998
0.011204186320466068,0.003298678937937813,0.00431941835804448,0.0035343781138246324,0.0030458775289175515,-0.006560618801924193,0.011507998190461118,0.00459511146301804,0.004859760511256194,0.0013662777129151674,0.013900004921372808,-0.003026730098465116,0.01585899079389019,0.005150945977001376,-0.004846179427136073,0.012434969816919678,0.0047792663868025205,0.002856821733256007
0.005910838523467041,0.005037181919100132,0.00408443789416005,-0.01103353647953781,0.002405854859841035,0.0010081868476957627,0.00940197175489882,0.004388070223826273,0.0016022971068268821,-0.007504770565500531,0.001350687043810629,-0.0007918091406240586,-0.005444728627751752,-0.0031875195468711527,0.013795237355471347,0.011901237812352423,-0.0013733122332807272,0.009126861453630251
0.005433490535233132,0.004145891970496903,0.001697486839364636,0.008890147872486154,0.0019341934356007192,0.0019920917237626332,0.011453627549975493,0.00842006022535374,0.0038296456325658283,0.0,-0.01084170174670033,0.0025674242417813324,0.00870762342868487,0.004642018473132299,-0.01563207905222603,0.003146495628009618,0.0007551430119836863,0.002038922296227423
0.004500578158956329,0.00516246680458509,0.00421981266678496,0.002176779635653673,-0.0383150790749888,-0.011895310980276021,-0.015867539540850805,-0.002661887319888334,-0.002560828885042297,-0.006152254688677223,0.00644521076539634,-0.008602243672177056,-0.0167607663364477,-0.012922225447478224,-0.018260496488035963,0.005713195541893237,0.0029571372717409625,0.0022045013164763844
-0.008849222837975243,-0.002839357189461135,-0.0017342900158357677,0.002732768012217551,0.0017005913671099115,0.0022747720506480266,-0.008762642387456167,-0.0022655370166264925,-0.004304252074707194,0.0031740168755974942,-0.0028519933206547755,0.0035232516645141263,-0.005165416117414748,-0.0005554259207721179,0.01786343783901686,0.0007853964364616659,-0.005064674725269505,0.0010056512078421322
-0.00044522659832890027,-0.002915034052050289,-0.0004583943308558633,0.003674886624267488,0.0071313023670924874,0.0002969194859193709,0.008356652977468758,0.0018322655121771085,-0.0016027394762353217,0.0016160873397185384,0.0,-0.0009289084327159687,0.014411079321273362,0.0026088611597989424,0.000406734816900915,0.004025096689585972,0.0026640048626683953,0.0021174855424344052
0.005600583911351339,0.0020918880636535356,0.0019662439101670614,-0.0016496431394389672,0.0,0.0022179757075735163,0.002288897990714901,-0.0011977882256787665,0.004494719841251787,0.000823228058273757,0.0004158574137784959,0.005268844175274702,0.011906711216100568,0.00193232896068617,-0.012730194103200374,-0.005069791731457046,0.0021491515783455084,-0.005410072741926824
-0.0030522804195978305,0.0021485390587169246,0.003448299125499099,0.014084672865962685,0.02069475425154447,0.01702853302320467,-0.006463877829660501,0.00011598365998960893,0.0,0.007955780209410068,0.003096253785649084,0.0011506888985160862,0.008976578614393835,0.0028704096329868443,0.005407609051221097,0.0,0.008749733742592128,0.012192540874555777
0.001156614462739168,0.0011994138056405526,0.0023072934901219506,-0.003716567437667393,0.0057565804625804885,0.004387135565727473,-0.001546981510707645,-0.002565460693304542,0.0033930078583273462,0.00016242325074907642,0.002606430679040451,0.003546167971709085,-0.002420447161235874,-0.0020674450316235334,0.017039129156132555,0.0026800835586738205,-0.004366192939871255,0.0
0.00912433230663381,0.006577395510264081,0.011465958425733041,0.020070901065317417,0.015922903419480147,0.010951506446997914,0.011925447604764945,0.0002666098009090199,0.004779804406227938,0.0054388872086165545,0.003953806121762584,-0.015092790288070604,0.01903370481836281,0.027342595253398928,0.01422977624768502,0.005433750691320007,0.005967946554500517,0.002917866789512391
0.004340197485013805,-0.004950175364789683,-0.011503433762107787,-0.04240115892552612,-0.049229328287568104,-0.015215245489380639,0.0013626894190561603,-0.0059128865761689554,0.0019542765319840033,-0.010964300249845866,-0.012329201488459684,-0.002643605412261178,-0.012484326762759186,-0.01351726436594721,-0.014519334667372397,0.011085210253854944,-0.0008085860768057453,0.008183182817837392
-0.0016559702414133204,0.0,0.0037520297588934793,-0.007365579826511992,-0.015107460318618114,0.0013134150714470035,0.007195255544370417,-0.0007713015302740268,0.004735012923209077,-0.01883067521949887,-0.0030666847673116323,0.0017772012962748434,-0.01330314395233838,-0.034024163855386785,-0.0031198079530875443,0.0029492832899071847,-0.0033708679001056147,0.00029879570825427915
0.00044411676947050526,0.001499096276925338,0.003840272355865396,0.015118191502824122,0.009165856605894042,0.0019651186626146793,0.01047658731038105,0.005061568866199732,0.00021601258922565846,0.006004402186191225,0.0014278751925722343,-0.0009771453066324957,0.009902972683528662,0.004404796068178045,-0.005144389786739912,-0.00720752704261667,-0.00011181171957172567,-0.0039104962323533235
2.055368793414645e-05,-0.0014366969820701547,0.0027423545552026133,0.0004977195133332854,0.009228210751626578,0.004192141971517575,0.008382936460171794,0.0028223344017352455,6.988786786213006e-05,-7.583021078952686e-05,-0.00107119889586027,0.007007775321668341,0.014564111392783042,0.002396683236373937,0.0009707023926532988,0.007214039623570696,0.0010409060356803288,0.0021731135542028615
0.00263879258263942,0.0027545912056533323,0.0025357918532588775,-0.005811886000168937,-0.0019175479974050146,0.008634670800870364,0.0033466783670267814,0.0,0.004983178177147502,0.002184581418902674,0.0014870617226364245,-0.020503775503143418,-0.002485631848590883,0.011462399134633932,-0.007064307852506237,-0.0058185799040304555,0.001681587582569068,-0.0023354867687440206
-0.0005218978205722331,-0.0007957556831827238,0.000576874104996514,0.0024487868111008728,-0.0042365193005835244,-0.0031562729646222084,0.004829493021823814,-0.0010473757892520302,-0.0012057978749611916,0.007929380769169578,-0.006505400343948333,0.002581610523787603,0.0005365575820770429,0.0005140845092693306,-0.010395754872756966,-0.010972173349231909,0.00044194686915237553,-0.002744534322778349
0.007131572512713015,0.00339718864228367,0.006453414014369326,0.004227564183972573,0.003997913655328309,-0.0025413038444475856,0.010341441099615592,-0.0020865886909168536,0.0031069676298832176,-0.002740623971458895,0.0033788466124524824,-0.01224626253609903,0.01671621426932312,0.004729076628178624,-0.004034771256780401,-0.007944254260708754,0.002017632974058364,-3.457087852805352e-05
-0.003174325760947643,-0.00044157877463003246,-0.001353062630043388,0.0027359612833131636,0.007081302401264583,0.006447433805397951,-0.009324928725514074,-0.001004754438118823,-0.0031642759768713805,0.001577703991817936,0.0005992833112072934,0.004397044889156105,-0.0024628146373065415,0.006110983949198557,0.0009286460192912018,-0.002405605481863207,0.005649996854021693,-0.0013240959308680623
-0.007637613975340508,-0.002117467955298452,0.0031911969646756812,0.005832448976570843,0.012666768951474101,0.01033989857223343,-0.005889505958056829,0.0010432613096590432,-0.0014813677996130983,0.0029135829933873065,-0.0007068727139352626,0.0021240014413248225,-0.0013178814175807446,0.00243099295027216,0.018732120875445863,-0.001113777622015915,0.005633555955854229,-0.00038752952337758884
