BS_B,BS_G,BS_R,AE_BG,AE_BR,AE_GR,BBS_B,BBS_G,BBS_R,BSF_B,BSF_G,BSF_R,SSA_B,SSA_G,SSA_R,BA_B,BA_G,BA_R
0.03828711072654303,0.0034378396939060314,-0.006515022154663717,0.028672979336646216,0.010571029701636982,0.010523311547017328,0.0024132803739799883,0.004441379868227476,0.0033875653961401245,0.0022339490673082734,-0.010874685054666343,-0.006662535528065093,0.008959754636942674,0.0004157335739011816,-0.0064337772012392595,-0.016408303208927038,0.004868836213230673,-0.0027401066947816133
0.05195762401146322,0.005109131765379991,0.0019371325946760654,0.003847825838825947,-0.001304145806550261,-0.002500744755530683,0.004697657564511339,0.0025324215767565774,0.00103789028346843,0.005640336770122193,-0.0014755478553804284,-0.006572679009600672,0.04164926513274589,0.006223495201508298,0.001144547782665458,-0.001087755660652126,-0.0007227498758453191,-0.003784723940633436
-0.07421512264960603,-0.013805474327684345,-0.0035366644223370483,0.04004372820906629,0.020748798536247805,0.007432899842126549,-0.0013789457934178851,-0.007649562742115438,0.0017550536832632209,-0.005853720105979934,0.009216963988066712,0.00548437480083179,0.00044988131248414393,0.003648767087339665,0.0003902734451259707,0.001154592238266024,-0.002278141835206205,-0.00608058051608289
0.07718876295531081,0.014002932046102921,0.016040787922274386,0.02136748686111754,-0.012174086108298562,-0.01422123084942707,0.0042625315282797845,0.0036759586022621343,0.0,0.0,0.02553191191453501,-0.008344630523804793,0.04653763963956427,0.008985405878239214,5.911050485429657e-05,0.003644962703266332,0.004486430182354066,0.016625539820733254
-0.09466223073492033,-0.021854009176758882,-0.010499896940012176,-0.010077397191706326,0.015859691433487408,0.009713393540958098,-0.005832874108530437,-0.019000450567866155,-0.005570010347158683,-0.007093517292386799,0.005062160108517696,-0.010739321124963943,0.03993112523828202,0.0057879539440306264,-0.0040710065976493895,0.013746931453896334,0.006088968165234441,-0.021393400479343877
-0.04213885086700943,-0.0018981563940567345,-0.009335906354828467,0.035525892621411884,0.026333282151974557,0.011842558453496412,0.0007986671565536948,-0.006406450181577591,-0.005327354418793729,0.000773891224546276,-0.007485941055162122,-0.0024165898077176517,0.022963735029388397,0.0040169765607647,0.001769132817342249,-0.0029394280376936134,-0.008302066187016713,-0.005370261559116983
0.02705607609991652,0.0036185904576324216,-0.00047138907428034187,0.024210766221290578,-0.011235555441584971,-0.00652623828645625,0.00202892923223454,0.00285578367056327,-0.00018379486843934163,-0.0036121971221967867,0.007057017188571019,0.003429256593455778,-0.06861598010910842,-0.004628343441995284,0.0009337482770270341,-0.0017257736546698779,0.0053059437606558695,0.011739757746958485
0.06010874231384535,0.01690207767873137,0.016984463551434924,-0.01072107538749236,-0.012254750459497192,-0.014897554526885525,0.0037475937872726347,0.006421785134429007,0.002438074493473158,-0.004368835977145377,-0.013099915561553446,-0.01695633240112329,0.019460577958532888,0.005521743749906742,0.001516122563815282,-0.018021045846282648,0.003579217621725107,0.002841439949206631
0.04506760477919796,0.013056397206562799,0.010766635554622117,-0.14319483026921198,-0.09603626690109696,-0.023001972670833905,0.006548854112131295,0.003547142618307192,0.0013962551422893683,-0.006312913075766785,-0.00049547260060295,-0.01037948627856932,0.03179121626942069,0.00324147884619393,-0.00029393656619478465,0.0009590379306614004,-0.005115226142064594,-0.003570643517567612
0.04475904659039615,0.003759768941940318,0.0,0.006117954055070646,0.011863839491754168,0.007042830569038279,0.002998983142080032,0.004543445080204925,-0.002413880654588586,0.0017503880793169214,-0.0028399402436381435,0.014075836314536055,0.030353402168636877,0.0021056517311232328,0.0004391039141544219,-0.0012242639373350077,-0.003041879743659336,0.0005300850967230875
0.02864478249526672,0.002708789277292069,-0.004514954156628346,0.07060785215470436,0.01344353573589017,0.008809938503107583,0.000565587418797536,0.0060157383832729,0.0005750102715895352,0.0067996839685851886,-0.012258725643781086,-0.015820430260616754,-0.01325624112712212,0.00019115931903526353,0.0010897981026569646,-0.019828703355838063,0.003311089232695441,0.0005331152195058309
0.07226820378240642,0.011034568932563278,0.0123379511062765,0.03495291394355389,-0.0020231252122783734,-0.004644932807592111,0.006909916005246029,0.008188500658765537,0.005481760054857854,0.0018875466245635414,0.009086946653063269,0.03133147124178595,0.03660206366662731,0.006638702914132711,0.0,-0.014943334228587745,0.009568118264531883,0.012082440855574722
-0.016922329418805126,0.004734980066958646,0.0018577345159559503,-0.050750285924132964,-0.008513915481195232,0.007905802162882478,-0.00011189629039551994,-0.0011081849640377187,-0.0007397546512022579,0.0035785972322008174,-0.003846188506501868,0.0031836785099656744,0.06709784300710371,0.008074819720984004,-0.00017973350687225468,0.018372140090643474,0.005288506995469067,-0.004936295577942368
-0.015699008476658536,-0.0017096332839554415,-0.0021266178020127747,0.05152650160984934,0.035672683761331966,0.01088109064998757,-0.0030750053852209224,0.0047366127915439964,0.000318218993309221,0.0012917220906304323,0.006017252501383585,0.0023073246043108855,0.01685023058881697,0.00319665855253251,0.001217953245725593,-0.0038666838125354223,-0.009463408459161616,0.0075553245164223515
0.04740667523869031,0.00271942162383724,0.0028161750030093998,0.03194199954590464,0.01691822357560806,0.009779226829176589,0.0025246484619540397,0.0038302105633070444,0.000307639011722089,0.007861418952282512,-0.004466428865930249,-0.004763978396636982,0.036522990635563295,0.0036435152506715815,0.0002654609085458852,7.315440451006939e-05,0.006074577707406475,-0.0036138554955728597
0.0605336834600737,0.012126433733659042,0.0033400860065001645,0.055330916838715404,0.01704439301846684,0.008626366905773227,0.004005957273448948,0.007595502511539624,0.011726967583975338,0.009795505639160838,-0.005519250495581645,-0.0035918733799675533,0.04037236750350732,0.0059340183799218476,0.004030182475250424,0.0015190383416273713,0.006059265098004879,0.012111074887495549
-0.024841470663427234,0.0003540007210452171,0.0010057358068069268,-0.05109978826078487,-0.005400542776979357,0.006983447480307697,-0.0017967258726488715,0.0021164878242540403,-0.0009090346753614256,0.005228079650561486,-0.00819303299174953,-0.0008362246347730692,0.04264573657188335,0.0035064470356388484,0.0008014761094603698,0.010838546440199777,0.004723128234139806,-0.00013530250460299167
0.029618096259193163,0.005025308230150018,0.0026960387784338274,0.048155250813350044,0.023699755011386256,0.012766686550093418,0.00377137151455056,0.007161701407004569,0.00028589222043901887,0.002544368713572236,0.007568516770146507,0.018298199521719027,0.006804742294913983,0.0029277116304118776,0.001715265962076578,0.004163289081140593,0.009660476602870947,0.019524232407831216
0.044369646600585386,0.0017179018229483457,-0.0007268720610153111,0.003052489969614322,-0.00840577586000012,-0.008432148902392956,0.004141301710981833,0.0035962841966848936,-0.0031422154768647576,0.0028934089496912194,-0.006843073446478833,-0.008092122490948508,0.03573253565337642,0.003574810270081642,-0.0009407099270786646,0.0001462427619340949,-0.009320171540378707,-0.002417488004285949
0.06709577624920593,0.016016217277904823,0.012204624469654281,0.05123022963032264,0.018107804006814148,0.012487489851049055,0.0035958453186643187,0.009091899364320978,0.012820615598078887,0.013374349681454558,-0.0047752440120852726,-0.008780365896052838,0.044051203961009186,0.006125115106164349,0.004007777776960347,-0.0005177472967569755,0.008747887675689747,0.005664853539856574
-0.04603843501181732,-0.004387903413939138,-0.0005407251109685613,0.011062842873271195,0.026990102054527832,0.0112390727257948,0.0037041683588172024,-0.005229521145890719,-0.004412176874210221,-0.0011238030349094879,0.008048270060853735,0.004446069733347696,0.024927340137044916,0.003576031904648249,0.003027603557857166,0.00979204992583028,5.187602247484656e-05,-0.005054871853298497
0.05396953214294276,0.005164118040054861,0.0,0.07639819656268303,0.027302407406107707,0.0071267799584656556,0.004270846917178567,0.00862345976199333,0.010700030469970964,0.006158354614062981,-0.009435323319033745,0.026000374672051536,0.02520084514751885,0.005990856153086114,-0.005126063147837185,-0.007191911496385152,0.0076461152940371915,0.00913098783824784
0.051179640408880823,0.0076893341755030825,0.00011073578628822725,0.022496585997673246,0.01239546120911004,0.009282947268053694,0.0029148186529892855,0.007523968402735074,0.004045573452323633,0.012024018292622394,-0.0033315606802647147,-0.003074926242397045,0.04940220746520434,0.005445791959957147,0.0015722233206633273,0.0008324675898217561,-0.004100311699202743,-0.0027209597704442867
-0.04363035222030517,-0.0058842702799456964,0.00036454066833835943,0.029164183676358438,0.023144086073233105,0.003543226177138088,-0.026097976805607697,-0.02273996824223588,-0.01174838741093519,-0.0060933613236515615,0.025406916221791035,-0.0029620944036856042,0.039556580079099776,0.0009813030765428966,0.0002016496703327021,0.010206256331659743,-0.003340008369978912,-0.006918064907766275
-0.0335086496293269,-0.0031253265202027384,-0.0030570326304756607,0.021414660573940873,0.01909873598671232,0.010088639381955512,0.0028968666680707286,0.002996515515220956,-0.0003232914909266182,-0.003943292744651943,0.002722080560947984,-0.0013133789996345544,0.039987027464472344,0.0020471795412619156,-0.0020350378759126414,0.009890822672421473,0.0005773736866273658,-0.007991105788945477
0.05419199598114437,0.0054975797987668745,-0.0014707040884841005,0.0663203821932036,0.034188131879254714,0.013765339687011923,0.00228195267261605,0.012654061657663678,0.010990337566655392,0.0022557912262319043,0.010678688767408694,0.031429556677488535,0.008007045393398611,0.004745502740885251,0.002089937274085781,-0.011568711689233948,0.009299847479120297,0.014822085548938824
-0.050849722001692556,-0.00811828133817776,-0.002947707289888029,0.00673936992276791,0.024248509730067848,0.013067548986039663,-0.01138306434957245,-0.009437573637506132,-0.005429708300793066,0.0019645160733121917,0.004553885063757708,-0.004987777384911713,-0.10938810066603347,-0.022213181929206793,-0.002062795958222228,0.0,0.00148981028460022,-0.0028929552567249772
-0.07868205963671325,-0.014487784211158667,-0.004296504529179121,-0.029390127838039022,0.0037925261333397933,0.005189177769828871,-0.016661443671418624,-0.02024074406546654,0.0007137872956798366,0.0034412670879537706,-0.001336695333047369,0.007203721358992082,0.04088368326920986,0.004841849787287032,-0.002644226300753125,0.015293121448173538,-0.003101994682033652,-0.013690882952639219
-0.024784498664951235,-0.0023220374795383755,-0.0011886979535219188,0.0468685753777972,0.04635209915629326,0.022247317543350593,-0.014988113131704495,-0.014188595138519782,-0.0018789664082340652,0.008052263265817415,-0.002735038836020902,-0.0029455267515198754,0.03297186313777794,0.004913037470053186,0.0,0.013331459991841103,0.003341982375636209,-0.0025627181024851647
-0.04117783533613351,-0.004659720819454875,-0.006700029812831602,-0.0238563641914428,0.008140600173469292,0.009711605984532289,0.00015925658770711305,0.0007736568690124912,-0.004314806406010964,-0.002313028047890158,0.002082937448703085,0.00019730169424908212,0.02241194911431535,0.0053616241929807075,-0.0011497705691110955,0.01059270796273752,0.001401759773693662,-0.003071762005470789
0.07180480868542334,0.02199551745244932,0.018165722570060737,0.01965490812722554,-0.008372074564192816,-0.01142925281531709,0.008777263015501397,0.00729026281712261,0.0033698724834305776,0.0034719022425763846,-0.010774891650672904,-0.015021457415731377,0.041757972546744945,0.011848033721323283,0.003758570372481298,-0.008381111673885926,0.007640259219390586,0.0076445040068551795
-0.0474315065157067,-0.007518153620920854,-0.0035561299521987655,0.03839250810930051,0.027180366173537012,0.00328910238741526,-0.00867082058387256,-0.01864629962785291,-0.008540366477467113,0.009143061108097504,-0.006274010501487607,0.0007828091533783444,0.01653612124923359,0.0035645841076005955,-0.00023910823475769145,-0.005246771203400818,-0.005641750541696318,-0.009167098018213977
0.04930813456097897,0.00722509169260407,0.0,0.0841391591247938,0.05780124772960951,0.015426680860103919,0.005171156274466608,0.010367579071591006,0.0043428324390295025,0.003475990207031682,0.010531813076180962,0.03779448221072882,-0.007238320431207198,0.004655964433733576,0.006423853793734431,-0.009256554571068063,0.013430320652473795,0.019398601186478737
0.05287969824675494,0.004227864398079792,0.0,0.034143542448505176,0.008052910146215878,0.004465315705718664,0.004236591913565535,0.0058030673909500174,0.0002223921096216694,0.002807016680047121,0.0025745655344417717,0.012073587473536615,0.030530763144487147,0.005494280127454122,8.017352202254718e-06,0.0026865071715135532,0.009697624955001932,-0.005827662128932931
-0.018679729423428406,-0.003369409036897098,-0.005699249228519417,0.05201095874751664,0.051026327972318763,0.018551837678384062,0.005534065137518807,0.00592529484987102,-0.0013557630858665206,-2.120837544632186e-05,0.016040289258894967,0.02550083705742135,-0.0005292107319653447,0.0036297477687464077,0.008645642673381882,0.0035559494917456282,0.009152946835946882,0.02318400871886711
-0.09365582180381327,-0.02284347545950505,-0.0175673635896811,0.02857788379110229,0.022278027375753667,0.014721507240857041,-0.015832214928380734,-0.028699525837439763,-0.007724976103557522,-0.002239611656915381,0.0025515584117004344,-0.0032513608537859066,0.0,-0.00271689394027397,0.0006998917065763767,-0.0005273404052351634,-0.005856236391897931,-0.006797257218754155
-0.0012535549186325943,-0.00015779836630829382,-0.0010248125264365777,-0.11348176521376335,-0.02957054137757575,-0.015865115890649935,-0.0006562720310540768,0.002245298294208943,-0.0015022403694608367,0.0036918251379310803,-0.010099131380202077,-0.008362188342688903,-0.03968120442361404,0.0012438303882341569,0.0006788764190314517,0.0011825136854363447,0.002057320040851328,0.00946197180023911
0.0534939281372811,0.007718151610747909,0.0007065026342497219,0.09112049482367095,0.05791778318519461,0.012999300172279547,0.004974386821361308,0.0060503923343596805,0.004447894385721142,0.00634710314024647,0.002099797509486342,0.030973874297448065,-0.0019215974229889441,0.0034697835916247194,0.005817259346659764,0.0031142294597684725,0.011508574549849255,0.0163516168237251
0.016539925619297326,-0.0008464260856528929,0.00033045315012276017,0.044125218895575385,0.022235157255244324,0.009214474081276382,0.002634477764416113,0.0036921608493532387,0.0005136952643423402,0.0018995421958719544,-0.00020248183216594007,0.012918858522887192,0.034469525096614564,0.004060116557031147,0.001428539704550411,0.0032426701518949294,-0.007671593082175539,-0.006648605823775855
-0.024788079451603336,-0.0018695883064066513,-0.0012888147512998503,-0.03394852361150375,1.722328456706676e-05,-0.007501502724477234,-0.0008848892994302443,-0.0013068534407245052,0.002068741757325503,-0.000853208145722951,-0.0038734698558350452,-0.0037111810508586784,0.07877636177279079,0.014900474731868696,-0.002584116021090738,0.025203067738696263,0.012283082237896169,-0.004483078726772428
-0.018350474309294994,0.0017950142539222731,0.0033887014850670465,-0.010221934123692331,0.0030529679934882563,0.012142393437060082,0.0030920837983531447,-0.0005807195012722234,-0.0013052460395975556,0.0024399539678860945,0.0005253696780303677,-0.005371305244538667,-0.10210253705015235,-0.006303705343007143,0.0044887416686749055,0.00047263697781024886,0.003982817016560189,0.011401331931565964
0.05384748189610798,0.007082197704526063,0.002099149108917995,0.023151406044827887,0.0010782134161397882,-0.0013976446673860008,0.0017802083120827797,0.006057931724533025,0.0038559531916432304,0.007944554675161338,-0.005505346609466448,-0.0022274691139303254,0.04385031788434493,0.003317716785583256,0.000594582288935752,-0.0004628123190802758,-0.004228175028705812,-0.002971308471052675
0.029325414769853946,0.0017427621974084903,0.002102500484138512,0.042149223586781866,0.011325031981659107,0.003876528786620118,0.0020700685707123545,0.0037312127642480136,-0.0016419059098612553,0.0008192713520248501,0.002581086147440877,0.011379972870100303,0.04471198071397035,0.002056810904220271,0.0,0.006643198563146346,-0.0058956479658578516,-0.008261133757031996
-0.059138354700380126,-0.011677021393687603,-0.004620314302655022,-0.027759594187843597,-0.0008044589066720373,0.009846486876512147,-0.014708013220215334,-0.021330709163195814,-0.006596054738072547,-0.0015121848318853312,-0.000284733677240753,0.0024279139871703523,0.04518414462233257,0.00658799061164972,-0.0027666444474934125,0.01129483844053098,0.0039954063160502025,-0.012131511739049916
0.05101345365724471,0.00518450303524939,0.0006625041928964544,0.055610768431860885,0.007051616483656251,-0.008276774143991377,0.003043771207267585,0.0068106064100474685,0.0028635650764925963,0.008661151072762751,-0.009744117719779406,-0.020083294993886197,0.038631598973740605,0.005545287971372692,0.002659592585796538,-0.0021638684854119075,0.006544787480801313,0.0037083705478664075
0.059581177782982234,0.01427156440058776,0.014716329068257596,0.011569729320419437,-0.009023936211217666,-0.012964494503261948,0.005737285828027016,0.005752086761975699,0.002633697394013061,0.0036940846161212775,-0.009645254110318295,-0.01377263785696591,0.042912497772028754,0.004799476699142537,0.0011184221369994205,0.001298520854620944,0.004071719176270488,0.010944254330199243
0.04533787155133843,0.004675043543292095,0.0008522163688117842,0.021723908598499514,0.01169593568821902,0.008062493148887821,0.006458594720444508,0.005202397846991573,-0.0005949489015007168,-0.0011372753450075205,0.00643927082282037,0.0066081622736880105,0.03376690822721477,0.004139263199498449,0.000124966014118196,-0.000766684354122004,-0.003675509618509144,-0.00852485682013418
-0.04831889634962278,-0.007832412833989761,-0.004144936596209645,0.019805400175389686,0.026892591854553078,0.0040496421753552945,-0.0003498662931266072,-0.00921547607105916,-0.007322667171118278,-0.0012179680936793068,0.005590478419969601,0.011065749395641497,-0.1520985628589485,-0.04184717801655393,-0.005124820742987708,-0.00030155375086808877,0.0006071284970174738,0.010287322668228766
0.048649514376204454,0.006164688469093713,0.0031313882940696477,0.07884786374885343,0.05236800857526657,0.013756978770754198,0.006553127928420597,0.005869102448173372,0.005094591595380396,0.0028517286323160467,0.0052782979794370665,0.04237797239806494,0.009798887626363384,0.006591757644346658,0.003290320965826299,0.006710786926528887,0.013976060418656547,0.023568089491899036
0.034359250014621846,0.003424724200033496,0.004006960201401699,0.04517820068992549,0.025884714639277606,0.011155518331347695,0.0028615960099576112,0.0009824978229789935,-0.0008665485850957827,0.010206057382217101,-0.008561179615739456,-0.013766844555497542,0.021655633018102204,0.006974117719837186,0.0007281533928275968,0.0014830423257039987,0.009042264327421832,0.012166454717685043
0.03947126889977165,0.0035097659445018268,-0.004903630844563707,0.06855832712369767,0.01643722214828656,0.012678315741753833,0.00276462561935779,0.0064041388204537,0.0033364674112205056,0.008222953233507755,-0.011582177384863807,0.006522236036465792,0.007255297341766988,0.004718153543245573,0.0,-0.01432908049421154,0.00435227060978452,0.007391913699297176
0.05328997176591868,0.005859407609510516,0.0,0.07759863016524977,0.05613989622892795,0.018346247860054243,0.006360127245498635,0.008654037789358941,0.00477606242988153,0.0,0.01189684745754704,0.033216474843379876,0.0003061923060474193,0.004460062525823434,0.0026502460009146783,-0.0035600906114969253,0.011301277886180858,0.01625282326653643
-0.03256174176708617,-0.003076959341771818,0.00066229000253943,-0.059906035591494274,-0.06470731191360309,-0.02595378346763451,0.0022263514833342863,0.001992498304013085,0.0,-0.003980068257103904,0.014036687308991883,0.008581085338213033,-0.02016542924358838,-0.0004405685689626969,-0.0024889935711880033,-0.0006234004655190838,-0.006752178682614952,-0.0038983794181213227
-0.06420471310286584,-0.012474368624941605,-0.004680754427854708,-0.0045014374252712475,-0.0013255122033428326,0.0007481750635598957,-0.014668192697027831,-0.017307355277879036,0.0,-0.00048754833644935945,-0.003247300220560844,0.0036193204803159013,0.0496324628423192,0.0015542778280237515,-0.005341506673725219,0.014914863198581044,-0.005072291296122387,-0.011880234255980573
0.05470427527627361,0.013244132242176432,0.012845409315396086,-0.10998447901445932,-0.07805977282076698,-0.022829505548853695,0.005509706581003718,0.007486790068252243,0.0015146863800235921,0.003901717163354882,-0.0009809693897834006,0.0004429310721753258,0.05150516452614868,0.007495331287775576,0.0021400974968690104,0.0002646838831817786,0.002512546817850273,-0.001267707060188042
-0.04188333215950156,-0.009020021182865271,-0.007687899458096082,0.009797830514320618,-0.0007691527757874557,-0.01779114253928328,0.00111301973606812,-0.0010207922356011505,0.0,0.0008834190323908582,0.00964721840026731,-0.004974950174767297,0.06252598342962541,0.00959112773847957,-0.001306309385316507,0.02194004179379654,0.010877404478061058,-0.012612284301717
-0.031352805354349186,-0.0040065033404019295,-0.005833284269099509,0.009565059538628146,0.026089026923158235,0.015360118466625904,0.003087812158297895,0.0,-0.003269404663090655,0.0003463961035091268,0.0023752389836914248,0.0035758669564453435,0.0394612614510342,0.0032941309956723793,-0.0012347436244825895,0.012178202920372156,0.00462843898823486,-0.002591697466630835
-0.03175606361861751,-0.0013307156576011945,0.0051332748014263204,0.046634666378334876,0.03220691952944213,0.011524593470759098,-0.001415144101507062,0.004969318261789858,0.0003404402358960559,0.0009431152676368771,0.0034669219896963977,-0.00342628095333768,0.022006484370398503,0.004334836878118906,-0.0037841390277551313,-0.002076418131407708,-0.007115521730225387,-0.008652048946330954
-0.020592802199504427,-0.0002435160635606977,-0.003004317157332572,0.046295273228664606,0.03866905044212595,0.015093830075286552,-0.005299669394302023,-0.0063697529672647624,-0.005303016378366844,0.003772050180651118,-0.0090472911172863,-0.012422659831496433,-0.0013942822914193586,0.0024101525264748837,0.0029049698255068698,-0.002094683590246912,0.0026952346718380317,0.010466745972892912
-0.10806369261260972,-0.02481500468231255,-0.021930334071300628,0.03750176754225581,0.023548233077390207,0.012177403468415535,-0.004273834659127752,-0.029089728857086317,0.003109434293647302,-0.00955072646002171,0.004197293644026733,-0.0055534893736948285,0.013439693468396878,0.0032413271001373142,0.0007234377011674684,0.005976652448786546,0.0001749207409576383,-0.009729429172159881
0.03785531952855358,0.0027202798176786274,0.00015653446444709298,0.039842687465892264,0.015036145159848918,0.010711336408571697,0.003475102171154803,0.004505576565425572,0.0006665085963950475,0.003240394856947768,-0.009205549699523323,0.0220456926826399,-0.01571760456290149,0.0007565880750552232,-0.0023789843778264075,-0.0030519799309921647,0.0056632636642654334,0.014510599253560741
-0.09526774366978188,-0.022910616405421125,-0.024431866682850318,0.029395063909258758,0.015859261480330764,0.01178121806669198,-0.02202211126830258,-0.0344897327923175,-0.010589102434402567,0.002474124989973822,-0.00035114628364757585,-0.003398131808864757,0.011079723293437475,0.002266220389771115,-0.0048148808564347735,0.005786076206249233,-0.003910778632104143,-0.009703661783062395
-0.023482891410694248,-0.00038538321258692625,-0.0024594903224460464,-0.017264444510080558,-0.0008729931181248262,-0.00032802483373903213,-0.006313850961062701,-0.0010947652997558605,-0.00039596563496553894,0.0019238181906525008,-0.0058486953504537425,-0.007660038616460601,-0.13929635803403634,-0.021648881692413333,-0.00327020150607476,-0.026161796849785687,-0.005501448449404361,0.0006608804744678842
-0.08295794767040986,-0.015789230854434875,-0.020591631249579544,-0.03443151323862434,-0.0043986145164563815,0.004514570732865875,-0.020124419071859963,-0.020661310147285356,-0.0012339139085027287,-0.0004967427245927804,-0.0014464703620964442,0.0008626117046494903,0.035024753955902536,0.0016246061270061387,-0.002633589905740639,0.007434150400810312,0.0,-0.013654924094859772
-0.04267045853185389,-0.0013174716042503266,0.0007471664334994741,0.013481906638145316,0.0385248473486488,0.016390794745928833,0.002088473933943021,-0.006353429142531321,-0.0021232250325858926,0.0013848167392701684,-0.0032171721318768735,0.013690262518794766,0.005447797954983071,0.006340134635422581,0.0004348921716251711,0.0021141960416989174,-0.002576494313200574,-0.007354205789031426
-0.03303409747083088,-0.003940856377989489,-0.002734934605531555,-0.08671149402151117,-0.016809602673449026,0.004046851381183428,-0.0036303957583264258,0.0005831869132780675,-0.0008553612044951355,-0.008558412785166118,0.01014709835211746,0.0031692886846906416,-0.00895610913473914,0.0005113859625288624,-0.00034764238850396674,-0.003600592946489566,-0.004081373311291241,-0.006403770021787936
0.034532195478186,0.0024268042942545186,0.00275149555288847,0.07685861440623373,0.05070106388943563,0.0194848910467435,0.005682502859830526,0.007321622141257085,0.003320107090384517,-0.0018711873880248946,0.0118628562533161,0.027528170495228512,0.004693571493331111,0.005896355910506751,0.005652502214148733,0.007429393083986116,0.01534423553524868,0.024683384661995433
0.046456398300195,0.003726748774358553,0.0041328543488666665,0.04006840266917263,0.027822486059203354,0.010463751628441537,0.0037223455227281535,0.0029217655570784504,-0.0006183316467273536,0.006433532517699583,-0.011033870483974643,-0.028304114465519163,0.016367787372290794,0.002892972196777632,8.601965990172164e-05,0.0013907260475312948,0.008624128629101738,0.013143577176969512
-0.026953973163058812,0.001346524588643001,-0.0009375384488767544,-0.07572234740790097,-0.10404482695859267,-0.03868963077701295,0.0007813340463737393,0.0037850562360312355,0.0002870150591065252,-0.008295243847691484,-0.0029082974675164286,0.005709558592334273,0.049341752782772676,0.006647869385986256,-0.0056634482404854525,0.016811422189033153,0.008443943478446219,-0.008787196872335007
-0.028128546494007027,-0.002014239928557007,0.002102553948248185,-0.020877388087177547,-0.0009994699204037456,0.004519586824852076,0.0027680971217906294,0.004109063146714752,-0.000270788260392241,-0.0013189681670449486,0.002142485569281777,-0.0022288975389607867,0.04762878523645206,0.00340815510523995,-0.0028089668377280796,0.012621160745711735,0.0036077207572582934,-0.004939318825552926
0.0545593426427748,0.0037035362171951207,0.0021656298761903617,0.003144485529679127,-0.007113935363381823,-0.007581996304754762,0.005305862164790066,0.005474507719833941,0.0009735657811729115,0.0010797685210275063,-0.007069950489211557,-0.01680467761751029,0.03357114495495202,0.0058266522401923355,0.0,-0.002042389359834169,0.006161810891651896,0.013316790529833561
0.030837319714383703,0.003568754464102594,0.003957223669245805,0.042699193778557416,0.033245901827647126,0.015235938945799091,-0.005324103497620568,-0.003920436982843389,-0.003784256048313089,0.0027136676735355467,-0.0068905185498560695,-0.01303470932534107,0.010878559009173762,0.00660083114885069,-0.0020429771201509253,0.001780418367007008,0.0074379806551466325,-0.003365484097896984
0.06539665509190071,0.01565876467412407,0.0027065761515798334,0.01842338185480636,0.016249897885590153,0.01597131710781374,0.001759978755347359,0.00471678568715613,0.00047349231649904106,0.013292329342012344,0.008136973294098624,-0.001462381187830272,0.04705346459376542,0.006049856992737953,0.0031077590567598432,0.001995149652170615,0.010620371818348741,0.013499374559946459
0.04373636308112661,0.005308113060732641,0.0,0.03372131703499724,0.0094505750661523,0.008989216836576084,0.000624885901970764,0.007182624202620488,-0.0015063599944305248,0.002515654531348118,-0.0005433037023440905,-0.011255887902773298,0.03933834896852506,0.004446528055567943,0.0019592972961271827,0.0003683732402706233,0.007182158126203883,-0.0036154568114319108
-0.03992831869274625,-0.0036696583580712815,-0.00581684112878271,0.03297346606189602,0.023000686889892923,0.01077899326328188,0.0002594565707944848,-0.002414425986934813,-0.0015260550279578245,-0.004118688028140238,0.004602914134569301,0.015840440686274892,-0.03059831413705221,0.0018911313230885508,0.004846805134013231,-0.002710139296418872,-0.0004885285530263036,-0.0023381764517288106
0.07539503689619495,0.006959044228326089,0.013778620387970921,0.03376527008505677,0.0010074058048289423,0.000609943559943444,0.008378952586397977,0.010870531471545326,0.00838371612109043,0.0005595788363838197,0.0011819827963996951,0.02233545715235474,0.04617633395194445,0.010197090795502328,0.0032058197267670484,-0.004142252540228698,0.012227938262005314,0.02026838750404769
-0.07494741082529867,-0.017086777455144128,-0.005883237050901606,0.02960419251312733,0.005182505874341916,-0.007126782113345776,-0.0026289310858064316,-0.01977267722430436,-0.0014510000543974033,0.0015974402570517264,0.01210136053965619,0.003500614364182506,-0.015588061544893728,0.004081951650322803,-0.0006373703386004402,0.008955628452618568,0.004508575499775124,-0.006641439378213654
0.03656898658039414,0.003215895173104092,-0.0003812864903884341,-0.044610995831003766,0.0035819088482943757,0.007766327486200929,0.0016963889375850043,0.003011559450831884,-0.0019659877207599315,0.0018034829555321884,-0.008552713719691804,-0.004256016624536447,0.037518517368860534,0.005588989580681661,-0.002267933928853878,0.0003547061856744074,-0.004319924563385795,-0.0027394718208038835
-0.02829784449855223,-0.0009194704994075314,0.00264229350525804,0.03672659197493595,0.031363839062990166,0.012074326914600995,0.001393893634655643,0.006622285975511127,0.002361229948251624,-0.0016768739777001686,0.0023768073930638357,0.004106208617437415,0.0450402215923651,0.003971108799504887,-0.00594801883745685,0.008979261970923687,-0.002243798328004398,-0.011924830185207486
0.022895865791401557,0.0038031210056265544,0.005031384478276087,0.03531843721223769,0.020378600967520647,0.017425723093268706,0.005335119081497968,0.003470194856019259,-0.0013014528189370662,0.0018468351841210745,-0.0024519737023099676,-0.010713787450583566,-0.04401140721618384,0.00017867827517133327,0.00026748894188760624,-0.0012709293080435753,0.004420440617274386,0.011578689439722414
0.07163442843700889,0.014196551109612128,0.01580235752325511,0.026347334572301272,0.0,0.003359042570661164,0.00762007798689748,0.010978624583500974,0.005410424440723306,0.0029231895217240607,0.013729849923953706,0.03875296393176192,0.041055671753568314,0.007753392128937336,0.003999190308421809,0.004877764491641815,0.013717825937353618,0.015325793176361346
0.026807521320491898,0.0038455613984787725,0.0029941170593717446,0.015747846030873158,-0.01715537849980773,-0.015042782589323823,-0.00020671593162398434,0.008015757502433463,0.002048750004573978,0.002980637760652469,-0.011533120684980509,-0.012250451221620651,-0.09600757588529679,-0.009770336641622074,-0.0002837130134132045,-0.026863738818127442,-0.0029153441114934653,0.001663008856355841
-0.09532033336634327,-0.01806666224091834,-0.010145439532420896,0.023780194169380972,0.02153212367703079,0.009348304715703715,-0.014080600870631838,-0.02702303239241131,-0.005146413468275302,-0.003454817685014012,0.005199488551325573,-0.007288918033998952,0.009877016678120973,0.0021966228955992424,-0.0015550462929307366,0.008776200850550395,-0.0012551913809494607,-0.006773615511172934
-0.03399573320774394,-0.0017793421463433538,0.0008770143593013492,-0.08758608325804401,-0.0912760701335189,-0.027769104677386424,0.0003828878318562037,0.0016870511596352405,0.0006307604296571733,0.004719784090228081,-0.003248988077678564,0.0046669084732961245,0.013617526512082588,0.0011096254972919831,-0.00024134590892756308,-0.004278268883386399,-0.008417661386233333,-0.0067075731496597235
0.032647090556533954,0.0032577920715074027,-0.0029131858032684205,0.022235119305629727,0.009490275028934845,0.011991705966503433,0.0016445183315935824,0.005299883953935722,0.000823540145479846,0.0021766770292066316,-0.0031479715732051247,0.005283408987100271,-0.007799080093359718,0.002915608028434334,-0.005092032024903424,-0.010999014220165821,0.0034020292498663637,0.0037673969907483784
0.055370031864345956,0.007571195922616744,0.0014238745709485201,0.057685396029339836,0.0375367912873305,0.013742731153627421,0.0054963478261908115,0.011262360814139477,0.006274147681559204,0.002222779933217329,0.005264307165765066,0.024862465152166204,0.027290247420670707,0.003601435863905954,-0.004851698398866623,0.0035026556568729865,0.006589015979888839,0.0183156452878806
-0.014445391860504602,-0.0016652370137103757,-0.0034249872854752697,-0.03856824019570188,0.0077104985494556326,0.011564809517363578,-0.00021668880247518698,-0.0003250843847310382,-0.000708933702220482,-0.0007032502954136257,0.006816780349676307,0.00811253263755842,-0.13020057760958112,-0.02593266669477044,0.002151861609901699,-0.01511492082761702,-0.0028439702595192957,-0.0015913467778006785
-0.03636933485124772,-3.2300717127733457e-05,-0.005434105646624505,0.05426313386040284,0.04029542280470925,0.013904439548440185,0.002410306277784036,-0.0011328493836386727,-0.0016431962597859345,0.010288868284128817,-0.003000711593677034,0.0016779724305451753,0.03954064335933251,0.005496113321985436,0.0021972313374483974,0.005126837756949049,-0.0028117208944106234,-0.005875965490382717
0.07050317977341174,0.02543389940300797,0.01902363045537111,-0.011968731996339492,0.014096789206858558,0.01704593965193086,0.006429425577148299,0.0066801195292657935,0.0028239183957947268,0.006671818066364833,-0.002783455583959177,-0.006728090460124722,0.04236694980161289,0.005703161630185096,0.0020375437243430787,-0.010855441397727388,0.006559349595000872,0.005814371815527852
0.02867488654582382,0.0025610968764512984,0.0014768811233550458,0.026929127919763925,0.01538728098234963,0.011037997133160705,0.0032838126569396764,0.0036672303171646544,0.0,-0.004319416484555898,-0.0028037018967018916,-0.005714202451754593,0.032056804613517696,0.0037627663383853795,-8.612526426826415e-05,-0.0009402384054803792,-0.0051047762327500745,-0.005570257858403926
0.03933743748169644,0.015761257689374454,0.009501640068207216,-0.049586458047366735,-0.0009744470500336403,-0.008620688383599143,0.007187398092774082,0.006229944507902058,0.0,0.003151945638129023,-0.0025205883105071645,-0.004929196807004942,0.08212695550129878,0.008335955351033066,0.00242913041197142,0.015953183923170276,0.004757390811845126,-0.0007779413812583069
0.01592418215979374,0.0015262954018895384,0.0029249964267949336,-0.05038069799731228,-0.0016595563814085401,-0.00942678581115302,-0.0012071251107974718,0.0017247075400237232,0.0,0.0028563700534237945,-0.004944913364786037,-0.0023577387826543045,0.0770066716840279,0.009429085548289513,0.0007607560394539847,0.01523666342163209,-0.0014066788413379964,-0.0030331163889712534
0.0720917659389076,0.015119332094343121,0.016102895075857864,0.02779402724526921,0.0008444387062340959,-0.003520551447826769,0.003633137018177182,0.008601566782813224,0.003858210383823711,0.006233168739974969,-0.007674989223939097,-0.012096044595157509,0.04670178834594532,0.01013453542053527,0.005377189665699845,-0.013041960200402486,0.006423614035879711,0.006507013522825761
-0.018664244128563143,0.0009956935518423448,0.0003069854385765023,-0.09169611393810197,-0.018287631560440176,-0.00528620694050419,0.0,0.002702219709095216,-0.00023981617074837563,-0.004576260786587415,0.00045980938921074175,-0.006366831250717685,0.033958207584647654,0.0029645721370443754,-0.002559147267084856,0.012214709528476713,0.003077396508814353,-0.0016801454399331534
0.03323551977922173,0.0019262604912884762,-0.001926903266988251,0.05554993487256622,0.025078831881438765,0.0044818079648752274,0.0036383535405207276,0.007356079662054051,0.002534796910628921,-0.0017124342076945299,0.004950148583124579,0.01721621038658666,-0.1603919190661737,-0.019904112296382507,0.009318864616005368,-0.025088979867273015,-0.010295694841544743,0.010247955015103477
0.0542047427874283,0.0067260454381005575,0.00787736263557113,-0.08148407553499874,-0.06407419112604436,-0.017818101186698736,0.0060410312887854084,0.006980445579318872,0.0016305150415237937,-0.004694523800158686,0.005091200363948462,0.0075521097613417566,0.04440843380653308,0.0051301875648441094,0.00015984224590955175,-0.0007571615187559446,-0.005574606754724698,-0.003764178520091723
0.053908108555824986,0.005142741341937191,0.0,0.040831635464165864,0.007492331125748252,0.00577157205130598,0.0027635540859215824,0.008536017751956244,0.004781702026585421,0.0036426133866197447,-0.003978529220230431,0.0028624012871606864,0.041312669040537715,0.004901528287419686,0.0029207236373357697,0.0026278717481564243,0.006910418442838685,0.014415487485833739
-0.09966663637535429,-0.019334623099373796,-0.022058718620856045,0.006772822278552308,0.013007360722969175,0.008834464601798124,-0.009538055320125558,-0.026451562124081614,9.378475334853153e-05,-0.0066159794698735655,0.00813609733439203,0.002501420917410026,0.010204402595016522,0.0020409271103632577,0.0004705777746960499,0.005564682652513664,-0.0013350977845463013,-0.009020712665158082
0.05408034728352296,0.00557244452286568,0.00023126846637349142,0.028784877861795923,0.010366321048649457,0.004239582218322383,0.0034776224979210825,0.006038987622533393,0.0050315055988848535,0.0019817095750049546,0.004001360099751209,0.014788931546683197,0.03743548309061849,0.0036391471606115754,0.0013962699253619827,0.002994800948372044,0.007932465994016502,0.013254757907874698
0.022491501331932687,0.0027879917534206215,0.0016090825185539502,-0.013725880751253434,0.016992479165949485,0.016511706539466,0.004746391602958012,0.00422759373752693,-0.0014279594134212602,0.0006876537960590197,-0.0021023004631540456,-0.006171235940061838,0.04541450155142826,0.005436280101460721,0.0011978533234008025,0.007579581348373594,-0.00047027997640761507,-0.004287174962664328
0.03612016483513252,0.0024531075157375342,0.006403641680071004,-0.11203067706799318,-0.08532279306944424,-0.028369383186641534,0.005827550217378848,0.0027405999146287623,0.0002738548130499843,0.00014127757846983164,0.0011384369077232876,0.0027142681066857455,0.05813117004175297,0.006336685380537244,0.003750642783586851,0.011784803158711717,0.001080941646093665,-0.003911954262456774
-0.017817414926538006,0.0013870883949809432,0.0032692961226176848,0.0009457201068301199,-0.0007384980081450034,-0.001773302795539837,0.003452990980410226,-0.000588119906514535,0.0033595213698254045,0.0008002287943921593,-0.006989483624553564,-0.0020990402827980145,-0.12361567344697763,-0.017400397545001063,0.009982173193576607,-0.012895271987735449,-0.0004355911538828626,-0.0010609842244684309
-0.017340561004254774,-0.004574965484919042,0.0021527987111164,-0.04030740031772213,0.030573036056082564,0.023568954381893176,0.00047043034516343026,-0.007882665574848503,-0.002283346577707631,-0.0022239731129712293,0.00950160504960419,0.002365951226918367,-0.019940446680533054,0.006623382056319212,0.0019341080786842528,0.002522065498471155,-0.0035263765887878665,-0.007376862911308013
-0.03368670159750038,-0.0007596551300549108,0.0014432981192030985,0.0,-0.0027768738038882563,0.00015212963507583467,0.00043059318825505483,-0.0007256106726131824,0.0003034654228758137,0.0018734203881857383,-0.005157871494078778,0.000414435943880489,0.058711891932800735,0.004803398991571608,-0.003762188494365669,0.0160626668620967,0.0018095551973292944,-0.004776319768757739
-0.048912306940933625,-0.0057245757068843895,-0.0023194037222281257,0.005719429216187042,0.032282632367284146,0.012448910731647977,0.00010105919052653786,-0.012393839611190172,-0.0015628416845706375,-0.008922534754282991,0.014085449390212135,0.005648465329713585,0.012652770639307493,0.0014808945163566694,0.0008269785924460378,0.0006522611084986115,0.001622666598582747,-0.00475787377565718
-0.020297214829951032,-0.0004980779590154735,-0.0018979596028257328,-0.0022278451509686347,0.002728731671013171,0.003461801291561173,0.002844977761166588,-0.00013295546666275155,-0.0012074105839261296,0.0020853139488753304,0.015038364348327247,0.0024143293188014898,-0.11362496466054843,-0.015443829788127594,0.011246306533006003,0.003121195325272639,0.0034172313565325367,0.016306393117688528
-0.09227294130972313,-0.017771176117618744,-0.006263796399532677,0.003224303288303311,0.001280497494655141,-0.006750149664240469,-0.021365523960219398,-0.024954649658853502,-0.0033042170576584088,0.0019723664561793084,-0.005867786108834124,0.0022512071215273536,0.03724166396225224,0.0018180556595617271,-0.0005697819668904798,0.0076579315233962775,-0.008254484645182629,-0.00881400099637572
0.04065448688670953,0.003189385606022826,-0.004559696235514165,0.03672150589787718,-0.004155583432237386,-0.0037103148808685336,0.0029145505145108663,0.006605187034861838,0.0019948883065050503,0.002722869287371027,-0.005432615281749544,0.012402033022952683,-0.003397407951597456,0.0008470510269606847,-0.007914139979209938,-0.014853760392689794,0.0031372336055052455,0.004491102955885493
-0.0794629106122286,-0.016902826345083184,-0.004613088019616875,-0.02737642914592101,-0.0040521674709398155,-0.012346616293853387,-0.012559781560230502,-0.020013669070440134,0.0,-0.006395338678449898,-0.0034982954598338153,0.005006957628392106,0.04211207799618347,0.00331806312838605,-0.004467521838012972,0.010591344730588415,-0.0012409572572184,-0.014996089144839325
0.03798290848686134,0.0013872708186795746,0.003629287781403611,0.07999549399125258,0.06084851609910516,0.02073166785749504,0.003521400821021156,0.004936191117233223,0.005203054368253538,-0.001581744481136875,0.008456852962754747,0.0397357067787259,-0.0061370180968319255,0.0005064908877633588,0.00748279431002005,0.006454648590867414,0.013947777748785594,0.016162499555256726
-0.02066844240202243,0.002562069274797931,0.0011281989751996627,-0.028548380697639368,0.00676742973729937,0.009419935832460303,-0.001152943876198301,-0.0006118872773152287,-0.0006005015282888808,0.0015734501826893358,0.00043914436812641144,-0.0014710164781767897,0.06777612283703675,0.00940886981644285,-0.003119165208833785,0.01722928670271133,0.0056087708066382466,-0.014303035963044802
0.025129109561559657,0.0034031638314360926,-0.0010538640267024253,0.01748503196310235,-0.019994254636544043,-0.014781042642123834,0.0035434577876465555,0.001124674466927818,-0.0020331399222268155,0.0016030615419530359,-0.008933058160484708,-0.013671947530026164,-0.04470509975453784,-0.004790047463635793,-0.0010944567247707043,-0.0015954161826955094,0.0021390484907744694,0.00636872494424378
0.04761351591477958,0.010891641891747328,0.012187292478587412,-0.10500597534695635,-0.08638603985597915,-0.02528187638591876,0.007765810425811198,0.007964898571032459,0.0008136141781114706,-0.00036268777891669584,-0.002361024348152696,-0.003559784993202767,0.05416461380039458,0.005122862536974966,0.001730117871223784,0.008635539303460385,0.00038714016795545815,-0.0033981241427171044
-0.08686261910019386,-0.01599192606942476,-0.006791213051891919,0.023776545172830135,0.005526724611679054,0.0013449004273639337,-0.006331181998085883,-0.023720287389786612,-0.0010925503959853583,0.0004331395657553459,-0.0009058496148287769,-0.0036349449663903746,0.037806160126563085,0.0015435851572192997,-0.0031737807028373822,0.008228292821381718,-0.0044995776163996,-0.014707390381073798
0.049064767717700096,0.004721481000994911,0.0022233260976362197,0.057571064243272616,0.00032282301631376877,-0.0059879921422003905,0.00485941940876022,0.008353849586270322,0.0016484602672468198,0.001828731889852686,0.00888361518262847,-0.012126275778382517,0.03256710257867278,0.00590009032670374,0.0016734129437278493,0.0008640126190741223,0.006956376503433514,-0.0004809945670901927
0.04297566017027246,0.006064174449419618,0.004094349141162777,0.08419801441455078,0.04030488041366572,0.015511991987673043,0.0041903170914886195,0.007632664029546516,0.005059239586920811,-0.0012685623159727228,0.01125680242664624,-0.008649451739718228,0.00781078489866603,0.005579889774227671,0.0020653059445214627,0.0009838974716701832,0.011330506190790521,0.015216944736623716
-0.03923372612956778,-0.0014278433715325797,0.000540913318603485,-0.06349401170550256,-0.06860690733256633,-0.03949516206775962,0.001676596296477494,0.005183123268769573,-0.0013492306177804623,-0.013985947394963729,0.001771101777108566,-0.0023564503499423827,0.04979820103181432,0.007323665537323288,-0.005737150433385923,0.010174524535194449,0.0046838883589628575,-0.013973106170532018
-0.03862409133515629,0.0011798984169058824,-0.0014458992977434495,-0.07609336664275146,-0.11894356205683496,-0.04013493022576176,0.0002906076343781938,0.003898668184039419,-0.00371890495797676,-0.00897462941742724,0.0026460748418808623,-0.003043732584351343,0.04109318859626647,0.005069542793672992,-0.0024567323621428627,0.009620763558074704,0.005302952674657011,-0.006049986537224106
0.03332514848950246,0.004093588402111376,0.0027797895790175574,0.05167977761230611,0.016271868341338484,0.009548702624210573,0.0040821123852214794,0.005190287720767449,0.002670756868757039,0.00241450665995341,0.006250189017502655,0.0014985939090450217,0.027462806845122704,0.004673017229240531,-0.0008829851136623194,0.0018565610076150527,0.0032269575338342124,0.0175678294431309
0.04260915773534609,0.005044568377386548,0.00011103813107991278,0.04239837947632532,0.013871874045880733,0.010240677805219298,0.003268160314152826,0.005480375473509007,-0.0008105000642841681,0.0023830559270403896,-0.008696342022883198,0.020758444679461367,-0.003163080137901833,0.0016910706176130278,0.0016525392519530083,-0.0010565216536406366,0.006868667102885371,0.006620583456056428
-0.04400022568891837,-0.005014201081016184,-0.006274513248686475,0.04522482061729419,0.03825477749610404,0.018115189638917676,-0.002829804539608308,0.002309934868471367,0.0037127438835935387,-0.0028015407255791974,0.00658283055346341,0.002343350296424004,0.011048156252419998,0.0056011283684544375,0.00048246083750456856,-0.0013611109919753918,-0.002731979255610141,-0.009186876588927764
-0.015369972647258166,0.00013521890272901078,0.0008037068925805395,-0.02343792318730471,0.021410802326224394,0.02443472475178371,-0.004479273675389579,-0.003564482227525397,-0.001151141931097972,0.001248997091057417,-0.003990649137467737,-0.0049301475035405,-0.08768755865019678,-0.0015107287315323915,0.0014933034045221643,0.00180953017775841,0.00149365548185586,0.0010907512122021595
-0.032468707655557184,-0.0015759306743721613,0.0018269065539058397,-0.08124012303229936,-0.0994821895312267,-0.02960417154042951,-0.0010610031336837115,0.0015215669643228087,0.0,-0.00485828927410888,-0.0027660556125897254,0.008297797380063747,0.032394025896203986,0.0030816967174316936,-0.0027798219393135966,0.010527299445501067,0.004157494452559381,-0.004001575666577967
-0.05349213305916294,-0.0030774063459752515,-0.009059318624539384,0.03368811239620612,0.004983612152898919,0.003965230662387743,0.0005913218006408705,-0.012258410238186463,-0.007793664735843392,-0.0022789167913271537,-0.010770537492387478,-0.004496850442096577,0.01961200417414364,0.0021090087430413237,0.0011121223183552166,-0.003657464377150119,-0.005765152163439788,-0.006222237545444841
0.0601676151189164,0.011709304519894548,0.01122996810451791,-0.056975929499723924,-0.030909599886943435,-0.015229366773595916,0.007762215393343023,0.011908497765967774,0.0029720398546102486,0.0027916748407733334,0.00040590042287192606,-0.007840813361760159,0.05024838167766971,0.006497080141943858,0.0,0.002022685717476244,-0.0020413550640750837,-0.0022285903971195897
0.040895052428201684,0.003407987340700331,0.0006881902148040448,0.06628432808680783,0.019842506118780613,0.016600891286482653,0.004792911443530761,0.005093773153998904,0.001770586653732197,0.009770556646297408,-0.010584110926158831,-0.01566150778688916,0.01624673638397132,0.004809662071302464,-0.0012000345774023633,-0.002717262138316462,0.00461838042784451,0.00170773695308174
0.053824213641595654,0.005945594535123495,0.0008284773939503302,0.029082843948831684,0.01263892992189248,0.007030012214628209,0.0027800696717860595,0.005274875421004765,0.003743757365191694,0.009093089712853051,-0.007123604719596869,0.008105235100147568,0.03819384776124082,0.004199213271356939,0.0010806415996059426,0.001433587649165723,0.007412278325179326,0.011554715480836725
-0.021148624007423563,-0.0020005282162958104,0.0038882076175022562,-0.027940592640138977,0.011303294434384803,0.012942204436425199,0.0019412000179321411,0.0029457865919504935,0.001084291625431361,0.0005805343558277316,-0.007050034199853361,-0.002477739968900575,-0.025895093542239404,0.0029626365758508456,-0.0011166221698192334,-0.0009044375204425344,-0.0021256009912611505,-0.004267250826793169
-0.0717234941469744,-0.013108440135061237,-0.005495264402114311,-0.022745124166296427,0.000979425849884999,-0.004728742558390235,-0.01758733726129423,-0.018321794536349956,0.0006381325556123992,-0.009160911934008682,0.023269236129196583,0.008303004670859888,0.04154207797285266,0.004305251790862613,-0.0010041214762490354,0.014319545308269366,0.001686845527296442,-0.010803928560212311
-0.05671137262841143,-0.008829353280527719,-0.002652787131424637,0.018468340079332263,0.007946685844492927,0.005163375578890649,-0.0042903691541322925,-0.01663598286886776,-0.008109941314091037,-0.0005427201814526346,-0.005471900349573455,-0.002064586164907459,0.04445218567396688,-0.0005381263097027527,-0.0006453688005115965,0.011129328063050217,-0.0022791835050600556,-0.004366157764886098
-0.026369612152445317,0.0033523801500106136,0.0007286430488042947,-0.05399021480843676,-0.014000988198469172,-0.011030351516207203,-0.0002431926277903487,-0.0004778652998339951,-0.0005267008257084042,0.0011255254217243827,-0.006940454965147121,-0.001097046393996215,0.03883956904577361,0.001802765676086234,-0.0012641612216952782,0.007090152224667702,0.003638769275408368,-0.0023621121954501487
-0.03209209296298164,7.406240580082477e-05,0.0011690937376411608,0.008962839172468677,0.011576230338649606,0.006440123176447525,0.0008296890482641125,-0.006211711375352133,-0.0033459566323521925,0.0006088137801316979,-0.00706108296447371,-0.008574911157785147,-0.18330190507896435,-0.04709633723523584,-0.011036551447021347,-0.025566261531153156,-0.009857828209034579,-0.0023589609738076667
-0.03429862817001553,-0.0027096049316552495,0.002622770179667667,-0.09107139071418689,-0.10231171541814929,-0.032578660867343616,-0.0008218270682754323,0.0024113440101984542,0.0022508310733408573,-0.009687857302617888,0.004507414197391395,0.012080303818535483,0.03186381616412888,0.0013494082457854019,-0.0025951921028778717,0.007651590336789668,0.003190838412815339,-0.006496794347397389
0.04670960597311095,0.00662069980847772,0.0013661124185725367,0.002395246898137669,0.005622198061939167,0.005055177063260158,0.0024145677161863813,0.00542327552487245,0.002064085652928196,0.0060215399862909615,-0.0038045189500249513,-0.008833040836737189,0.05500125873474769,0.006224354319352152,0.0009337111068616913,-0.0021061404991113046,-0.006949437953126985,-0.0038373428358571965
0.027267778275387206,0.0023449155595874137,-0.002784978689703468,-0.12961081564473545,-0.028000415063041375,-0.014411967418940498,0.00534672251725094,0.0036933488390032817,-0.0008007570154578747,0.0014369788096590555,-0.004992341671522666,-0.006161900713836758,0.012583460466160818,0.002401526976801069,-0.0024750933773549713,0.0012988390918214402,0.0,0.00439467880873437
0.023764570372271365,0.0013123059722280055,0.0006740466115422903,-0.011951593268922171,-0.007078642520043144,0.0028663539547145946,0.0027934942873481653,0.002730840495645173,-0.001451360500395282,-0.0009560433550518049,-0.00396036279481972,-0.008317334382462148,-0.021350407669070048,-0.0013435790839188438,0.0003315789301843716,-0.0008082731776622577,0.002095091325000577,-0.0013256283900193108
-0.040019516053442346,-0.0030742804154273,-0.008704953800133928,0.005039863817943391,0.02354830394928074,0.010800913571657692,0.004222570974937971,-0.002584921557042187,-0.005120534551763818,0.0023741974650457274,-0.011347092868246533,-0.0013432618938687504,0.013423590165681619,0.002035577078859503,-0.00133812354458784,0.002143389367977312,-0.010701653944695548,-0.005014906924632356
0.06917207184351262,0.013434087657075693,0.010775726578938587,0.06128787102057645,0.038171144760314225,0.01347011642496735,0.005257435452879751,0.013967448366308272,0.009961619513146187,0.008146374018818072,-0.004198968776049573,0.023365859674793484,0.03514488658915604,0.004448545374067873,0.0008875183981442309,-0.004328905404163826,0.010000664712764425,0.012407589282583453
0.0571497278139776,0.00674662133735005,0.00233097226187615,0.005510604058864496,-0.007495046814068842,-0.00904640182130135,0.0028034682542678662,0.006395150154023337,0.002213860972905323,0.0010181365679015504,-0.009504570344776982,-0.01787137205429479,0.04173728078664918,0.005424507620871098,0.000700928412661926,0.0014085489648405036,0.0024739971005713615,0.012609666466957797
-0.07056208019359249,-0.01250492892926424,-0.004767500618494572,-0.04943157805137567,-0.006043500892080548,0.00083589513848526,-0.013292289386840576,-0.020336399114761403,-0.0010348144961877927,-0.0016152639489667186,-0.003699623929801488,0.0031233533209557747,0.03401813423827694,0.0,-0.002691840355309959,0.008587461658970518,0.0,-0.006068463933721985
-0.044537959221119576,-0.005084403974589846,-0.007087433500252777,-0.0012701252079263439,0.022365788276475507,0.008917785842955769,-0.0004642513547303929,-0.008580907343746306,-0.0009745361909788343,-0.003072898910115187,-0.013722736569934866,-0.004401183710373537,0.009702041557663698,0.003234679144398053,-0.001390012739582751,-0.0005026908161764698,-0.00942806927860623,-0.00881529347801608
-0.07503877126691406,-0.014242305970843677,-0.003777756541804397,-0.038295164282916364,-0.0076426812881834946,-0.008798295419441545,-0.003499601215448972,-0.013858057497865495,-0.003874882058994952,-0.008402123265604881,0.0046430593650650595,-0.002714322811609043,0.041328848439912635,0.0011062880266369604,-0.00761498472257355,0.008790408358236057,0.002959060869592791,-0.015207487624178784
-0.01723457203678728,0.0019307101178661567,0.0006187697169629642,-0.017738173431675396,-0.0318484713873806,-0.021289068275268164,0.0020520333616393413,0.00399363979644211,-0.0014802998977760664,-0.002103455651006402,0.008892639105180641,-0.0001444008816385971,0.024605444841570137,0.0034482974710321164,-0.0011498307655180534,-0.0012121669059980257,-0.006258965774043795,-0.003925830349392909
-0.04833059755755464,-0.003836466522099624,-0.0038708949475306648,-0.008205072676151483,-0.0006186230241387505,-0.0038359924510094705,-0.01000122169580651,-0.005127453650222035,-0.0022603299964071614,0.0021053020833665995,0.00035452195590429447,0.014655413353628417,-0.16465402413058552,-0.040587408532038516,-0.008119717304106114,-0.022529516809510434,-0.0068021217287455174,-0.0003792998134302672
-0.04685587908387883,-0.00379424997363878,-0.005435474548438157,0.03399857187728949,0.032950234157764276,0.01637264525106026,0.0,-0.0034402982659763244,-0.00043068845736776625,0.0036998813936380505,-0.003612381491485743,0.015286688150919225,-0.006319223253740528,0.0035505807294343474,0.0033526209369653145,-0.004732844231874589,0.0,-0.005437607026869504
-0.0775298161188527,-0.009915103914858033,-0.0048051338790570785,-0.022048244673899136,-0.005800482398923164,-0.012319459157275076,-0.011748846478622397,-0.02025080761814224,0.0037105538379565164,-0.001077497316248397,-0.004938032245330328,-0.00024138265408874492,0.014888211150245719,0.0039390532751015,-0.0032272543887338903,0.008342735616258456,-0.003902949997826144,-0.009107184430970416
-0.04298968078635557,-0.004531495839534602,-0.006541984608066732,0.0007419560415954372,0.020925205609023348,0.011611703940977519,0.0011314414868844442,0.0021513973107568063,0.0018433945443182215,-0.002021400039375611,0.010222558701606837,0.0015058011313444082,0.01859305108094371,0.003699900367022903,-0.0005914524999197452,-0.0009657238134752932,-0.007683676597186826,-0.00872679669902876
0.025874994785071357,-0.00027202841252432184,0.0004825386599311105,0.04966423667322013,0.04147249619866056,0.015392710077536098,-0.009512416459787848,-0.0007548806856888576,-0.008526541574595854,-0.008528928575065958,0.012037275081514672,-0.023535218649012382,-0.0982247000508762,-0.0054345772199842265,0.004889602100439013,-0.017178810512196836,0.0020413232079868147,0.0024622851166175436
0.06496021985066984,0.013843787811989139,0.0014260372573577844,0.054167860470830304,0.017006251407763268,0.006478336568801852,0.004088393504326428,0.009350399825007152,0.012563453573675972,0.008672614618665723,-0.004665887149209652,0.019269199517917647,0.03620929105912121,0.005031121250708008,0.0017398929876004433,0.002523908804996671,0.008724526196793357,0.01577594803249438
-0.0262069428257329,-0.0008641977275154507,0.0,0.04193625467493656,0.032234076334089756,0.010705602334987874,-0.0003644373851440467,-0.0004248687149713985,-0.006558042938739986,0.0017587139158976466,-0.006256177695356629,-0.008291467790387266,0.023972430350974003,0.0033597154503844,0.0010776408241607639,-0.001197351928303136,-0.007248907161555021,-0.00451484342898914
0.04960664595360995,0.005127206333513821,0.00332765912733389,0.05069791610081112,0.008294642901379897,0.004173227375478776,0.004489238697097594,0.004065507348668123,9.620771989950783e-05,0.01057885480181021,-0.006981418715430924,-0.003962103937928848,0.03817406281951871,0.005619293742027677,-0.0009332394404919108,0.0007168137480918462,0.0021332665181237535,0.008450214307437559
-0.06212029018582531,-0.00887710565038229,-0.002673215400609871,-0.06689707751057819,-0.005331466357211374,0.00443637783062324,-0.00488769290859293,-0.00031610748585684265,-0.004519636769468211,-0.008223365574149906,0.009568535726553591,-0.0022895015328761184,0.009481082929395741,0.0037035962115306944,0.0019255892952105723,0.010052318857763823,0.0027750304549239184,-0.005656170886947004
-0.01196913872272624,0.004057869530300803,0.0027897606055192377,-0.025501580749351164,0.0028793504780168554,-0.016774063156479516,0.0034272433669994755,-0.0010492953400600385,-0.0025379349979400075,0.001278612931965937,0.0,-0.00021711985457890514,0.08009536676992259,0.01165920614420186,0.0026732530325005092,0.020752490374126256,0.011480910029463496,-0.0068500672583738376
-0.04340758386216062,-0.0038140236465270243,-0.00031123535819050805,-0.05851875087189043,-0.09318419486523644,-0.034904283242483784,-0.0023378819652911395,-0.0031890263546017444,-0.001059956660632591,-0.008114733989321611,-0.0024929695501735905,0.004199527646977411,0.04531479129184409,0.005273080017288465,-0.005254225501935116,0.011815063286989318,0.0038455379907783287,-0.010476511693945145
0.014701145509200928,-0.0017259890955483538,-0.0008779415490386308,0.019891774533130752,0.010133937260296351,0.013221267287857151,0.0015996140981916417,0.004851215903050334,0.0036649945232725594,0.002548508361527936,-0.009434731507586221,-0.01641300943451898,-0.11868310896299414,-0.0016391322904695897,0.0027207845162043743,-0.01952853972976165,-0.0007300086837014981,0.0002583827620829676
0.04779379224347084,0.004228339273481764,0.002556751861803317,0.04871624547159045,0.02516110731149823,0.013663402994577155,0.0032910844168068136,0.008260964882754662,0.005876160095239796,0.0006841378068318216,0.0012733222653701923,-0.013147285719070676,0.0318952036101309,0.004317442398350548,0.000181201919942686,0.00014764797501799572,0.005785940338668665,0.007211333545117715
-0.023045932370939107,-0.0018403156370671572,-0.0012080297978864063,0.012610942871902009,0.032246607950054365,0.00988879126030671,-0.002288394363012878,-0.011280300554745451,-0.005776406015946045,0.002301470809181663,-0.006430671735009817,-0.010447700850260415,0.023275756938928967,0.0040410501680481865,-0.0005589169283081712,0.011823041442628912,0.0020152399449091915,-0.0035948713653904535
0.013324669777683035,-3.134032469076583e-05,-0.004987103959636639,0.002713850955204864,-0.010548681600297122,-0.005468444686707135,0.005527331241953914,-0.0016688643167196997,-0.004172104861543932,0.0026071426744038477,0.012680106786327033,-0.019117735579229744,-0.17451876183514525,-0.0144672719064231,0.0,-0.027320196514532887,-0.008660857562196462,-0.0027333911975005454
0.0779463625745687,0.006812291338334693,0.01773644274762866,0.037036887925943014,0.0008551900082268093,0.0020356780426157095,0.008479182471872156,0.011824368355410161,0.006318457931851832,0.0015917390088358325,0.011539931371567417,0.027956931286494447,0.044363161755682876,0.008576429396261916,0.003627642240835247,0.003497713913882875,0.010661459781932722,0.014730847209428855
0.06497119882470807,0.00886477418373644,0.005766111822735217,0.03481748341574686,0.012613275033451232,0.006108212162197206,0.002913248068413273,0.012231644039938157,0.009317375687086123,0.008560886338712879,-0.005867934292131829,0.017519587386506826,0.03736164762226891,0.003689658602817674,0.002826121777613874,0.0014623644662829416,0.011093923141685705,0.012550287441569247
0.010464911376364955,-0.001865479558291666,-0.004253223183349077,-0.08273575651114873,-0.03387832149123833,-0.012318949204695733,0.008235348600351213,0.0032694783297099873,0.0016365290296830159,-0.002319675715345826,0.009554318776278173,0.007347789459720852,-0.13704125001018777,-0.009329036388683666,0.001065323015588219,-0.029606340941287883,-0.004853192357627598,-0.004732795705936543
-0.07016763045410805,-0.011748258602789139,-0.0050083363394599475,0.019401014493623865,0.007567862325727196,0.004544647791950172,-0.016167671438825592,-0.021940053583674356,-0.003941153863446922,-0.004572643350437774,0.019680970334599247,-0.0037574543269135886,-0.023765167820465158,0.0023890137227030998,0.005287762120858058,-0.004476620358014034,-0.003970805345260076,-0.006203884252556996
-0.016850642780705076,0.0005569779775848278,0.002542572513138767,0.005936023852982009,0.009436375545175167,0.005179872084549526,0.0010816148790443888,-0.002235602335425653,-0.002410275501318446,0.0045397165723722365,-0.006266274652420191,-0.011896855309679818,-0.15940378385445753,-0.02955327807538833,-0.0018899664162065997,-0.02615026804530286,-0.0012510208990380671,-0.0014360045194618531
0.06688500249908644,0.007359931145022593,0.009023377022392368,0.023525874944064617,0.004882170421495899,0.004130288592730991,0.005264231311977357,0.009102270424735019,0.004603868181756635,-0.0013589768092398052,-0.004908233415817225,0.014959238376192018,0.0434841211767729,0.0044876651423481325,0.0,0.0029610410873051234,0.008634322858833973,0.017374842933494672
-0.053323023866321546,-0.014687353897939013,-0.0039249549892965176,0.034045665104562806,0.04450461356721425,0.01858341887225484,0.001413648366814886,-0.017829885474125735,-0.0009269827525770607,-0.009247978068647677,0.007832974877702022,0.008548524086329055,-0.008922511395236367,0.0029568582407352136,0.0008788316175853784,-0.0032462368614305636,-0.006122660178455777,-0.006819776592691629
-0.014677529034657088,-0.0036746857638765957,0.0004254809888850066,0.0378373617695078,0.02343873804035806,0.011489646790579448,0.0023393939730260455,0.00649060033765451,-0.00215927660698191,-0.0036359827342720146,0.0028524711243590245,-0.012132108778392691,0.020596018050063586,0.002200675238160651,-0.0009054312441410115,-0.004727076948294749,-0.009497539322142735,-0.012153997136691387
-0.030392594515818383,-0.002378566004987494,0.0,-0.04807377238706771,-0.012090492627923723,-0.009470338656787338,-0.005508415198579245,-0.010819023679578644,-0.005565888211853611,0.00027739280549849706,-0.0016294979139559588,0.0015462509572146438,0.06658114399561073,0.007131694896052643,-0.002583876668394992,0.016880759596446037,0.004180905868885398,-0.00920164379787778
0.04586426650206597,0.0029858312979237946,-0.0008892723878050613,0.0034592641407095565,0.004242934873339376,0.005943518218429893,0.0037446439418503414,0.004600229844009849,-0.0005873492445005628,0.0029344857797508265,-0.01001533135193512,-0.01311833628754755,0.025583014452808396,0.003683896068470375,-0.0008060289934006185,0.000406179020894534,0.006870146659960216,0.0116434258929511
-0.06377531112020826,-0.006269309111248839,-0.006576162769001373,-0.07329678279629719,-0.08769360351155682,-0.029984760103299743,-0.0019728614070473314,-0.0029826574651808943,0.000452237222221871,-0.013542501549499753,0.007874978999252645,-0.006615193957869757,0.005158363875568016,0.0007267252890913026,-0.008091985512597889,0.004579234390513364,0.0008952734220724628,-0.01391357166159618
0.03817964935930345,0.0032106312924343903,-0.0010105007955081727,-0.06181833579207597,-0.07068515777765161,-0.024538286904989,0.0026748640169330234,0.005569509846719955,-0.0013763891759732661,-0.00586731701993304,0.004269883773453853,-0.008363008894129165,0.06217492702354776,0.005564497896453947,0.00032909219805270587,0.009490085131030473,0.0,-0.003013355217069795
-0.05797337734103737,-0.011897681314751543,-0.002054371452001606,-0.07515923873042199,-0.010230590682666617,0.004012338148413274,-0.007585924503227269,0.0013118039013498676,-0.0010993143742825558,-0.005480034280555016,0.00973868292711854,-0.01559750804900207,-0.014173453747327319,0.0006131657900369483,0.0017549632021039618,0.011430346775309075,0.0025452966378660645,-0.006096197038157836
0.04204138833022203,0.006590707881052328,0.006607304980880341,-0.027920224287026455,-0.010200138759568043,-0.022743853741687543,0.0052215639184793675,0.005938323255591793,0.004316035373218824,0.0047953538140065605,0.0021178734546418937,-0.0023194754007767153,0.07317452612299225,0.0075716277083271505,0.004871373810824348,0.009423448679612532,-7.295516398447705e-05,-0.00209433727378186
0.0572478819192423,0.009628170199670567,0.009020369151606976,-0.05364324156357727,-0.031150099784563776,-0.015310222936399026,0.011121925462881432,0.011025241170455726,0.0013858298165498354,-0.002515729304249765,0.00075237692423868,-0.008403669114209554,0.051777748698698486,0.007251517063790625,0.0008164824118198017,-0.0003175733191434757,-0.004975876783587231,-0.0035467424201678158
-0.06729868474040786,-0.014796760280850686,-0.0033526168912438007,-0.05045302095427837,-0.007943603958120537,-0.0030524519353747805,-0.008718407832304488,-0.0038712714385348594,-0.001869601202425217,-0.0005818020651746838,0.005998588381661676,-0.002540378607441158,0.03969187748390359,0.004805999388038665,-0.006278427655741194,0.010344767200205784,0.0009126516207627551,-0.012190943480435798
0.06900769099300803,0.013692972434181125,0.009102130822582667,0.054845657885585604,0.01863880809885702,0.008649843106977402,0.0059732784429749625,0.013263564707507444,0.01213284312671177,0.0035228724072806053,-0.006547423466799951,0.021862431353544542,0.031245160251852942,0.0044363609318106125,-0.0022683150809248874,-0.009157203106368366,0.011450102466410013,0.014414259528706896
-0.05276383615765311,-0.01048035228743189,-0.0023818420985191845,-0.08017110681168381,-0.038028167102754536,-0.008468707575953045,-0.006336680489412589,-0.004294946466556933,-0.002110743511619026,-0.008453225063053873,0.006188714788566705,-0.006471362526645739,-0.025830089566142807,0.0028876378090426885,-0.00261556030811149,-0.0002029845604336621,0.0007233911960881326,-0.010304433617130876
-0.043153068088034444,0.00028018589405439553,-0.0005326259067856768,-0.08404770178428403,-0.11128593891937767,-0.032086438213356286,0.0012128032045436274,0.005488052212575837,-0.003241664619712089,-0.006796064688401777,0.004521980689775383,0.005709538095501253,0.009742046785733288,0.0011226304286083698,-0.0019690727891597593,-0.0016796310356127916,-0.008579250089383171,-0.00791055714796468
-0.00603039290577166,0.0016392869969444925,-0.00019305302323223376,0.008779731678804782,-0.0026571689900115646,-0.00202946495686869,0.005899359260491358,0.004777967239315653,0.002888621464410758,-0.00140968790109005,0.012732409870390902,0.0035779143150583945,-0.1253333435043927,-0.008805271078794911,0.0033513137051705603,-0.009431108906408626,0.0024563165903643616,0.012197046718223942
-0.036073994896504764,-0.003581381686994882,-0.0023682115216201133,0.03809496660729063,0.020752063870887478,0.004307728453643909,0.0010110213265284293,-0.0011645741477563467,-0.0016804258569893978,0.0031156535665709806,-0.0034624399966896972,-0.0039046611713333067,0.04761599113049453,0.0023208700638591424,-0.000663622804343917,0.013352404245539564,0.0009205588379649529,-0.006383097727601469
0.07887307251617101,0.009833823889041528,0.016708925680960777,0.011349963080916658,-0.003482550761407269,-0.004771670907004842,0.0099065252704881,0.00770864033759801,0.0039963826726864635,-0.0013074159888303554,0.010018853346505716,0.0247272566479228,0.04081562167662145,0.005231598013424883,0.0003116733143953662,0.0020025782851734895,0.007864326774930007,0.02283834703884874
0.026409167847733735,0.002872294004013588,0.0010399244596320388,-0.004259568018452803,0.012136349500757692,0.012675901621458123,0.0,-0.0046614343651407006,-0.00096462868441592,0.005133170834284894,0.003634164166204543,-0.0033142267812997254,0.04539847297959432,0.0018728020949939478,0.0011231866871354835,0.003086487984039664,-0.005439171303914369,-0.006407182161750166
-0.06059402785461279,-0.005053592340093237,-0.00565153889666094,-0.04466423751936347,-0.07307490222964742,-0.023690160190935918,-0.009651175210911394,-0.008722492144810329,-0.00020117105911428927,-0.0012888236146662657,0.011989220224154953,0.007089084878888094,-0.11502052956895631,-0.024661803659333473,-0.009127153917174757,0.0009026914141705897,0.0,0.009574096482210692
-0.037191113281281246,-0.003438136105990032,-0.0059700183346180005,0.03870743792218696,0.02096482771575402,0.007826908916831854,8.105483160809978e-05,-0.0011560932426312555,-0.0018273839976904987,-0.004158173223674309,0.00486952812717636,0.00901171723064238,0.0361980579032779,0.004198347381101078,0.0020530606854875155,0.01072356482052566,-0.004061523874330806,-0.0052265121256807184
0.06117831947045001,0.009114962614328277,0.007533862822817928,0.029977879858491784,0.017915569606989368,0.010415476680509244,0.00386158607849824,0.003844296888433166,0.002828137767060283,0.012129918263046813,0.0014867019978700132,-0.004479058558243701,0.04662765624934663,0.006847590641540718,0.0034775274681362422,0.0010336890398043408,0.009792440050077112,0.013258785840123355
0.05797236704709665,0.013364722796253713,0.01160945198920632,0.030997865258611985,-0.0056405560058461444,-0.015669357203944745,0.00559941021266245,0.01120856351011709,0.007013132338789131,0.002840026003025127,-0.013177597933415046,-0.012993174592741975,0.009010964420274528,-0.002074617623960585,-0.001671334025410493,-0.01794075961806477,0.004858283336677978,0.00358938528262058
-0.03408203139679678,-0.0025681066385264267,-0.001514315908329914,0.0365341958210857,0.02056121117013114,0.008401232839677619,-0.014463218815135027,-0.015269269864631483,-0.007256795981108515,0.0037243011411048237,0.014206223766458468,-0.004631921031115741,0.025277402952276897,0.003842220404158256,0.0012548812809398584,-0.005433031294523068,-0.007418543109805416,-0.006431029206941899
-0.034113272372719584,-0.003329827618762376,0.0010355955495105098,-0.09836279934820702,-0.10416164193685193,-0.033555323810645334,-0.003125194797341132,-0.0005945646977845171,-0.0008260731986876431,-0.007169816711913917,0.0030108747683076976,-0.007491111390811459,-0.018244492766671682,0.0008784168459958097,-0.0027070413451092696,-0.00023372396662412796,-0.008323883773799811,-0.004431185434085827
-0.037692814770040925,-0.003263335812446602,0.0011726116195399463,-0.03859094326761352,-0.009468037413766292,-0.01206511469301963,-0.0004412375328623757,0.0028344594309162217,0.0009538926599344564,0.0009920665512723422,0.011484363616313071,-0.0031339870312675484,0.00940548141378189,0.0040437400218581365,-0.003565068890925547,-0.0028599104697596576,0.0014412907091143987,-0.010099859422764965
0.05194280751020551,0.00693346034905162,0.0016389201024004964,0.08483064982304604,0.054911260022081534,0.019300254436590895,0.007338362474995522,0.009027781250942543,0.0041113728268843755,-0.0018978575840360055,0.007282833669540653,0.026315726836071508,0.00796328092216226,0.0033340229344340348,0.0024459479073454973,0.00489506072779049,0.014242471035553388,0.021836644320809284
0.05168227538847771,0.0044371826453262035,0.001685722257401865,0.02177613987836161,0.01778857788699032,0.013804445403117399,0.0019309868495155584,0.0060732189918750075,0.002691518396327079,0.012127617808119072,-0.00808750673922777,-0.0007208118030030247,0.03302173353861119,0.004641783858078392,0.0006427750744322107,0.0016594380817602284,0.002861704496492418,0.0032019043733944597
-0.006176350456980947,0.0040899159062927825,-0.0022574780875788095,-0.012480696935274782,-0.002273818301777153,0.00886979565272691,0.0032164795396717946,0.006057660083557932,-0.00011742308152274276,-0.0006579645220178958,0.009848135350213453,0.01771054082304344,-0.047563413082494725,-0.002777977289522529,0.0006876027814075412,0.001435131493990249,0.005620401723115082,0.015198790443443116
-0.04561118900394719,-0.009170961066760503,-0.00151131318042764,0.04273917542441829,0.044492436992710244,0.017369091743342797,-0.0007006964037014269,0.00025854475482942497,-0.005271361294989383,-0.0008841292268853001,0.008781157472800543,-0.0009753002191023178,0.004573864156012592,0.0040331416669764555,0.0007460529059612887,-0.006865570463489609,-0.007083408980434877,-0.007083338516906887
-0.04943648664294416,-0.007593793295768938,-0.0010993982102115677,0.025014804781750034,0.011319005290710222,0.00857659047245172,-0.0009007341948605951,0.0029545271346841573,0.0006181226543290223,-0.013782891892835027,0.009470886279743032,-0.005439286731395536,0.03233321276377356,0.004533782977868236,-0.00343846223334242,0.012660270538963249,0.002461682501674075,-0.010958348747719858
0.040065532566738796,0.0046991834668810755,-0.0044378473351619156,0.0195829847084109,-0.006301163492506726,-0.0025245439314728673,-5.0933459961988035e-05,0.003317307838905839,-0.004472930785634015,-0.019820452802357648,0.0038459951392097115,-0.004213550467757619,-0.00929594543219524,-0.0045930767102828765,-0.006404830717655814,0.0015926893460051878,0.005718378711974465,0.012003876110868807
0.0512705584736117,0.008294220447446972,0.00038851518089123713,0.0884369349686942,0.05755364667092419,0.022510482493101384,0.008009597415732643,0.008260126418426716,0.0076365101925947605,0.0027172417836801503,-0.007840181742031074,0.023697380751970518,-0.0023368500603112743,0.003462895987046078,0.0038103636267301628,-0.004481979749138399,0.010119630286218926,0.016068028971252146
-0.03726903767199711,-0.005018473727956019,-0.00638311822335655,-0.05956396942642317,-0.012086037421907784,0.005460666267603913,-0.002758390976636044,-0.010428053203610088,-0.0026105373296319307,-0.0011024636881752908,-0.009369166215639654,0.0022266643512493136,0.015860906841689726,0.0034858160764781898,0.00021728077832891004,0.009369124985762374,0.0019305964789469536,-0.0022145042588788827
-0.06004231931140153,-0.012390476371983091,-0.0034840124494462743,0.018014534049947285,0.013092573050207073,0.004672193786915267,-0.012089320038090084,-0.017268501297503486,-0.005714852143752406,0.0027245028338148173,-0.001125142639471886,-0.007533892408117246,-0.09831916950393993,-0.016012507776624416,0.005622437589368389,-0.0003310484683613717,-0.0037013525778475413,-0.005957214519809156
-0.039543848274695766,-0.0028364084612655816,-0.007489296577474256,0.020084932300646282,0.026491943279713114,0.01071339163216284,-0.002033539476371811,-0.00737250673627125,-0.004810962053057478,0.006519515614687417,-0.007354850197468165,-0.004238404940918116,0.027561083670870644,0.00543437381907594,0.00046053487533897043,0.012444074616909037,0.0031444652161139366,-0.0032256373357963594
0.0317950801736697,0.001559864373877731,-0.004206776061992859,-0.02268787481946508,0.010091597234243502,0.009293966044652727,0.0022730108864236053,0.0030001567313173104,-0.0039358148004300375,-0.007005077980120699,0.004435065224803841,-0.0005429806010259197,-0.0006779308875389656,-0.0002741564677412622,-0.004440441377227937,0.002049898636150445,0.006484251833373513,0.01702279106613775
-0.08295941421941183,-0.017946898341465456,-0.019056349032583193,-0.061660119688753505,0.007832667152741897,0.012895201589698244,-0.009015884551834668,-0.014610509229743607,0.0023688591026985737,-0.008768149660571177,0.008537823951962033,-0.01155105966142661,0.016636495404187317,0.002730995899156451,-0.0009436208039621947,0.009980106580748249,-0.0007716335517207234,-0.013160107562172563
-0.0444309249807779,-0.004178684369113891,-0.0019679081454986864,0.04039164316024847,0.03059077870745875,0.011699193446312565,-0.0016310893703608451,-0.006922029934911097,-0.005789459938376216,-0.0008648515002878533,0.005632904817458404,0.008451244896862735,0.02259340568224787,0.003641199344281115,0.0025749169113709466,0.0026672729959234193,-0.0051267339479508095,-0.007443917795949433
-0.024805978893724944,-0.001458153047814451,0.0011373846712381354,-0.019332354461373272,-0.0031999211764322574,-0.0024557058863857867,0.0,-0.0019932378553710146,-0.0012366293390855038,0.0009448768927022177,-0.00692874656022685,-0.005892390365653438,-0.12047656360070631,-0.02006222560213977,0.005945258232468694,-0.019285942723744492,-0.002600540358116234,0.003692799575138239
-0.022327860864603213,0.0007554015302338281,-0.004894716547302888,0.050991112630537926,0.03456264661769267,0.017175641326458033,-0.00406668805809815,-0.005391597185169761,-0.007525225943576842,0.004330659754000883,-0.009544184583692824,-0.0058448195772216925,0.020397058618715158,0.0028889252346388727,-0.0011107085856137447,0.0007158459379820286,-0.0014227030647197595,-0.00576412668637831
0.04917530961707546,0.004383899989810793,0.0007490413461067912,0.020547923238363724,0.010466474729950626,0.007381932392947472,0.005324370366922798,0.005115880432539925,0.0018829262353416713,0.0034599717370521824,0.004564400382441402,0.018100491355797464,0.033706025261799506,0.0036409501094794823,0.0008293104866642948,0.0003007363573042166,-0.0042139779325399435,0.0005576522209337076
-0.036567955228969266,-0.0061893502792346325,-0.0008060107433785237,-0.03471272255820196,-0.013512560152761914,-0.013275559440410343,0.001128383443002862,-0.004195873794131407,0.0005863055281741835,-0.010243049870508994,0.006715013653073612,0.0007686590147954816,-0.09338265017435043,-0.008510763997532068,-0.0006185814307506384,0.0006971872250363506,-0.002763536741897305,-0.005841811813320108
0.052641692025694437,0.008809773673546776,0.0019290365998764216,0.06680229605625371,0.03621706869734001,0.010497884791003323,0.0039905293024704224,0.010766266014441217,0.005793953856226587,0.005559841870338816,-0.0048381621021167335,0.04611428363061638,0.027617138129432377,0.003165543228615502,-0.005554528442297679,0.004454109735242079,0.011333845494636752,0.014332502127823443
0.02796385019969159,0.002339238073399302,-0.0049755478134408445,-0.09229454443823064,-0.01585993408870139,-0.014038422635364988,0.0036403630317489977,0.001236237269956598,-0.0023140935844673588,0.00042443761609023834,-0.013777202505312586,-0.009903654146866222,0.03292215750997118,0.003145556183192125,-0.0047916501332962895,0.0011887943251528504,0.0023471811347673555,-0.000790809976797105
0.04672273016649211,0.005173755405077481,0.008192686991196572,-0.11581148784890156,-0.07800950956382972,-0.021435718921387306,0.00713031554132355,0.005489208985434761,0.0,-0.004407311990486231,0.005080540729706155,-0.007745171370682243,0.025425970443700225,0.0007795928156610987,-0.00048753302763915893,0.0010000731277577406,-0.004306293986999935,-0.0037963974567262193
0.05145802210288813,0.00854231911205634,0.0032863515824688052,0.08353492399676507,0.05336900636465404,0.02322831762333094,0.005996089555784221,0.0075345490336964725,0.004501545198934731,-0.0009731366580546945,0.009940170152084335,0.02764838004421467,0.004360198868009041,0.004834724200500436,0.0042841554071544495,0.005976259040240829,0.015581916849405252,0.02383660540942556
0.01906645128507452,6.482384141073236e-05,-0.0003872201416516062,0.019028161318605588,0.021494333843355928,0.003008184709442882,0.0026533330401354973,0.003258535239276981,0.00027931576681544055,-0.007256956964909621,0.0050519262261188545,0.019792839846248213,0.017180541797493027,0.0029714883070101833,-0.0006853194631272544,-0.004142563641814095,-0.012325603799570085,-0.01461296449292837
0.026600446351655704,0.0005184143868912254,-0.0006796256359620569,-0.013902235505744338,-0.007541169670406242,0.0039235689502860474,0.0,0.0019289330489806289,0.0003674614279779633,0.0020381501085369657,-0.009707802592645571,-0.015993839203010337,-0.0469735300046091,-0.00519315551765563,0.0014842001670796218,-0.006704086981345829,0.0035966380447111325,0.0013901933768640518
-0.03903073718539238,-0.003711811442043281,-0.001214291747192338,-0.08200114633893162,-0.11077320737110888,-0.03816746615312177,0.0026615481076717983,0.004164168894817195,-0.0020062933576232775,-0.01660699957580052,0.0008112707175742068,-0.0013550137409860845,0.04338076439100055,0.006136364731001917,-0.003030879784636014,0.012412720987216155,0.006138566083306619,-0.009891243285671092
-0.04975251116142546,-0.005661226934172348,0.001656454822164517,0.019742459615077954,0.007503193606612811,0.003712846360028424,0.0016553979940108295,0.0028258864015990445,0.0007723316137764005,-0.01489375639386179,0.00947830080745149,0.0017062402003969405,0.004871641080154752,0.002674990705346859,0.0008510042268180493,-0.003079532208704577,-0.008130223920167353,-0.007435208273289681
-0.03247108917108224,-0.0003052726036716078,0.00513544736730392,0.04080459298516499,0.016024870133705342,0.009260572369573648,0.0017154036211730894,8.76073073944872e-05,-0.0009424280654742369,0.008953279332151044,-0.010308109455103989,-0.00686048122214323,0.006211237484135065,0.006894555959173373,-0.0029209971689305694,-0.0004803518132348706,-8.253763829051761e-05,-0.0007025515495689624
0.05265766044844238,0.011614477088495207,0.009616693801245798,-0.08337802384149805,-0.03640640732534302,-0.018276721079063078,0.009195676540668819,0.005030761331405212,-0.0007090914862011543,0.002966401700613012,-0.006482186717512091,-0.009561699263328617,0.039184434336585396,0.006033825012939557,0.0,-0.008159965093843341,0.0012712115774919693,0.010372718137326837
0.02788602496057138,0.002212674283303078,-0.0032262656281642522,0.03597709149211513,0.003125863441488162,0.0062511617343031485,0.00030589660155628655,0.0028189016271324284,0.001241465554622774,0.0027418178274468876,-0.010348351938093314,-0.017991667838124368,-0.040233394959629125,-0.0023082594225245323,0.0007357805709979554,-0.018682127732097546,0.0010930534861008968,-0.00029821115617658343
-0.04574183699791566,-0.007691815613232741,-0.0037202421781462364,0.004253327951243849,-0.011578876932860607,-0.023035555316570287,-0.013607524773745971,-0.009548653184148525,-0.00532768759562386,-0.003500720828792821,0.009425797523130447,0.002232490668843602,-0.10994339438827466,-0.019966725154722646,0.0,-0.0018971554218938109,-0.004149219672796928,-0.0029174757312974697
-0.048525378660246636,-0.00396677722267322,-0.0010096226130051477,0.0066805685301288414,-0.011943226874298097,-0.015844466653553012,0.002383476843379689,0.0040767895336478776,-0.005814621400111361,-0.001996770865862259,0.005330929534112665,-0.004387315958891036,0.011918867817559962,-0.001085375600906928,-0.0018459169510894812,-0.004575799308942774,-0.005555297338389013,-0.010683891679126853
-0.03805643892066903,0.001377135326911672,0.0,-0.09924225501122225,-0.122189025912191,-0.039983271117332186,-0.0008940443972433202,0.004800915160077895,-0.005711984213452961,-0.010154498195263338,-0.0008765387476757664,-0.0006396828434004522,0.039736285247119654,0.004199783413028264,-0.004772255172783129,0.009435022972560924,0.0038126500342665686,-0.014881995723761365
-0.026707416268476513,-0.0011942613437778428,0.0033568933644865413,-0.06462616578174551,-0.004908619869692827,0.009318030882007243,-0.002122636855810729,0.002610072929902789,0.0,0.0009244018857216277,-0.005623102100918465,-0.005542274874439368,0.025563954854339235,0.00019504137460214918,0.001040538276230088,0.006689934035879044,0.0005861093139966555,-0.0013565277596354272
-0.04755974316236127,-0.012588184807366003,-0.0019507826221533107,0.035929916552775304,0.035985337334905554,0.01323981407500861,0.001549539396074919,-0.0007430329802630197,-0.0044128176762666645,-0.006962408964459011,0.010465338784612591,-0.004740253800418961,0.010068461006355132,0.0018040679026991825,0.000994362721494793,0.004668865221869463,0.0008166567921989278,-0.007598901846048632
0.05879955030152623,0.022571532483870328,0.014430885130758702,-0.0006184872276736164,0.021882943470572354,0.023231813142283564,0.0013576282458443501,0.0029556027898216485,0.001611956047829072,0.007361849920533591,-0.0008974859509993247,-0.009470550386415868,0.002437708171050633,0.00044363138275335277,-0.006481503419930269,-0.016421652308750034,0.007458387603585719,0.007012038751513183
-0.06946392922463455,-0.014700775262349931,-0.006967903740156407,-0.05608759761811348,0.016299931982529398,0.015375046254556567,-0.009632823583004489,-0.022258805211009695,-0.003883333139626224,0.0011020187212033657,-0.002318646267428293,0.002782679168542847,0.030367287821461853,0.0031978249273964363,0.0007983949089476578,0.007693590971971285,0.0025412062269232214,-0.008996122166258516
0.05840817291498608,0.006477170527537961,-0.0022712392263889002,0.04056558822337786,0.0,-0.004880707406196492,0.003460284413605458,0.00644677623151913,0.0012380676462166438,0.0036817569776959663,0.010526735386252432,0.027222562367149865,0.03269193690986937,0.001997119373157236,-0.0027057966768831284,0.002555644134809264,0.011691637614162004,0.022739084165739026
0.005105946286712739,0.0010736895055522278,0.0014061628084696394,-0.07096707232962665,-0.012272909549256934,-0.012159327095063654,-3.724500361072817e-05,0.0007066857067094176,-0.0005383668017170406,0.0022637303455576804,-0.006350302645812079,-0.0056562972182809595,0.02662181868108605,0.0027157690138847556,-0.0018047609054747304,-0.0015933059434600542,-0.004027147389525936,-0.001524114865391446
-0.013666782156874205,0.0014560599052947972,-0.00027926751301929125,-0.04585009792779588,-0.0349061902870021,-0.020027061264367624,0.003128467395670181,0.005509253539743423,-0.0023353914247646094,-0.0029981923674932895,0.004871473239350351,0.006352112825607794,0.023216501754752282,0.0038927916947856275,-0.0008574124648656699,-0.004660619500359656,-0.008072200123016706,-0.006397973382774744
0.0472434497948069,0.0050213276220568625,0.0010668730679684049,0.05280561637385126,0.01842197946274993,0.009268458240551895,0.004107444844617675,0.007916747575648475,0.0023416588878039987,0.006602317189402451,0.008001913518299488,-0.007136102182806045,0.03377411032483851,0.004448775258766862,0.000290495303536503,0.0006908106396851955,0.006709724031452199,0.013455441864504564
0.030621917411583845,0.0036095950571739706,0.00091948182784859,-0.08244635554619753,-0.010381537678019756,-0.012643692928160517,0.0031251467099353697,0.0025755912517805624,-0.0021060588208874323,0.0015302178416394005,-0.007402991537519728,-0.0077439556470710325,0.027547051872900567,0.004927480311687844,-0.001823417957409563,0.0015202153591976542,-0.0035063207036900947,-0.0028944236561578296
-0.07419372564565674,-0.015164445833413996,-0.017082030830988176,0.012481943596487377,0.024981445845765584,0.017638268542941135,-0.018959919486567462,-0.020240592834940972,-0.006309620754148226,-0.001989023173220365,0.002042058285480253,-0.00881059411198194,-0.11264094252701566,-0.026168910743136105,-0.0010489901239251892,-0.006100304169357466,-0.002427924834847057,-0.004590477154411632
-0.05735885687231379,-0.0103535620091886,-0.003666454154403135,-0.05341353610445667,-0.0909596118528549,-0.03492986952899241,-0.0011286928503498029,-0.003489360157899481,0.0009351874657051549,-0.013801880714644037,0.005042161514966114,-0.006435372737225371,0.03813906116563885,0.00320392748591948,-0.004482424235647605,0.0138070556269443,0.00453439986364969,-0.012259612537003
-0.05623427482654233,-0.008293552212575698,-0.004376506416854968,-0.024100588152044498,-0.014512337906422609,-0.00872194791882415,0.0,-0.012090339567432667,0.0010837911574246276,0.0028654366184667573,-0.00587107762684001,0.004870601656351628,0.019208523905640804,0.0021870877581534253,-0.0035895411820937827,0.009778665547202206,-0.003918812345785904,-0.004631988348880706
0.0623697618108033,0.009433096098549686,0.01408522436814787,0.02953085024908078,0.010022779362142652,0.005240245600851807,0.004340619043891089,0.006296349827913543,0.005244908456335294,0.007194694891378485,-0.008590348113042988,-0.011913162611061628,0.04562884975217523,0.008249294571018756,0.0051060521662449326,-0.014641521540666582,0.0051580504286631865,0.0026552573584870676
0.04058084378720555,0.0033687927740550247,-0.0018224503585056349,0.03771935322728378,0.016633781157837577,0.008530982343359236,0.0027939621726779025,0.006334428581029491,0.0013655637818861465,0.003029388457937514,0.0036073347880355797,0.02430863379033636,-0.0026144848984811543,0.003933528061048971,0.0016058747509447681,-0.010739100621792817,0.004456958145615077,0.0067760861396788385
0.03940989814037773,0.002956064960833628,0.0005145314325947311,0.031690125395122386,0.006412541331950201,0.008109117877647152,0.004961147358975343,0.0025722053183176723,0.0008228133718290317,0.00429707072235846,-0.011464845706472942,-0.011375389589681355,-0.006890244575316627,0.0014920262471376222,-0.00380040965405705,-0.00011498485044625465,0.005274529726163668,0.010292721335720761
0.038829875794219766,0.0032326006069667013,-0.0022723358536067342,0.037414178872672545,0.015115565736413258,0.009621385425591676,0.00208411364508395,0.0058883231370722615,0.0028177746153858793,0.004477169474974483,-0.0037425140186765943,0.0273583707974118,-0.007181866275088088,0.0018336090651462724,0.0008593188198646601,-0.011857694578653563,0.005511754979767822,0.005541245862408839
0.02944336600600018,0.003948981619074007,0.0014438147984591732,0.03634011869994682,0.025641551935994954,0.015202716936431781,0.003137869488485828,0.006602372462397483,0.00022348239319371467,0.0027281752842009785,0.006555389095644452,0.013200155151380151,0.009627360389761483,0.003780151875695394,-0.0004331344047903527,0.00239559698947764,0.009316239688687356,0.019768873937802578
0.032344217488773384,0.0026610252167542053,-0.004168630519672619,0.024134962143088346,0.016416111917481775,0.017198458176522557,0.001005637759335151,0.004654075049316243,0.0010565449449221592,0.003046272125064306,-0.009291589481975733,-0.011181018337648972,-0.005966226229806428,0.0024232893955466153,-0.0016158521609688377,-0.015480630905884987,0.0022072156223698625,0.0020122664274257324
-0.03614329284755874,-0.001939239300908182,0.0,-0.05004656292699483,-0.09295867191348983,-0.03208296346127673,-0.005503565515679053,-0.002850099410343819,-0.001426687126081296,-0.0011172231693512167,0.003018913156620963,0.000690100872600978,-0.01573209224997635,0.0,0.0,0.0,-0.006009466383957468,-0.005237543481210638
0.034881990371552436,0.0019475173960392495,-0.006719964425724448,0.023176637145739427,0.014648051353249569,0.015945949383655154,0.0012794092382966576,0.004142457229009819,0.0009733330129340953,0.007550467543824152,-0.009541551883956022,-0.010084841663021022,0.0038501132753289836,0.0,-0.006069622598119215,-0.016090004026398184,0.0024768188553624206,-0.002976424345898017
0.010251716537911664,-0.0008246738986169364,-0.009593794233907228,-0.11345751281303602,-0.06251285343348538,-0.01916901530559566,0.0018794498256233568,0.0023846720880766263,-0.0007127172618262783,-0.0025012155527310235,0.005509847671988915,-0.008775441160419416,-0.08950357874401677,-0.004372077933931622,-0.001512061027462899,-0.021695724087525174,-0.0020279356423782936,0.011032475118881169
-0.02758672513777434,-0.002897518672867824,-0.006664767766460885,0.03780905415344806,0.02762483618850109,0.009916408945954388,-0.0012638272090974964,-0.00759533406528954,-0.007344247982550385,0.006389217478844201,-0.006166513549655872,-0.006123570488163326,-0.03324521699513336,0.0009458536539384103,0.00439205458206193,-0.0026874474680877642,0.002181796016264675,-0.002337535110286712
0.03753689389314193,0.003199450367928279,-0.0005353059526618837,-0.11132369024882777,-0.09384813047071427,-0.03055775252037305,0.005397213549871923,0.0027728825897399344,0.0005142427817848858,-0.005764619654669541,-0.0030268423084462556,-0.006452863361493412,0.05082463695851766,0.005883435854755017,-0.0041015374215892225,0.009648501646713905,-0.0017343762443473155,-0.007412781058850598
0.05292079674381482,0.0074017197291136394,0.000820368774947686,0.07435218349303968,0.04599978049486738,0.014929706866143236,0.00632466015164828,0.00810385635121534,0.005740748399252069,0.0015910908934754005,-0.005117867566771936,0.03827218214242668,0.01384316528622066,0.005338286289090206,0.00015787508503792332,0.0029055567316170756,0.012818966780436078,0.02093234847524289
0.05001320403162144,0.006632599450931881,0.0008765906065520314,0.0893630107841204,0.03734072640086122,0.009538185909449352,0.004967708431183895,0.00767606440913181,0.00470291251907391,0.0030633239347958386,0.011602674755592325,0.02767521734412661,0.0065202007593800375,0.005837783827806783,0.001744010936121964,-0.007903728370121411,0.009980864080926265,0.01688212416297219
0.053468962887905536,0.01226455859727206,0.011322731108846868,-0.10868780113655606,-0.07589532082824779,-0.022008091866216578,0.006818965493193517,0.0062161160359838485,0.0016995059407805596,0.0033250417675591533,-0.00206972475319664,-0.0004093803279521841,0.04183200278664048,0.0039289363423612176,0.0029944608860708595,-0.0007862289907700189,-0.005711511664139825,-0.0028965064808212926
-0.048022252575914616,-0.0022516096487445823,-0.008145573707661486,0.03985751996980634,0.023347219627595096,0.008337589801348338,-0.0032724692443529993,-0.010211127504342788,-0.004398073136716358,0.009278543411444958,-0.00850189731260726,-0.004329489214057091,0.014167266099258218,0.003336111242602594,-0.0024078312020451025,-0.002656879180644384,-0.009767321078332496,-0.004884381319834702
0.05935448658852474,0.01291584190377255,0.003922640941492127,0.027292577651893378,0.013894023827011628,0.012444294713204114,0.004248920271220027,0.005756521569436163,0.002854696557810737,0.012215756690595787,-0.00494545790299272,-0.007867750716350973,0.04516382359337571,0.006508522546354364,0.004007353455426221,0.001695434086114923,0.008288539087784918,0.015573068779139193
0.032128913784265314,0.00014980998550254485,0.00044360279098507857,0.05999340844134874,0.029997992446161307,0.0109505452424177,0.002420112474079979,0.004877826438796577,0.0023370291121734385,-0.003612121316571628,0.0005185704309446301,0.01533732056442916,0.020789806662312907,0.004511932341906833,-0.0024054628161494906,-0.0023135484636314938,-0.0006078032509579541,-0.007415042047194148
-0.07365695024177601,-0.012327396854480399,-0.004287127399635623,-0.03509430224247904,-0.061769449139699964,-0.022008982169886775,-0.006896101942917091,-0.005804783453581592,-0.0015749387498623657,-0.01674447149892822,0.0063829869582458865,-0.0005346590480992117,0.031710295619784334,0.00394307809105783,-0.005432722823915618,0.010148886231157159,0.0016952178844552345,-0.01346227907167194
-0.06582152727990517,-0.011268697485592356,-0.01648794823905673,-0.04697198969618289,0.017905215149422286,0.013262308960477746,-0.004939305570517358,-0.02462293782025351,0.0024108854509698255,-0.003799421407020468,0.00656749427919301,-0.00449864260388698,-0.011782846014828091,0.001542473652567442,0.0009120916450350928,0.004054160883063652,-0.0010811719075547368,-0.007186760747174059
0.03612027437227264,0.0029990167991009926,-0.0009662800933914868,-0.06722506681502892,0.011709040736373303,0.01699283910533961,0.004554906926946603,0.005595065747374207,-0.004294562428928057,-0.0006768775748175517,0.0,0.009969475568613679,0.04497271474463331,0.00742106285979188,-0.0006549462062570573,-0.0018647474104181215,-0.006039233522337807,-0.006176916676479009
-0.02639295477170152,-0.0027258921215204098,-0.0037676576894699852,0.004101271405140241,0.01315570922855222,0.016769145204041647,0.001963334087432887,0.0,-0.005567473928602966,-0.0006346229776665473,0.010122188903781196,0.0,-0.12152291909999774,-0.025043063807147607,0.002496936721975217,0.0019129725663370176,0.0021833674444253696,0.016211919439541006
-0.03982665401870717,-0.004324955735091908,0.0,0.015548380669302558,0.03552497645680599,0.02193606155913197,0.004762659850495772,-0.0013993821906803866,0.0012887825096284263,-0.002143029152406413,0.009426930402743236,0.013396396641797795,-0.024089587383031345,0.004229790468866702,0.001914278468499162,0.0010815670100142508,-0.002838929462105391,-0.005011193759033854
-0.04306869624123455,0.0003464881100013234,-0.0035139847062875497,-0.008747197574972774,-0.004009151427692636,-0.00010698778339213333,-0.012384348856681321,-0.011178488775567244,-0.0043106316258532075,0.0028555734059571495,-0.004982400360874547,0.0014940584985531958,0.05295107291608764,0.0031717660779940274,-0.006394490668205214,0.014522706509045814,0.0009753620550854134,-0.014706240762200052
-0.039934270763005535,-0.004125931909040256,-0.003773689060917491,0.025072822636203033,0.024773746137250204,0.010402443451984052,0.0009902312821154322,0.0038388762802057936,0.0033683374182785827,0.00011100559942998326,0.008718347607332042,0.0017993126017315053,0.026492332809131495,0.004367299396635723,0.002061785448182589,0.005536506697653897,-0.0024627183285772644,-0.0037925052093467776
-0.039497364242279974,-0.008708393382708327,-0.0012022137411880868,-0.03091440234273594,0.002821376573409074,0.014897938297833908,0.00259386551714112,-0.0035546105982821527,-0.0013906013697130755,-0.009960991663330416,0.0019980608021749487,-0.010482321559167177,-0.08589352710672878,-0.0018024941182733314,0.0034202088091246905,0.0010393049900454929,-0.0031399850715586783,-0.0066425941007422495
0.009720994179117995,-0.0008480744335824298,0.0009028510450834707,-0.10132299951017014,-0.013082320500775497,-0.011254540958429163,-0.002578956363856091,-0.0017813760799574843,-0.0011414760054506397,-0.001224099524308037,-0.001188410456458603,-0.0050166941272401224,0.04538550788173028,0.00227466301908857,-0.0005681185824634067,-0.0009990105591321805,-0.0039668636897742734,-0.003060597401090742
-0.03132477627357281,-0.0016692249953748003,-0.0006087469935333962,0.04263233302952613,0.028563894005888886,0.011420797880677198,0.0015191543311203108,0.001980084280444842,0.00018073195428046474,-0.003262084638351675,0.0034542533158119447,0.0007452308559358125,0.02336548909055993,0.004046932252531215,-0.0028537179586417766,-0.00010921469067519897,-0.010343241235945131,-0.009458363906356099
0.07922554395411809,0.015624463932630768,0.01977368624974422,0.023318286481759452,0.0015041116355510968,-0.002443044611155408,0.011495220353456353,0.00832294868541183,0.006189227008967867,0.0,0.006437601443132349,0.009891414010699585,0.041576596963238975,0.009354715554220478,0.0036331047641707547,-0.007695978398085986,0.009917052368035612,0.0133831865256199
-0.07265465029907635,-0.01078194548623375,-0.0027289104236410213,-0.04350562014640717,-0.056535812228389735,-0.02269947510781973,-0.0007171416486640135,-0.002806231546751626,-0.0001857440336924237,-0.013035412864290444,0.006861852091459352,-0.0010079317329776307,0.03866371332831098,0.0045158540950039905,-0.005101117695861835,0.01377860298120956,0.004626514018308055,-0.015875491071725173
0.031719768555215674,0.003003744681021602,-0.001109652463386521,0.014219556047681279,0.021044324568181033,0.016909564879233584,-0.0006361826890439151,0.002179065398149586,0.0008648818932043958,0.0062608708615688085,-0.0060632454360380166,-0.010895153856965689,-0.000710269296949815,0.001756264466967035,0.0005241927550667598,-0.0045586958172948115,0.001813554572466592,0.0005685074108318644
0.01823700782011743,0.0020069069058515983,-0.0010483927730439357,-0.04613575066436499,0.028432691477079355,0.021598388695262358,0.004424572586491839,0.004540689706131031,0.0017258620722879754,0.005165873167447424,0.0010840195865523675,0.026683657455616978,-0.012780012041996086,0.0017038392542688156,0.00048531619066792775,0.0024300675743738616,0.006504407585474718,0.015466358743481165
0.03709666158105766,0.002172378187288767,-0.005858750482392415,0.07082564577517178,-0.0066354883187842075,-0.013231370511645907,0.0024574740993284915,0.005175317966217094,0.0008097498108750079,0.002050526981903909,-0.01559532653532747,-0.02329371000782003,-0.010647376836007808,-0.0022396810841620817,-0.005425117250892379,-0.011933280804047491,0.001738604992939847,0.0019421892879791028
-0.0219089570474926,-0.00048517282151120295,0.00420384893923594,0.01262471725062491,0.025497138987705663,0.01370333513583431,0.0023587487941132824,0.0014694321713221172,0.0002871337178645747,-0.002260023085684787,0.008909279146714822,-0.004567077707742815,-0.03812589751299047,0.0017566414305625342,0.0,-0.001225266044912583,0.004649901044571122,-0.0033626345629119286
-0.034439046555507745,-0.0024198631653108414,0.0008001186796890514,0.04955060693354761,0.041366520373230124,0.015092191627639504,0.0015209232004335385,0.008038189644565152,0.005169053753730617,-0.001872579941833753,0.010091018089844207,0.01877616708985913,-0.014800950087923702,-0.002951379636882101,0.008858995344633948,0.0029332612539638165,0.00897342796475264,0.021189021393672625
-0.01308551563612779,-0.0044620551083556885,0.003515990846368007,-0.07969379232028194,-0.022030311653347557,-0.0028081320337684863,-0.000537116310530558,0.001400586690580878,-0.0006113748865322338,-6.435469382787107e-05,-0.0025279544345216485,-0.007511207927781177,-0.04530104820792483,0.003058249316178642,-0.001931564636036029,-0.002793442291551426,-0.0026992829797469094,-0.0021328132286800583
-0.007448083080366194,-0.0003566339257937654,0.00313201724562835,0.05463563031999739,0.037585191134291616,0.016053365169791684,0.003358777499818667,0.0063355263913838136,0.0007023433956919014,-0.0021171480651194113,0.010333096822213632,0.007927513960188391,0.010170407441588782,0.005454557349933464,0.0009582332716591011,0.0,0.006533564774725271,0.010433857931579499
-0.03992625694592191,0.00044107059208469166,-0.0006608804983283556,-0.06266909414759901,-0.10909312567568337,-0.03192626453411189,0.0019430264780722114,0.0016767271646371486,0.0,-0.006656322806717985,-0.004258608423238071,0.0056962162348659535,0.038322705993907566,0.003373388924549928,0.0,0.010525704697501668,0.0025276919952568447,-0.003365963946675904
0.030461068166720135,0.0013544045145514353,-0.0019184841757379566,0.06022230952079541,0.031380137644188164,0.012331228196834463,0.003111001214298191,0.004017441607132446,0.001416881739514731,0.0019818356336525314,0.0012736425790373979,0.0018712759342914126,0.023089354322417738,0.0034936549225854114,0.0,-0.0033098294036586462,-0.008459669487857938,-0.009641375565770105
0.047553755530455745,0.005580915530283724,-0.001710724374381284,0.07637304999836855,0.027472088742494783,0.00971130349925567,0.002453770187810163,0.009218115424732097,0.005510513248879831,0.006198614807281067,-0.010567933511567323,0.020621580231267686,0.021932112318842432,0.005451372992517421,-0.0046158089910752495,-0.00782267757589401,0.007966650619135629,0.008398928018348378
0.03276316677800243,0.007687714561080392,0.0024089210932442214,0.026075369740400797,-0.011612379183594337,-0.016505941127490868,0.0016355712672273474,0.003229682118541759,0.0020249636825146987,0.003257889540444065,-0.015706290430771666,-0.016504967535800753,-0.03713686438850131,-0.01094793069073607,-0.008904188438615998,-0.02307753454349046,-0.00042738757628121155,0.0020032609809873744
-0.04735682513268728,-0.0030474902106378517,-0.0006681993129140227,-0.06788209848520514,-0.10486636521785847,-0.030702155250718077,-0.0030516047294481398,0.0020798452160264496,-0.00249355707745119,-0.008580003032771457,0.007135498027287353,-0.004478770257801147,0.014278539019089563,0.0010350890136746858,-0.00219441973030979,-0.0041241674345641735,-0.010023350615183077,-0.00575517856947233
-0.023136727040754767,-0.0013343753172626158,0.0013995697690663534,0.03429391385638687,0.02604781275605518,0.011877322303330523,0.0030931355769122752,0.005178767736802074,-0.0006189114506993968,-0.0012566264438956805,0.010971921016119733,0.0,0.02339772437620391,0.00392637320392118,0.0003124896654462327,0.0,-0.005204507557244503,-0.008873420951858904
-0.03150676427835601,-0.00092360043972944,0.0009285702276559981,-0.09000641305531426,-0.10977577768582156,-0.031131015024118948,0.0024964217803439097,0.0024503617914916833,0.000755762839492705,-0.00747582582527488,0.0027154748531625092,0.006904905047614633,0.015228553509549695,0.0008230523338343369,-0.002452739180447573,-0.0020748589721067117,0.00015246366619878728,-0.006538707381297276
-0.041943416909206846,-0.0026716344274420397,0.002299618019755375,0.014119659505937559,0.0057658056791758,0.00874754771462486,0.0006113962391291441,-0.00891521929565447,-0.0025501253266567783,0.002076630563968974,-0.009355397212462119,-0.0007322639750781973,0.01896633397636384,0.0024692676398461208,-0.0003458307900280542,-0.0051983447113564535,-0.011136525681952983,-0.004249309445314035
-0.0262400611856299,0.0,-0.006034586609173015,0.05021607071406166,0.03748535605623649,0.016741721823936843,0.0024133568097120415,-0.0050448094923574065,-0.003990217036466449,0.007068908886070438,-0.003746688303246291,-0.0010186093313091706,0.01970772493496281,0.0018117666468893483,0.00190776022771317,0.0,-0.0050473224094265525,-0.006432720833878719
0.008621699441073907,-0.001633126185295791,-0.0053541819710079585,0.013467577755229455,-0.011654723793970846,-0.006794689806147388,-0.0012820807920770057,0.0012424481099316167,0.000563931822182815,0.0012979861341385133,-0.01351780801411754,-0.02365857483910025,-0.17810640833251215,-0.023384623472199793,-0.0005049535489985831,-0.021136755752667213,0.0,-0.005559712998126409
-0.043035277305860355,-0.0031576151679032485,-0.0015184108629744232,-0.003286821546258478,0.03047799841318993,0.01602332637107882,-0.008779051262191723,-0.01654736562368157,-0.0015768839877026589,0.00014230863195651336,-0.007541457158048275,0.0009300778503187429,0.02239812395812612,0.0034770447854658142,-0.0009393362267795873,0.011529057770384557,0.001499549926611387,-0.005789029707088782
0.033960859355574524,0.0013630466120638212,0.0028977612104497275,0.06472411112351358,0.03893746003508552,0.014375892680985164,0.0,0.005565370102666794,0.0029020332831049605,0.008634448362141191,0.0,0.02400765854010008,0.012272140789061343,0.005324977325399169,0.0,0.00023771935344460857,0.0074965534813408825,0.00974144130701421
-0.05367882013796448,-0.0027780293301238545,-0.0050200268892857825,0.015798826153211754,0.009535302841029979,0.006794646626928924,-0.0030015590316816395,-0.009085876906165644,-0.002540258561743952,0.0012290072915610733,-0.002191218689994158,0.008944855547098651,0.01849055180997859,0.0034905621431270614,-0.0024288696801133603,-0.0036464557638707534,-0.0034539672033889906,-0.004553379194706626
-0.023449911198063608,-0.0014597010378866167,0.0011700493453800304,-0.03503747210064905,-0.013327852477228277,-0.0005717640342872186,0.0016341004037363446,-0.0018200336458482143,-0.0023017454678670615,0.0015182930361999853,-0.010085705586095834,-0.009425249371500815,-0.053098913447414534,-0.004165890793579256,-0.006889801809570718,-0.0034499541631137034,-0.0013065382142886889,0.0018022919872159315
-0.030354266473333603,-0.0016466228096718005,-0.002484373883104811,0.03489101043851045,0.032778654115136245,0.014590288264189387,0.001369808784261389,-0.012325366927540767,-0.0026707619766766374,-0.0003957753452153816,-0.010008337560811742,-0.0030309957176084764,0.013809899873586787,0.004515228480946539,-0.002241977765534188,-0.00478707404097698,-0.007601925256303907,-0.00689710080122238
0.043605983210118465,0.0043929698103754074,0.0019601277060464282,0.021451760790546948,0.0074938209738691,0.005447449413684518,0.005414404941946293,0.005419206009207105,-0.0006917077688607159,0.0023267687553323296,-0.0030624239029698884,0.00012789777198425576,0.058511448210092125,0.0037210226906583734,0.0023940708602336936,0.008181536592142593,-0.0033247468184347305,-0.0064405771004723
-0.044341312336251125,-0.008041575368208351,-0.005199141098338598,0.0033486239429239913,0.02070952466193499,0.0005118580579725448,-0.008676365461016921,-0.008451755549033742,-0.01287278722571988,0.0014165320275368438,-0.0015204037185058104,-0.013499831794572446,-0.11650567729799301,-0.02438040678804896,0.005793017948949413,0.0004372514075790824,0.0025540747085659216,0.002124832957520917
0.054389808788341674,0.006176377480544206,0.0013683165066418388,0.05539564969320679,0.03282652937817691,0.012334149042144948,0.0033839743486230403,0.009955310287070421,0.005520846257578315,0.008339039601789664,0.005887258629153459,0.025419092463820427,0.02713264472673602,0.0032470316309125163,0.0,0.0012093658191803388,0.006321119401498494,-0.0017559565202845406
0.04738845819638103,0.004715223315307664,0.0011011885411178306,0.07838570042242919,0.035298048381637345,0.01597737217323072,0.006089756090059173,0.009266642997014272,0.002180733372869269,0.0036162649466338604,0.007367672351077981,0.026915123269904685,0.003293326280071013,0.00578248183706456,0.002671258234849831,4.848871531888825e-05,0.010846891866226012,0.012277581632508361
0.03943297802781791,0.003999120888429158,0.0009541795150389969,0.07908402653082848,0.0171085963043126,0.008553124108740985,0.004967390654741763,0.007075831534994749,0.0,0.004488815830758938,0.011718520220032164,0.03007608760150873,-0.030370787083321072,0.0049425913368558155,0.004706721067335751,-0.0009222851807187524,0.008790199200965477,0.01347100736787371
0.07344466543699199,0.014080317667288846,0.010004190494224935,0.056176176270920995,0.03633996102105942,0.017069463585795867,0.007945638820891169,0.012328436987674437,0.009933500102481353,0.005381570842440672,-0.003257076764121314,0.024849118072388706,0.028246096931856434,0.003092637762161505,-0.0002722739742809405,-0.004769953863400011,0.012832805819400335,0.017641649315614072
-0.03907098243700976,-0.004679123306610274,-0.0032842828226035967,0.03904237601106286,0.024882310927875035,0.009354463209282371,-0.0018318507778075281,0.0014570044847174175,0.002318667813237524,-0.0035744494172834157,0.005082302612523672,-0.013038943239170625,0.007296536883034685,0.0027920213060911125,-0.00252465364469014,-0.002250904143523789,-0.008635613662958435,-0.010619435027326669
0.051043690258905976,0.00323275049622752,8.806802109953175e-05,0.01780706147913324,0.013294441633025436,0.012001110353272625,0.0042981894483117575,0.004484479429831214,0.0,0.00790706029495314,-0.006913342029556104,-0.008546648980230973,0.03912210924194463,0.005831856069445225,0.0007972139058391326,0.0025402248389420714,0.007492630010504436,0.00850656554804649
-0.04653455909928654,-0.0029425768654603923,-0.0007653691861245428,0.035469712533755776,-0.005177383796748627,-0.012771071702118275,0.00549339004762777,0.00638351034196869,-0.001001967400992792,-0.017246432438060864,0.004987091937836392,-0.009293275417818447,0.018440799167210153,0.004184832536826686,0.00038117391000935715,-0.003683879254329241,-0.009590950886547623,-0.012778992096900928
-0.05169229792643602,-0.009263729640905617,-0.0028327372271699054,-0.020739539040186765,0.001551649966163468,-0.0002299608634596892,-0.011911286620730528,-0.009951148825466912,-0.0010442424653260896,0.003906905954579463,0.0042338589039626565,-0.003450833245989756,-0.11166619986729141,-0.016641048219331045,0.004112003104777099,0.0013614472829551368,0.0,-0.0018916886527789167
-0.028045169875776186,0.001369438703203298,-0.0004919780798109961,0.05825676818841395,0.040159170864424616,0.012262154212813563,0.002926009531598106,-0.002379402260382493,-0.003561021328114885,0.009410013101769822,-0.005271004730563238,-0.002667142863078465,0.04043372933734193,0.0051432720332908,0.0022434862036391553,0.0019968075337848013,-0.004920494525693914,-0.003304168653595424
0.03299810525995539,0.007320539858133313,-0.0011426157266004409,-0.05707130369212679,-0.004498525750141477,-0.0003008874314812103,0.0029531528455222483,0.006003232555985322,-0.0015886460357598352,0.0012883191845411658,-0.008146746877411909,-0.0023889157549921687,0.08375889842115429,0.007827205029427567,0.003468198157122175,0.01664949094619135,0.005141724917622496,0.0016276151282470092
-0.04653887962581238,-0.007447750583119258,-0.0010952744750826891,0.03338150105720662,0.021732034266319793,-0.013687316531240555,-7.563974909861557e-05,0.0,-0.0044990488379651125,-0.002145361360862076,0.0072788386068426865,0.005698645713184288,0.017934382999040474,0.004947738226334935,0.0011118341750238016,-0.004830837752914136,-0.006791714940490824,-0.009420278912134476
0.05653044305053148,0.007587545273949591,0.0038580462810140765,0.03726077853328709,0.008603720867267808,0.004446312311401314,0.0029871000497545923,0.0068820769322328135,0.009962115484584576,0.005436524537878125,-0.007190325907891149,0.006061922573425935,0.04156564061664036,0.0061061394156987645,0.003413435852546358,-0.0013431893880403078,0.008327156952822786,0.014239949123860396
-0.027355830639778457,-0.0008399198615440675,0.005657796153447878,0.04902052155536755,0.04018393363235574,0.01659896408245997,0.0068688377932586775,0.005642830289189159,0.0005236286835215868,-0.012853266385948992,0.011068090981890075,0.005256279158111072,0.012531651491051253,0.006115190841109623,0.0022180242231469613,-0.00327712732112652,-0.005241996373523853,0.015780540224034204
-0.03339093587985166,-0.0006930243686862006,0.0027272021807789476,0.04092194741717571,0.03742301485149199,0.016594646148979885,0.002872553019778441,0.0019806179665424525,-0.0013779240492348109,0.0,0.002166740355772362,0.004119164969535931,0.007865817058534102,0.006488534877666289,0.0,0.0,0.006523481578272597,-0.005970160955248799
0.019510139589335417,0.0010503239404784557,-0.0017535588756124002,0.027981031516714768,0.016047507716683153,-0.007543547173566514,-0.00042102936325036063,0.0028370969566530813,-0.0011037525871169741,0.009500237973529524,-0.003114090032756179,-0.010601326900541502,0.02105878031492353,0.0018449935542106857,-0.002527628288828808,-0.0011192584221006053,-0.007004941065677699,-0.00683051166583
-0.04198155196154137,-0.0038149796090016816,-0.0076483347260480625,0.02459549282649629,0.022256940184339918,0.014699678464167209,-0.007321990965381996,-0.012726890195543353,0.0,0.007368580308900447,0.018306427436022916,-0.0041828591012510715,0.02325857959673644,0.003946429365637425,0.0012653640584640213,-0.004084534519035651,-0.007239295653613539,-0.00547990838912879
0.04372767197638306,0.004656970305400192,0.006502488763982363,-0.09749107661159317,-0.07860943924822729,-0.02232784080732174,0.007204626051815753,0.004708789460205066,0.0013261962309624301,0.0031614700470857853,-0.0007600867678735831,-0.007935036067652553,0.043946895654128154,0.005696174634203904,0.00014034726849772707,0.001226652248681271,0.0015692825885389268,-0.001559869373807643
0.02238809440708738,0.0013766171678614065,-0.0036242615866424735,-0.108899893192538,-0.09829480937624052,-0.026850575385452918,0.007710388980250607,0.005204938622947054,-0.0032735993455813533,-0.002001237117090285,0.003944424049703182,0.00020639189471505662,0.04508132668863086,0.004683353414790119,-0.002018973284869073,0.009976272923827582,7.408310642649133e-05,-0.0019746675603992125
-0.00639766128325851,0.001578915411569343,0.004636097306522176,-0.04563454886808942,0.012989599617074845,0.017808065877940246,0.003103616684151907,0.003936821953952867,0.002449790041642134,-0.00147008612995144,-0.0013158734175207148,0.0021892491343491675,-0.01736140702395991,0.0018074843277691255,-0.0021229650449256696,0.00096295218262872,0.004089359016462412,-0.0023508825990925103
-0.04251581664619942,-0.0038013518778915313,-0.008271940136711863,-0.00016376114780063036,0.004788333782049841,0.007170167667053463,0.0004088223785903933,-0.014684085737981217,-0.004736550833100482,-0.0014696484261481025,-0.003132601796700614,0.002805970536547469,0.05649561040575011,0.004974992565035525,-0.0030527621555858477,0.016874671298548187,-0.005690661640521954,-0.010463733290469717
-0.027884411452439896,-0.0002859502172956187,-0.00035277351864433686,-0.0749485050670588,-0.10878952574395513,-0.039297101874656216,0.0011441490989549472,0.004215089608779048,-0.0012911428329970276,-0.009728835681063204,0.0034162366314847764,-0.00671004538546329,0.049598372751288713,0.007989202635528495,-0.004997909425724954,0.02348336815024706,0.008517485830368966,-0.007687012735055038
0.038497151910228074,0.0037476515166748104,0.00026010010990055993,0.031100228430582456,0.018816819095465953,0.01282643988192722,0.002244100809532825,0.005178515298180166,0.00022481746613347152,0.009969598372304801,-0.007943889297673862,-0.001297097645125631,0.005158171554197464,0.0033229820972853377,-0.005804757580498661,-0.01056231820066393,0.002884377190038843,0.00023936247570997826
0.019233995586667593,0.0026142612004780197,-0.0004262089819553549,-0.10706159311490565,-0.09906496716769894,-0.02817595323119392,0.0021477134741993247,0.0052095175243439,-0.0025066669874251792,-0.005852171305213204,0.005277440756167733,0.008614563674573602,0.045929839729611406,0.006046517307673581,-0.001331908978316853,0.00823040058922617,0.0011472421814646388,-0.004764589308938111
-0.02812530011545599,-0.002961225916422708,0.0,-0.04494571276324967,-0.008795844626944294,0.004308671341344679,-0.010976072399051826,-0.009157515626705155,0.0018408114681745511,-0.0010398958711419295,-0.00999686328033549,0.001865466779185877,-0.016959646506807972,0.003993834745966908,0.0005512168655489697,-0.0007534797683942984,-0.0057055505869609766,-0.0032615331395297875
0.02072816922141089,-0.0012746628360858039,0.0006098281832145983,0.042299882378339856,0.012417946703878647,0.007706080219063462,0.0021544363725829675,0.0043373383291529215,0.0015892646393469048,-0.005555406927332818,0.005005349629015933,0.005688750744212609,0.040985920296613326,0.0018336772172435497,0.00015617729792225362,0.00645648599850652,-0.004219367599035676,-0.006111593814322025
0.06763372064752741,0.018528352858146042,0.013816061556788693,0.024850210853853846,0.002619915413680254,0.0,0.005765693550364151,0.008271695234873247,0.003913702296512435,0.008908445893405587,-0.0071270444231381295,-0.008471286151341979,0.04640120954250357,0.0035237501391709287,0.004129063271074672,-0.010991665156212142,0.0030557267809564275,0.005664439820097844
-0.04639501623823699,-0.007355009239564243,-0.0026197450960313722,0.008758756962706792,-0.009477114158697635,-0.011104622788514857,0.0017542281560621522,0.003369857219297524,0.0009153009285562765,-0.012016730583836987,0.01013697292600546,-0.014531737584898601,-0.010818272947247262,-0.004166437268697695,-0.0024359165891071643,-0.004458171727909716,-0.006264232041189108,-0.010712005636351288
-0.04058671250272907,-0.0032675941104799537,-0.0069452170921924655,0.042361406592577804,0.03522262966326799,0.013106152055792672,-0.0004072023945548006,-0.002072398379493756,-0.002288940719931247,0.010763055946479423,-0.0063167758336717065,0.006184788989047634,0.04177767331948177,0.005622781394842294,0.0003591733438505669,0.012392747652240407,0.0015294482067407789,-0.0053744974704214715
-0.01956781909577116,0.0007683988294658197,-0.0016081195099192241,-0.011045300143685013,-0.02339849292688608,-0.01826875342440935,0.0008423222152677865,-0.002547882602543914,-0.002117738139859925,0.0028378568699898416,-0.011413385938895723,-0.012596863235907826,-0.07965271792862506,-0.0058557460880630935,-0.0002691894546721568,-0.0046094045681810735,-0.0015970686979020123,0.006954154282024977
-0.053099139207517985,-0.004432236243971073,-0.00042489510426393766,0.003314207825045326,0.039214026872898926,0.019363839416707128,-0.00043408718727448703,-0.021513339479895678,-0.0011008634436052245,-0.003079417850391159,-0.004218067979364669,0.015931529783750682,-0.019297925336471462,0.004147102859201484,-0.0015100928630243302,0.0013813065197126508,-0.0009766472732126523,-0.00877785625717695
0.04964775259993141,0.004407428496808436,0.00048004603857148827,0.027305118010919203,0.00842556229946016,0.005050762426356278,0.0016197736053001521,0.0063127047141164575,0.0014763704580029562,-0.006346651538905347,0.004744797270648867,0.0035869032807524246,0.032431892096443274,0.0019544668373640646,5.009240465336541e-05,-0.0016291818330308521,0.0004346704813509592,-0.007528421696036708
-0.05038299494732025,-0.012677807148480293,-0.0010453776084749626,-0.028037679960603128,0.029411564889601918,0.016505988742634134,-0.0010990511953882602,0.0016013029285322916,-0.0019921198203832623,-0.0029746649845692084,0.002004901682079712,-0.004381781968933517,0.03794021927895255,0.002874898829717015,-0.0050073538138810415,0.006673388205031122,0.0026998789593598543,-0.018686819811231763
-0.05484139386958654,-0.004694560746155015,-0.0017100680888034027,0.013869758008723487,0.02855704062144494,0.016144277217231256,-0.003356797346589872,-0.019448645965598612,-0.002246173318517155,-0.00211637588162494,-0.005636804471954967,0.0,0.019433610821361594,0.0030761966994047674,-0.0005069997386207733,0.009161336717446417,0.0007238415954835353,-0.005194127549469853
-0.04524430079681454,-0.00396195794928558,-0.003952531627787689,0.0202376694980296,0.023752242126348265,0.015799240273839152,-0.014848884236072247,-0.010731227818418539,-0.0052987325837268095,0.0,0.004065026125959632,0.0046005599685089585,-0.12907972138378376,-0.030947599793908556,0.003012573505938336,0.0015606644692064857,-0.0002558679687440724,-0.002823570572617007
0.04416751422186594,0.015623631518830191,0.008591264999020597,-0.04075337623519139,-0.0025634092769010047,-0.014961684025649078,0.007113809227801354,0.005841798813442284,0.0027126587639081314,0.0004982717035644671,-0.004855529828016117,-0.0036097684369333517,0.07721479881234052,0.006844256805836861,-0.0008000597303267808,0.013620960367393546,-0.0010794560097735625,-0.0018660144817184976
0.039355930103388385,0.01403754780139889,0.007953867579293512,-0.0717583265193027,-0.0020601931215945665,-0.0028028132183028588,0.005203277792713915,0.006165919926436498,0.003329756103022613,-0.0006139520720613764,-0.006264954245230803,-0.002136570809400129,0.07337618505424287,0.008547173357394175,0.0011221955178662788,0.015936887607212236,0.0009801696003146993,-0.00014720435484928684
0.042586185691783594,0.001472379626607871,-0.0030186484885383895,-0.07538059361452312,-0.036419960246218214,-0.019031604527069697,0.006437316361122134,0.005759207343102674,-0.0006980435151755229,-0.002908061478127318,0.008585846190600249,0.001031952857785502,0.03104028074542155,0.00366981561762196,-0.001401817324775905,-0.0002503197161853155,-0.0036722429433783442,-0.005910708124222827
0.030219316256640504,0.0031807246978258043,-0.004091778830125856,0.06113426377983548,0.013919595025835054,0.010256910169216663,0.0012401689597584468,0.006160604274378233,0.0010569496397199478,0.006990802726309104,-0.012816282553893001,-0.01185487773524846,-0.007170808884203801,0.000665944692275802,0.0008507441603873179,-0.018229244478383953,0.003603012183168759,7.367036807080785e-05
-0.03936050675454242,-0.0044711477239929255,-0.0037678496802820817,0.012742455461194853,0.018982287569911143,0.010134914151917423,0.0023183535585202582,0.004274492362320843,0.003916862351894169,0.0,0.0037751938285798966,-0.0015703458136541778,0.03750222219851244,0.003156190950450988,-0.0010790137642735778,0.008978842445302287,-0.0015090808784542903,-0.007914495881146448
-0.030230752413308318,-0.00027851371893028876,0.00505352978291237,-0.044748842478573796,0.0013738867305273907,0.008409919718376875,-0.004723218643755678,-0.0016879668325320016,0.0,0.005038503855843048,-0.008780897269112657,-0.004577715570318275,0.028160197854374843,0.0031382553949807447,0.0005282909570755419,0.00346085799883429,-0.0032850727343729756,-0.004390609581028673
-0.04401227653775958,-0.0030570977989198877,-0.008502408865424149,0.033681441494721555,0.02489001566084418,0.008899304154786384,0.0005697647280591137,-0.0027981232767584005,-0.006777942850162065,-0.0026956014941109997,0.003576896597747884,-0.005318708905031997,0.02761859992362091,0.004576374510353176,-0.00010570011799586439,0.004112415693955915,-0.0032279685057106486,-0.004216100972338911
-0.021574944044355098,0.004542198007126382,0.0010754339359477865,-0.03687836919036215,-0.04096031046368106,-0.02723170263914736,0.0,0.000844700779806977,0.0008698443546916779,0.009529481042525125,-0.0051239560317668026,0.00046911272853741783,0.05971336051683905,0.0030290047803322464,-0.0030349647877651468,0.013720416161641633,0.0020137278251133165,-0.005812881659657931
0.019204822171130953,0.0036057522139168307,-0.0023345392790447912,-0.0716904144695852,-0.0024403379210036005,-0.008489090126301594,0.0013779254341373956,0.0045838374103504735,-0.002227375892790613,-0.0004254306344908649,-0.004999145814423492,-0.000983904773563275,0.08225308787824227,0.008133104653659932,0.001833062432566792,0.017959303063002648,0.0036347263775011736,-0.005325784857207791
0.07106245764349706,0.008817662247771845,0.005252066366591149,0.03430882557225824,-0.003048079068244352,0.0,0.005677883469427248,0.007660820222646284,0.004950205013373135,0.003599391989292097,0.009814981154819682,0.033991958277223774,0.043978115501239506,0.0052426094343216096,0.0011615880269119129,0.004796644092410847,0.010417557068440664,0.023500968031837183
-0.026692364350658384,-0.0018610849199181935,0.0031764633847952,-0.0435335308750025,-0.014503472454609962,-0.00969311984444702,-0.01217442419785614,-0.007102879419553391,-0.0007753985306521577,0.002160805787561559,-0.004534707750455052,0.003026742314765877,0.06432941764490953,0.006251094994743918,-0.0021622150477271325,0.01765273885074326,0.003990526089816865,-0.01084561402678226
-0.03268870964037126,-0.0025595273696498223,-0.0010596206310406055,-0.03835660074906811,-0.004631683174301583,-0.004839423108391751,-0.011753096711003263,-0.005597714207511421,-0.0033591881053806325,0.0,-0.001462891139457683,-0.00408386302379719,-0.13563283317013877,-0.03248013473054965,-0.001500490585799903,-0.018383258534855923,-0.0009923817024598985,0.0015483826622537111
-0.04079202098478949,-0.006566224937234851,-0.006392348392412315,0.045486463538522634,0.03259302492791313,0.012372082445666508,0.0020911589102334967,0.0035691809045993077,0.0,-0.017974765673677954,0.004075983848779292,-0.01602284032015491,0.007842356685452441,0.0024371038928209954,-0.00024225132461789777,-0.0032116519302532944,-0.008518722786512377,-0.008865923367983567
-0.04711381306609442,-0.0027125546119375083,-0.00380699358795328,0.009722423639565093,0.029630914987389623,0.023131919789355776,-0.012228294514997328,-0.010422633253771425,-0.0045003439005789165,0.0010982675066376223,0.0035900715883371466,0.0177628294839733,-0.10895685389091686,-0.015214183827558564,0.009333775398425483,0.002784919459404097,0.001833609054450316,-0.0025368383325448107
-0.010850791317554202,0.0013284699107213426,0.0018224173853119733,0.0022396683417913532,0.01838961167259291,0.012250188708218734,0.002024398066135588,-0.006681781131961086,-0.0065797319311906785,0.001431038434871468,-0.006204627316744292,-0.010587650310352175,-0.08116930156240267,-0.004583852728480066,0.0013857764223392955,-0.0011721754554254531,0.001196907723533568,0.010442406232402265
0.03482657258826834,0.003022254513066939,0.0038714463956067624,0.032597974189507106,0.011589837697823435,0.010028638233868238,0.00322105852398602,-0.000564572232697767,-0.0028382926782397773,0.00320993558869482,-0.0003214043266348933,-0.005693347514115107,0.03346765718432137,0.0026120834048895362,0.0007570564204286387,-0.0017410281704556404,-0.006705195354093446,-0.005824376802372133
-0.0848286222535903,-0.02037650721905365,-0.003684393460630564,0.031546223455936565,-0.0033608691122934413,-0.010485472355500547,-0.00029925274000006477,-0.011492502193751563,-0.00488297264126123,-0.007308126750961601,0.0074982509803420425,0.0,0.028901368643499858,0.0011531980096083998,-0.004441560435499394,0.007596084483628821,0.0,-0.01466402486171782
0.03787822561420991,0.0024483672918625323,0.007326512862755647,-0.10130782457215187,-0.08612268467861048,-0.02800762052744895,0.0021782209464701083,0.002468799652951932,-0.0011992588009762108,0.0032427671445818544,-0.002454146333594964,0.0,0.05500897644870531,0.00372037444842563,0.0014878693921856851,0.010269856616150352,0.0013253262776013093,-0.006086463395145042
-0.030958733560848016,0.0010903566693875359,0.002472996420244103,-0.020856826560304687,0.0015726385202106123,0.006830113971480434,0.002607675933579773,0.005679355862493191,-0.0008089790050656658,-0.00043378866960084266,0.0034416249554027785,0.0031893247812535977,0.04925565433526252,0.002892219035892782,-0.0024185016857688054,0.010253126873807401,0.00125459344893426,-0.007041650094290225
0.03830916711579999,0.001780568991949339,0.0015474655700458367,0.07766412901255407,0.052888370414875215,0.013804906779511926,0.0041480182064153135,0.007191008910970078,0.0029274218531748428,0.0,0.010466814472615866,0.030936829741353658,0.008686801815982016,0.005908327156392896,0.0051737935982954526,0.007570140409364568,0.01641556077668984,0.024899909091813832
0.026922584318430705,0.0014365847840287168,0.0,0.02950409671502146,0.018495975933256515,0.01561535115039235,0.0024507273858362997,0.007091663510392295,0.002977687860407283,0.0041243321946642965,-0.007807582439807895,0.012533982924532401,-0.11932062632475984,-0.003872252674011864,0.002839937323757302,-0.0185163134270951,0.0013323737266409002,0.0007299047348051924
-0.04631191058472769,-0.007171730026709696,-0.001403179476067923,0.042069777818558175,0.0291501549621025,0.004397939408495662,-0.0012475203245504716,-0.00989746691400589,-0.0038723464102185024,-0.0031673438637704224,0.004741733495518247,0.007562437307437944,0.03391518143339637,0.0056922882043136825,0.0022764570968375063,0.010355942311234519,0.0010515725737040148,-0.006388744002721894
-0.05228662524170105,-0.007395856757296049,-0.004639398367484614,0.003427268991324114,0.012327047970215855,0.009489105837641523,-0.01655841814677843,-0.015503037481403349,-0.007164419563776971,-0.0036360083594169407,-0.0003490507646685948,-0.007323570288315498,-0.09479887114413608,-0.007333626136629354,-0.005266354405430016,0.0017151721020269113,-0.003304821326730907,-0.0069927303189533385
-0.03512016592709994,-0.003203030743433334,-0.0016091675578598194,-0.019930449838229967,0.028230109255225705,0.01391096792001352,0.00348575787099938,-0.0060840379843549435,-0.0009286742286108065,-0.0025973401866010125,0.016319707950638487,0.009135396413405394,0.01964318088476947,0.002807780376561924,0.0010964388938214432,0.010762088714635248,0.006112586140271358,-0.0020317144399586637
0.04996557141267302,0.004707568079362995,-0.0023134392594025854,0.065638320577287,0.003948453209238274,-0.002989710147928272,0.0043213873283077875,0.005432879195506455,0.006643457787086554,0.005040184641718578,-0.010310611708443792,0.010916056287711355,0.03041879558379309,0.0006065276821433951,0.0017617256229468428,-0.0021820906151755123,0.008039572741897615,0.014736925103794818
-0.03849092077006193,-0.0025111383208172486,0.0011884698781540694,0.005994598993521622,0.0028318047417444933,0.0005111220763126181,0.0,0.0,-4.928095942023353e-05,0.00161026360374198,0.0046240036675567345,0.015983979966800663,-0.19097445740992006,-0.04334770107586386,-0.004508691416081972,-0.02764134598848787,-0.011278231325554819,-0.0020037517232413538
-0.029629687476742626,-0.0017314548194613155,-0.0002808167109989997,0.008387262453519726,0.0239348168356762,0.010796209611239711,0.002718778784819473,0.0033950252673001593,0.00024115695756708752,-0.0047683831901620954,-0.005098553290571999,0.00183603432232232,0.04577867846715798,0.0035329113668025303,0.0,0.009929294621082406,0.00014291163017183457,-0.006545866757359867
-0.06631675169796489,-0.008853824329387913,-0.0010290088519658697,-0.022681163946213084,0.024453306568958038,0.015040810138087295,-0.008425186559240043,-0.02293743110005859,0.006906548809713218,-0.0006246581191983296,0.012383630965108068,-0.004014062161614726,-0.0015682669892801032,0.004173085902343369,0.0004801751938121831,0.0028222915153159013,0.0028677479156778967,-0.0036911437040835493
-0.027703809292795405,-0.0015695354945649458,0.0016413269721274495,0.009842907925336888,0.0237013233937163,0.010362773398183926,0.005149818031293024,0.008308850130275998,-0.0008433601569285703,0.00030110686710554154,0.009583496522404087,0.0012092830607234244,0.029871377645170265,0.004138677877074774,-0.0006405196415848446,0.0023018967243716736,-0.005173748070037111,-0.0052988689121978155
-0.032181204012300374,-0.0025948155628405085,0.00228566459160321,0.006752312798470597,0.007724543385237773,0.005610815172782878,0.002213855006531085,-0.0012805128822659172,-0.0005479576657318765,0.0031322933634135544,-0.0025566381261875374,-0.004694014485698122,0.05517727210470796,0.004118905609068881,-0.004010905087566057,0.013640891524586073,-0.0002727025108919797,-0.010944527242948116
0.04396562133133259,0.004157965733413938,0.0018051818034269162,0.04372750526000213,0.014199236309412524,0.013546048072044467,0.0006177370615177904,-0.0018596574504171214,0.0009951856351512758,0.0,-0.010022448302800493,-0.015508079844552653,0.031552523595208576,0.0033232495105838507,-0.001365801676051387,-0.00281357462629879,-0.0005697890014685681,0.0048797877505746545
-0.04252134962581534,-0.006341456965076609,0.0,0.04513450115989499,0.038271686630429944,0.01584742353990984,0.004473185168553986,0.0008102076446476205,0.0011447063232096785,-0.0013633752495859233,0.008238399478639323,-0.0029078253543191597,0.022009745549374803,0.0031736280477981603,0.001433450016501792,0.012639954182248855,-0.00026707756475417035,-0.007303778828034471
0.013191785025189084,-0.001193552033347422,-0.006265068411292733,0.0172851211132666,0.000965440229374622,0.002758636099096219,0.0004598265412815688,0.005720364319712916,0.00011099177296125839,0.002382572026917171,-0.01099339648275299,-0.022565083921995677,-0.17038577752861286,-0.00992757570441718,0.0018214777811130878,-0.028811408188724356,-0.009784779865103996,-0.003030894172500187
0.04890936669222611,0.007939178213217993,0.0040346975187204644,0.0828908641846717,0.051458565582966145,0.014880205043322273,0.005649244387217903,0.005434535945879905,0.0054606820931853905,-0.001508619878383924,-0.002903083127021359,0.04045751891833078,0.00970754487836034,0.004433626198695403,0.0021604763204309636,0.003549627101214668,0.012675595803542784,0.02201909470070168
-0.047922532640259495,-0.0026195470279952978,-0.0008886830109192308,-0.003982910356294538,-0.011559299859746892,-0.011976576391268137,0.002915953771241378,0.0014153775793164626,0.00168678046225143,0.0016136298927954364,-0.0070031270510196395,0.0001878449064723338,0.019673145743391535,0.0036679471334132496,-0.00108029565944788,-0.002420078489668468,-0.008655919482038303,-0.005094726146233797
-0.09103435159198478,-0.01940597272762447,-0.023927402058827353,0.028360800041599108,0.006648425258414823,-0.01332744049968763,-0.011581178317058669,-0.021797174583823978,-0.005366673203796489,-0.0072866442720795135,0.012606114520478275,-0.0026553823472623794,-0.000486311842161107,0.003706562959865849,0.0013782681747355355,0.007465018062328104,-0.0008784818588301216,-0.006363856948743973
0.05503823129466597,0.006299917927009644,-9.037278475268205e-05,0.08532778400977124,0.055603587355055266,0.019275025611848347,0.005923621686910401,0.011048659182311158,0.004391483006525048,0.002871840036232559,0.007277529524436032,0.02235211039368763,0.012385092558639352,0.005696202409551776,0.003860826714944761,-0.003306401158768598,0.012526044693831043,0.01681357604980349
-0.0483571203335251,-0.01194197651567219,-0.005320982621266549,-0.048969182578560005,-0.0027960993494760018,0.008948350058438154,-0.006697000661668853,-0.006322547280093574,-0.0032392524022739305,-0.0043174826639163725,-0.0013581238630841633,-0.008618367330607207,-0.09311706130655513,-0.012053676060085604,0.005030043788754253,0.0023297530404845796,-0.0018822323290443002,0.0016130683380697064
0.039457783876432916,0.0038607387537618896,0.003301253416547748,0.06174709943003935,0.018451670832020747,0.016205930324709673,0.00416210580538786,0.0029669076225558822,0.0007284679964424562,0.008839791598797893,-0.00860670808098316,-0.009921559512810553,0.007576103400805604,0.005524640684347289,-0.0014233384720873398,0.001129665560100315,0.008041122899678973,0.00863715992345615
0.04641863569042979,0.004827432350090269,0.0010730716875107654,0.07066206780037851,0.03128349478916189,0.016735240107747493,0.003485664938417025,0.008400589454783164,0.003854496851508436,0.0030805607712297467,0.005907182221884961,-0.01125315943398994,0.021717561446961523,0.00534725179293582,-0.005975040494376577,0.0,0.009677639199093903,0.01254391572626809
-0.025762914645392335,0.0007181223454609617,0.0013533113467566738,0.04055066932324409,0.03365720275235047,0.013689662850970164,-0.0026362713138933336,0.0010263533431044897,-0.005139430494483487,0.010032651502677441,-0.009982314072179609,-0.004420600425708785,0.010485866163200895,0.008554384872351533,0.0006077366369852351,0.0,0.0010398639588954579,-0.0018680042569920452
0.04270583227160815,0.002047242881418855,0.0006082478641071728,-0.01064185303913119,0.010768400186182345,0.012011636594449511,0.00501141850994724,0.003942456363159437,-0.0006072447633416395,0.0025104533494292275,-0.0022729356558117207,-0.0044645121495983315,0.03178847127442692,0.004117439759377154,0.0005334242234914466,-0.0013298189146644084,-0.0061288567963725255,-0.006372709330424997
0.052557410807414384,0.006326609994909995,0.0008731959506238773,0.058492190480241166,0.00673634123081471,0.0046794644060519,0.003621948675227058,0.007331896109773237,0.0033170680109128733,0.007352617127715806,-0.00872328621009588,0.0186065695343243,0.03358285062458853,0.005039280566125093,-0.0017288809167540875,0.004347824959129819,0.009123555596378972,0.015675910562202494
0.06012093774928308,0.012418040167833464,0.004683710668438701,0.053057493116848535,0.009198252392636004,0.003741088591307016,0.004013378412059186,0.01102311305055139,0.009563160770024651,0.006155207799105175,-0.005562430476077768,0.02316076934267323,0.0400683899324178,0.004884530210036556,0.000825041164513236,0.003765864832273492,0.009040392029690486,0.01668704826624512
-0.03912290005102079,-0.00397871506405952,0.0006736621968909372,0.04622258028892041,0.04227912301694215,0.013700400581848373,-0.0018114881959583762,-0.0016890187553214027,-0.0021043773460500126,0.00605367370853081,0.005995786354595446,0.004121261831622735,0.03563912591187907,0.006007662685221475,0.0007324808119309028,0.012079124532236803,0.0024291806249583563,-0.0039789453157488
0.06235909245529415,0.005054918074647903,0.006330972393283659,0.057779636134630316,0.013659330705137241,0.007655758627537864,0.004784329955545568,0.009095635350804387,0.014080861917373016,0.010666988016155085,-0.004220808067095749,0.0068455406066019325,0.041994311805264216,0.00537499527072255,0.0025858410118140924,0.003138976292758539,0.011040247171514464,0.01392342251011125
-0.033250679577787955,-0.003442017085668381,-0.005053466725904828,0.025470632938961298,0.016650790568436005,0.00841476646022341,0.00670288826841457,-0.002736032929694387,-0.0017174432893614755,0.0,0.011222440184815845,0.0113169436568889,-0.11274952648002314,-0.019708886079363844,0.011296041032436874,0.00449580556647575,0.005351702003857436,0.018433098476582754
0.019001148018965946,-5.0221970112665844e-05,-0.0007543965927804962,0.03419713366520931,-0.0063474061062761015,-0.02175417985130771,0.0022331738940660857,-0.0032011824897321076,-0.0056723837903992795,0.0062435148642099965,-0.013850874611445435,-0.0410419574323134,0.02203232045351033,0.003129721645237025,8.482148977213669e-05,-0.0010961809048466214,-5.5750389023505914e-05,0.013735571376982593
-0.03920494983509572,-0.005771147121057622,-0.0020255111891949074,0.003603025630496203,-0.0016063378958570379,-0.0068237626075883925,-0.013249293445258582,-0.007382656408643132,-0.0009339990165739324,0.0008711350704507955,0.009309542874530377,-0.0011829992213590588,-0.12678266169580482,-0.02169663440630258,0.0038388802169895125,0.002090997526875353,0.0008375073418296805,0.00796452830225125
-0.04206143984504222,-0.004409172860608721,-0.00041058678173339585,0.03162492394771526,0.04089771439638224,0.021310246150343565,-0.001207398653998619,-0.008560414988128314,-0.0027091788181934653,-0.0015216684048867106,0.0022132916194576367,0.009884221670626834,-0.012742255121770765,0.00748022863460576,0.004780679130422159,0.0016311791163720743,-0.0019129538480799583,-0.008026424764964853
-0.06326509360853891,-0.012467719697933987,-0.0066701092754771945,-0.0005975381630717963,-0.002452081659125905,0.0013411001827833126,-0.019081307470948387,-0.014929940542312137,-0.0053963467974357015,0.0007821862606256172,-0.0026411714524569815,-0.00582512341560017,-0.1029774994910142,-0.01641354485316352,0.00527610185779246,-0.007395948617007792,-0.005508080792328004,-0.0066371672992694974
-0.0501779497454043,-0.0116717708837906,-0.005383506864971379,0.003850242076647075,0.002106039522661344,0.005042291230934428,0.0015786603177150751,-0.0022030550202028353,0.0005868337588016245,-0.0006129121480106986,0.005513495346484257,0.00403645347976576,0.033104168536487774,0.0012268833327815048,-0.004174306478789508,0.009933130610255069,0.0004964292437440652,-0.009296710866607279
0.033929474209634616,0.004387321300573898,0.0021875466107537833,0.030093736594726517,0.01766226660974835,0.010938817185618673,-0.0008325675278168063,0.0033963433715923854,0.0,0.008796057712770665,-0.005132080050603462,0.01220422522161792,0.02328514861148083,0.0032474714301622474,-0.0023067535872045857,-0.000893212729749557,0.003150781761399203,-0.002812243181378876
0.055157472260892314,0.006122347027852743,0.002009020310535324,0.026597257977528817,0.025747521766517442,0.013794148056282995,0.005413952278928884,0.008046588702581977,0.0042897430728392905,-0.004800134316632553,0.0036901655465901508,0.0007737588069347976,0.029601144424611314,0.0030272178072699306,0.00035754684935268035,-0.001655187635414851,0.005284124883978697,-0.006446994782830201
0.05192144274960181,0.007901664485912362,0.0,0.07238118800889791,0.015033731271595739,0.008249879245379472,0.0032576787129894873,0.00852908093246112,0.010964298007687114,0.002256230534557763,-0.00448095056126587,0.009598778987492366,0.01169798101740818,0.0044262808071195816,-0.003045984442540587,-0.014302090965045845,0.006450577186398253,0.009946882535669194
-0.04247983520940662,-0.005876499340108331,-0.008564130325754222,0.01871342138888919,0.013018545988228072,0.003949401916302762,-0.0016628818488861362,-0.011013022937060758,-0.007501110629757769,0.00243093429733902,-0.004184880958415899,-0.0005340880176075659,0.05041006895801708,0.0009757310234849914,-0.008651034718747504,0.014601776663820369,-0.0033657252927504363,-0.01968996776088148
0.07178086275686073,0.012518996427783927,0.012869207784341462,0.05743635321212126,0.010908395571153001,0.00305135146608946,0.004190742858547741,0.01145140812960289,0.014286684813208583,0.012514234107973352,-0.0058717680976627384,0.005315677596163252,0.0465640960123137,0.0067446789395855175,0.005217940780921084,0.0030784961784654265,0.010470305053159556,0.008837418359441795
-0.07003898798613563,-0.013261084049228261,-0.002807028293682103,-0.03288320660944667,-0.021829622630278638,-0.01789445626147169,-0.012947891514819738,-0.009275457608829115,0.0014511650553088082,-0.010590904498688509,-0.0003009623066337808,-0.011621044044442598,-0.12732400397377314,-0.025458213965654772,-0.0031000504084995654,0.0,-0.003480997826659056,-0.003125097544154687
0.049677497617830996,0.005625892509378527,0.0010761943133513134,0.029027429511005842,0.008311936004626392,0.0083008830437101,0.00271379280091343,0.00798169204033787,-0.0020964864870554037,-0.002118318926707069,0.0010542704843477168,-0.003459575354889778,0.03821645554365617,0.0031541207997248673,0.0,0.0,-0.005193720648715128,-0.003119344689207132
0.045456374521094495,0.005701806754281903,0.003391567650248768,0.07320741493168129,0.05053221307744881,0.013349765402027723,0.0046266911416506405,0.0047855682528893904,0.005112403003850717,0.0014014552633804982,0.006804689604544178,0.037792907566977424,0.010500151185464657,0.005648772629153841,0.0022493008462715096,0.004699602796256308,0.015450414996356807,0.025429714263579317
0.04392278437508645,0.002973765708346357,0.005266422698197992,0.032045723816563496,0.006644436340583768,-0.0015009248409936996,0.0019819964633993976,0.010426129051136723,0.006682410598624657,0.004949627221147373,-0.008858089606687639,-0.014791609078009355,-0.0027212293424537827,-0.0010554505154562698,-0.008660554447271377,-0.022063177506485242,0.002665970812482431,0.002222638929730472
-0.0399839563000106,-0.004991307591296524,-0.011633515539555026,-0.028039110890672233,-0.005096999931547746,-0.0013170442761600697,-0.014940497574314022,-0.009582464712233195,-0.001236301864108098,-0.003960138364451724,0.028504038392919876,-0.0013665774962018965,-0.0870037740083216,-0.006004420169027124,0.0011796388953087779,0.0,0.0020041722413020988,-0.0019223191769014436
-0.04752520946425685,-0.003401357067167653,-0.0010610858593327064,-0.06004109124320628,-0.11093175654784046,-0.031827326143185626,0.0009378342944259923,0.002483875014768666,-0.001815760816431192,-0.007438653097643981,0.00707389234598463,-0.0023401996141841565,0.02642979629460187,9.51235714986695e-05,-0.0037983551336282797,0.008496032736009207,0.001043943871443857,-0.00437003497230623
-0.046530592747732594,-0.004718863123017196,-0.002828672808805853,0.035830645866716575,0.02999105354458704,0.012563029363162337,-0.00199394100875913,-0.01447556010441151,-0.011189811217296758,-0.0019520569420527268,-0.00441477580454131,-0.012812360798265475,0.001960249489723891,0.004544772124144973,0.001468145043480508,0.0005591914974209502,-0.0028371573940778904,-0.0024588490151774035
-0.06623266967955344,-0.006836314996346741,-0.005825956900496597,-0.04453072990469813,0.008264517989235767,0.004082326752369655,-0.01453505569170374,-0.025449235329033558,0.0,-0.0020286477402393483,-0.003954184251462999,-0.0022399670867945683,0.008854211830719364,0.00035205367349569564,-0.0007136622379895433,0.009152184759897203,-0.0003570115853719153,-0.008392606837655775
-0.04141832873737314,-0.004878934424772525,-0.006963734546688075,0.04183117104516648,0.025111032904033215,0.006688840405226848,0.00012487728340243717,0.001756704391805215,-0.0009036909357790898,-0.00420916580127154,0.006483334027618519,0.012769256644398642,-0.02017379255732889,0.0026798016639082074,0.004825255603447774,-0.00543067016422451,-0.005906993103343859,-0.005828263743318225
-0.05475260721453699,-0.013224150725027209,-0.0032896787496159243,-0.0344338752976304,-0.012871738022775107,-0.011860371263692118,-0.010712709291838221,-0.015854785759804264,-0.0015761201721951896,-0.0011915603576428315,-0.0042216352788105385,0.005315245071546482,0.04882816589712617,0.0029414034541398962,-0.006271898021874528,0.01290979159704124,0.00029027572545047334,-0.008745726952848462
-0.02336923478757614,-0.002975256563678965,0.0,-0.05876103360730071,-0.020198278789285765,-0.007992741536436294,-0.0013347612089414788,-0.0066587344523526245,-0.0007598541869641979,0.006450689682157587,-0.006083402766448177,0.002420895234640041,-0.06995312906693311,-0.002144931626338777,-0.000803567740080906,0.001377483077979231,0.0,-0.0010168796366577526
0.05087661405591995,0.00559291893554044,-0.0026143894050235606,0.07770202059047757,0.02485345155175394,0.008660583691966626,0.00230180951986795,0.012849743315182231,0.005733788241741082,0.0014866957653056157,0.012475169530884973,0.026804861054173696,0.014621484980361255,0.006774436554231277,-8.804633230886883e-05,-0.0077102864850517325,0.00866484059871793,0.016135801961542795
0.03702191677880819,0.006053569464957542,0.002601295004362222,0.07283776688949177,0.03476313714419196,0.013683223532357597,0.00486266757262564,0.007309456927029587,0.0002980056745662771,-0.0023436145422013315,0.011915416608858653,0.02768006870162556,0.005285131884268454,0.004781796391714017,0.001824089452025012,0.005194252599717561,0.015013669587229099,0.023491964477850236
-0.04036581190372003,-0.004640784786175527,-0.003913115325975679,0.00838859694473721,0.009548099094401036,0.008763611538074763,0.002042887046022291,0.008309905107820408,0.002687146820803753,-0.0005550514341247473,0.009176988172828384,0.004593578445843942,0.02294489725852178,0.002297300729293712,-0.0014079172093101912,0.002115031571084794,-0.0023567580707907557,-0.005622024837216126
-0.03607820206700216,-0.006197643766428709,-0.0007382257752910999,0.04235703762198017,0.00715396891699953,0.0030112715720611565,0.002165761310357538,0.0047497613650093005,-0.0005056869958004145,-0.0011827759721891346,0.00673819974261012,-0.009275552061322856,-0.03877459483094013,-0.0061083133445686555,0.004523388843094202,-0.0009751694725096194,0.0036915458426918764,-0.005905203324246513
0.06916222911239557,0.0071986346774736065,0.015533118117759398,0.02289431118963144,-0.0043366000940252645,0.0012100879234970047,0.007156035621008327,0.011808660005912497,0.005502912910457274,0.0014792191682741812,0.014949084902756928,0.038812062656904615,0.028374354588876757,0.007372427052077519,0.0027840174655110943,-0.004568961586924106,0.013845945865610613,0.02651857684354242
-0.07187391910054962,-0.01364895640459495,-0.00593150210798924,0.021490495863154786,0.004013625010911939,-0.01047193212875825,-0.006999071375974251,-0.010660116243174011,0.0,-0.008200098045997712,0.0018081190464655308,-0.005368155685396002,-0.11971939137722473,-0.030713102409602275,0.0005588763579133442,-0.000881965520927744,-0.0017315331314193686,-0.002572346273350068
0.027291373895285635,0.0003141497320118171,0.0013665748127451836,0.053754026980041836,0.04067225506452075,0.005944285864223832,0.005195895989336434,0.003537444122122553,-0.012520189226857525,0.0010844094704085048,-0.0026622247124247155,-0.020640949848900067,-0.023358839560406575,-0.00290297376428286,0.004607020782387023,0.0,0.006145438982605489,0.012486233730298071
0.04697933488778993,0.00494629209786142,0.0016423554447557093,0.06329721160347744,0.0508840762143244,0.02329695144826971,0.005961730601321334,0.006015709936513394,0.004056897674894032,0.0011157046958320338,0.005812785768447327,0.036202953658563186,-0.1357937467531426,-0.019843313040293686,0.0020724700649825886,-0.01786632242671777,-0.011472587562705486,0.007420592654237043
-0.041517142090634195,-0.0036698313417718523,-0.0013851754789239758,0.009123530752721574,0.032521571542622266,0.013779520121887306,0.00084416662038633,-0.0015786971019567315,-0.0015604038856599006,0.0003317144389712229,0.00345200761277935,0.008035414862420353,0.03533970096843273,0.003132045305918674,0.00022749124241703541,0.01123299007194314,0.002521774820833678,-0.005448510927867259
0.027031951938137663,0.0023733033079433204,0.003733644383439283,0.05081787092731897,0.012978350621800104,0.00968459670023252,0.0036900353550230578,0.0038571287002924976,0.0021958721761004777,0.004636259405524731,-0.0024242925031043045,-0.0009870625977015793,0.030145651255025805,0.004087196971845373,0.0001335773557663733,-0.0036785578577824213,-0.009067965115175209,-0.006386653114058588
0.06904081664387107,0.00619267697793101,0.013772366765364873,0.005885948664519341,-0.0051443939695790235,-0.009154496588540766,0.00786048153926376,0.008078408471309069,0.0024279409341987973,0.0018066210861754856,0.0056749163786249624,0.01470484657573655,0.04714617430431825,0.005078550452364328,0.001212332714841449,-0.002794666259254185,-0.006380135704127202,-0.010000743532196432
-0.01956319852018054,-0.0018961192344225367,-0.0018556409446123592,-0.030084826527916102,0.01538652482189892,0.015643973472354,0.0006155474342768171,-0.006008929182887192,-0.0022208705267562465,-0.0015623730614685062,-0.0047717212284373155,-0.00480764656235305,-0.14540947027953932,-0.026673285357754258,-0.006086572614647282,-0.021101973344498808,-0.004252002117050478,-0.003895521189185902
0.044002311411072546,0.012756402716608894,0.01054816668205144,-0.09208224001823322,-0.03526832849481182,-0.01700264286418131,0.0071311711362018445,0.006599467958593855,0.001076473320017562,-0.002876797186843247,-0.002133404276604381,-0.0010500483577285736,0.07187258433164809,0.00963420513674834,0.0008613302986572661,0.013884960186651625,0.0005136208798205792,0.0005872868439048134
-0.040750815776091305,-0.005201168968233396,-0.002408222517275836,0.02662044072234675,-0.00021756606151323465,-0.012463164297299982,0.0015785817444408437,0.0007661014832826901,0.003960704018624637,-0.001118467998987813,0.008260022864083125,0.0011649191324799523,-0.11697687256481899,-0.02331467442851028,0.014136727904947568,0.004172107705464344,0.004533681560762698,0.016876883424875422
0.03312312359747348,0.004433015945889828,-0.0012496880101044625,-0.07322173277804246,-0.006225857312411498,-0.009500461768982053,0.005513496947427428,0.00469932861832583,-0.0003323710802860236,-0.00024121561033965273,-0.0025439813012263315,-0.006860429186732594,0.05326602720775034,0.00906098502406242,0.0008547885521129506,-0.0018360976850785372,-0.004480101562019355,-0.0015561868518870862
-0.06528766229690912,-0.008714251441131346,-0.001499638259777778,-0.025615565339776943,-0.011601981032814093,-0.008379491648258503,-0.004462917313295617,-0.0003081072258216172,-0.001457699265002199,0.0007009440711435198,0.0084995795218717,-0.0013191161177217264,-0.01298914185894741,0.0004900895056862777,0.0011959212255045486,0.0015106506683710158,-0.0008339916169270659,-0.005962675661366962
-0.04138435007848802,-0.006350433963027967,-0.0036624507715065737,0.04588356971610194,0.029977094243142977,-0.005213064612128256,-0.005812593585825323,-0.009510359760184378,-0.007877744507267768,0.008988583869974953,-0.007025577623637791,-0.002531473252391278,0.03701342388041605,0.003041694926341359,0.00021887159466170875,0.01278498302893658,0.002356511757572117,-0.00417362628983458
-0.032064142587058454,-0.002250518682128061,-0.0021784272484115033,0.04845403127961278,0.033870818806979494,0.009600449972767726,0.0011743926747136376,0.0035385361628659695,-0.0019762360995126686,-1.610668074837103e-05,0.0030571896851008047,0.007956710227085304,0.04036430974460693,0.004491519103370704,0.0009209596728164127,0.010572604426009076,-0.005805631707624034,-0.005376640436708505
0.06785784597150143,0.012515765677150546,0.005280060725465568,0.06681535120154355,0.004561315171662485,0.0,0.004775903081647645,0.011889438418385032,0.011279803424269397,0.0015895144466246127,0.008208972252366142,0.034757674698591,0.03796864758242592,0.00577198029415064,-0.00015095654154939278,-0.006607094096521322,0.011324424182420353,0.015070249160520077
0.02102296017907541,-0.0002627554767844311,-0.003266597015903714,0.014299777922808581,-0.005475051805455059,-0.004948965942628628,0.0022872969711825106,-0.0008284597666894945,0.0,-0.0007318451156386219,0.0034882699425329133,0.002052918944229972,-0.18210309607485334,-0.022850496821816575,0.0036771679493247176,-0.029257913565774916,-0.004043433698437271,-0.0003003693075072922
0.02783927369500827,0.002069872965150176,-0.00035387362103553365,0.0003601616147545394,0.01470377096321817,0.01712549361257254,0.002021476911940224,0.0019170968141646505,0.0005691045833813254,-0.004413521492219487,-0.010998530119301839,-0.013225020229876682,-0.01736976360264495,-0.0010327276636184365,-0.0038187509275280328,-0.00015915718240391014,0.005094371377756179,0.012973922086800194
0.03373493525426207,0.012797654951343714,0.006758571231101734,-0.0705580825850737,-0.004379375436946772,-0.009865475431544268,0.0041595335299787,0.006446902254567261,0.002225398139283917,-0.0004034677686603015,-0.003309640323607745,-0.0020096926509537774,0.07608513262710337,0.009209708371567744,0.0012066807193573386,0.01454717741824979,0.0,-0.005183372211893633
0.031611199161056834,0.000417595371457582,0.0,-0.12914124034541263,-0.08714175773168281,-0.02304469216237103,0.001405594342528619,0.0019910680032562515,0.0,-0.0006720690895700284,-0.001992208558110272,0.0,0.0231052697101064,0.0029575193776277212,0.0,0.0008551523922467602,-0.0026288223253514253,-0.0012794529055862591
0.05012716156035599,0.004472428912231253,0.002565347743382365,0.06172385187378873,0.03364025777137134,0.015472838694168661,0.004192081866471001,0.006419466553163971,0.0042370907546099255,0.0017113587253189157,0.004755484416414795,0.003679832608752716,0.02413052523667507,0.003960744636333745,0.0014465343065130217,-0.0042663126749288,-0.006779055994518259,-0.010588843989395913
-0.03972101645379112,-0.003531260169087975,-0.0029886987943008436,0.01442941724885842,0.019391936377414966,0.009290541620269105,0.001258075409858578,0.0034746046811357486,-0.0002661321380833396,0.0008442616685599203,0.0032702895529172376,0.006223082900753228,0.03701152595044402,0.0029240825573761398,-0.0014143962946090401,0.009595951946050736,-0.0017307122766727673,-0.009217738877314606
-0.032050395969198564,-0.0032761063219403606,0.0019544559657116664,0.04428243467845231,0.04366796221259295,0.022275723130431465,0.0024034889931340273,0.003092900603423958,-0.0027606506862285236,-0.0018929434040748495,0.0048146771374203215,0.007923973004614544,0.046044380400429845,0.004969239993662151,0.0001838326131811169,0.010677786404354569,0.002368890975617717,-0.007588668680495569
0.053777095846737365,0.006469517391328042,0.01070055715541857,-0.08036167833624885,-0.07462070481621631,-0.016507059599198452,0.009306603804759653,0.009598567548712763,0.0008251442153098755,-0.0011570344011629457,0.0056841015241617795,-0.0037256558553990095,0.03340545122161054,0.005642136721187131,-0.0018183754979129798,-0.00010312645274842615,-0.006974726648482813,-0.00645828305556799
-0.06852438757578817,-0.013820017350402664,-0.0024162680996187586,0.029225305802400847,0.037443629230500035,0.017155849728584603,-0.003248530849113113,-0.020681831551825413,0.00244986940786819,-0.0037108394299542784,0.009090662543813263,0.0009566561624165666,-0.01265361949415041,-0.0009218012305896198,0.003925257334098634,-0.006286649142833552,-0.004858534358397462,-0.006572151792330186
-0.05776568980085966,-0.007044223177071116,-0.002087399478066659,-0.053277819743746194,-0.05934868255748765,-0.02034206016190262,-0.008782017476005849,-0.012586515602811436,0.0,-0.004343898945662502,-0.0013512442808276458,0.009947052733588169,0.028018461119316385,0.000764346918723111,0.000661560368272898,0.013698477471850058,0.0034458162865964085,-0.006837505666491911
0.01775696157919024,-0.0010187853862369685,0.0007414979286413733,0.04318612042116228,0.014105659820330721,0.008605796380240128,0.0019163233142973953,0.004265996236758913,0.00195623519834797,-0.0023039985267372127,0.007766649180113764,0.01020706806767831,0.02715506301968247,0.003216454584294184,-0.0006283674091080002,-0.0034997770562611445,-0.0081678862567649,-0.010922681464715006
0.04746616010883064,0.004607454317112317,0.0,0.08838612459171638,0.05359611043440668,0.017786916269713765,0.0030927873810162017,0.008398562967759765,0.007544169562979831,-0.003427275023193383,-0.007785917221173315,-0.006898232476452004,0.01503398425414708,0.003976188935071163,0.002151086416947317,-0.006133258903071601,0.007381800690899146,0.009048897768675096
-0.03380689167884328,-0.0033685754847634928,0.002235103894013569,-0.06639161789277284,-0.04293930355214017,-0.015587131786723836,-0.0006966649259215003,-0.0008419991284945122,-0.0004793275753415218,0.009435914952638862,-0.001853243090195309,0.0013528425713169004,0.037412279379800385,0.0016326031046889368,-0.002259052223408641,0.015890194528750637,0.0026670576003968516,-0.004061175216747398
0.06030979067594448,0.005991463083957855,0.002636321929903025,0.06541251992724668,0.004375024858888442,-0.0023588700395397117,0.004497302293627858,0.009450103686253111,0.013002790487695832,0.0032858921912459513,-0.003987025826751877,0.026552268647349622,0.04060268139515781,0.005739210122939895,-0.00010221016870225393,0.0024205888621454254,0.009492053555665105,0.013356381353059221
-0.029199159331631995,-0.001990489527603036,0.0009472891189184092,0.007396470769249566,0.002298662061574377,-0.00011840649251946811,0.003245106868748513,-0.001800085379252663,-0.0036822685477854067,0.0007538976935437399,-0.008572233248903908,-0.006243489084951574,-0.1680326341720243,-0.03823809287187724,-0.007190271026903508,-0.02753327155125721,-0.006796939729410978,-0.00036516601981911867
0.07001550697708023,0.0145360675000125,0.01436412334418034,-0.0029781144265026674,-0.002448491968557183,-0.0071161844150522185,0.00902967730806032,0.006982325760314052,0.002556848797970091,-0.003016730345221778,0.007291445459522064,0.014440696052093544,0.04590993795546079,0.00415344956138788,0.000619086565091093,0.0009952126299878105,0.003970141216296446,-0.008672939034149812
0.08168440873207923,0.012974715886741187,0.019002525832922796,0.03086052888173573,0.0014373974643162497,0.0018107376799206259,0.010055269898692945,0.008813531953532232,0.004900361575720494,0.0021562280894881934,0.016162344274518983,0.03439283573991579,0.04282389266322065,0.008455830888705098,0.003370197812739235,-0.006125222701220502,0.012615195548211982,0.018057569555602004
0.04927650610725976,0.005691794962771641,0.0018054426329566758,0.06873607256939293,0.04685968838759638,0.017996460012643874,0.003015949821552578,0.006544281280836802,0.003052664519499312,-0.0022558669946731785,0.0,0.02407131383942714,0.011094768553114198,0.003777732132995186,0.0,0.0053379455610242,0.013230283919772025,0.021318736189990306
0.03911590339001196,0.004303626830504911,0.0017223816408650338,0.07706751648133463,0.019138011658105813,0.010698217503003512,0.005391131419534331,0.005790722201277949,0.0023644647774088904,0.002655247637408381,-0.007790009726703578,0.01788765365865035,-0.031217107428412286,0.0019640638869239647,0.005452399820519074,-0.012661962742567623,0.003921449351839427,0.011719203570793701
0.03127607368550718,0.001758725722691423,0.0,0.041990375642883694,-0.00923440187351396,-0.013762949199420524,0.0033423049277404916,0.0007281055840857434,0.0008492469980081227,0.0038628911210037867,-0.014545514368352356,-0.018467059164354423,-0.04757278155607691,-0.0037522060342206347,0.0034099619392445354,-0.013171261960373735,0.002072336928584874,0.002111640477445522
0.03059005377960231,0.0009397237560351777,0.0036423646432717765,0.07135554994590824,0.04980796979919674,0.02005914083235925,0.0049734256388977195,0.0063507247203395895,-0.002757888137978191,0.0006118385037983805,0.011496447345722473,-0.012236324929729835,-0.0031001168061942173,0.004536732718823112,0.006358344352516828,0.0017188489336843536,0.006580373885490676,0.01672122350202962
0.05648696282713622,0.007184274765119645,0.0024941269542478398,0.008034598082049297,-0.004838483837417607,-0.004910501490602159,0.00425362865607139,0.007621367139076524,0.006169262923712285,0.009001824424706617,-0.002453572925292888,0.01030184453374954,0.04389842108774295,0.003874381628185853,-0.0006302276919619322,-0.0012111310173404666,-0.0033276013239377194,-0.004058942228580054
-0.05851919825639564,-0.012783929659210137,-0.002484282915140759,0.005536632421306898,-0.0040567264143736214,-0.005997220762982809,-0.002903426877061521,-0.012315391419084177,-0.001607370865789963,0.0009035399572943185,0.007597403244254793,-0.0034366522871875026,0.041894238973970294,0.0025531135093861115,-0.009139661794799,0.009767727053718835,-0.0021916414282259367,-0.015791142823027668
0.05157772885301254,0.0055461744493251084,0.00042339504738594404,0.0911961300370988,0.055793766546268275,0.016739792805884987,0.004507695230339764,0.009876221072482962,0.005375574117459384,0.0030961077862540973,0.006511622574592018,0.03619590141000403,0.003927170983362454,0.0046637658202336885,0.007057078387209315,-0.007993102133420804,0.014356716321936875,0.016021982540729784
-0.04666927245955561,-0.007090966844215366,-0.004607835531382839,0.03202394323033186,0.008930760920749412,0.003943736166613539,-0.0016564432942064967,-0.017281399327577555,-0.005769425655147225,0.00024855777255368384,-0.0041324604313439615,-0.0005847561588237395,0.03944008168801381,0.004580910348674666,-0.0029034553142157646,0.013216224930258948,0.0018004349443594928,-0.005601136947837884
-0.07369894840152229,-0.015072680960864974,-0.01339761804218204,-0.010804157144945871,0.022488158740185428,0.02069554170338345,-0.016614387534979624,-0.014976616343600807,0.003514853521567121,-0.007012810134181513,0.0,0.006851341187767959,-0.07727937867564655,-0.009858440834449818,0.005166397083582131,-0.005201326987498124,-0.0020059293983641273,-0.007500865451329969
0.05161176232395106,0.006205215131593929,0.0007445603573595738,0.0641026712768788,0.02481977265656478,0.007127083317246762,0.0027478786052343046,0.006321930690859758,0.00379744756799038,0.008376117594034577,-0.008028102342467558,0.01993069697048383,0.02568727474047055,0.00350751478558508,-0.0013792086749155848,0.002682683742376681,0.010699244970468693,0.014761188566493832
0.03613707936622876,0.004202455382367538,9.399842261668547e-05,-0.026100677491717444,0.0026840894759716976,0.007741335397291782,0.003257907466952791,0.005511319007486073,-0.0007197642123110995,0.002190636656664818,-0.005813685515217565,-0.0025067761116301067,0.06594302597083364,0.006757594817055865,0.0014447688451653686,0.011879162436617414,-0.001882312743590111,-0.009078699721367336
-0.02841331647413751,-0.0017822076276553093,0.0008554546475650969,0.04105902700508348,0.03410412059821792,0.01286413079308819,0.0028997738118824766,0.006617127820068651,-0.00026186583168829887,-0.0018276980848131895,0.003901359731550577,-0.004943158264192144,0.03855113748196009,0.0056564340368552525,-0.0005449228593151356,0.012690510613742177,0.0015317625568670547,-0.009868573113772636
-0.040099330268655066,-0.0020443938790652098,0.0014333374087477796,0.024055241539766715,-0.0016314058907713697,-0.013789654545050555,0.002648560124259508,0.0013322483928430082,0.0017291027508813922,-0.0038398629409982553,-0.004692881178556328,0.002360741155358307,0.044302891364093544,0.00179472121243642,-0.0029777150856031623,0.011778490847994864,0.002361630041473315,-0.0039448529445168315
0.04273372868975625,0.0043133823226271534,0.003748058197387941,0.05071629081229456,0.0281715122018999,-0.002081773454601134,0.00271117164241793,0.0034049842881142688,-0.00038767146902929784,0.0034096923814967285,-0.0020521613768931276,-0.0059189418735655745,0.025282344179348062,0.0038126188889443225,-0.0034786636475039614,-0.0035874756666483014,-0.0016059941306870733,-0.003599383757122876
0.03518463106554865,0.003064559116563626,-0.0022428950146392112,0.005896663132159064,0.014606525400643113,0.01168581109374323,0.0011019280639506216,0.004916531921996629,0.0002254049271474187,0.006222826890197665,-0.00835331219128271,0.027797967470420796,-0.011231019673686959,0.0004841330454151913,0.0004367848286095419,-0.012580635167951257,0.0028089437231825975,0.0028918295941642025
-0.03445894171622542,-0.005005952078579047,-0.003315033433539625,-0.028334079472174308,0.024249272942446404,0.010814320644723064,0.0029122405502052104,0.0007093151680206192,-0.003546972142968586,0.00023557412581384733,-0.007865432296586376,-0.0020244919032013633,0.021659624358692807,0.00448409951842608,-0.00034646785349081225,-0.003277125190022147,-0.0056282728526895745,-0.003951703016020956
0.04723625633206269,0.003609722865715565,0.0,0.04324120877947757,0.03300637401109078,0.017732416381548224,0.0040003294119717306,0.007902390790422674,0.0018519412551103987,0.002085314078424871,0.007467978603412568,0.02453856323682044,0.0005704844847826151,0.0025453216854232144,0.0011500516963063939,0.0,0.007385671514201442,0.009093347468382335
-0.030720469798597005,-0.0035619800915138423,0.0010112368586904172,0.009754621645815136,0.025383217915361043,0.012899000304599484,0.0033496732195094055,0.001301795114978722,-0.005509530343860045,-0.0024315880115997014,-0.010006915027759246,-0.003715724247210217,0.021697954681273418,0.003089710957071241,0.0006451828400611313,-0.00016989610513053392,-0.007875381774196253,-0.004250576501111623
0.02545307219212512,0.0015374655292055238,0.001566926692859489,-0.03392189944579147,0.01058689447420636,0.013645538475737181,0.0033104758136203267,0.001974308359415906,0.0008997124509127903,0.0028547286586949484,-0.0050241806691548405,-0.004037875070244915,0.030896861483463222,0.003112776923437887,-0.001949401231240163,-0.003619892186850759,-0.0075169224386917284,-0.006323387442943834
-0.03795613737467634,-0.002889205700041532,-0.0028325367431453917,0.02202094102540385,0.025233028034412016,0.011975286346021689,0.0022444685786720537,-0.00024235569276391243,-0.0027715438424176916,-0.0027780841251009536,0.014445204895152872,0.002668367444750649,0.021520225079429894,0.0040504419849807065,0.0024595179201349453,0.004572425036173432,-0.002906699847286221,-0.005723220491843463
-0.02317120555135682,-0.003825798020708785,-0.0003707697608267651,-0.04902999346080318,-0.005858659252181294,0.01320163155033473,-0.000986810257696867,-0.009609708948961702,-0.0033258291379217237,-0.0018212095096135114,-0.005159431986118871,-0.001334601060157807,-0.0886231822115578,-0.0012619441779514711,0.002968637839687588,0.00018021360957403055,-0.0022102881810223533,-0.00027072795414379014
0.057872927617799684,0.0071869875883340244,0.0004212658116138959,0.06458927385179285,0.04072874147757892,0.015532418350345363,0.005334582541472876,0.009989779183421733,0.008668029541373955,0.007201150189969533,-0.006103273366857384,0.028824989273474683,0.030738040627489176,0.0028203613523825554,0.0,0.0051392561360990765,0.009750621033986202,0.016424836955829858
0.05573927477488395,0.012751728645057737,0.010903434592187872,-0.0694926122935422,-0.03804831376242321,-0.024826671289225402,0.008129714395899462,0.008622503309591715,-9.447621059368926e-05,-0.004424572050138416,0.004116300590051824,-0.004454200600629572,0.0482011965750811,-0.00012189397724981442,-0.0011784102758619856,-0.001462260860945158,-0.0014807082021755908,-0.004533464519489171
-0.03569247211457701,-0.001422934344408788,-0.0003666380251189457,0.03536024340331642,0.03649646497109784,0.016978952455025922,-0.0005257058115933226,-2.0448553761956972e-05,-0.0047389272916105955,0.0017161277106778334,0.00447160900679565,0.012559037801791165,0.01101725930671014,0.00606846529636669,-0.0023267693311686344,0.0006608335539424086,-0.0038266444153988123,-0.0067030776378158435
-0.02412638447939755,0.0,0.00022668339789963103,0.0007896982970565564,0.00828303692831139,0.007146942800486261,-0.000363441699402903,0.0023230213535749395,-0.004247427243765903,0.004254763714841282,-0.006297004649038175,-0.0065344728442600815,0.047732782691094613,0.002847263470350662,-0.0005840090689394044,0.00990168105099185,0.0029786236420586577,-0.005316670640568434
-0.008323923044745652,0.0007515988755421514,0.00044421901569722833,-0.04812508742258616,-0.009287686913829092,-0.005148497104929944,0.00478090167729888,0.0028999855680968984,-0.0009079989372847018,-0.007323345348559205,0.006337930565794107,0.005642660789669927,-0.12642930870969277,-0.01991373759362979,0.00620677306245203,-0.02467457773957586,-0.0017826488732949556,0.0010430671141396786
0.008053674224403935,-0.0016991246832211726,-0.007491739421812901,-0.11238336675132211,-0.09868186330948496,-0.030561109968500515,0.0,0.0032387134596795772,-0.0013022452361638654,0.005374690178450011,-0.0010836986078285361,0.0,0.06185891212088614,0.004330322832503004,0.0007868535246908501,0.013309127459576214,0.0027857533079557206,-0.00519730785956099
-0.014874137179875088,-0.0008223036864343288,-0.0016394863968257776,-0.052079035084481674,-0.00863415570373632,-0.0032058524121128013,0.001551616801389001,0.0013495313277486073,-0.0003366569246342232,-0.001550948848416309,0.009619494198327383,-0.0043279572104976795,-0.15321031380182562,-0.03276234612951569,-0.004060635524610796,-0.030618746392449124,-0.006335603227562883,-0.0035208744534341863
0.0,-0.0024288661567018386,-0.010955026594446688,-0.09346957511721606,-0.03660942559877238,-0.012977927475751027,0.0,0.0,-0.0008911873344428247,-0.00016311566345748025,-0.010392760883046021,-0.011253099237794736,-0.14071909886861098,-0.013547904171846075,-9.729241326465794e-05,-0.03201847324762044,-0.0074814585689228635,-0.009518934513095878
-0.1034337916930681,-0.022656849498048696,-0.023301854891690007,0.0039230998816062665,0.018241453807347017,0.011587341003420603,-0.0103502152938701,-0.02583950849561407,0.0012796054041422722,-0.008120142893980647,0.007869667130262718,-0.0016211572069787358,0.009341422536786484,0.0016135839484794105,0.00047026254351755517,0.0034608954165814645,-0.0018293928964674398,-0.013383884692464931
-0.017650638868292608,-0.003488355318251842,0.0028563974102677127,-0.08242658513279352,-0.02230247807224388,-0.00510816842975229,-0.005333968012629164,0.0031638231503920296,-0.0027487838367509015,0.001954398030982246,-0.007195636421640663,-0.0006269739234928516,-0.021805968146133538,0.002547482129514522,-0.0018225965402212886,-0.0022523748495116894,-0.007044617385056455,-0.003048539672942635
0.03903760141012102,0.0013822048135539954,0.0016829970400746767,0.003286272582873476,0.014564975346876634,0.01258132644641482,0.0036768950971051385,0.003128198738228226,0.0006392270902142553,0.007402534490988713,-0.004339095007543693,-0.005238569488913964,0.03403219305669236,0.002818770161405825,0.00019854005302759995,-0.0003910338220014253,-0.004268534662543373,-0.005104004853769467
-0.02836136312137395,-0.001932909134788876,0.001573718924469931,-0.03671597388535389,-0.0023107970553544505,0.0038034184745991684,-0.016539977820028477,-0.010215853239052051,-0.004384140345335089,-0.0009427244101657626,0.011579537223015943,0.0009838381871574218,0.04736188950231201,0.00029161373689202714,-0.0015581831680310967,0.016809533858563,0.0010418086528850316,-0.0035050212370499566
-0.07934406353106066,-0.015395805481048951,-0.0053974455137830125,-0.038376224182142225,0.014328263957255474,0.01856607180519556,-0.012992987292670417,-0.020499438335457424,0.0004372735721731589,-0.002679308008113286,0.002388506629814415,0.000817790169682943,0.02810899108092422,0.0009162321686100015,-0.0038166395385401176,0.009249238614342221,0.00015552020428372947,-0.014215468323921704
0.045212775356861926,0.0035764420160987235,0.0019495956566100805,0.021185800460349548,0.01500126017406514,0.009602650079531021,0.0029745804464205283,0.003908348195903379,-0.0014499312802986563,0.006429935686181064,-0.003702365641414207,0.00831974824189167,0.029356983091853455,0.002643265717300104,-0.0014314098168804077,-0.002338240973471496,-0.003935410783690626,-0.0004660129971210403
-0.026203079578180855,-0.0009709021228244255,-0.0016048319648352854,0.04296129436688443,0.03266587191459726,0.012776903949369159,0.0027381491843470086,0.002875218149506803,-0.0008671683314353534,-0.0007741011451327546,0.005855204027936863,-0.004690317178858969,0.015039699019740555,0.007512591922038577,-8.386608771593709e-05,0.0007277145477684149,-0.002775906166249688,-0.007862641002426063
-0.03445001207480151,-0.004657247505921669,0.004634816764753465,-0.054679695886861314,-0.012455802917637291,0.0006232628853790808,-0.0009969457979958436,0.0007459139561501608,0.0008567804854274298,-0.0010702081272762432,0.0056889624628019666,0.0031183403505033185,0.017723306368732563,0.0035519438096432406,-0.0028890074010900425,-0.002717426961114366,-0.0015738220579728092,-0.006437404829645388
0.05902946566456818,0.01725764785436106,0.011331446919524188,0.017475912563624938,0.00512597845940851,0.003598762276694474,0.002560520370876079,0.005708854759999107,0.0021806995848698643,0.005415577378900842,0.0022415657958872945,-0.00377227367624122,0.05867493082974821,0.007662607997887996,-0.0001239158796256782,-0.00016668345218223622,-0.005327415999240902,-0.004026274396793927
-0.02950506438266178,-0.0037179285447039327,0.002252869473181639,-0.05913176815560556,-0.0124808217604425,-0.008549241806769633,-0.0023546078488212354,0.0006950021421277559,0.0,-0.0015452394723385607,-0.0050476411988637235,-0.0007328561313876616,0.03362283103649855,0.0029491985454573886,-0.0029105235798257078,0.014989947815423418,0.0035126274824568014,-0.0030760667467369662
-0.012679794738212834,0.004410571323238693,0.0011081374208461547,-0.0670941834285356,-0.009051463505821852,0.001646538290923513,0.0015059511692037217,0.0031978790941485703,0.0011404063054685604,0.0013077194837838764,-0.0032448497385210327,0.001660897036180677,0.04848565716070264,0.006351612631856584,-0.0008118334965024191,0.014875915293670374,0.007876081054788268,-0.0014348891726841655
-0.03411206176972308,-0.004231105635540008,-0.0025638889422834425,0.042890440197259835,0.04039941228430598,0.018438561459007692,0.003383930765872184,0.003503764996372419,0.0014244763743262734,-0.0015336099866285404,0.004299263470266079,-0.003184411654391022,0.017203041188116046,0.005111708300042517,0.0023303057453599105,-0.002565211092029748,-0.006087011278154719,-0.011812853399303033
-0.023851726214074602,0.0,0.005852341044789933,0.0473873525886942,0.03991734426643651,0.014433441646022872,0.005959234809440368,0.0037773328510028966,0.0,-0.0007869740824010099,0.015543214763821114,0.013780334202892701,-0.02906082981705753,0.0034787592163093117,0.006078729809331723,0.001478499582600658,0.0070278283195125135,0.01957899179966824
-0.05089513351845014,-0.005789110473835309,-0.009244461231861147,-0.003883126088564589,0.017762153923465092,0.008525596230965025,0.003401451792129675,-0.016955203549984067,-0.0014725354707441727,-0.0003206477950859466,-0.010466321957092826,-0.008581334544180632,0.01453340401683686,0.0014450612182819794,-0.00041844499792486386,-0.00394446171937703,-0.00837813349380451,-0.00554299325589612
-0.010046461140012798,0.0013254614797908444,0.0052409229325494746,-0.038980785145807356,0.017047304420750968,0.01941872106373694,0.004208193906093274,0.006046941134108697,0.0,0.0,0.011435821722170827,0.005169337248602626,-0.0013121000091239011,0.002850002689818849,0.002671066818298512,-0.0019666617629526964,-0.0022043274707910583,-0.005425202004005928
-0.10670823552008288,-0.01939975675671851,-0.02414832671103967,0.012486785660788625,0.013457969854492944,0.01534290401009491,-0.022180272184568077,-0.03621526469240645,-0.009185544856390811,0.0050313204749877225,-0.0029112222118916446,0.0010045133285717972,0.02594691319348111,0.002275875780186855,-0.004669724864169224,0.004707289582554036,-0.004333777279295719,-0.01853561453381819
0.02474541798241038,-0.0025305620010065482,0.0,0.05542022752268557,0.031201771064538135,0.005475171048452413,0.001830739797929743,0.005956979170692532,0.0003418411013148108,0.0009988869427819916,0.003078277368570242,0.013538919386784873,0.01780191194651466,0.002899987320317591,-0.0008890829443347237,-0.005538166273785331,-0.008875541610308669,-0.012708209394671266
-0.06298719447455858,-0.010550582033652459,-0.0035949115252596484,-0.059985634122007456,-0.049946190416132345,-0.01862057482352425,0.0,-0.00960010324754439,0.0010051734874548957,-0.008011989508730482,0.0009990442745545182,0.003796337412992375,0.04593972999312037,0.004508819270880598,-0.006182256244628047,0.015528983134792174,-0.0012058255822113976,-0.009905027175140496
-0.07079340430600202,-0.006308660145562005,-0.004499866493175631,-0.0019177587088864028,-0.006539217403093742,-0.012923711623253576,-0.019332823777860848,-0.019418478789622207,-0.001174044676282678,-0.0010642297326045075,0.01183068414032342,0.0009610416356803602,0.01789698419014149,0.0027127143473365026,-0.0012219960816477696,0.008697950847594055,-0.0008200242511745932,-0.0037285362433672337
-0.03512917364731353,-0.0033996138812298713,-0.006459737543017263,0.036204741746616885,0.030756930564897214,0.013169168088611965,0.00019628441441270076,-0.004392464200197312,-0.002496102532224366,-0.0004022250627311117,-0.006942723499750982,0.019546753845160105,-0.039145604570510174,0.0012391609434060874,0.004652904123732768,-0.0014108704184363217,0.0069525421422100145,0.011920792934214
-0.06499842859870696,-0.01226646580796717,-0.0070889352829724625,-0.026606697933500154,-0.031066024301870065,-0.0193320823131796,-0.017201041110279033,-0.014147806847142789,0.0,-0.008785265540541008,0.006024597192649272,0.0,-0.0881010725970197,-0.012246395056213846,-0.0019047225280444102,0.007259942910071939,0.0006111130077548768,-0.0031080892894762013
0.0466964331860067,0.0014943755431090211,0.0020882325500677715,0.03414681188552628,0.02586991367516296,0.014243292588111512,0.0010307040932874163,0.00017381791649387043,-0.0032350394627192513,-0.0011075426612525635,0.02577054526384477,-0.012454128717894183,0.017210220333649127,0.003939365044348059,-0.0003794517894311216,0.0035844536662699273,0.00907597468936719,0.017825898011019387
0.011083596518918095,-0.003691821685735133,0.00011234997798456934,0.048354222822120665,0.03396916075855307,0.00816152309137897,0.004148960658764697,0.005283946076315299,0.004061175993767479,-0.0027927139859659266,0.007532865940827323,0.02182158309082024,0.020739541656564008,0.0026113692525707925,0.00024638443994808734,-0.0057400875473630425,-0.011882551912476506,-0.012229223568462039
-0.07513929197562613,-0.01586756531806985,-0.01263053385554528,-0.007170372445443313,0.0006549359681615076,-0.0003862535723234956,-0.011640025947768239,-0.018242662924458655,0.0054846310799746304,-0.007120064642111636,0.006576397771853413,0.005894196996768585,-0.043608940302143843,0.0,0.004262611039394598,0.0057072147150553695,0.0028684149798748498,-0.003417243348432686
-0.03854222126432005,-0.0049194235898638305,0.0,0.0,-0.007247625801267186,-0.004494624997045706,-0.012245456520872998,-0.007117795914302085,-0.0028025962290489075,0.0023012967487379536,-0.004011714697178547,-0.00462564270227423,-0.11798021120067179,-0.015228320947999231,0.0008410839602401856,-0.00047599828697948086,0.0,-0.002730414458714109
0.03230365922626498,-0.0014153536803378287,0.001619557589139738,0.07468908656933111,0.062260030364694616,0.019022942517792244,0.007140169891706041,0.008471985328938935,0.0041512766668593635,0.0012562861101729809,0.01445179786813613,0.03373174416078245,-0.012953019086106642,0.00043360754685433994,0.00726669105120612,0.008155036698501565,0.016269570058975592,0.024181291501581437
-0.04945898774975728,-0.008755372787691125,0.0,-0.03265699437826786,0.02443363445047947,0.021617806940950612,-0.013709351039734086,-0.01795910938115278,-0.0009472476496515145,0.004245187090313953,-0.0062773472519993614,0.0004444168696090843,0.034510567172440505,0.0016176965008588352,-0.0012781271781762203,0.008840452192191515,0.0026946123292266224,-0.003804655531627156
0.05107256582114644,0.0061191797246750975,0.0008866081608487856,0.08648257065319635,0.05737064036170423,0.017792044270887927,0.005907377676773995,0.008873936829393012,0.004921573541058378,0.004465677961822557,-0.004763245069411228,0.04419452504253366,-0.003663044242408737,0.005706195364330795,0.007469637218560912,-0.005390777600368756,0.010234274424886529,0.015564998302332822
0.04471654851092143,0.01529568738682386,0.009923702261929658,-0.053084457652077234,-0.0033492367814467925,-0.009829091731489036,0.00779255521155189,0.010745522816810106,0.0031059205332094365,0.004892497280379789,-0.005800769666546709,-0.0015013783722534766,0.07955681121549177,0.006061274581131654,0.0015596674311014716,0.012775857636963154,0.00363784669970193,1.9974177309090013e-05
0.050281343557863546,0.004705876607890951,0.0,0.031148669428285734,0.0101296690925761,0.009033161617768747,0.0029917251170004447,0.006947296434773192,0.003048542206466495,0.006840346191471716,-0.0023983511479014888,0.005430070043301149,0.03613225760281795,0.0035061588506311147,-0.0024309999052979643,0.0033732166343021916,0.007721492468444892,0.014080032005920312
-0.03545724180862939,0.0019748280096966338,0.0013073708115732014,-0.047699137090730155,-0.0505723117238584,-0.023252066285204428,0.0034133985799417333,0.0019208977825297257,0.000593219562957975,-0.0033398196369319203,-0.005282677364469302,0.0016203925395272998,0.02693777733949641,0.001765666318125943,-0.0017137162846977518,-0.002022550175555487,-5.4547807703752424e-05,-0.0033824376116473875
0.048303887608121536,0.006583876692122973,0.0025354581122381905,0.08770819619823726,0.0703077875896047,0.019293609032707205,0.00657080571615364,0.006480235922462157,0.00485775877346569,0.0016732245549301277,0.013096252615981945,0.03199902884992214,-0.02695845781346347,0.0009182488368534898,0.008883998594393773,0.0033904821390516073,0.015936701614913517,0.019464100125820893
-0.03635002503669588,0.0016107263424893817,0.0023320734757637566,-0.040884773673393326,-0.05341448737281443,-0.02526114593327728,-0.0014372035643861352,0.0,-0.0011280461768350685,0.007411446215669577,-0.00454407271436627,0.0033114722660969992,0.05924381000682586,0.007633321394564145,8.522344110432342e-06,0.013241806684296586,0.0037802356625664564,0.0004261175436531678
0.06308666002745562,0.005557679626808603,0.0013793184368812224,0.0038892038205656488,-0.006880747310123007,-0.006937837073665479,0.005002293812794577,0.005644050585683758,0.006298348114939521,0.002467642592226481,0.0018148384164298472,0.028892185738766944,0.02241508607274253,0.006026180077572645,0.0007131250447445488,0.0028484669139737175,0.008096693127942653,0.020781764692369753
-0.02663781333595354,0.0,0.0036609990044264786,-0.02550071223942197,0.013632948267595282,0.014313336360141114,0.0039897618960530136,0.006791633368562455,0.001766768989129368,-0.0008824484856191225,0.010719657102899252,0.00826458025491636,0.01646089012277516,0.0031293341274761205,-0.0006884942039687,-0.0007122403592991343,-0.004940516657465806,-0.006306778443292863
-0.04908000256400052,-0.005422701782346134,0.0006725407972513303,-0.05740123785425535,-0.0846428266799728,-0.02425891743381767,-0.006459870735255234,-0.0050765101131683395,-0.0010882882799626175,0.009724323231803141,-0.005209673263428206,0.0,0.014425893561232372,-0.0002238961896834996,0.001090698541496314,0.0038264501916424726,0.0020142680750203047,-0.003947519386379689
0.05173994477233142,0.005173804554269077,0.0002710121272657772,0.07894355934156135,0.05358388704492404,0.02018082679782427,0.007461120716235597,0.009767299264734514,0.003224065080929329,-0.0031745610909048733,0.006061628838752889,0.031221688613712936,0.00809633319919626,0.002982490059698444,0.002342536648362825,0.0031879303453341864,0.01398126422714155,0.01605956446455087
-0.0181603366687707,-0.0019116891906426083,0.000636237566077708,0.0344006587573927,0.02553655834025613,0.012591398131935062,0.003786212772675522,0.006309378449656671,0.0026754919090840683,-0.013626889644114723,0.011185433606857255,0.009209507821319856,0.020085999442220195,0.003411052858564665,-0.004414955580033866,-0.0029467250596418634,-0.009192992618128358,-0.010663831205766527
0.03272281450051136,0.004031056469313861,0.0003581854566143271,-0.042244375591165194,0.009043376804345443,0.013356926583552378,0.004416893600008781,0.005734931677702311,5.326299075480396e-05,0.003497458633486898,0.0017041079617189402,-0.004057057300246949,0.0684311981405412,0.007360212838190474,0.0002046186044309467,0.013610586500293837,0.0005893282324196487,-0.0027413533662062894
0.04593075902821803,0.007616823246370688,0.0016696890766536075,0.08688494217323317,0.06616684706008169,0.018717719608347498,0.00643492713522968,0.00857547018433012,0.007210243508997606,-0.0018017814368688659,0.012022927707119022,0.04043405421718268,-0.01426874091336147,0.005261829991429509,0.00752781141847536,0.0035542169031577454,0.01260649486058962,0.018974310116837645
0.06958982007777413,0.019926988846357924,0.018164777333939477,0.011150429525444625,0.010254761945755746,0.01175377374738978,0.005651724664990607,0.008358782459985059,0.002446027830671345,0.004389929464635578,-0.005345549149590864,-0.005076281876153652,0.04032615961396585,0.004466113485025371,0.0026960938935774253,-0.014275855922343407,0.005539877308201172,0.007371642614604129
-0.02997288843113674,-0.0017017978670943233,-0.0015311323527337042,0.027904338646707796,0.016074726210562197,0.0057252832237494194,-9.658443355978083e-05,-0.006604027778301907,-0.0033788049258385777,0.002009382839086843,-0.0038593990400809424,0.002047170461920101,-0.14098182792844544,-0.031841696018926675,0.0032038936091324274,-0.016094787972662266,-0.0021840601301117745,-0.0006086578353551031
0.018227844166989055,0.0,0.003753330418591109,0.0699372368454157,0.05027215499290273,0.01972135050009783,0.005594383137431004,0.0069528741055526625,-0.001762378473060751,0.001033485790484006,0.013042746759294932,0.03924611273654148,-0.004820974878314946,0.006443364952854489,0.008861628802971736,0.00582078880292403,0.010955887080475932,0.01989077516861676
0.032982187204280505,0.00033549153835896986,0.0006228446862743803,-0.03647590380112196,-0.009214755025630565,-0.01041832034160698,-0.001212197932773378,0.0014207756118416765,-0.0002459173357943569,0.006107917005546622,-0.008836731117329693,-0.005150404722336556,0.02965457896027444,0.003087768706561908,-0.00200033604123014,-0.0009219680938101096,-0.005350057569710864,-0.0020277541174402143
0.046186370024869076,0.004642107726696041,0.002713293626313044,0.05353678696629476,0.015991992088580216,0.007212099086631538,0.005402754183596813,0.005294329820593117,0.0024356711839433154,0.012522727259789347,-0.0037637217638807115,-0.005629580001735899,0.05558930779395721,0.006190091814948335,0.002095822628558869,0.007370823139318152,-0.0020607730823568133,-0.003875712748094423
-0.06189513943116407,-0.013402050755620088,-0.003600811082759532,0.02034458454584813,0.0018639361549865157,-0.004579894743538107,-0.010805649017812233,-0.009466080952770874,-0.0021987856120729166,-0.0052659800083141705,0.005731315327525763,0.008940754090009365,-0.09927743304165483,-0.019127400524549594,0.012380868524177498,0.002547609151571892,-0.00021285603940065704,-0.004127159448331391
0.043195996782777954,0.00405693512948516,-0.0014370903067181262,0.039558902961781904,0.016065140386700035,0.009044987331657716,0.0021146848158998853,0.00774335957778127,0.001081465914044962,-0.0018265108277253385,-0.004355189606663557,0.02743907500619904,0.006130738700575885,0.0023134072663193806,-0.0028700362133061343,-0.002181495681325782,0.004638957398454177,0.008470671762424248
-0.04655163952085831,-0.00368702242082613,0.001023355646164363,0.03648308712470211,-0.006724711930589134,-0.015140037120857394,0.0003852571877343636,-0.0013209886570138083,0.0,0.0004232065145757004,0.005313717672107426,-0.004052655853684818,0.027328742555192794,0.003436675711352589,-0.0016704700608069748,0.014892468647340212,0.0031862776584183866,-0.005778680273666265
-0.03878962098367325,-0.002966004180594891,0.0011002650865818801,0.03190494606350435,0.014539659476278244,0.00021952286009038668,0.004218224014322354,0.0019647761367103537,0.0017457022728121837,-0.0013798850827550708,0.006838543037305429,0.01343896073886283,-0.1960615589141313,-0.05031437079245983,-0.005585545553481898,-0.02836684442524063,-0.013969438234657095,0.00408778862803677
0.06586531563231002,0.007322755183832255,0.006608568116156078,0.060634407293016085,0.0032930427809263084,0.0032340158067526562,0.003563129134329691,0.009054788038458994,0.014128236876449778,0.008849334923127571,0.004881974972273633,0.026102311386248227,0.040130403625569154,0.005353115737058592,0.0018434685531326246,0.0052434414963482175,0.01231575480969598,0.018748400633465778
0.04686630296305033,0.00275403624417585,0.0005000860165627223,-0.0761028907876556,-0.06116500893824856,-0.018005782069408054,0.007634728844658266,0.004716489201185461,0.0002558114185273685,-0.005371027843047384,0.006583944885251121,0.008645366270165447,0.029741618122018573,0.003961135837286987,-0.0002487416080495529,-0.0005905319046453795,-0.004891492471385236,-0.005384589288876564
0.055900949419784726,0.005840993511667085,0.0,0.02926513901364655,0.008124879895666827,0.0034965846180901334,0.0038542533170808986,0.006019509358845017,0.005201126264662428,0.008157446347156417,-0.008339304882708072,0.013066087071502813,0.03962824055987465,0.004893802560578793,0.002946351049750417,0.0028660193629224053,0.0070184041589223594,0.012532417938209056
0.05374113192908732,0.008571668857251968,0.0033590482504621015,0.08864673053402078,0.05795914775112685,0.02140687461310733,0.005287034862694269,0.008345779268262925,0.0041745637001623604,0.0020864886007553687,0.007617190774539916,0.03591230786742052,0.000794130716202431,0.004766027283443685,0.0056977284560403565,0.004736677299642406,0.012337785433744405,0.01762242792041624
-0.05581246160299872,-0.006239241663223022,-0.0023192308621750755,-0.008251679637505996,0.008662162541383868,0.004437081129947013,0.0015747360847795711,-0.0015764964429552512,-0.0031323037037508375,0.0007866327639711058,0.004560398661664909,0.006158422417618618,-0.17991874368785843,-0.04144357501410346,-0.008180112531919479,-0.017288917189042484,-0.004121476816190785,0.004844068335905838
-0.054953432630154474,-0.01058835689516363,-0.0011368855862964116,-0.009248180107791389,0.0030910020978066263,0.005401836699008434,-0.000605775749805089,-0.00485230427852798,-0.0035495450648336184,-0.006840492447310027,0.008335552475005314,8.293771886462197e-05,0.03647852512966205,0.000195553041333037,-0.003145136188894986,0.007675419900810842,0.0009960746874043958,-0.006402490153172957
-0.039632871794164116,-0.002535997298368252,-0.006960496640632766,0.015927686404051088,0.028099066066634763,0.010841550989635329,0.00012142365632729555,-0.0016419584553196147,-0.0016553025631223482,0.007738360506102219,-0.0029817670768238287,-0.0038953004570742612,0.019359577460195385,0.002838752056395274,-0.00308998393885335,-0.002004158225155245,-0.008380605549143544,-0.005250952664972804
-0.024623945494718243,-0.0007845149612662069,-0.00017305838416035812,-0.08371827826297253,-0.10589941843416069,-0.027853097304214015,0.0010439607446396306,0.0021608505308124658,0.0010859433283544183,-0.005861904894277932,-0.0007951431926511923,0.0027852041848163383,-0.02169206170187648,-0.0013476852525759093,-0.0019861239550237678,-0.001801405469061748,-0.00408851058380077,-0.004623454774625391
-0.025734961936983363,-0.0005142686520838292,-0.005572906867787379,0.04513368224228369,0.03601485438920457,0.014477998026626525,0.004525007454871683,-0.006415010559651494,-0.008145304562261249,0.004519481378807355,-0.0006320482198914972,-0.0032079636187066778,0.041309174481214316,0.005180280225568433,0.0017611984865826098,0.014092882706409791,0.002864883111821313,-0.004336944412405716
-0.057947299573315195,-0.01013764264406269,-0.006227970132357152,0.02136944145799482,-0.006935092154200618,-0.014895691849805867,-0.01119624162968643,-0.011196260468458017,-0.004658629834349078,0.005932991439618521,-0.0053265569991088075,-0.004204010951200043,0.04406186788679265,0.0,-0.002397623893756927,0.014072251736720815,-0.0016836839031077453,-0.0037218652341965697
0.03784695793567395,0.00134393515146762,-0.0013621772659754778,-0.13618094417754842,-0.09177004424449743,-0.02256750718420916,0.006428551027007357,0.002695088702260544,0.00036707625419685604,-0.004873023814927905,0.0045408249442291425,-0.001113859213222025,0.02127640651778137,-9.56441249398272e-05,0.0,0.0,-0.007171087906544316,-0.004026583218827234
-0.03583838306130435,-0.004189733002966635,-0.005699014659195069,0.014157351887235598,0.025355856189631175,0.011499066600782754,0.001626555268127476,-0.0011883185934306,-0.0033275306114433833,-0.0011995464458937773,0.004717517211036838,-0.0022245753343015846,0.034190820936032755,0.0035005251518600107,0.0,0.011941877999891748,0.0013437962518219162,-0.003081862101503248
0.05485912561828838,0.014046296176122129,0.01082959361608829,-0.09521804919144691,-0.07987271528979187,-0.02701225363105494,0.010882366409661084,0.006196159578700171,0.0016339877213723114,-0.0031178172309937607,0.00034495155191393016,-0.0034679847984618595,0.05204409740657159,0.006190030949417722,0.0011679474742144257,0.009257389712468495,-0.00036794135912720225,-0.008187451237533692
-0.06198905434808086,-0.015266248679888895,-0.00628700944141156,0.038201791627528084,0.030477596731750777,0.021112173561725962,-0.010353582147956985,-0.02784111673701674,-0.0035584984129561994,0.004402732573461713,-0.0058552568830978445,0.006454865652833049,0.04043880296055288,0.0014343131836003992,0.0,0.011919284376419184,0.0007259453512493792,-0.0067367955477429416
-0.03408555717693242,-0.0038429096511949433,0.0,0.04378152562616606,0.043731562006896346,0.019350558888815587,0.0019650617195614522,0.0008776354055655546,-0.004436189516496159,-0.0009237332883364523,0.006442935940145344,0.012744294007087802,0.010046603923153739,0.004748122584000243,0.0025855685160388014,0.0008781969481738145,-0.004358857257390937,-0.008214357127236616
-0.0023424211357414935,-0.00047010747864974407,-0.001697479320456487,-0.050310928221400826,-0.014810765558002103,-0.010352544263737565,0.0007938730744049475,-0.003821134503747521,-0.0017115075573796157,0.0014381401312491221,-0.006780883987275163,-0.009147223670656473,-0.09622540439688093,-0.006935172034784563,0.0019482983409926252,-0.00018114289422251328,0.0006855785416067158,0.010341912153652516
-0.03459861415584674,-0.0017869617078630213,-0.0028127665453040796,0.034208924618634444,0.04281361579004864,0.015067715732604316,0.0036002779899773204,0.0027435717517196776,0.0007332307947611652,0.0014058074743210022,0.008194548652984461,0.0013016505888230562,0.024329699428557547,0.003290884901128767,-0.0010663839335487634,-0.006042513430166844,-0.008072161227067234,-0.007698487701373935
-0.03663567756329872,-0.0024559448983302603,-0.003229986095968842,0.022346649614138656,0.02889510024201182,0.011592812198057854,-0.0032452453934259527,-0.007018015259712892,-0.003534172148331132,0.006674433965974428,-0.006451077369573989,0.003565290976891211,0.04199276124909215,0.005906107512183172,0.0021900283921331555,0.014861123744349003,0.0032136650930558756,-0.00330277099157443
0.06581327423964317,0.008982311270082184,0.01652229254059161,0.019520743692519833,-0.003641144048534914,-0.003829220625908628,0.007913685484656758,0.012619568630585422,0.003986360385699185,-0.0012372690633445454,0.016980038133001685,0.008549402694543917,0.03582752023492089,0.008728491435690069,0.003461260857471672,0.0019909404845568084,0.014778588900035411,0.01872651910310255
0.02044056358689381,0.0010634412155847636,0.00014483802055288716,-0.035794565403177894,-0.01535866885292222,-0.01649291488770685,0.0042838633315305545,0.0052685661699580656,-0.0032194460258814363,0.0048730662020881905,-0.001339422351999729,-0.005618596883428414,0.046473899579496415,0.004137425925338751,-0.00021615019768787963,0.004311987900420134,-0.002663550988115699,-0.0029130557696117436
-0.05131486466142477,-0.005364145238742513,-0.004853351529089794,-0.011025265471316558,-0.00785260441025725,-0.014401538693662244,-0.0025158471588440316,-0.0036189244162918694,0.0004404044013037753,-0.0010310770611787858,0.0014015472153483487,-0.0024206647122655468,0.049898693997293596,0.002699623179654339,-0.0075899915466937804,0.012888023888994338,0.0013534338908180524,-0.014951398086066194
0.05835690315674419,0.009830874266100891,0.0029291807971514,0.016127267122611935,0.013760104496514708,0.011081168723678918,0.0022992043250097583,0.004868620846820201,0.0017068123687169455,0.01191954068326034,0.002064918453300699,-0.001857613899270068,0.053134603025698536,0.006472263631463923,0.00031399830383810985,0.0,0.001396820801431527,-0.005462135267825796
-0.03265239853454298,-0.0016655685715024242,0.0040543205748853626,-0.08284489931752609,-0.10891394565781486,-0.03541670107298918,-0.0014651138449985732,0.002650595035950824,-0.001390294905170562,-0.007643252834147526,-0.0005999945689076887,0.0075334519988942365,0.04684129465496443,0.0069526804490493786,-0.005707657750928504,0.01269194547142623,0.004591592225570613,-0.006075364073970552
0.03984627724068823,0.004804975383041298,0.00245242779476106,0.042821274968305484,0.022282356851014165,0.01840364211595753,0.004652596879681712,0.0028559012270304015,0.0,0.01024751235347473,-0.009444671310525898,-0.010454635987534955,0.0018344071979424607,0.004063864786226007,0.0012084103303720377,-0.0024473632883716865,0.0041702590213315285,0.0021905815081583735
-0.04937226846797035,-0.006485275756389949,-0.0016693908148293886,-0.04949830736309988,-0.06236414208569106,-0.0346018124337599,0.001620215530416758,-0.0031597969725937337,0.0013931467924376052,-0.009753654466711299,0.006517812360702956,0.006636185344393794,0.046276470274499756,0.005424985284072722,-0.003471201638575029,0.012476905710135076,0.002611478872870118,-0.01410357219981781
0.024684185314208195,-0.0008497029151727803,0.004366097400067058,0.07005389031619114,0.02349754103018389,0.009676022397734468,0.003264820528263473,0.004893616215384919,-0.00296815436386856,0.007150543960701237,0.006087111900722312,-0.016274797576569657,0.0019136586559699977,0.0023340365706086496,0.0007567922349703462,0.000849100171215552,0.005264965470791122,0.013075312027540281
-0.035386425168991306,-0.002012836129732644,-0.007388821097583709,0.00703349107744288,0.028350160765198012,0.011255996406185988,0.00027436295842898423,-0.0037186718408653077,-0.0014547550431741538,-0.0037791225551067364,-0.005224083064110993,0.005548747011961601,0.047904895894239505,0.003459309919656126,-0.0006398298190138792,0.01157356318595154,0.0015568392964843013,-0.007894254557539664
0.06128311902569003,0.005057852612087397,-0.001488452963720326,0.02474772419864357,-0.0034541730192014035,-0.005007308181496859,0.0020598935462206916,0.006217615547353014,0.003311773633878652,0.003413648126517699,0.008560701724290283,0.02358283962060661,0.03577370510590523,0.00694868091203072,-0.0017892644193148656,0.0,0.005065210022658474,-0.0044436129456379425
-0.09084785664147467,-0.019436362014305913,-0.005674673367988712,0.010724716259910661,0.0014633249638980536,-0.011367519275932294,-0.0171871214403364,-0.025601500737824627,-0.005619349191162763,-0.0005110434726317983,0.0029246322581896194,0.003069264667823599,0.03903071488498871,0.006002291552717581,-0.0024991163201053897,0.012201905835837414,-0.004969207776157395,-0.017118108906490057
-0.03675628760151571,-0.0051765717461419785,-6.443144910690708e-05,0.03258186050902038,0.03171554571048105,0.01907891685826333,0.0033002026444777536,-0.0005340424355087371,-0.0020770080853620937,0.0,0.012251966265866188,0.003952309756212362,0.0261416002621593,0.005594523421767169,0.003535562506389214,0.01187833894857168,0.0035547863968231667,-0.004464589975206268
-0.029359996789046963,-0.004286965412989724,-0.003935413001187578,0.04194142060255698,0.034564776744136945,0.01631814660607271,-0.0005912020757320171,-0.0050385642161844026,-0.006815594714127837,0.00866978814828845,-0.005353381458349128,-0.004882759842798254,-0.016398454635741855,0.002710800883021541,0.003030613356230436,-0.0023960809365183287,0.0053798625686003534,-0.002103928308322886
0.03848796150099305,0.0021333932510061225,0.003900156328530159,0.056818313333542335,0.031270947809255024,0.012683254637233061,0.0,0.0029904954032844906,0.0006147682215729971,0.01067082916234529,-0.0012596873408775213,-0.002536742134198349,0.026107068339361123,0.00345734610238745,0.002254478925664569,-0.0022073140410569236,-0.006404563994896575,-0.006505008708811155
0.05763377803279026,0.010294531540827347,0.002133180469536143,0.012941409774825937,0.019069137385584342,0.01917562861982052,0.002252543528368284,0.0016417122523136706,-0.0013906556076085665,0.011815754773397334,0.038294662876737516,-0.0032321011614526583,0.04607340464833394,0.008648231649618898,0.0017618231317316716,0.004144250686750199,0.005605572437705202,0.020585809579166725
-0.021981083972450056,0.0010736296566940641,-0.0008824752873989308,-0.05898160628360195,-0.08437060528234477,-0.027477185201600442,-0.0020256352362356227,0.001749962402620604,-0.0012072630870227827,-0.0014755219677350636,0.0010578920272437244,0.0,-0.06250020237939287,-0.0033674745263180925,0.0011061036984385802,-0.0005084799403909767,0.0003371951448212331,0.0019422864418345842
0.04490463488578725,0.0015257490001881235,0.0019578902706486254,0.004845724602995448,0.011492053153584675,0.009943919625347013,0.0037481639053428954,0.004650261378056429,-0.0014928304657499307,0.008405252046669955,-0.004668153974341674,-0.004345374843375263,0.032314256590562716,0.003059464419952202,0.00026903601632153896,-0.00013885159712235813,-0.0021175139487092966,-0.0035202708670270533
-0.015974603329216817,0.00037040554990221353,0.004937942643132347,0.04205217219091543,0.0251058830066171,0.005568677898686,0.0025013573962685367,-0.0032308506092483054,-0.0031936917176603767,0.0012627268646167996,-0.010384804963179811,-0.009061878787670986,-0.047344921905344374,-0.004560791448626402,0.005026317312897103,-0.0016618923171030904,0.0018262987176803462,0.010893468811501354
0.0482431962327456,0.005575596761334147,0.0031923120477392072,0.06233774362946996,0.0264609449026269,0.012172450926992208,0.005544071765861045,0.0038207366824002877,0.0027538505096415217,-0.0010557652572073092,-0.002491407383345367,-0.003202396914013486,0.032807891959153006,0.004314256322969301,0.002809267297758998,-0.001993451460216115,-0.0031302108376816537,-0.004163106823930285
0.04069501199303276,0.0036722804633800067,0.0009324396253687071,-0.0035327431026067873,-0.0023093449412044387,-0.006259517574760166,0.0017711744849327686,0.0031338499437016483,0.0007985097095484834,0.004140928439152483,-0.005867355192557761,-0.004057830616243716,0.06173412810734722,0.003438926685549791,0.0007074002930900842,0.010680166187874108,0.00045695430383105626,-0.0027370097514569924
-0.08961472478143155,-0.015306972005963112,-0.007833930718532684,0.02891008621583289,0.01948257355042232,0.009358062147457685,-0.024687851558045405,-0.03162317426023328,-0.008204341157840009,0.0018383947610188308,-0.003609774101656128,-0.0066076956541984335,0.0023181719023686615,0.004095409528788818,-0.002358225446333906,0.0067500870457031965,-0.0012434999119636902,-0.0061152937924380535
-0.03028871729018706,-0.0016513294613652947,0.0,-0.00016591566316609055,0.00896336088398912,0.0022972443771156845,-0.005235070051534901,-0.004146684989242526,-0.003991129236899179,0.0025784316713457238,-0.0018614492626630307,-0.0101117134101649,-0.17609840068003874,-0.03503342905108628,-0.007970405760290114,-0.024067381775528685,-0.005925527215833061,-0.0023814010621946435
-0.052496866756634245,-0.0034420904168418146,-0.0008359028376794217,0.0374361308635037,-0.0039319771553721515,-0.011436048217883408,-0.00028823951993531694,-0.003335725067121081,-0.00010921939491894111,-0.001930679463194532,-0.004431521686176859,-0.005658588886120992,0.02350994462913105,0.0037846241551521996,-0.0010631541324500054,0.00387795843289579,-0.006460839310449741,-0.004634153423888537
0.03572184310550246,0.003880029018426824,-0.00485041418094443,0.03975105690293259,0.01449072808860272,0.012435645607489235,-0.00027079009687866153,0.005225835690099346,0.0006976245563933665,0.0035204816293256725,-0.00608128620774901,-0.006308370865269738,0.004766564731939918,0.004517069404223479,-0.004941960244433634,-0.015983469966655995,0.003868193707403241,0.004289132452251029
0.06106338209640093,0.006482804324093786,0.0031211233746277884,0.07504072767651866,0.0012180337401480133,-0.005420344685659391,0.00503567755465886,0.009286220082087324,0.013244350204766055,0.0040115972695598245,-0.008632348618107587,0.027544343869736584,0.03061517428229299,0.0029504479233023093,-0.0022981505158607227,-0.009735615052357066,0.00968906588844841,0.010305655148010573
0.043857985376286095,0.004832571458839266,0.0016171275136318993,0.09032724612132793,0.023223591236328514,0.007976806778702128,0.0029442465432252705,0.007119438996504892,0.00431371994255327,-0.001361445535392265,0.005697991381477772,0.028173539018258267,0.003952138980272646,0.004087280346390564,0.001631928186279898,-0.009899856301822827,0.008558677565990158,0.016789737967955964
-0.02520800071085654,0.002688042469102077,-0.0006178410186465548,-0.07186810765467311,-0.10264476961945446,-0.03742791621172996,0.0008962974305417755,0.0037489503595485012,0.0,-0.006137921884670761,-0.003021537344677431,0.006055286694846873,0.0660178533249825,0.008718296504425255,-0.0006596507332433048,0.022701125980172654,0.014219241944105157,-0.006594411951244286
-0.016077182594115186,0.0017406945643513487,-0.0015597491351918818,-0.053995321647815994,-0.04111620729570535,-0.017469882681199072,0.005222001401254876,0.004514971272455797,-0.0018256582250728176,-0.008182872153596494,0.010274263909871632,0.012204236573456867,-0.1018666868015547,-0.012262519991263394,0.0023451170051450687,-0.017824876705633003,0.0018094225807570308,0.0
0.031181233237296248,0.004137669391645999,0.002195304523325387,0.06718312371987117,0.011697397779716252,0.008872590606491051,0.0011275008558931346,0.002683181593326016,0.0012209925362502245,0.005869678541253653,-0.010479276897227304,0.02840467029266502,-0.03511759381335648,0.003060815534322127,0.00037208268956324177,0.0009886272382410991,0.006381934611029508,0.013116998251904016
-0.010932579371494378,0.0003506530708725756,-0.0018500692000881483,-0.004365448627081824,-0.01016454945921605,-0.006652016996007128,0.00292189565027304,0.0013527808262952068,0.0013560717512493944,0.0035733315530416146,-0.004233166215730208,-0.01233899256000146,-0.12825925485250933,-0.014690432043156438,0.008345843102622142,-0.016111415373560697,-0.0018747544998077613,-0.001940468358389763
0.015716464077525735,0.0005565473233384738,-0.00020745630170985557,-0.11082383648547484,-0.09735238321967724,-0.024568931894869115,0.0006411835773939347,0.0029700704216975775,-0.0027821887867119444,-0.0061834832657097355,0.0034927453831298874,-0.0027403113920898663,0.030890409402419976,0.003972975923866416,-0.0013630051990075286,0.008910698900044095,-0.0011618030698961773,-0.0066920259741975185
0.04839074347174672,0.005657864436209953,0.0013387384496022004,0.04956287159837864,0.01045805266783404,0.005415121895068464,0.004027067340876638,0.007309884287967421,0.002012326431978659,0.0031666580630667607,0.005939386377474198,0.01680858465519235,0.03394132883773151,0.004600673929856464,-0.0003370263722813268,-0.001517952200664061,0.001275937744072455,-0.004448161666458561
0.0254088038163589,0.0011550443902517303,-0.0017468838242267048,-0.02706488457532107,-0.012595116774246486,-0.026336795841793496,0.0019701501956706936,0.004204362973907265,-0.0035654794961996424,-0.003323985738365159,0.0005138938507139853,-0.008305655022472899,0.05153234178246884,0.005130648805769046,0.0021914628986460364,0.007626882232764551,-0.001065307354695484,-0.003403720333907463
-0.03300115922664378,-0.0037540968903050625,-0.0025477149795063003,0.039499868600124284,0.02371877098763208,0.011696185437638654,0.002457276370082641,0.007401601778457621,0.004014812804759274,-0.009070077861464625,0.01604012507266843,-0.003092202355990912,0.03279565655586626,0.005208968074963607,0.0014489870923488737,0.015710735300446886,0.0007683116500640831,-0.0048130730013497824
0.07924884742871303,0.011985953855386682,0.02083642265343343,0.021247794796113183,-0.0026154764631065486,0.0010824572873641349,0.011980962264536463,0.008897004811618526,0.004354238325863831,0.0023470348694244443,0.015728166226312273,0.032379738380691456,0.04339461205109961,0.007239827557778176,0.002963398822683591,0.0017902017258736266,0.013102676554210926,0.017898238352991647
0.06398688146252546,0.009725568351660314,0.012143588582095324,0.012041659595197441,-0.0048827736158732855,-0.005549185130769937,0.006417471636342706,0.011241267503124692,0.003092150599081348,-0.0015466334706305978,0.006385152150263969,0.0020600156193934893,0.0400536684490564,0.00499188462271523,-0.0006249963676474748,0.0006130485389284835,0.004960548505360114,0.01122532373965518
-0.048451650646516624,-0.0036876592177874437,-0.001161886146192858,0.018584536496790614,-0.005247391556335224,-0.008908948607115691,0.0006046513570615932,-0.007550136894528956,-0.0035049937947815883,0.0004913631337540474,0.012279715605369966,-0.00023092713665188414,0.0026135879717291807,0.0035688267829494993,0.0028560499929068586,-0.0013551395681485117,-0.003286153264171159,-0.006120669173754825
0.0570004152259903,0.008609166429278269,0.0020570139192174963,0.05531335297916977,0.0054824300821956825,-0.0003792961974346495,0.0019985566601146056,0.008634355249125746,0.006460505431199496,0.010899784357964086,0.007028442472869373,0.01797693192563221,0.03459738630050453,0.003487057544162733,0.0003390123325671197,-0.002524307917549976,-0.002172692217679842,-0.00642731389432305
0.03321656924387924,0.0070089745870161755,-0.0025897512075677477,-0.05319267739065129,0.0006060557699281469,0.0015285075804873018,0.0036760225882589057,0.005952935528660462,-0.0020746492265274084,0.0012813745118855958,-0.007364973654867711,-0.004183003098225712,0.08005707469415496,0.007624052468045957,0.003951093789624784,0.014358330169377466,0.0023310639468253815,0.0002445730370134874
0.06067659127996211,0.018132154183061102,0.015523456223965665,-0.009100843532344263,0.011451878963525185,0.010086100054584005,0.004066066253868493,0.004529034693042997,0.003433364088525987,0.0042420609534223825,-0.006501946280372369,-0.012691051714166481,0.033212145769961156,0.005616283942895382,0.0016245786024501557,-0.01656975760023255,0.004754391238405862,0.002873820950514999
0.02889072538559172,0.005336187006029587,0.003356753445073447,0.05525835600788602,0.01673432332498869,0.006752150951170932,0.0006363052028288789,0.0027925030806172325,0.0009480817148014674,0.010106080111341023,-0.0032054067722600997,-0.006467292694077721,0.029811469535437566,0.003132829396505658,-0.0004837181430424445,-0.0020880163590383883,-0.0033480634370031755,-0.002510609057712193
0.053803012653463364,0.00722873910610312,0.0007139693346885347,0.08669634325232432,0.0561274494159385,0.012986418119578864,0.007148578351359625,0.0057445745329591374,0.0036317726581134276,0.0028048456529164013,-0.006028969990762751,0.025476971785472844,0.007760351594225847,0.00613246659384408,0.0011644201009098191,0.0026463030841897867,0.014572928956124064,0.020002117433773725
0.02628962605397814,-0.000533646928631909,-0.0008304796403913806,0.04793746411276213,0.032255605269103094,0.0077290781804145135,0.0026247631724222275,0.005506279625561651,0.0035337290942033784,0.0024726266232690006,0.0,0.026662033508067874,0.03571222154112679,0.0037468708455490832,0.0017085723437377384,0.0033567955807189583,-0.007210704032186465,-0.006546185120026471
-0.052589273996253814,-0.006830180465696278,-0.0043373203700735954,0.014300756939338823,0.027828460776462567,0.008799112521998975,-0.00254925590225814,-0.028463187060921564,0.0006641321695079134,-0.00244936949262002,-0.009762560477781618,-0.0076398899908478955,0.006933053255135604,0.003025885824819872,-0.003964485812038321,0.0,-0.008458341201805681,-0.008824218992746519
-0.03990839672958446,-0.004326866693801033,-0.0003467166187932107,-0.09700684924554231,-0.10397340672376765,-0.024604285477881654,-0.0006274779886724125,0.0,0.0016542461506604028,-0.005858111475317757,-0.002511568808070719,0.005695719972467567,0.004288993053759014,0.0010692287356128124,-0.0027679469116120093,-0.003621710749884981,-0.00043955740913585376,-0.003899305132594677
-0.03801772731100024,-0.0021934945355729595,-0.005330847894981939,0.03506886196751852,0.02492499456961126,0.01017094740803275,0.003580345693150497,0.0016819868979374166,-0.0020423251880213383,0.006191327041399913,0.00532082569396675,0.010456603489995817,0.020345492191171904,0.005950392024532821,-0.001589518452733605,-0.0006707394431128795,-0.006615831283640459,-0.009519856525245438
-0.021106088737240906,0.0028897298904124523,9.43978740083969e-05,-0.03604458091091861,-0.04090048490906998,-0.03288427803973522,0.002592598491837622,0.004639754455375662,-0.001362460371488094,-0.0055681951855855285,0.0018457675257692867,-0.004517368656381795,0.0576676396129164,0.007780684020060965,0.0,0.012626195874275789,0.0015129343434590527,-0.0028717678187607093
0.05917693065122587,0.007550212199895717,0.002134537696875519,0.056671697447975115,0.021848727652285925,0.0112958679112383,0.005136854215420137,0.01187030145907199,0.01243022380660011,0.006707426862766849,0.0,0.028169756302693305,0.03432524429580422,0.004713929181317922,0.0,0.00464369929963986,0.01021725213297861,0.018103031511361167
0.018163705636464435,0.0038920029421438563,0.0,-0.07263486123580433,-0.009927190336538308,-0.011836568949172656,0.00430704151038335,0.004880282849815863,0.0,-0.0012041003691925607,-0.0011069956616370131,-0.0032237592882649055,0.0824390118355731,0.009228380706128884,-0.002264124801614291,0.01565036179445198,0.0018285022040105375,-0.006331086962926065
0.04677810157982548,0.007039134734798532,0.002545722194716204,0.02806100182235401,0.01179694707546712,0.009043230604102573,0.002005011706888258,0.007102841342389632,0.00514736835023554,0.010722795522765982,-0.0027248429967451377,-0.003338901526295347,0.048593086248670654,0.0025159850969153387,0.0019096719937844527,0.0,-0.005187430347871878,-0.0037556564377519974
-0.05977653854784977,-0.008471926409474848,-0.006833699554179672,-0.03830768488131981,-0.07902587364977628,-0.028280805340002855,-0.0017671607911205218,-0.004593159410056625,-0.0022070116290146286,-0.013697085125755641,0.007003072926157681,0.004806614296962287,0.024998338781837437,0.0021552257294724852,-0.00938683802224161,0.007537294464891266,0.0025297027645342254,-0.012913530330074668
0.033977712351286965,0.0032418812604746872,-0.0032049602584306616,0.03240309997380735,0.013220206042483194,0.01396637055625074,0.00166584585147717,0.004933424814791581,0.002470767121320853,-0.0032275466172463807,-0.004242012951449048,-0.010257825262401954,0.0046192392195751756,0.002963567781204801,-0.005489888778866673,-0.005509829731568728,0.005982037667365416,0.006813088208523291
0.035852800467502485,0.0017022240328345005,0.006655589657687286,-0.1237772619262261,-0.09371034398200778,-0.029245083102430083,0.005267405413046976,0.0025013634991638734,0.0,-0.005531240401170388,0.00026976618571718914,0.0014351283645304737,0.05054868820931504,0.00516506690557632,-0.0008602599139568591,0.010302173502871076,0.0008051150852720756,-0.006106573182912439
0.045409459861660804,0.0047045404587906835,0.000737926894574393,0.08025241620102029,0.04545185834983812,0.017846538432148226,0.0050257556211943475,0.009641821505579018,0.0031862827995808307,0.003928840678617824,-0.003701731873781368,0.022667177075650483,-0.017651395928732553,0.0023574760789970505,0.006038760785886551,-0.013222954264320833,0.0070985604911678836,0.01344020550933267
-0.024858076694926807,-0.0022028649041316603,0.00024791000642927107,0.003994870706337108,0.0020519399756990142,-0.00025083018761773386,0.0021276336508589634,0.0017035258129126654,-0.0025648779227613974,-0.005089294634674485,0.01347849295873788,-0.012957185843489389,-0.15275964973054457,-0.03041311758907282,0.004720933174031648,-0.022268561803028906,-0.00394383484634545,-0.001632049189569662
0.00974476456686663,0.0,-0.0033946046944636054,-0.13065115377666156,-0.0971097825883261,-0.024318269218385043,0.0,0.0014149333682936193,-0.0008117803242749949,0.0042389187800232426,-0.0025376037802830593,-0.0006785882114718015,0.03932370369294943,0.0013211077712723905,0.0,0.009649772809007529,0.0012848960874706436,-0.001792644585302594
-0.042239331004186635,-0.004776492766639146,0.0009801510519209394,-0.05385277600242539,-0.09189579007046192,-0.0359813502917554,-0.001780876051631516,0.0027555615271364284,-0.0007677830304166742,-0.00971631282443157,0.0029815636389323354,-0.0014192038375189565,0.04357653033439361,0.004090576142816347,-0.00626903121679829,0.015184288813361771,0.006753101339372994,-0.014780606046972594
0.03689320376118081,0.003189727743645152,0.003524077888749135,0.025772979990760312,0.02783292546805341,-0.006756151431056342,0.002156237019517602,0.005689520107956736,0.0030779376788082715,0.006410870084306178,-0.0030224563264612926,-0.012789621493270013,0.024708851346258106,0.002136766826899289,-0.0004626166868218854,-0.0031614201968663807,-0.003670959665755645,-0.005937757311192338
0.03000568291736314,0.0031362580448840182,-0.0046110672600531,0.07626140195379773,0.009814946288823928,0.001869219404495136,0.00027817943637752497,0.0075802666579947164,0.0022813166131452033,0.0,0.0,0.009323478603869565,-0.030102659302919214,0.001534253165787303,-0.0009286520064085375,-0.01807062475180398,0.004055522981011733,0.009461146966631237
-0.033023858605235774,-0.0010065452065925926,-0.00035458702171152663,-0.08050953769021293,-0.10536792542837392,-0.03196722903945383,0.0032441714112636344,0.0011637245152343342,-0.0004765242035237007,-0.005283784235171227,0.007980791357028932,0.004144460728673807,-0.008123858273428973,-0.00048309098982419476,-0.00234090419673279,-0.0019410032016564842,-0.0051221075544877915,-0.00663627510031517
-0.036823379345806026,-0.0034346267569843564,0.0009998263054352564,-0.08505763871655514,-0.10620670664393493,-0.03269031942606838,-0.0034316357464322473,0.0030777740248872027,-0.0012379839284782758,-0.008638005859763103,0.0013193029181451734,-0.007400208414065942,0.0355492526326454,0.001840321122062689,-0.00425842934795499,0.009250041185803186,0.004628234386182643,-0.007308396102708337
-0.03702831004889003,-0.0008551036293080301,0.0017334096746999986,0.024903133149321254,-0.002008041504254421,-0.010995475197356212,0.0037224946748355436,0.0042331909229667754,0.00040608447401034695,-0.0052764206452129625,0.00021299714815672697,-0.0006852323031260821,0.04319440559644622,0.0019846540139138264,-0.0038390720445470867,0.010924501846082124,-0.0010159559463625925,-0.007048255634306222
0.005669617243527464,-0.0006335199655773948,-0.0013940752137692604,-0.0714795528803429,-0.03421595590481772,-0.016552445326988505,0.00471949746607649,0.002738868510951262,-0.0035445089344856174,-0.002955960993563056,0.012937899156810736,-0.008292433616575768,-0.12661821190638595,-0.00641831041192873,0.0017391656411148307,-0.028563340852105556,-0.0007880911779943493,0.0008923527003192877
0.05158875126926836,0.009189705449142074,0.0019593086453230644,0.0830234281034676,0.056392777357523044,0.017108944462832596,0.006013340176817817,0.006895844602639978,0.0027461062349860865,0.0,0.007520121347028565,0.019740457996024512,0.010191190403424987,0.005928252122911853,0.00117500890698983,0.004068056770458192,0.015062832485053142,0.02307970475423632
-0.083988577174972,-0.017435589712080434,-0.005583633850787939,0.03282738553322777,0.012142506931549602,-0.012765212478607232,-0.0010880479818403108,-0.01433640645816209,0.00029655829685376535,-0.00968654323259304,0.006871757571089972,0.0002889882933260442,0.030251874832501215,0.0016111140297670836,-0.0030005800464730933,0.005710415278188671,-0.001530355415049138,-0.014101977184391934
-0.046965954980600425,-0.004042571727159487,-0.006179917273226691,0.001251210458248751,0.021650921528680613,0.009565277617992972,-0.009698924638524549,-0.008785417431874935,-0.0004631306151375776,0.007356593002692459,-0.006012957701621774,0.006091391575677498,0.038009095528591816,0.0006498180271210151,-0.00012513066309576985,0.009637824345920044,0.0005709579203408982,-0.009292496583214786
-0.04490604711479845,-0.005016990336231326,-0.0014586230913268114,0.011397224496578578,0.010999189287917321,0.009242268655080035,0.001691003554113498,0.004517995732041819,0.003492869992021541,0.0005762968102781401,0.009588249518481393,0.008809069779557803,0.023129309387670934,0.0023790430363467645,-0.0012222731465631386,0.0008708611571032983,-0.0051695437465033986,-0.005482739370781219
-0.033307553236937,0.0006066495131945189,-0.0014472778747855464,-0.08219254071381717,-0.12037862220856776,-0.04213934461057388,0.0009497160537097819,0.003073642216015537,-0.00497668837022519,-0.009024645141971948,0.0022496446454298834,-0.006807510348022478,0.046593113292608956,0.006270995015412174,-0.006070521936052601,0.018051193519544588,0.005194410653310763,-0.00343291730669798
-0.03767998021870144,-0.0023423436756765657,-0.004816885731588264,0.0225426374245163,0.011906203328850107,0.001705505181114603,-0.001052501400057859,-0.006544938023538439,-0.00311207290269616,0.0026531851803591583,-0.005135538257875552,0.009308168080609183,-0.1657090132697897,-0.0401925007818946,0.00012952350034953086,-0.01430587595175701,-0.003903239760415953,-0.0008893343487999528
-0.04340467159011531,-0.0035758286017244347,-0.007329476603619466,0.0161612195982043,0.006465580147136188,0.008112912415216748,0.0004117898225987745,-0.008350291886219842,-0.00623541822761469,-0.0022153724058448037,-0.009121947648761085,0.000813088629652529,0.03506807907847845,0.00399822476992979,-0.0011042356203981925,0.010095530287712763,0.0023458330057697153,-0.00465737465777444
-0.058178450377474565,-0.009213552217253899,-0.0036287464256138905,-0.0527160538407102,0.00030283589292383177,0.010772360798363575,-0.011018670023825039,-0.018629728122236126,0.0,0.00027535061317884114,-0.003001739411624092,0.0016794609377419904,-0.009640894708804608,0.0019104938841625996,0.0016194646100070231,0.008766651737441388,-0.002661018647150716,-0.006279831369032152
0.034148855611958615,0.003729229791025657,0.003710541292196994,0.04012433147541672,0.007519999065986886,0.00040537700664883736,0.0027899710846099124,0.0024949744976710685,-0.0020589956843260664,0.0026251167887676656,-0.0058047638136022785,-0.0027789248079298826,0.03821891524109295,0.004776733610497024,0.0013999262961327974,0.0,-0.0011383361661861107,-0.004131750718180061
0.05837679997352398,0.007560466668253872,0.0018589096561818959,0.06327406599037433,0.008319284811519119,-0.004575335781879587,0.004675482648596579,0.007036134893001523,0.01083565603035331,0.008770212578066714,-0.011028947724712438,-0.0111744867833971,0.03760882069081266,0.006547568220247415,0.0037951026619101732,-0.002552439499978175,0.006612680468504345,0.008404967664801782
0.04180049894906828,0.006255757131363995,-0.001539468893265231,0.02677567591754165,0.01660580864458405,0.018180121149522024,0.0012953270607229121,0.0071845945896452015,0.0030147536985174325,0.006093686373571807,-0.008701052398785292,-0.005799265187643136,-0.013989730506934571,-0.00227091369724231,0.0001226715436065757,-0.020662914797106285,0.0024727225705491788,0.00595875923586256
-0.08335530802005128,-0.016122729529664214,-0.016403660636707312,0.025797682092137026,0.02164443324855679,0.00949810237160091,-0.002829816769052905,-0.013188059548734244,-0.00038460044001577037,-0.006776932664926762,0.003894863691201261,0.0040538255482819585,-0.06715278193216272,-0.004748014799196349,-0.00020275081191172827,-0.005072485954004179,-0.0014395500446214183,-0.005566472771502989
-0.012225472989421206,0.003206346420186986,0.003993566540330211,-0.04129343872065704,-0.0030833828434433034,-0.012487875055004576,0.0017306645728026662,0.0007757846093948542,0.0011338205669882602,0.0013770712839294558,-0.0007664396459299896,-0.0012661882627051284,0.08116091013212069,0.009991093001057123,0.0,0.02832495721730393,0.005087657681702581,-0.008362148832721156
-0.02380721420470067,-0.00029548847310660603,0.002800316103708025,0.03750069005460467,0.02458676892040268,0.010641539520011902,0.003528293958094483,0.007307872508187733,-0.00023602346010993412,-0.0013959087565995484,0.00797730748180253,-0.0038272975112574052,0.040201862572893994,0.004493803273976148,-0.001327894245903122,0.005146592783274512,-0.002443488046373604,-0.004998448899512398
-0.04159063334192613,-0.002439801398331743,-0.006478451947921311,0.0033345253434412065,0.008571356460532002,0.008434930850118354,-0.0006828575070285767,-0.001732055550627158,-0.004260716480731316,-0.00466815950071293,0.005128133777055046,0.0007857573162886557,0.03090914088901601,0.005049108673574088,-0.001636014013650441,0.013195480428025383,0.0027593406118275655,-0.003965548729056053
-0.01856211947448808,0.00326346044561161,0.003260485255534443,-0.03154791108821631,0.0003779241317912984,-0.006159480938651958,0.004213948718502597,0.005669834600950126,0.0006919524975783036,-0.001776946106440942,-0.0009150466852911004,-0.002181020115881361,0.07980329939458383,0.013076969073205096,-0.005496012428839651,0.024964175104530594,0.010363864205680116,-0.008862781137747994
0.04681974040342762,0.01255780305052067,0.011009452290190609,-0.09629205868534167,-0.08024903387605137,-0.026966963132470878,0.006511227721664467,0.0073318370455128816,0.00115792478123669,0.00397654735075275,-0.002607374223301669,-0.0005021746339260555,0.05696522494389649,0.006459475102502304,0.0010223922877150178,0.008937487477854743,0.0,-0.00022693636564646846
0.0243640069383831,0.0020689317828049424,0.00022243397303468805,-0.021243366681299326,0.018274173252007118,0.01639437447490036,0.0035370649122519844,0.0030148166637859,-0.0019502063473156876,-1.5746226832177002e-05,-0.0006547255785586094,-0.009845672892119125,-0.00835979194031575,0.0019853844481796195,-0.0026959224327907294,5.103159442492335e-05,0.003856490670750688,0.01114194284500488
0.051158347965956995,0.004365121408218201,0.00236993321136588,0.0681432446904803,0.016314916702065613,0.010338008168280288,0.004297614680377445,0.005489408895065075,-0.0017369153599106524,0.007561299170393186,-0.008707641581178557,0.02146284937005265,0.0204462987377637,0.004136525659209435,0.0,0.0017640071788945922,0.011219696541175312,0.01643687633999122
-0.09191580343926067,-0.020570340486952894,-0.004214624240790138,0.025384189468389776,0.005216918155901247,-0.008689374694377151,-0.014322101164377201,-0.023473040069913003,-0.00323275620286403,-0.0006210870870922625,0.007990260500624598,0.0012655613127238714,0.02779414978859281,0.001612272893687014,-0.0011182272600307652,0.005262574207807853,-0.00403935763303489,-0.01112065824361147
0.04805583931482645,0.005291662116806172,-0.00235756177536146,0.0482602872067771,-0.014628373589260052,-0.01039243127225934,0.0020423600422205808,0.004342040529344254,0.0020049404149436235,0.0034653264420370033,0.008586226140984907,0.03713002393141383,-0.050124675114028086,-0.003526369171990111,-0.000758462210364367,-0.008608589522574078,0.005811168945759235,0.011150120947734113
0.05338070979863872,0.007206333632277356,0.0018175798214091698,0.0804716397748634,0.06895143054302523,0.022928674759180888,0.006948871912633423,0.007953256729192176,0.0029874031212710067,0.005862150591743157,-0.004564422702235122,0.031649600307500886,-0.033037761654261234,0.0043690979787828115,0.003942282386095835,-0.01128142540593795,0.01129157323751928,0.011994754472766211
-0.0725893913212552,-0.012157495852796121,-0.00442979271794293,0.030242282247980673,0.001003647104110881,-0.013721577789322058,-0.008270827842278975,-0.011009167242012438,-0.003065231294439166,0.0010332518673237116,0.0030020908891737388,0.00476744371526524,-0.12525123589616594,-0.03000617263406358,0.0013607295614846708,-0.001006823762456782,-0.0008618946372772119,-0.004690964146694121
0.046603620012896425,0.005941436347729439,0.001115898856679594,0.07270295663431092,0.034417707626623585,0.017719726279959828,0.002072910838886431,0.008305097971502435,0.0032361743955500798,0.004457222840758051,-0.009148052722971518,0.03303427955269837,-0.009391282183778733,0.0019488804773959327,0.0014769616521692888,-0.010868789259614833,0.00821677312909185,0.009637886798735118
0.028522407329549287,0.0019678842055357985,0.005266062469315983,-0.11556726829312938,-0.09630542062168412,-0.03414610042390412,0.004805320111639499,0.004419107520925802,0.0,-0.012942016462980595,0.002427582987942467,-0.004140302780627234,0.05749432644173075,0.008702823578268895,-0.001291599805761838,0.0178863758534646,0.0037343439275159896,-0.006959593721947377
-0.06531895346291985,-0.007334658737187583,-0.004413829282810854,-0.06242258743142418,-0.053853628547807834,-0.023823458671192788,-0.009077241295279672,-0.009227070400339479,0.0010977027702044543,-0.004844721189999921,0.0017062407357406504,0.00744822206094669,0.015743640257451518,0.002678946919467981,-0.007541777503051538,0.008407805052097643,-0.0025472085812522287,-0.013468422404377206
0.0827054857335569,0.029299598697528732,0.025435359263097642,0.013122801138065064,0.014909871250421243,0.016662309715497484,0.007346111427707779,0.007837648031124168,0.002652514108587351,0.012183029117374788,0.0020700851273266325,-0.006406421712543924,0.04568066925326307,0.00875680327028639,0.002097934406805261,-0.006608221611810169,0.009928357167594652,0.010046752635147815
0.03161103743155546,0.0014820325291462157,0.0,0.005470926191906343,-0.0010247500725260833,-0.00016191024957268774,0.002937881200012124,0.003561035184884781,0.0006734417817858268,0.003678991731518552,-0.006010320955236027,-0.005940453675211896,0.05031380121738058,0.002853939983718749,0.0005284916880257442,0.006575796865517694,-0.005742905102044191,-0.00481520031141873
-0.041589126882956996,-0.003289081232458435,-0.007705192295577354,0.03482762462449368,0.011037849273169757,0.004452183556887436,0.0,-0.0019527995460940396,-0.005582599804445035,-0.00021298853164220116,0.009127449095056276,0.000983511782511464,0.03602639536927462,0.004711317545065397,-0.0012359089924065517,0.013571924058674212,0.001858072029951661,-0.005553712752356742
-0.008703252977596205,0.0,-0.0005621536076390875,-0.04868092106078044,-0.0057046799414902805,-0.005128893719719457,-0.00247544358996417,-0.0004133836872527957,0.0016353938632912286,0.0012442959841621759,-0.00409294278822078,-0.00025809365825145344,-0.13368341463984185,-0.022778436396274387,0.00480407943879885,-0.029505259945440294,-0.0023993320239442425,-0.004809032258961454
-0.0029610684160890507,0.0016246774045745034,-0.004407707716599584,-0.09752202432712942,-0.08593739243977373,-0.03071820133841911,-0.0012167914689579485,0.0020414192357874595,-0.0005501027676978474,0.010370749041600121,0.0,-0.0017033327163820538,0.06442313037084633,0.00803278334332044,-0.0014542937814500177,0.02190473361449294,0.0070302747299128415,-0.0032737873123976774
-0.036030605881615274,-0.003010456522625831,-0.0005768385566486322,0.010824695513387926,0.009639063746514362,0.008023167065161972,0.0009744434041342872,-0.0017668256054216844,-0.0015860340924867449,-0.002953821741501806,-0.004313933997819086,0.0019027824794197303,0.04489448794751788,0.002643120053157163,0.00037954020775641986,0.01319314825666493,0.0026275930049500054,-0.0042762544284598095
0.02790990359708479,0.0020310879342062865,0.005601724795325114,0.007868334007997536,-0.01140074250345238,-0.008615870700157808,0.004465260460939043,0.007101337700582565,0.003165288806160521,0.0010856746671311297,0.010110618674944585,0.014134121458168347,-0.1611118382067581,-0.011479573249778892,-0.0006235304366913388,-0.02695944502213688,-0.005960228139086248,0.004674536518750411
0.041426607198483296,0.004776847374748169,-0.0038172036663844367,0.04609764803542003,0.013224126676776589,0.010503274332970535,0.00023588964478538375,0.007596910947828005,-0.0006212164979049367,0.005511599912815809,-0.008287322375335715,-0.01948875312361583,0.035762531119146866,0.0019009366687389494,-0.0063974344547311,-0.0011439767264232502,0.005264723063101269,0.0010096401876776295
-0.06120021751733303,-0.008428152266662109,-0.0022823488860722113,0.03535441812890618,0.016484499088503576,-0.0005435664955056897,-0.024326208036496565,-0.03029156513219377,-0.014628113524624162,-0.0034694421599467742,-0.005962286632009187,-0.004935369775277569,0.02568819175652213,0.0037875740158366937,-0.0005808443312680584,0.01172878117994509,-0.0014829807015304985,-0.0073521693592528276
-0.07955750892879648,-0.014666801590303041,-0.008210090104356641,-0.00048543330212938153,0.016938673139640245,-0.002526330386212281,-0.024968319881045326,-0.02717604889741333,-0.007938905643210327,0.006741409142627316,0.003297550741179061,-0.005413654043452561,-0.017539770164314288,-0.012283468204339648,0.00037634569293323216,-0.005135116488970217,-0.005273179862493488,-0.005693639173183107
0.027326509996789518,0.0035733362275503526,0.0037068864455743504,0.020542776349686567,0.004488799828018789,0.003551709693759769,0.0015862644085566765,0.005566234325844384,0.0014931724894212046,0.007464986500601635,-0.00516172168790081,-0.004581784847377756,0.056307138040423345,0.0029468651349194917,-0.00036008819267315613,0.01243725242522044,-0.0013195975365605306,-0.002431718133509425
-0.02310112604216762,-0.002281479800860969,-0.0017772198723663307,0.02090589995620567,0.016992183886018086,0.009977787949627543,0.0,-0.011685570708546702,-0.00674315239562665,0.0007753705979425461,0.00046121599747054573,-0.016801198361856513,-0.12450814787668014,-0.02078973271595721,0.008353752181470676,-0.000362966044967477,0.003560554640103147,0.007656939225445997
-0.043636825985228354,-0.005095765947335607,0.0006359750656077973,0.031025291260627683,0.03599106801985253,0.016540031328897548,-0.007801640008948498,-0.007611822580325685,-0.004846254885418364,6.989300811445142e-05,0.004688774909208368,0.00936047675106659,0.024285379284560156,0.0038490575666228705,0.0023811506685030713,0.010625423428245835,0.0008173580931258968,-0.005782333296372691
-0.01628564037006232,-0.0022704513643915826,-0.0007329038416187282,-0.043839400606351414,0.012644465704363174,0.013768597280271553,0.0012001486286237705,0.0015866111110184864,-0.0036915387908985145,-0.0025522690399087324,-0.0028813305968491214,-0.004293971732761267,-0.017823257973417824,0.0018599202841760487,0.000348772990208383,-0.0017715557829028263,0.0,-0.0029153326704759175
0.04588226507174577,0.004695546183607408,0.0022131579938926794,0.0574481552238463,0.03405916422657162,0.01750307826908734,0.0060622608661869085,0.004303564761780464,0.0023778477157768547,-0.004079961622303882,0.0018173711107332259,-0.007167588939382406,0.03813490955545829,0.0031987315480812577,0.0011624866133839265,-0.0034105354067293955,-0.007864823540498446,-0.006721550178332786
0.0473298773751358,0.003820218457904353,-0.0021217603191513845,0.03282176214420639,0.004394926205071134,0.006195899501623286,0.001268146742473909,0.007168368157988333,0.0037870922253327335,-0.00406155804516346,-0.0031781032163217243,-0.0034880291431104867,0.03812422591447901,0.003178190434241705,0.001950848282613329,0.001289235652860093,0.006907098645467963,0.012859373311600475
-0.029428625005227665,-0.003584327823692689,0.002303045666276263,-0.04235094986098028,-0.0071673623976460646,-0.008743237881532848,-0.0012617774230767932,-0.000823530089952422,0.001418217495618712,-0.00034072405077052075,-0.0024255885711341784,0.0013649422951338217,0.053511567047232395,0.0015065156335910242,-0.006137592496118509,0.015471333246765733,0.002499747225558709,-0.006512400662034519
0.0588574146247793,0.017030371530924293,0.0063624924874358425,-0.000423558285766254,0.005869792226240786,0.007983292031146798,0.0020466597995721226,0.007101617726398307,0.0018946187696050965,0.0032341579376491693,-0.0026076294266812183,-0.007192361454589993,0.05655595850611455,0.0077804559833827116,0.0024604139056384673,-0.0003488362553559845,-0.006203380545542427,-0.003515196562660472
0.05736586951119434,0.006532585307473159,0.0034292197690768784,0.023694221733888795,-0.012056220401469983,-0.0046547294885414285,0.006970351225690336,0.009814785764561981,0.005749838019421044,0.0044618737410177045,0.013238178684916599,0.03569784541911424,-0.005872209682602263,-0.003946603029827626,-0.003151607175996,-0.01234111516648958,0.006364237421757755,0.012537112597906797
0.03623153119566631,0.0016589695378719704,-0.0020492467661933794,-0.07534350634219908,-0.06177017330985339,-0.02031518470186363,0.0011321630341858218,0.001764771981312331,-0.003787427167722427,0.004577908694200606,-0.002549898927140268,-0.005439473081533387,0.04452505472688854,0.002948356827293041,-0.0010691806448647444,-0.00150761361318181,-0.004125747585180231,-0.0023302034076197603
-0.032256341345086016,-0.0021063980869797634,0.0029359307082195466,-0.036252751241846855,-0.037992611799094946,-0.026348071173390566,-0.004813326185818984,-0.0008133274300257422,0.00023355767237540537,0.009074068735045617,-0.0034067344000744794,0.004450231318337092,0.06156512903332899,0.010389724516754777,0.0,0.01937213404460753,0.0031298050634696577,-0.0068552478642631975
-0.05536559710421609,-0.010469072946748264,-0.0035095544225709815,0.03638272046697832,0.02206100583554066,-0.0004397866505796978,-0.000555803322996414,-0.00976346530208066,-0.005332390433269727,-0.003674108328280486,0.0034764299850588306,0.005404881810141742,0.039705668822047756,0.0009777297114695975,-0.006053149416054473,0.007847087023085064,-0.0002456694909081261,-0.01332004482741635
0.014072088187523058,-0.001236176810243653,-0.002172745291878682,0.008832874032029578,0.0,0.006914231706449103,0.0012129647632614367,-0.0006410686141981416,0.0008561823349837674,0.0029246313689009927,-0.010343226434471891,0.0007943947042860698,-0.1382942129078725,-0.008172138832493594,0.0022010426637047355,-0.01469555485496917,-0.0016556997646647855,-0.005280407576483959
-0.013356913601477659,4.240521028909712e-06,0.00467956903819823,0.00896918330286396,0.026333201461742325,0.016270035508204807,0.0006087596423964961,0.0007992662610448322,-0.0022986799375034664,0.006867147670185014,-0.011002832304297175,-0.007671366665809538,0.01684798640634676,0.003238802558931556,-0.0009897124285846136,-0.001284842417730548,0.005271466844001654,0.013304779363782285
-0.038772206475748985,-0.0022762127625862395,-0.006805949107773406,0.004400010262933918,0.003156483394398772,0.0021757136918813353,-0.003667297641726701,-0.01195611357705278,-0.006090371571901781,0.003630944285972021,-0.007340847387246152,-0.00013341760553912726,0.05622519675446828,0.0038712457770454017,-0.0021916080478941447,0.015104972097520849,0.00062290109515366,-0.006686294350468943
-0.047173370249636526,-0.0031373260194134077,-0.00576122435682518,0.03322633672096154,0.036419438599066045,0.01961011184636196,0.0065158034993918704,-0.0018398767865960045,0.0026525948951284808,0.0021718403018684326,0.011581057246085213,0.012652277507257703,-0.10425445257930972,-0.022454684144831965,0.004597805445284304,0.0028883848983411505,0.006031686311853585,0.015421829376158214
-0.03321795351744461,-0.004668932059611677,-0.008208306982573783,0.0467341227330304,0.03183083907636552,0.012439600913423016,-9.220572700695564e-05,-0.0019296585336103502,-0.008136582504792265,0.0007339944887644815,-0.005307284228162503,-0.0038217209967964143,0.02314872936829923,0.003507437373938558,0.0015337851490994838,-0.003756954898317839,-0.00838578004671744,-0.004395332650440259
0.022808420174008328,-0.00032826745374125315,0.002739264938498815,0.06905167229478844,0.015287062974713982,0.003607738310935596,0.0048025563214167165,0.0060979746650043475,0.0028314703911101096,-0.003561331796781639,0.013438322194540562,0.006468792925758763,-0.05434409589478579,-0.0026015487982952094,0.007401003765056472,0.0008711982277323318,0.007917830661540825,0.015832740529256817
0.05854657939148609,0.014772713918192877,0.0032919074673647547,0.04749525882953956,0.014001593435304603,0.010119409081469272,0.000738190470037437,0.00821416808828239,0.004555192668680778,0.009092638508902547,-0.005353314032789718,-0.013045701589220797,0.040538820794017695,0.0036384157470655044,0.0006811962135672906,0.00024312841919206296,0.007944349968046936,0.0043457167334639835
0.010050952622617482,0.004265182492829931,0.004317690586641573,0.009546457047548876,0.02776039192486888,0.019083801734369858,0.002823260775866149,0.0040162357542394,0.00044372623348669957,0.008905517437503332,-0.007006115775140805,-0.008203568773869591,0.013167462186320115,0.003678077431425186,-0.001432730895309178,9.949616076169548e-05,0.006257586498153059,-0.00037229095879419416
0.016841128476351497,-0.0016202936018481827,0.0015029597786556958,0.06278143835567768,0.035130123685884584,0.016672452460512396,0.0043199074851794726,0.0003534010246014322,-0.002603750991153846,-0.0031688203057955535,-0.008039734983828432,-0.009787255118962255,0.012715281773727593,0.007133939377258528,0.0005010478561589399,0.0,0.004175080528912821,0.011807218555862836
-0.046672991350420565,-0.003520274145223181,-0.006628602880646791,0.01628698551500737,0.023309932666525642,0.010570504770289355,-0.003771732358879291,-0.008502348677308522,-0.004858534120491925,0.005179435219877511,-0.009392122370349108,-0.0038966136325742982,0.01884334106651853,0.002647669574171598,-0.001056801102812191,-0.0040233459420464775,-0.008197141756991905,-0.006227149344150661
-0.043860360171031065,-0.00820305605795263,-0.003896511873528571,0.012826644649523924,0.0008770679507478449,-0.012984637475714279,-0.011860049323881839,-0.007687952944305046,-0.007559917252639796,0.0004818990379224395,-0.000814495368991394,-0.006331077026510673,-0.1296957251353201,-0.027894145865641398,-0.000926404833340617,-0.0016128559749031017,0.001501088714361165,-0.004276611252696155
0.048215888829081545,0.006326367459449298,0.0029256627188186694,0.004165534199321073,0.013636467288804584,0.013821345132684775,0.00572647862319073,0.004631219559717463,0.0,0.006512729006947795,0.003188017026389242,-0.0013461299047401634,0.06013622235817127,0.005691021711683797,0.0030770062832592565,0.011802227776067452,-0.0034768749673681474,-0.006206250633689042
-0.0771735114661361,-0.014606528011129988,-0.0060415004312807784,-0.04665115187042669,0.006345382215516147,0.01575483768564922,-0.0104174227007588,-0.023881199695891617,0.0014755247400471663,-0.0027416801192313976,0.0005221127628735354,0.002706972354873746,0.03549549714349833,0.007552133576348401,0.0006083325543731525,0.011390369377760914,0.003673771231049195,-0.005857757351788034
0.07011278358030361,0.008288947461073799,0.014989011174303256,0.022300250833434215,-0.0035745043532287987,-0.004481910844629226,0.008319890426652361,0.011584888902390079,0.003960950651954174,0.0013711516600232179,0.009349459716111523,0.010513665152910322,0.04492688163459246,0.007939602820009514,0.0015534042438318523,0.003944008810237107,0.009853134846502635,0.02301903197079469
0.04199164775565454,0.002598410334093703,-0.001836518853689045,0.007915230686293222,-0.013737303579840963,-0.011173595246013279,0.0030551015096638517,0.0022800928804057033,-0.0037725032011349225,0.004169692685549948,-0.005538484065682079,-0.00922930067911695,0.04252888128551774,0.0036025229469767227,-0.0013689110665237555,-0.0019479942126540153,-0.008451118530572259,-0.004411269337330749
0.0308050864729613,0.0028612218865739277,0.002782636514093767,0.02763559468052225,0.008551196417507343,0.009297720566893753,0.0028349074335195386,0.0034445565757355748,0.0009157978953566896,0.002716269030638796,0.001373447310623612,-0.003051755654471363,0.030566657865989045,0.0022096727425900136,-0.0006707945835733735,-0.0046194430179134025,-0.010550497030231457,-0.007116421315483137
-0.028353307286307933,0.0005224667100145332,0.004627127768800206,0.01707259086515627,0.01811984961300621,0.012500973504131482,0.0038694540889676957,-0.0002546780915876858,-0.0016149778065483317,0.008693969241479221,-0.010745805385111593,-0.0082573858390444,-0.00949281551072749,0.00191688159984569,0.0014829850031693357,0.0006144821568724334,0.005850515690412101,0.008114867048378212
-0.015981597536663446,0.001651724269486658,-0.00042057258693704635,-0.009071668216411139,-0.00259582171225052,-0.000712806033505922,0.004526796266307141,0.0052518940598118334,0.00018110920828054889,-0.0005267448770840371,0.009359943839923914,-0.0025335840162318667,0.02654353632786079,0.004019724107233153,-0.0010898560966526474,-0.004303515766052072,-0.010054340701906507,-0.007025293984166337
0.037471678687176734,0.003406442951260871,-0.0013103846084158686,0.01875099886982683,0.002612882774348493,0.007529826849712469,0.002355121131508063,0.005259166075699387,0.0003049627542242465,-0.0025146591628910113,0.0033342490880599856,0.02574023394458092,-0.023682894082921038,-0.003950124576441503,-0.0013034409087195635,-0.0006145518461170938,0.006443889690175474,0.01305299486873987
-0.030817360718807797,-0.0015063444562444734,0.00031839222808672987,0.05114976920068628,0.04085898000718038,0.025654233868525646,-0.0018825741779598603,-0.013975861410658836,-0.004520003904426677,0.0030181465154520974,-0.0022932928754799153,-0.003662659716779309,0.028623149194531333,0.004992960860697567,0.0018600335772569582,0.010799805052436311,0.0031678380047639155,-0.004923491882757897
0.03232912832982284,-0.0005906236744596478,-0.002844082136936355,-0.11874044046131937,-0.08223963639657272,-0.02327143044911761,0.0059511614155172655,0.0013953003540871946,-0.0024714180809221648,-0.001705078851500512,-0.004648167646466133,-0.0014121101371771666,0.022537056159944436,0.0035291212061078674,-0.0004071019545333825,0.001468170582818805,-0.004387769789867115,-0.0015571919016744706
-0.04045507206074678,-0.0009314635227433511,-0.0004701089686698764,0.03996841304864967,0.043567277390937624,0.017530402754381582,0.0011123256172291106,-0.0016867527477741266,0.0013573979505471867,0.002715426436776111,0.0005086050982376567,0.007649132926385274,0.010985665512736362,0.006061639911654877,0.001180311560811079,0.0013100999043948948,-0.005796535346571926,-0.0086357578291755
-0.04097297846506121,-0.0038698452343037637,-0.009614316814664665,3.8582016064843504e-05,0.0074456963948008265,0.006957011941088108,0.003191561482165337,-0.006945535640269617,-0.0032554556349093243,0.0013657786790819111,-0.005778476138612466,0.00017904846245761017,0.04446018145799021,0.0006529302205879198,-0.0028579530667786437,0.013998287239560245,0.001821717902684033,-0.004364795969863096
0.05783338539559782,0.008307656459523135,0.013156421444779088,-0.023213140393910058,-0.011663235779250242,-0.014662717080088216,0.007432558297684415,0.011927112154785773,0.0034813318784159154,0.0027721131738150323,0.012080784495209365,0.011459392220437285,0.04176585049451977,0.003326491483427703,-0.0007222733619284819,0.0027463820457136207,0.005098738255506288,0.006953809466335448
-0.0425377332960482,-0.006570709675988277,-0.0013923406977832847,0.022409813100565765,0.020819203167530623,0.009782457348268388,0.0004970264324741961,-0.0024958302026205784,-0.0005878393893928209,-0.003574817449558751,0.0038658433079931543,-0.0006961137319015055,0.0419818082664372,0.00020003054997802088,-0.002514153858739757,0.011068752393870436,0.00031224677693806257,-0.008149354233696351
0.054763412688467086,0.005485822304551504,-0.00018875582920718735,0.026164289534288263,-0.0014619604762892706,-0.006792351504647713,0.005794559152265175,0.004708791137014786,-0.0003508524089149847,-0.0028273983704221314,0.002632043840195352,0.0035248673764675274,0.02747350047750576,0.006479700913906519,0.0020750750427991,0.0027078252377906124,0.007547383536843524,0.002223921574327936
-0.046841757807402434,-0.0031192251821478695,-8.672797535242427e-05,0.016718126548774366,0.03152865825340306,0.018667634600836692,-0.002799111795341111,-0.007931105990075267,-0.0007523905720616108,-0.0008493557856260618,0.007889717321122548,0.004830835967557871,0.02254054411706683,0.003996808198353852,-0.0013159327082672085,0.005375950900672032,0.000953252893755599,-0.007454990441369373
0.03697351814167873,0.003873891674395292,0.004422624704241718,0.051361080683286146,0.015390410018678883,0.011724026208640178,0.0038165466661496577,0.004964809899485421,0.0018523541622668671,0.004600420487571861,-0.0015487404737424715,-0.0011655272411735217,0.032021313643386784,0.004066323988265833,0.001181298735351847,-0.0018708668121467033,-0.0037561635249216264,-0.0061277790709241
-0.028881109963255068,-0.0016110965867265447,-0.005910788996759358,0.010568490336389949,0.009217212098045586,0.005273101099736875,0.001985227453741763,-0.0042266943527591435,-0.004481857407213525,-0.002995450468689217,0.0003383514140951131,-0.0048747940876232975,-0.16822351562465762,-0.028750292213228463,0.0006956524487513929,-0.025473860664923454,0.002953278107007166,-0.0010196096589826509
-0.04059910263735084,-0.006353670749372281,-0.003704264578437072,-0.032078114891546945,-0.013271424804066383,-0.018753164301901968,-0.004775068392562996,-0.011972870348702529,-0.002448288887231084,-0.002231267160715158,-0.0032182604969451236,0.0046089833170059324,0.06052716691121526,0.012008876721885275,-0.0028510272198419653,0.014177857295278805,0.006113465376054026,-0.005574286757978851
-0.04684533158678758,-0.006626311558111885,-0.005598552697097578,-0.03704493665095785,-0.041093674996855734,-0.02374329474626716,0.0008573971157773337,-0.0027454556715076107,-0.0022861755447845258,-0.006131442578942782,0.00992827234452576,0.005895664948438934,-0.12404687350656966,-0.02030128583938617,-0.0031040418459476354,-0.0014081710526888732,0.0026596673502526824,0.014653637800172592
0.0479856576551504,0.012879889075449723,0.011337034945781196,-0.09828798169717522,-0.0800279598131033,-0.02825951341054622,0.005927157575984571,0.006009866538801233,-0.00027937211674161665,0.00427087730545245,-0.002966144497601912,-0.0018467915570762176,0.057744042367590766,0.005384554114462076,0.003323557534142602,0.010009888864340209,0.0010641204700132555,-0.003421050079442184
0.032132819444461586,0.0017288782810575875,0.004091732462751298,0.06484467188956866,0.030256188338716423,0.011939311143933153,0.0015261804912975227,0.0049616570213309,0.0006806097273821228,0.007697133638037738,0.003864017641991652,0.026647139511199083,0.013860759987624593,0.0044428335641289365,0.002089898242756141,0.0033061132901686424,0.009952594246067249,0.016690890609155934
-0.044436901890808976,-0.005907279573471927,-0.00017078628317628372,0.034435200255535654,0.02976292151317739,0.013349135619608227,0.0015598107621056462,0.002652178827167161,-0.0022506080282568264,-0.008595812256933259,0.010576524163102794,0.0034797273043629968,0.0017230941172125243,0.003483255994624305,0.0011671465582545723,-0.004071068406039189,-0.006483234395238567,-0.008746512991344033
-0.0010747639590940564,-0.0012984681493665173,-0.008933939054374816,-0.1242552105825467,-0.06600777806304974,-0.01937783414837484,0.004042874717656681,-0.00036539016828106166,-0.0018429401023851346,-0.0020196483083479793,-0.008408232549191989,-0.010135460470489422,-0.10031092315404645,-0.006570163287618932,-4.710581061007115e-05,-0.02143186426366659,-0.003913310288813539,-0.007884630778076884
0.0537062346913533,0.0065952051404072785,0.002264425729140572,0.05468471554642366,0.022468951150159473,0.009762189117962174,0.0021970510484187527,0.009300712421980111,0.003222610705374884,0.0085187741646954,0.004552875794261996,0.019246502803402822,0.028723948825312633,0.0038083854300127807,0.00015464472602570628,0.0034270631061832104,0.009186441560395926,-0.003689869369919746
-0.04187237247914749,-0.004280824077272454,0.000435709611697869,-0.033730243254491046,-0.05633882710028103,-0.025754349999069632,0.0017181613006126651,0.003653877159370862,-0.0016273653949517145,-0.0024054826398834674,0.008838201249491393,-0.0026400743308701486,0.0217550501092119,0.003727868143785972,-0.002044397386927473,0.004083941347241909,-0.00251036383278664,-0.003796245703795109
0.037342239520943205,0.0036339518951063045,-0.00020481958653029695,0.03611106622431721,0.018588295566979635,0.01179958784979786,0.003992609824834939,0.006886634802405805,0.0007452636477318781,-0.0003859128557424942,0.002086321041934413,0.017278993596937284,-0.007848899842293788,-0.0007684242892098779,0.00019981149919975636,-0.0005018828966032627,0.005767216823078409,0.014300917606287572
0.05336938209404202,0.01194584368788837,0.0119228621541575,-0.11750168242540583,-0.0790202286037695,-0.020882654395560585,0.006993578384013076,0.0053036987452730845,-0.00048614603753573517,0.0038966906353429683,-0.001636250419720638,-0.0032842058082545853,0.041005309754854585,0.003159942741277433,0.0008163842244738561,-0.00046450682803243515,-0.00814825686448122,-0.0020813452026115786
0.022702312048377773,0.0013309805279620695,-0.007368375522017386,-0.00928744927200745,0.01252683630694597,0.01746788715777943,0.0,0.004191773238720172,0.0003821612984291107,0.00429660764093924,-0.009529702322706236,-0.009227857324379168,-0.03497345348364089,-0.00250723641967845,0.00038195239082539485,-0.020139186056167824,0.0029191867412463536,0.0011805966310160995
0.02175455211912017,0.0010139744082312122,0.0007469584833935863,-0.0608040574713631,0.005060142581416243,0.009219860714219166,0.003774860189043125,0.0028074178834528746,-0.0017896375192415586,0.0002927607997224721,-0.0041114448261117325,0.001890539036793605,0.030344608128303835,0.004302691591309595,0.0017343893171726536,0.0016586271498919677,-0.002400476949040484,-0.001747107214710962
0.05336928233595227,0.005094058177415795,0.00022921126583056928,0.08593588101301335,0.04972026455857152,0.014994960107605027,0.006891382029705078,0.009390499367788603,0.0038478608453407803,-0.0025094673733680435,0.010710274802306454,0.028060449415729022,0.012281733047334884,0.005455120722518229,0.0014329720160701572,0.0036542661806190082,0.011933139959094861,0.01860826018944456
0.04779206432208523,0.0071170240503850325,0.002234774269859885,0.08258220746105639,0.041749712291618744,0.015108905931171146,0.00466977364433475,0.00861101268465307,0.004490629259948994,-0.004360595967495955,0.010912495771362501,-0.008302285080324929,0.017617828329070228,0.004991295491576632,0.0010264786079527395,0.0007400984424668441,0.010424656879885705,0.012226894975025437
-0.034331424475608704,-0.0026072530799543217,0.0,-0.01855763305508989,0.0,-0.001066129259621985,0.004264228975939723,0.003936469629618655,0.0,-0.004078408546928308,0.0047862681907865755,-0.004511076439203435,-0.16505832663560283,-0.035859090772985214,-0.004818277203277992,-0.02961343045147616,-0.007188810097777665,0.0
-0.024759101393673013,-0.0005773497171065587,-0.003963801444662614,0.008473480446419088,0.01181225520216113,0.010078471693973945,-0.007446589789119894,-0.0035074818956888523,-0.003792727420233451,0.005475994023407242,0.0018823733034876804,-0.012412532075692723,-0.12026949864846405,-0.017061989222990268,0.007957916615622186,0.0013540612507598154,0.004129525596722533,0.012753415388323613
0.05259997135258387,0.00498345712979189,0.004440898443307744,0.055779837410959786,0.024851140132988447,0.01681833990798603,0.003828788564777019,0.009454497505613498,0.004248264619124123,0.00374052723203259,-0.00441980098545942,-0.0028404287303213337,0.03015294580634164,0.004575601865853315,-0.004728679220347437,0.0026786021433024497,0.008051671156197685,0.013956521781538944
0.04741586816616469,0.005009917054783341,0.0011508985332196852,0.08030747682398,0.03394248740456892,0.011693202989757389,0.003402393712641148,0.008911885664269436,0.006498759888429634,0.003692641215115275,-0.005671924863296898,0.03378528204414897,0.0018431538233321303,0.0025062532577511494,0.002862501078090829,-0.012984367123162635,0.009934276718013441,0.013372379070134915
-0.007000926702242456,0.003943861026738868,0.0028082421201499736,-0.03738830204276189,-0.001567738182447223,0.001046863343212448,0.0,0.004062180784464533,0.0010789857392213848,0.003315853127151118,-0.0030522260150608106,-0.003581303611464182,0.07398185825105578,0.009019236812273776,-0.0012649244229506436,0.0171141719772836,0.0035751179263851045,-0.003304142875035096
-0.030278246385848223,-0.0031442609014816587,-0.00020463688844527057,0.03300334633323997,0.03448499303666961,0.015238157064577785,0.004376865354474018,0.006010580725315087,0.0005623296878221693,0.00048314369660322644,0.006293000204573136,-0.004941117512190277,0.036853270865154934,0.005329561756797448,0.002035883194119914,0.007015124362954351,0.0,-0.006350190690743787
0.03469454312725797,0.0020319487227884537,-0.003019023054962963,-0.08482772043205718,-0.06652461381993241,-0.022351516407026907,0.0018455681383349907,0.0038682065713714453,-0.0014751180499365856,0.003806330874289973,-0.0017604997522146406,-0.004656447023533029,0.04634060537725132,0.006180610032935577,0.0014765231291075467,-0.0012203372807091536,0.0028115927717872087,-0.0020173628201697186
-0.08115194200224675,-0.01011022647782517,-0.003501078486014143,-0.010083844993301196,-0.0024643111004152675,-0.004664924439666295,-0.020035661835305585,-0.023280670024945403,-0.0004564614350198302,-0.0011401897924966913,-0.005887813194038377,-0.0006085168585040646,0.016067081377483323,0.004551319875944678,0.0005960652429195151,0.008568197573728375,-0.0029736536590337604,-0.00685905614678009
0.06865731153287237,0.006491855454500296,0.007495899386571139,0.04177377315975993,0.0,0.0007692701454384331,0.004707741740842662,0.012748133120954548,0.007020666481002993,-0.0016259047244889557,0.012812142054602026,0.030489028829200585,0.04159655863807236,0.0082077250435032,0.0028921440574506195,0.004518774350491498,0.012599923652292132,0.013691772905193023
0.033005217608058295,-0.00392148640081828,-0.001525050536728659,0.06784740732313795,0.04619756676633981,0.010662927022509962,-0.00406896150272051,-0.006344627972574389,0.0015069601972123544,0.0024957334828768474,-0.00987361682389646,0.03960345586405378,-0.013638612031872405,0.00134823056932828,0.005208947930313563,0.0024945856610341485,0.009124964224932098,0.014805176894430894
0.04663185278551403,0.005092311852979845,0.001647546408409434,0.025940451322809272,0.022231787483057673,0.01867663893991247,0.001172755543931781,0.006664248185982466,0.0016290586580970095,0.0034798124720512125,-0.008604290130330925,0.023303696422179106,0.003485303718809672,0.0014481342591491852,-0.0035846876092143604,0.004277676376373782,0.009198774013947334,0.019130675927972324
0.04810999567628638,0.005332942995139346,0.0030385555016319283,-0.0013783991409314876,0.004444490362588595,0.0029784740632913926,0.005070006844471722,0.008825562810205792,0.0040408821697110525,0.0041621700559777266,-0.003187824676358422,0.009475725955743244,0.05977537837618993,0.006924117786075985,0.002514029804492447,0.008191032234465054,-0.0008047236776952732,-0.00439895339137053
-0.020571005779303403,0.0005433046718200867,0.0027368540731681663,-0.04675243546002619,-0.005150189837677452,-0.00738395789303261,-0.000941345717358963,0.0025533846204727436,0.0011726003776796935,0.0015639719713664785,0.0004903146802509227,-0.003756875591776291,0.06871159955773351,0.011123597866429236,-0.004371875185849566,0.01899368744216184,0.00729605092226561,-0.002287658343785224
-0.04744961980020226,-0.01144644200199141,-0.0005991121028582541,0.03960021431220887,0.0448644404447293,0.017982620442647885,-0.0029521494075359636,-0.002825657862769561,-0.001965632214453334,0.0,0.006495623744815579,0.006009198433727826,0.0,0.0018719867869839459,0.001505014291049116,-0.003679822304492408,-0.005156549549841239,-0.006746963062734139
-0.040890198122896605,-0.007056526126378152,-0.0022424163972314965,0.03665482147680191,-0.004025940790050964,-0.012917867620772511,-0.00030319796826966736,-0.007156592404339014,-0.006123083661079497,-0.011850347529854512,-0.0024345688192824867,0.00042397698688993333,-0.02072648907232854,0.0046397355096161694,0.0,0.0,-0.0037746801870862856,-0.003977603485731646
-0.07507788057383934,-0.014807596375428219,-0.022069163756098572,0.03237746591840848,0.028212988225200623,0.011343986770619551,-0.01688383750616063,-0.03246635447861954,-0.0072601580882523855,-0.001886401524924726,-0.0007465837225742883,-0.002215909384573358,0.011798901032259446,0.002240512428122751,-0.003494327484199417,0.008007281594547852,-0.0031673806788578293,-0.007253374617141872
-0.046181983157718064,-0.006101472882791352,-0.004453366174153286,0.006364124215848566,0.008103476925402812,0.008917623895239883,0.002992451349462065,-0.0025271773043537907,0.0,-0.0018729637884433595,0.010512420489827538,-0.0009971015528941296,0.025880994350119323,0.003510861738361847,0.0006830719252820326,0.010046104874429442,0.0015747980829185783,-0.0037743327596980736
-0.09057430381217044,-0.01702130805763296,-0.004456084292090677,0.028923861659377076,0.02560280604846544,0.018707862352586903,-0.0035964349657480544,-0.027230542087324845,-0.0003899699499205959,-0.011553291852253915,0.004307508456401006,-0.00017654510470068707,0.03542267823785003,0.003344901153155971,-0.00044331305762692984,0.006610839742493806,0.0003392751463142888,-0.013109506594546204
0.029440114542792797,0.0017093488115015412,0.0010756842704039236,-0.008558004904807062,-0.010059900556707734,-0.012733772511206939,0.003893894679414565,0.003824559151977524,-0.0035548645550427024,0.003574680523528533,0.0008387140904506625,-0.007215932231336954,0.03154633084474501,0.004108672812158968,-0.0009101839030837092,-0.005146046075623555,-0.00848729184915047,-0.005303695566828918
0.054762414761262666,0.00535422943243901,0.0029589464403124684,0.04501603718409617,0.04664862705484327,0.014386363316359346,0.004479177545649136,0.005640849175487676,0.002081047163820675,0.007475660303914672,-0.0039460828695752174,0.03563751100252667,0.009876446456975696,0.002249621859904601,0.0,0.005619518524017962,0.01187396584608933,0.017907570989843524
-0.05483198916942557,-0.014851136780697815,-0.006393427133219346,0.028810131247171845,0.029509299879098467,0.013247964490508461,-0.007726726451418178,-0.010277338679064593,-0.008479086007674132,0.0003596230362189983,0.004315098472847735,0.0024129508357538577,0.03540959222470644,0.0018344515864180103,-0.0027975799116790254,0.010773013676377168,-0.00028961225617233906,-0.015537238540502676
-0.044806366834125054,-0.00453727657263055,-0.005693398572603345,-0.02431585915909233,0.0023409707219312296,0.006849895645555231,-0.0031691390418773905,-0.00278730934143954,-0.0013966769200285311,-0.0004594078011984639,0.004695340501570521,0.005634989212765522,0.02003592061395672,0.0031380302497751493,-0.003339280026252465,0.005835292248085023,0.0011581696914445183,-0.01184824925426503
0.025596132066722274,0.004744799122168795,-0.0015931355570943365,-0.057373325342773965,-0.007311055944624893,-0.011825783399900298,0.003388313927922082,0.004452060122763558,-0.0014868961476030822,0.002806355992541012,-0.002658440621335377,-0.003646846739876736,0.08772014454756033,0.007855414641172686,0.0003963925113269148,0.016042617338033183,0.0031759264640562617,-0.005178945208039534
-0.042691621237526324,-0.004709212166170888,-0.0022860737113545586,0.03377172796229797,0.04081141682675658,0.023794106474848177,0.00026846310935007027,0.0017569594337933409,-6.050402271563048e-05,-0.0012799285025513858,0.006633634142474225,0.012393815328836785,-0.012903952431017711,0.005357217564554162,0.0075546474302583926,-0.004051788687109343,-0.0049510343062337476,-0.009389985898536408
0.07992568826191042,0.0218453862156044,0.02010832302927694,0.02035087288792002,0.017440800656177938,0.020756754552137536,0.00221538313474412,0.002905306342192643,0.0018074127528933314,0.005910045956240364,0.037749304939169934,0.0,0.04578093584636117,0.008006118183433459,0.0038263068845066786,-0.015452142223907549,0.006151723405095278,0.010942251341229559
-0.03551609203632143,-0.0013206061469434821,-0.0004745533390448546,-0.0008948698587467762,0.031824407059791046,0.020112151252316822,0.003921090071999149,-0.00811048454738259,0.001428046607733021,0.0027667401641484138,-0.004277201382314847,0.012861359627331622,0.0013492138825273736,0.00698029270210044,0.0006782505618323225,0.0026892518890069025,-0.0009511034064127008,-0.004799260770335406
-0.07529664486483087,-0.015146979892749794,-0.01938636446865862,-0.04313178809029954,-0.01950859192464379,-0.015024298446759876,-0.013571553685720139,-0.018203489465972642,-0.001009594922810934,-0.001162378795386031,0.002971250583324297,0.004008066760543894,0.041429030746018294,0.007175589188853634,-0.004062054835810947,0.01698100781192395,0.005771809908476803,-0.01610174688992705
0.05030284940691761,0.006721841714297591,0.0028969989322817856,0.08057998094927785,0.05978441883222228,0.01736095763303144,0.005453514170398535,0.007269534320290499,0.004835857802071952,0.00692745053178363,0.0013384253649698847,0.04148630414055875,-0.01030050891633411,0.003081009664452843,0.006919350043465674,-0.003429347445668049,0.01102911661984709,0.013151700676180988
-0.044481628581412094,-0.003520289838129368,-0.008603202850092978,0.03927567672928489,0.025885100457338262,0.00767355227997098,0.0029448575988276545,-0.007504470618817273,-0.006278308184711705,0.001565991045288731,-0.006899231861354429,-0.00404028277229033,0.018624522558116807,0.002806044916608877,-0.0008494413130879304,-0.0038011324219790585,-0.009878488502695303,-0.005213260078013773
0.015228184904625498,0.0019064140215905038,0.0011975373726167047,-0.059541191441829996,-0.01084825206844053,-0.013890114316222424,0.0036283750289296287,0.0018211896812712328,0.0022264099080334726,0.003292621056545531,-0.005342577796957858,-0.002325238605222573,0.07515823357564842,0.007788256610069871,0.002713769522126392,0.015113925882438251,0.004660575691279048,-0.00034012486665306596
0.037580197811108836,0.0041869538329878525,-0.0014335634802992523,0.036467196069618915,0.00323957780552075,0.005636255505306192,0.004547709268524044,0.005044205356531892,0.0,-0.0030105914187300194,0.01201737126826976,0.02661628984518151,-0.01975940293349139,-0.003005214610599174,0.0009671419351419964,0.00043643518595831704,0.00931851586199415,0.014972897375338592
-0.04902750494572591,-0.0039794621629726246,-0.0036574539764430906,0.0014940375373653086,0.034336665976772006,0.02260148008075221,-0.008736405375386915,-0.014584393420597494,-0.0008274937858131775,0.00508048985681872,-0.003094205364489375,0.018447835437935805,-0.03926339780449525,0.0007401331195442417,0.00686909006769603,-0.0005075327287536133,0.001226615996238699,-0.0031406926818021916
-0.034577788377617595,-0.0010969184838993547,0.0027827966834847334,-0.02579583251871601,-0.00581819558130182,-0.000913178368567914,0.0013814426763014023,0.0002359959601095111,-0.0023374528150877172,0.00020101718691539468,-0.00825456552168181,0.00014303764864615834,0.021830676176971115,0.003368421556246523,-0.0014074267251159517,-0.005066991715057584,-0.006676339283592869,-0.0029248832089062843
-0.060562887783168325,-0.009179612395317829,-0.0035226193619923326,-0.034937853749135814,-0.04228553411007605,-0.02148501210623164,-0.007513622136676452,-0.007943424774878215,-0.002940399778484845,-0.006019875919427737,0.0061500450343289275,0.0027673870206201736,-0.1265336310453343,-0.022695401559070575,-0.005632769772006365,-0.0007747666975375993,0.0,0.010595812132191462
-0.0498229492756527,-0.005566272262323744,-0.0023405347901772245,0.016445290020936955,0.007347849129171351,0.005977568076151795,-0.002637694963175515,-0.0017599002439666232,-0.0020608631847911633,-0.0017875965915788538,0.013131513725383168,0.005293800782034079,0.025931122555388847,0.0032687091191431826,0.002181540607821338,0.01023047585990083,0.002818806948848053,-0.0023181041224370202
0.04511059337764759,0.005144087706297677,0.002584061401056272,0.06340969834172111,0.03482503568700195,0.021036276491902525,0.001630982811977416,0.006648123655284781,0.0037021376827725536,0.007319326171352141,-0.009049940740191786,-0.010981654609559778,0.015072237826673848,0.005572088098143978,-0.004998747418081923,0.0006453842529416101,0.007930304415384382,0.013321468412915954
-0.02397073056789384,-0.0008679935679606066,0.0031028720325394143,-0.05124576815351501,-0.004633874991188358,0.01058977503185286,-0.0021551787908398027,-0.00777183168346074,-0.0006213368182036956,0.006068002949553802,-0.00956664447935215,0.0006383649839956278,-0.053157545913593854,-0.0013601403081394336,0.004198826264224823,0.0005443976566777548,-0.002012162541311755,-0.00059171179570916
0.05105801226361131,0.004059005770636451,0.0016039667578217165,0.08933025858125576,0.021277959903226475,0.0070212421987047085,0.003948586792239358,0.008939598965058587,0.01091453286895974,0.005117279810181685,0.012109680862609436,0.033300033435520494,0.02065762399233616,0.007188320153578772,-0.002005726124481553,-0.004232334187324997,0.011882700470448006,0.015472368588744956
-0.036597226404677725,-0.0027123344208660623,-0.004876159301124861,0.04041374733812694,0.028669230532013496,0.006366709135454658,-0.001066431723663734,-0.0016733138042495357,-0.0007076349940206573,0.01103171649502395,-0.004389543182513259,0.006930856906814448,0.048825878517383625,0.0029408261492970007,-5.001855078171787e-05,0.0123548485154227,0.0008632734744197953,-0.008795636855662217
0.04519998109666618,0.0038000518876504063,0.001027305225834223,0.049365104866928966,0.01114965337219629,0.006530581357316732,-0.00011259693329748319,0.0009530460855149525,-0.0009089566612147627,0.007355544025707802,-0.007090765454738796,-0.009214810366056966,0.03587905040708502,0.004242599517547381,0.0005610586674079273,-0.0018575585801932555,-0.005088893366077705,-0.005600186137287466
0.030129780574164634,0.0007888090680072102,-0.0011098981010891258,0.0602025517569308,0.03229218840039642,0.014973443228122883,0.00020156789408450016,0.0021485870338792284,-0.002018086985530443,0.01029236436940187,-0.00463117023641427,0.0060853826095590355,0.017410797903845508,0.006784766657966928,-0.0013153799222936607,0.0015805911610401657,0.004794989419956916,0.006492862556880308
0.025330442425813143,0.0012942037461278247,-0.002046802518675547,0.008329322040236344,-0.008337307955435627,-0.0030903831016249605,0.004091596688105049,0.0012185643414511086,0.0,0.002116368906794482,-0.013746184171410335,-0.017618802293344654,-0.06104932931101601,-0.00734251841855123,-0.004627688846099035,-0.005013074700744801,0.002073932641455783,0.008512960485394641
0.004671490894766474,-0.0017394176346325202,0.0020979791693478433,-0.08345335705090905,-0.034162608710733115,-0.018138703088351978,0.007555710078209183,0.0023339306772496918,0.0023260345631886505,-0.00039469759483147976,0.004627788074829165,-0.009188162449666326,-0.13512945646125693,-0.008777339245567804,0.0,-0.03184773546119457,-0.005994999586301503,-0.0070831487070688315
-0.048618291766862914,-0.008112192512158679,-0.0052626964380544415,-0.06646740032132048,-0.057421746115994904,-0.02901350669423482,-0.0013221325986097507,-0.0008979790110667602,-0.0006473244863742288,-0.011009611498490678,0.012520235048872223,0.009944283174753413,0.01589057503406862,0.0015049235042542543,-0.00458412624401069,0.007561179156929707,0.000895515279425359,-0.004912664006035572
0.033607542944212906,0.0037104363657054344,0.0021557934790882275,0.0397244838425322,0.018419978594684697,0.01011579537965638,0.0013381402365996882,-0.0011014538756811331,-0.004211231191749778,0.007384129413454622,-0.00574775323400997,-0.0040645152133971215,0.034587706670917207,0.004337283560060303,0.0005394924156089291,-0.00023113027265570297,-0.004884036579125311,-0.0050893421075344225
-0.05016756933022748,-0.005123761414174853,-0.0021677504967601473,0.04148594488958224,0.030141503152017305,0.013402226982995173,-0.0019649527368450766,-0.019513359553178594,-0.01042791239588787,-0.0005740687622366637,-0.006444855668909274,-0.012303525947771784,-0.0007784207204090252,0.005469158434286738,-0.0030284170881719353,-0.0007209226477058805,-0.00658073411851912,-0.005103186875527927
0.04937992246885757,0.008551714861903656,0.00501717450686889,0.08865646228903017,0.07306090419154353,0.02055643406273462,0.005672812320782802,0.009320714429750484,0.005039667706888986,0.0,0.00996692279676696,0.030625340143813056,-0.022411123684212334,0.003189124133849163,0.00864160046166043,0.002146473950528278,0.012959014340002663,0.018403775791042798
-0.03226952051868897,-0.002475200808601507,0.0014526415571817592,-0.0026293807374384317,0.02951751367139418,0.012064259518954904,0.0030060553902231816,0.006021600188757946,0.0023027503430830686,-0.0026652991123813762,0.009448489348834398,0.009322192846198861,0.015077520196861486,0.0031324768544724714,-0.005322772828813521,-0.0026020589744946243,-0.008150720460746861,-0.010161797161171271
-0.0845107096681266,-0.019552962728109344,-0.01739407886066181,0.01942906135211894,0.0014521648952330914,-0.007528940400267444,-0.009624414458546922,-0.01748887044846966,0.003972138261727062,-0.013368756149144205,0.005384008188157563,-0.00969975929585365,-0.011456456116095418,-0.002213852704209287,0.0011558551154208351,0.004211790996013795,0.000999837580762098,-0.01158472472655131
0.06034095011246226,0.01096626321145594,0.00391995080160491,0.029524770112021422,0.007792088292462892,0.0044770805053086105,0.0024412767807045414,0.007640507270641729,0.007869702088644003,0.006110542853502022,-0.007404689892473904,0.015233579966722947,0.039741154467067684,0.004430044765315459,0.0028493644190823115,0.0017860557605510823,0.009024338637933383,0.007934723932023269
-0.06306985093448532,-0.01069772464691724,-0.004061931045687389,0.0076598144862148245,0.0069402790627943675,0.004180517864482791,-0.00992444435843809,-0.017207415616996326,-0.0015728186805948619,0.003858802497913168,-0.008745352119653806,0.00012070000439124073,0.033909427151368084,0.0016563558969475694,0.0002451646280201846,0.011513991245359283,-0.0002817896678111743,-0.004760021345512039
0.011390896877245748,0.00019040013348440744,-0.005475499433976667,-0.1336760846282396,-0.12020270011250611,-0.03049007065396895,0.005362229373027157,0.005191722753561938,-0.0015274671668397957,-0.006628966551394169,-0.0022081203607686247,-0.004516650510685315,0.04464192274094319,0.00407248762431649,-0.0018923161480083528,0.010119676710479463,0.0010840810472263053,-0.005439324008359586
-0.025418084598011502,0.0013812435998736329,-0.0007710749202934317,-0.07644337925689655,-0.1141402641277806,-0.03764010385826515,0.0028535268692535835,0.003963751930325847,-0.0011373220304506104,0.007105057489479194,-0.0008623219764627702,0.0003662297933725295,0.045135130539033626,0.006059245251240485,0.0,0.009437158443739548,0.00400660092720797,-0.00938095733851127
-0.0341334679841045,-0.0017378416331793286,0.002995763037780211,-0.0751976128943564,-0.09975876566018811,-0.03192746708984061,-0.000471259815057338,0.001522200937804533,-0.0009992690858050945,0.004628886100340981,-0.0004944657378286348,0.003541874460060396,0.04593891536086914,0.00574304735231777,-0.004358052952260615,0.012266681934803148,0.006795041683500212,-0.007185893690612677
0.03900523987596871,0.003061240002400049,0.004115750627082115,0.02580657166219011,0.008542825113082875,0.009924800963403538,0.003829451098613559,0.003392776631170153,0.0011152491539470116,0.003475840257035687,-0.003914005576587446,-0.005506097677620763,0.03632640636324083,0.004603996839140201,0.0010658090290530785,0.00017337076875585946,-0.0036832893538477087,-0.0034372218732678095
-0.032930743767769624,-0.001585304721373965,-0.000712284029973066,0.048336986140277705,0.04446225424132195,0.014137013807587124,0.004360912526916798,0.007143101449258505,0.0044475511527698654,-0.0015020606012983687,0.006097624851566098,0.00361741938423062,0.02044398979440744,0.004098998522634268,0.0012271304779848176,-0.0015231993262383788,-0.005760602524834358,-0.010722737664373025
-0.037812491194974825,-0.0028868344806002315,-0.0017382536506232778,-0.005889906096568328,0.03326699337345271,0.015759799059356122,-0.0027660281300188245,-0.01027681004979607,-0.003442750948751906,0.005888915365837275,-0.009523133602161525,-0.0036470400162924572,0.0031718138345498974,0.005209454745970325,0.0007636895079045486,-0.0007923578329164162,-0.005620217475503516,-0.005281840006783847
-0.04238130405873996,-0.004214235887183175,-0.00262558706285787,0.020848852261918564,0.013119964581861572,0.007601123129954014,0.0033895179655882616,-0.0019171234732869732,0.0016279297094844787,-0.00335220354423282,0.01076634361695988,0.012958889140793675,0.0024175753909657246,0.0026541593189893923,0.001540345831351948,-0.0008285741210955769,-0.004179790317976922,-0.006156237882636414
-0.05067458765564862,-0.005980070951044601,-0.00420685427681496,0.031174331851106008,0.028177699115046622,0.012452991951535887,0.0031354913576050213,-0.00040659106151832715,-0.0030343512980099455,-0.0005391143596128394,0.009511797703306273,0.020619749334263752,-0.16390514082571642,-0.03700660071959354,-0.0025492099414893272,-0.01975499089352203,-0.003881001178605471,0.0033453276786809816
-0.04123639823889457,-0.00028821858064849475,-0.0005137590447379023,-0.0880855303557374,-0.11344624565628493,-0.03816557002935966,0.00384948320842049,0.003478975998504634,-0.0019478743650144174,-0.010168838982825482,0.007049146649725669,0.0,0.02272309734167956,0.0008488059801478587,-0.002517570828985,0.004878276069283271,-0.0021479386583014505,-0.005210902060780842
-0.0274338839248872,-0.002185958644976029,0.004486542405447275,-0.04535396635501374,-0.013281066604133623,-0.013295182156748294,-0.004386349913102909,-0.005089500698395375,1.5481107307456692e-05,0.0055845426562768745,-0.00506496305234059,0.0008338265145558084,0.045940103719815724,0.0018365481798600712,-0.00165580763917091,0.017085173757629208,0.005656536901754357,-0.0019400781894163138
0.029995696517330334,0.004249198244548596,-0.0003440830721196567,0.04878137257662382,-0.012349053629518167,-0.013126088962772234,0.003737355107946911,0.0020307634201694657,-0.0024153787118829486,0.002500475870605689,-0.01152296037401376,-0.015918933610595553,-0.027636333617906517,-0.003036519697930627,-0.002530687619735666,-0.0009588835358150127,0.00530268978170618,0.009427022697544862
-0.03317223348905141,-0.0035447893396852318,-0.005025027160175579,0.016731349358358155,0.024735305487041365,0.010774758097595968,0.0006076488509345096,0.00220549227376717,-0.0014377173029498562,-0.00412356469750068,0.0036960850532230445,-0.003996439536605669,0.033465080576408505,0.005014665590385197,0.0,0.014700950885817821,0.0014495916007282123,-0.004544270115519666
0.049352420286338045,0.0055321693801097666,0.0001620698577495216,0.08474187747263914,0.05773812370281455,0.016486011279773286,0.007016986658570958,0.010372628374036153,0.004831494152568944,-0.0027360333455865964,0.011878048712525012,0.0244397567297527,0.0069150916202635,0.004184243973423999,0.0026499149080767225,0.0027989140500770354,0.014121098574142517,0.01931607149072634
0.05537351096142352,0.014604014783024904,0.011738155729755253,-0.07512734135263978,-0.07204001998846075,-0.02120126524673181,0.007640314874480967,0.010550404870245758,0.0019091162859339776,-0.004279765571459275,0.005542495974514262,-0.008566346718273889,0.06160435651232841,0.005608514582634821,-0.0007952334270312052,0.010237154259013271,0.0,-0.0028181053577487035
-0.04533533686083875,-0.005187761365223764,0.0,0.00018159568357194788,0.023318769865358666,0.00951839294787876,0.004193776282089123,0.00435015483228267,-0.0028762497421868254,0.00024034550511867306,0.009279445662669309,0.00493693509961346,0.021125960279174086,0.004760366601017393,0.0016465146736320605,0.008177753831070843,-0.0029036563216298127,-0.005347236698324195
-0.03254223568742778,-0.0016577516662380726,-0.002082531137566304,0.0043087354957611285,0.017352826902941584,0.012069073491790245,-0.011995616682218435,-0.007818857906895764,-0.0004848819121440433,0.005295531231725914,-0.0037587575546293773,0.020185350151126876,-0.11358532981382377,-0.016072098482951998,0.0072917640230544725,0.0031280695332593336,0.0026587353309515936,0.012210295487701292
-0.03596743615866207,-0.0033725661342725046,0.0009357475876240132,0.002747957054675195,0.03230215773588731,0.020064600183186985,0.0033599133069526187,-0.0007003223456531286,0.0014032584671718855,-0.0012899613843349001,0.010340184665248432,0.0034192051710125433,0.0025946328772785527,0.005214540375155711,-0.0010042525449297202,0.0025991254924687857,-0.00375942964378461,-0.005617636529430335
-0.03588216370464058,-0.004346012601366031,-0.006694270236602456,-0.0033843504327082507,0.02182816408131502,0.009160568969632101,-0.000868292355437615,0.00642047661147247,0.002814217937869327,-0.0017998714498080972,0.00853322270977484,-0.007160843686359831,0.022725842984444605,0.004006014984284088,-0.0017986580838742175,0.011319741425037168,0.0027404025805932404,-0.008870587898388963
-0.01813741907182902,0.001573761057153558,0.003547531688292452,-0.006908073323194792,0.027874947833793923,0.011682550836997489,0.00042403474139360433,-0.00026435560552657053,-0.005188286155735507,-0.003596614618615233,-0.011139721691655852,-0.01344767806860194,-0.0005984841429566983,0.0023348432863448216,-0.006379964053953726,-0.002724911585482111,0.0038721850666690563,-0.004241466793782473
-0.03776594271288378,-0.006341991389380401,-0.0017865262299548107,0.03236329966327831,0.035551133581485206,0.015927510279237868,0.004669715368864075,-0.008144185648099773,-0.0023122967656749333,-0.008401018689476639,0.008928463831670123,-0.005205317987141489,0.035833989895026654,0.005429921445175042,0.003183240996297402,0.01118841161787391,0.0045933402577271595,-0.0020659110997586633
0.04829692636450466,0.006006505193354266,0.0,0.04988582666806383,0.01500517252626569,0.008621566684605182,0.0028468158910251264,0.0077106742469946156,0.0,0.0036060657201378438,-0.008281195701326786,0.026183530697347763,0.016090869151709302,0.004318520456458497,-0.005689884050584251,0.002090196914396395,0.012593671271241075,0.014681567976404908
0.031910098917785214,0.0026891054013926537,-0.00011216739364041708,-0.06839013818618496,0.0011342696826603647,0.008869082387535074,0.003807434226911913,0.0023678450565377367,-0.0019000328330862249,0.003522468518278916,-0.008235826827133357,-0.003763262788818906,0.03439852764519345,0.0025178600124009967,-0.002032893073648991,0.0009671042569340335,-0.0013971293292020192,-0.0024611886544761655
0.029249167641203694,0.002235764021063528,0.0017013213349902445,0.058339285567303806,0.027670931756425227,0.010787091344512273,0.002207495400920805,0.0029683155632148485,-0.0004599735000646852,0.0029095674338278877,0.0027202235533155257,0.003421313865475055,0.02547785880368849,0.002746570770108934,0.0006621274600382106,-0.0034809513354702886,-0.010325020666888474,-0.008636103337923862
-0.03882167183268726,-0.004539779536998131,0.002133409757462578,0.010970878829059961,-0.0015833958079246324,-0.002969039633918908,0.002829905567880566,0.004856250452648377,-0.0003694160352325083,-0.0077665145081680315,0.01173696174658333,8.431938282719424e-05,0.03649435879960301,0.0014487403030420784,-0.004013321686397222,0.008781885369549958,0.002726993870577952,-0.006856819217762218
-0.043222583318452905,-0.002703249442316857,-0.009400669471594342,0.03325716122127695,0.01853148053601768,0.008511795514019815,-0.0068275036560166555,-0.008801193716763689,-0.0027445501677481696,0.009421923172759243,-0.010735105024955265,-0.006866927715229243,0.013714891547716265,0.006387021060167615,0.0013978595677382063,5.2300456327541784e-05,-0.007663097126710865,-0.004231622182149166
-0.020018958354514577,-0.001684479017394323,-0.006251962088539479,0.03112420640857202,0.02979378796740028,0.012775219224326295,0.005064306884043182,0.0009630826355416915,-0.00678129550460753,-0.001447354987308069,0.0035723203108352676,-0.002095077407935316,0.03797416529980404,0.005525956365830439,0.0021243348912666367,0.014529363714777368,0.0026577343970503463,-0.0027256288437160076
0.02898237600739675,-0.0019203429372095866,-0.004822121070586667,0.05823201378747702,0.03462549406047095,0.011820672877767486,-0.0005160410355846713,0.0008692830026486208,-0.005240931677175599,0.006510027537553434,-0.00417669053514725,0.027748056503359868,0.011450923284401629,0.004531198948891523,0.0030100540896513066,0.0011982069628111351,0.004298701607149622,0.015525814531578946
-0.04719897403823404,-0.004187399684134044,-0.008364531719818108,0.00010928966551078147,0.021485841431831094,0.011260895307981121,-0.0008451898112925638,-0.0116540745035286,-0.006139991972750105,-0.002298833134274056,-0.018642230226058234,0.0007241934935146595,0.011019843081260661,0.0021459031208438326,-0.0038700133977746035,-0.001720773941311524,-0.010560841273012706,-0.007186973466614094
-0.07081805935209685,-0.01108327603661418,-0.004594075423627326,0.010554713349882679,-0.007132781309576722,-0.012098642996612221,-0.013657679082073514,-0.023740863734472758,-0.006035964672629308,-0.0011583103003117057,-0.00822549460209934,-0.0006842681295320406,0.035811747639841005,-0.000715190206718795,-0.0021479041245381914,0.010252183376192396,-0.0031815980774379657,-0.0075968916250200025
0.031354551187840356,0.0030480371517119516,0.0028423824074587504,0.027610935858021175,0.020019150546359058,0.011944799285913788,0.0015306544034950124,0.0028278480054963312,0.0010211917282209968,0.00781585708343706,-0.007282312599091652,-0.007688003363219425,0.027991429433313064,0.003605334499953474,-0.003031410387336884,0.00047274416418829044,0.001860934338905573,-0.0036639161250328345
0.015153604880942402,-0.00109977807281368,-0.007334838769934381,-0.0017680881940510301,-0.011903541751891374,-0.007694017062322225,0.002480490419825834,0.0024580526232394193,0.0012792656517150462,0.000771835523575703,-0.011027231877263514,-0.018883222790077408,-0.15932020440201475,-0.013534429106751147,0.0,-0.02637532126207437,-0.0038557221461179686,-0.0022117487054483242
0.053266775323693644,0.007535515492704463,0.003532773707072047,0.08061978640896202,0.05313681778772807,0.01354615614914527,0.006925436034675505,0.006355781762609381,0.003204354422420492,0.0,0.008208759773568438,0.02702389105083174,0.01137806530853225,0.006280009689427656,0.00312051088412452,0.0056682624504061875,0.014774483840252945,0.024010900860091944
0.012936332288455244,0.0012781026346917069,-0.0005036546770308247,-0.09721604262997685,-0.009877726069434885,0.0036886068727075044,0.006479088193898005,0.0010539651108731098,-0.0002008099567604966,0.0027776157244591678,-0.009832072179204131,-0.002052030863772549,0.02643038293366153,0.003420346287988091,-0.003127730635388709,-0.000656994288120203,-0.007141361002901972,-0.002540116642458859
0.047216977248004645,0.006374656192964254,0.0023547602468011685,0.08495778003023614,0.05302274775473028,0.01550646873042202,0.004086134543048957,0.005186010554662685,0.00469917050622089,0.005261762101074964,-0.007257790626310352,0.04327149206142304,-0.0016367783074044424,0.0025701838203941525,0.006737097795511497,0.001373917528016029,0.008672697685608684,0.01319226200315804
-0.095324163190623,-0.0189023380914232,-0.0207808961392796,-0.03200221344719933,0.007301758220998471,0.008359820184846186,-0.013669528008222482,-0.02673721392685559,0.0002701144394148071,-0.0016187660325334655,0.006129722223233816,-0.004444117680715166,0.02315975558256982,0.0008908724120384569,0.0006413340903344669,0.0049248527515284544,-0.0010656872358972944,-0.010754985045819815
-0.035688372469420034,-0.002293399093561091,0.0030037786103090203,-0.0008606895151025581,-0.002047828363636748,-0.007981830315764701,0.00010937480701324886,0.0013653879547898037,0.0016224637787107272,0.001341524094189077,-0.005890196003633023,0.0011128685837547947,0.045036013429204165,0.0011361271561370406,-0.002089891457085482,0.015388467714627591,0.00463854364142603,-0.003555085497138989
0.044573849774960816,0.004674070314201572,0.0026218882523857184,0.053853476556274524,0.011078944236885121,0.00880517898955699,0.0028797786174214516,0.0075415712342317585,0.0014734732888420084,0.008027698999608113,-0.0075591691228509205,-0.007435959682060555,0.03684481869879314,0.0033571036684945724,-0.002448340067019757,0.0014364383961529466,0.006123455074414458,0.011918741887858242
0.06872602866403861,0.008041470551840332,0.009978039336977464,0.04377577625182111,0.0,0.0,0.004292521515743211,0.008319867709593212,0.009834237653061673,0.0039171235270358765,0.005074608538078404,0.024696140695042616,0.04541358512140392,0.008809510982270233,0.0033145988163979204,0.002616517464066896,0.01132261817618249,0.019185302003188853
-0.05147227321738892,-0.010211453430219225,-0.00454216691154894,0.039499548853891994,0.00853762056400366,-0.01452433818752538,0.0,-0.0034786718862281126,-0.0006156580533875118,-0.007174596604060963,0.00503125967332566,-0.0016999914482238021,0.035577793413931975,0.0048322464968461,-0.003261837975412811,0.010270843608059535,0.0011094728058499844,-0.008323586420120136
0.06079839346115547,0.012388666919790282,0.013265366962591158,-0.09895747224526488,-0.08311447147382837,-0.021765704037103407,0.013210483165092745,0.008394814297817282,-0.00039803560248936345,-0.0007798912139223417,0.002603440589026006,0.0007469974065932417,0.050949501554400436,0.0072138517325942095,-0.0007424982970719408,0.006005465922934983,-0.001832917872817178,-0.008014592992087809
-0.019094733607308186,-0.004078910487203756,0.0013480376983373995,-0.06039676716307022,-0.020501614662902398,-0.004408511263088073,0.0013591697422273316,0.0006633644759089112,0.0009624942611989915,0.0012669245437453556,0.009651955111097522,-0.0020467223336240086,-0.05034390850560106,-0.0018307248725531824,-0.0023099202663180328,-0.004101704578911142,-0.004884863087189213,-0.003444101582574993
0.04269577069175142,0.0067228110796287936,0.009155812018973915,-0.11633268394785676,-0.07325918908929416,-0.019560503489756232,0.0024788113828991347,0.002775441371964146,0.001266651336861431,0.004695149278818397,-0.0028735152908906385,0.0012451704737138779,0.03913924987775279,0.006393031966374293,0.0011365385219463064,0.001109030652397731,-0.0048712950936906,-0.00205603078603335
-0.034268923860681005,-0.0009687751082425847,0.0017309995948629182,-0.02453134608062985,0.0010614992339080384,-0.015681626596480643,-0.016380819397075346,-0.013653174524064336,-0.001013906955527276,-0.004129333474727496,0.011723696853434263,0.0009139596219647375,0.0670721597116907,0.004064362074776623,-0.007342428626594504,0.0248496774712309,-0.0026199340264271833,-0.013658527830886818
0.04474388645564022,0.004191655404417967,0.00043596854055091567,0.04953380474264419,0.03321292453222398,0.017620550832078575,0.0037128166070124384,0.007439341390241524,0.0014006023859139953,-0.0017081137912910356,0.0011997303712493418,0.026110852901875564,-0.001213835475706169,0.0015493079990520646,9.268182384180852e-05,-3.2909270948631695e-05,0.00786657267949146,0.009841991298796121
0.0528231229681304,0.006798964859096906,0.0004616665664116629,0.08440099621092718,0.059479527683308935,0.020312485291315498,0.005876119176102144,0.008994628318022665,0.004524208751093287,0.0017379955471897967,-0.006888264546531537,0.024681685280537755,-0.0035539827006286894,0.0039003047073940954,0.0068343328326157795,-0.01062492184958063,0.011859772736994961,0.01622986103910573
0.039909316957063935,0.004330113703856671,-0.002930539290591611,0.027073372369329784,-0.004534352440293999,-0.0028392010603823688,0.0033017825009683853,0.0038098712436647397,-0.002882908212285297,-0.0057493104659070175,0.004978680019248954,0.004629369460151797,-0.017471155191032962,-0.0021034782454765403,-0.0010123610395838946,0.0021729205049165192,0.007491974315957742,0.019779028691504705
-0.0796642973858905,-0.01688908644988178,-0.005328420035730243,-0.023044791065614568,-0.01215257461507309,-0.02036163246310171,-0.007446699516357519,-0.0032002684060590566,-0.004188892246475356,-0.011029789118989669,0.010132674363287646,-0.0013290227721631195,0.041079293386577384,0.005907948848663751,-0.005850776049845608,0.01062691093057644,0.0020124489290579647,-0.02062895650435781
-0.033258071855830726,-0.004456236502148873,-0.001080561241909788,0.022623438709518995,0.020736367963611516,0.0022489401113766493,-0.01122860675166437,-0.007799370677327849,-0.005453338462897281,-0.0020062219349373015,-0.005294088151496968,-0.009318061806048597,-0.1353491250092986,-0.02714814008516646,-0.00020993589084598784,0.00124117324324261,0.0006133627507409062,0.00924709062931972
-0.038689885188126986,-0.0014603419347842686,0.0021747211780515953,0.00974549058233021,0.03743917742866338,0.019334396718719015,0.004940400677650032,-0.0022002338506140248,0.0015854595626327757,-0.010350612854546772,0.009416851069584635,-0.003962181383829671,-0.015446161143038028,0.006084880361432418,0.0029684649149086,0.0012155625635585686,-0.002533849031848682,-0.007756665416978999
-0.04728811290888388,-0.0038260922813359495,-0.00635565466751651,0.012137970893344077,0.008515064671659231,0.006220291881653756,-0.00017871094580178715,0.0004693281715955403,-0.0015625533613527246,-0.0040298876019032185,0.0043322740825422245,0.003108901825543536,0.03316154357943431,0.001696664145101248,-0.0036467246448422153,0.010165087338350412,0.0012692635107121228,-0.009021374812446067
-0.03503936341855229,0.0032153246470904085,-0.0012482343212932101,-0.056594119432512136,-0.10097321689529531,-0.03580015129702222,0.004247589365600837,0.005307279025684067,-0.0002629001284820188,-0.006931939519261249,0.0029835579109958855,0.006244184704466396,0.04888555900905126,0.0043030514216786196,-0.0031702899638987917,0.018085216956913647,0.003943438916133554,-0.008698718262269978
0.040875292093069296,0.004056118640844379,-0.0005576166949967114,0.036231952113875386,0.014152598245594054,0.00910349365700637,0.004390605938029921,0.006036103920129521,0.0,-0.004341484975897835,0.011868680250890072,0.012104933939419202,0.00618727194218745,0.0038709223363377517,-0.0030447619913368746,0.003794949384306429,0.009895974035031374,0.019558774045192157
-0.05754124626504868,-0.004506622684423599,-0.005569978802657103,0.035839679066326464,-0.003026647215500716,-0.01608725757271686,-0.00552441455169476,-0.009252794744097698,-0.006941743632111485,0.0010542525026327196,-0.005161480809467704,-0.003785085185476087,0.023975347176908562,0.003394625555881974,-0.00033956289387011677,0.010887824095830464,0.001257019438218825,-0.004983206253760086
0.006822387283008543,0.002605057602304649,0.0,-0.07061936977046347,-0.04963594661337696,-0.03073663375395961,0.002469693225382477,0.0022051881324906134,-0.0033346108704775473,-0.0045109282904671364,0.0005813350283749247,-0.004770632071081854,0.03866362322821708,0.006214051812256204,-0.003940155281705028,0.010144663997500542,0.0009073057988732301,-0.005771443436446477
-0.019587888718096455,-0.0005897131088760923,0.0018419181812488567,-0.018383250271007835,-0.008017796615557592,-0.0096928748846594,0.005047576558899886,-0.0007062528739064567,-0.001722847610761159,0.002302938243760673,-0.0018469893541356677,-0.0069764920764913895,-0.11060679659752029,-0.015358130175183045,0.0031922604607949167,-0.0038677941674362098,0.0010464245995246016,0.007480110391870187
-0.0709397603512334,-0.013116679754992592,-0.004321568382590983,0.015171826993613148,-0.003206378032719137,-0.008433540431973969,-0.016778721218025847,-0.025258973224296342,0.0013304966267692591,-0.0001530303650985966,-0.004573311751887875,-0.006379022056832546,-0.017732581616633856,0.001617402900027038,-0.001452881366717238,-0.00011976414318088006,-0.002133510565651282,-0.0034638955649604897
-0.09208132165767291,-0.013877670819786143,-0.005312366308222654,0.027953201810850505,0.012723676578474234,0.0020263334154518005,-0.02239108322086155,-0.0280578877506142,-0.008613254301239399,0.0015490980394760568,-0.002614067264761713,-0.0008253098409720436,0.03126844587160168,0.0030109105084394983,-0.0018080801502866903,0.00972422831131725,-0.00025062063642723357,-0.017221175514722353
-0.030544428552571744,-0.0032834120340754645,-0.004211169907152673,-0.04429027772000152,0.023717226190870737,0.01611649875996106,0.00021234444898864306,-0.003769635622560585,-0.0023943700522322947,-0.0010106086341686517,0.010080337491419691,0.00091630457005483,0.021622092450623822,0.0038636838411161925,0.0011601706795085702,0.010461063752539385,0.0033103580248714723,-0.003665403594027337
0.05455573673804308,0.008336407063100255,0.0011977777758165812,0.08426020056273345,0.05566778541314107,0.019997430498559027,0.007088064413030523,0.00762077720201133,0.0020906564710808156,-0.001749946150394611,0.011724576831073898,0.02827435766409947,0.008907149310162602,0.004406001376282075,0.0034898752540804888,0.004879486439244165,0.016461897027108218,0.024204999703700325
-0.02366847177855824,0.0,0.0022741934311805707,0.04282578356676265,0.03223185418628131,0.009453308299961202,0.0036379357571577945,0.002879656830182882,-0.006157053247655675,-0.001300737552874037,0.0,-0.007338057944650449,0.04093128789435009,0.003964713770238336,0.0,0.002403354153869125,-0.006123518646616866,-0.004371213684580683
-0.03416544774881996,-0.003182840795118442,-0.005607917909830878,0.042219550386497454,0.03180463729049116,0.011528552293081522,0.0014262906076337861,0.003316531299585355,-0.0014368242653275943,-0.004452890944911634,0.005298595652568919,0.006425582294949134,0.039012010831905995,0.0052408475435474,0.0015668815149067212,0.011631547765677399,0.0001611827040892759,-0.003620743320696909
0.033323675501759215,0.0029953101123137934,0.0036910207445963496,0.02557597955479883,0.027718630825358217,0.016227343951005623,0.0030296326989743233,0.0004024137747719822,-0.006224984858123213,0.0017213187031328882,-0.010230866201775045,-0.02178173062519773,0.0013840451649156393,0.0012822081452707602,0.0,0.001343709945298314,0.007200374802758546,0.012486305872698819
0.032555790672818,0.002139124752778771,0.0025612589187216433,0.008052940929860149,0.00969445796618341,0.009995486690977601,0.002225421732295607,0.0014656725341286373,-0.00018427411751679106,0.005990734011281584,-0.00873956831290004,-0.007423309556600826,0.03442528925232281,0.005961726296386622,-0.0023977365854256335,0.0009014441070583174,-0.00371152668621749,0.01234067908591105
-0.04942736784737069,-0.0031601246842514895,-0.0013823150063052435,-0.023110862010551753,0.009294299889558672,0.010492820536228777,-0.0005411279413655064,-0.016854987725196592,-0.002549196869127412,0.0013607029767543587,-0.011125417250374551,-0.001738695810805813,-0.0021623205871811883,0.0018754734775512213,-0.0019196498326913215,-0.0015452458307109117,-0.006903081819654555,-0.0058205599939754465
-0.03496686956400349,-0.004284602216811862,-0.004136781813219522,-0.022362664029535906,0.002996630635294418,0.005383949686001286,0.00152637017485493,-0.0012247077468511044,0.0009261647983249145,0.0014004028064359372,0.0029003314804377095,0.0021278921208172374,0.06403598029323201,0.010976386802881377,-0.004853417763315782,0.020168290435789785,0.006620265222025654,-0.015760462721766837
-0.010309558533834697,-0.0020026715367496067,0.0006939415639201831,0.05144234292506779,0.035453561431783825,0.015672225913773746,0.0034072837188156247,0.005120822922419608,0.002075831718494514,-0.0024178093896334856,0.007092246513812535,0.009785755976015179,0.019993892071393203,0.004163433643027132,-0.004175145191852215,-0.0029166358326944584,-0.008694059831651562,-0.009776227292603717
-0.03700126395159471,-0.003906313518121675,-0.007378275184365642,0.036929072260550845,0.04354744525446707,0.017725466301723825,-0.0011160760400417092,-0.0019864209691201214,-0.0014338246405540842,0.0015073638992515203,-0.004334070199340593,0.020153562050636967,-0.032552211135250475,0.004554863020218763,0.0,-0.002708747322819772,0.002038318387058641,-0.006990130856412986
-0.03128491567571607,0.0008197959224926085,-0.0031181534341538715,-0.07209114011631929,-0.10821280236230657,-0.03794445543823718,0.002272388226503546,0.0029049454364786145,-0.000522446338678446,-0.0031078435013439628,-0.002268677835607831,0.0012776886897295364,0.042992533149766296,0.003327488567787989,0.0,0.012115959717475276,0.00603925439026982,-0.008280069787803712
-0.03265869788329466,-0.0021392386934022145,0.0025532805252022664,0.031191246607702748,0.02523322576247695,0.012650747387471205,0.00041688412253277626,0.004446333087446685,0.003598850084474919,0.0020132825636477404,-0.002425834682139003,0.009366573911028131,0.0487499957968759,0.002356058310429554,-0.0007409509933927106,0.01015923205714918,-0.001429657418364598,-0.006840272453549276
0.014510597487135896,0.0008030040733539383,-0.003973689565568827,-0.10630492476797412,-0.09975295573618179,-0.028939874300010233,0.0,0.001987820224993381,-0.0014710642558112955,-0.003149976407344228,0.0007912983081721816,-0.00689216648921954,0.047612937751789146,0.0030967202634070265,-0.002248944768718621,0.00902841693410778,0.0026080563645065557,-0.008912146147456917
-0.027293188194633316,-0.0033021196523357233,-0.005406349261000378,0.02020055354988003,0.025358649295823148,0.008650401664825261,0.0028537963199056827,-0.005048376538222466,-0.00907186512499933,-0.0017246804764492983,-0.0010037509736074586,-0.009774448613087398,-0.11901518494364688,-0.024690849283267414,0.0029508283130176547,0.0009383173651267972,0.0031897565305031065,0.007654992332701699
-0.08924605276127086,-0.018784792822560497,-0.01967478799593324,-0.03679517659250274,0.011901340829964541,0.01391845053442521,-0.021143642249961955,-0.028303898329628322,-0.0032948690972084836,-0.001465038694375254,-0.0019332481688001469,-0.0008780357047766154,0.02372476135225094,0.0032244352566290625,-0.002338492183131508,0.005878954562210779,-6.333896891967096e-05,-0.007715969403586709
-0.03611465097453532,-0.002868232263952967,-0.00527206563875554,0.0013334174945979333,0.004960651634273332,0.004108452259758036,0.002145693651055587,-0.0012702828533135409,-0.0032592863468045934,0.0,-0.0031071009723632206,0.004908494381748801,0.06382582180282101,0.003983754419346733,-0.00319975631851517,0.022018024857274835,0.0029524866849265385,-0.007811191686096466
0.062049994221919334,0.010310684361411061,0.00989872859811542,0.03817372614830389,0.00527714182171672,-0.0033704554248379574,0.003165358121732687,0.009143615321052274,0.007283190598712091,0.008265714387766868,-0.007508397950085082,-0.006375535933309946,0.04327766621528077,0.004149258029522925,0.0012710806538832522,-0.0027275070887500994,0.0061241024764277,0.003569768267944168
-0.042030074474780854,-0.004840446587287896,-0.0006545471619634871,0.041085750020938006,0.041537253667681184,0.016740067731191074,-0.00022476384331712024,-0.0003013442095861426,0.0,-8.412730801331916e-05,0.006181046117576849,-0.0027638451413581826,0.020251053696052627,0.0034427629965923336,0.0011717423198160724,-0.0013967824831285984,-0.007703739077794791,-0.00812388302048142
0.017462315137574135,-0.0004039440366573138,-0.002273067930617575,0.03368930067845676,-0.001364866185859422,0.0,0.003632512019215819,0.0029674677731453734,0.0019250708694738693,0.0002382218157406627,0.006595391597274823,0.0027443628994396467,-0.1300100523394313,-0.004491995130333588,0.004566657018994497,-0.013683032622022135,0.0009050941346236757,0.0009596862912173432
0.044996893949843145,0.005272938203198545,0.00010736325282073472,0.08209642455672062,0.042555124370633836,0.016456215214463752,0.0033446640315073846,0.0075749046894784304,0.0038638935485508425,0.004781687714771437,-0.001317933972218188,0.026356607876996764,-0.01825953742525196,0.0034349581903124365,0.005074948246334305,-0.014367670796361797,0.0053173066457518235,0.013264447366564985
0.04387746470961245,0.007992424583428612,0.012834455496139114,-0.11042043115780749,-0.10061968344080227,-0.031068337102470932,0.006607149510512462,0.006589880790294789,-0.0004172177656724614,-0.005204559370296866,-0.0002972082598073409,-0.004857301645035141,0.05112156655573601,0.00935281281983805,-0.0017999546687419608,0.010173765687705463,-0.0003603678517838322,-0.006861628923375662
-0.025568989844919548,-0.0007238086039457063,0.0009247875871074849,0.005767280366254608,0.01833392764940969,0.01018293245794191,0.00027920043805611266,0.005858256299019531,0.0009727230537014137,0.0007533748308673711,0.0032324275761668724,0.007168505958758156,0.049800095635496686,0.0031726932519739273,-0.0023264918885300134,0.011410505652959506,-0.00027608034873028304,-0.008574621287445447
0.008399560649118978,-0.0020442940424556725,-0.009399270095433856,-0.05313483763064082,-0.026938943050281723,-0.017045446509182313,0.004393620089820277,-0.00045996015792771586,-0.0006517407142382824,0.0005921346419932522,-0.01144406001658563,-0.01046679707752289,-0.15131763162130826,-0.015011180814164204,-0.0009450224800277996,-0.031756558803661156,-0.005361478824833577,-0.008457904233003355
-0.04001404982034923,-0.0017832665504320753,-0.005468913143164826,0.01406346820293637,0.031350695032717105,0.01713872223572021,0.0018430986514684398,0.002163887526044783,0.000788105339330167,0.0017280837907902107,0.007729757317119805,0.009027491106996344,0.009043731759467892,0.004867511731385361,1.0765375406863394e-05,-0.000859529461656891,-0.0020762886381729506,-0.00735329705514913
-0.057938439776908296,-0.005222838348083289,-0.0050415098782203216,0.01634384854260379,0.00660845621265565,0.00728938670267831,-0.010218628916188433,-0.017726227944749495,-0.0056891684072901405,-0.001849017714810964,-0.01238332345308019,-0.006318030379926508,0.018724583660816686,0.0018745646992552412,0.00048393780344314024,0.00226290095232127,-0.0023645585859802844,-0.004134597379014046
-0.051601993782082724,-0.0031846333527432535,-0.004436403614115662,0.029237911857047258,0.020235943598189955,0.010540473822893621,-0.02584296265612423,-0.023525174427500923,-0.014795455455733192,-0.010966043129879699,-0.003565897051903804,-0.011916319765224405,0.02279132799386772,0.0028414587227919602,0.0006326208705256547,0.010947090052771247,0.0008471715766576857,-0.0069450870897249176
0.04905707438683312,0.0034866669523692727,0.002084606793703351,0.08780539274842926,0.04966265791538334,0.012776482080201497,0.007360999041385952,0.008711746728989337,0.0037998299271838586,0.001994724293232837,-0.002119811661407887,0.04204615757198168,0.008460330853611508,0.004821763818338924,0.005137190190983445,0.0035372222280494695,0.012470814887866452,0.015136853196220879
-0.05770024099878867,-0.0065944361438614926,-0.0031939993804289135,-0.02562154530926203,-0.030485096091474026,-0.018538640436891508,-0.009901598157026154,-0.01033044314733811,0.004451548167547222,-0.005897231193215295,0.012485317746589505,0.00597299085393158,-0.016404996018247818,0.001362265842339356,-0.0004674479232280582,0.002243705786060767,0.002110872961599377,-0.005904606687174685
0.02888305147074548,0.0016695618323857996,-0.0070206759836732285,0.042125918988242084,0.013118406041446446,0.015700389536648682,-0.0008444343305441496,0.0025247215361123183,0.0005357107373060746,0.0025146278063877103,-0.011255292908736269,-0.015461318971284464,-0.00913254358450012,0.0009832875825817086,0.0011209904526901413,-0.01794480172803282,0.0028477368552539536,0.0033751666180215356
-0.011891775468517838,-0.0006798513004008519,-0.004448423756715697,-0.058011273662927965,0.00820153122362177,0.02475309872420514,0.0025575428100259256,-0.007625392836320293,-0.0023671484818191878,-0.002392355651520744,-0.0029927478803247424,-0.0034122412496170973,-0.05257457282342952,0.0003889324009213964,0.0026264484240830707,1.2996034862825201e-05,-0.0025131161692001315,-0.0014290334118420567
-0.10827739141761802,-0.026787460494371012,-0.023856131072769314,0.019488168469806496,0.0072026509296099165,0.007045127617357549,-0.010727056059198497,-0.033151195870919754,-0.001667221940137821,-0.002002930352717601,-0.0008934666392692753,-0.005744794479153365,0.03298597936585418,0.0018463970670464876,-0.004906766718005985,0.004179526348867412,-0.0027860002529333547,-0.026737664879565415
0.03341749962000412,0.005075855490371743,-0.0005016002333918264,-0.05254294293711506,-0.010011803042422218,-0.017061054657498624,0.0057945316421439295,0.0049594345063192335,-0.005226775558742967,-0.0022043996945613027,0.00040421378208366535,-0.004441362848754059,0.07683705276261393,0.008482803245408038,-0.0037023343060773543,0.013068010305800373,0.0018837475852768201,-0.0034038816526675703
-0.037712672958127864,-0.0039761550041144626,0.0,-0.060598131651327894,-0.008938804137245888,0.012313149581247828,0.0005616179038810781,-0.001424904382546273,-0.0028919050314857985,0.0010779878623413698,0.004890625588807372,-0.0020075566176452927,-0.07747009543418301,-0.004051692218715824,0.0,5.153593610814307e-05,-0.006682074002712639,-0.006805671591877616
-0.0353956209429545,-0.0036623495899609894,0.0033469089422792785,-0.026133552188060884,-0.000251961770100651,0.005886814710864979,0.0033208859570516454,0.0020235118946832537,0.0010573040263446918,0.0005595172124447939,-0.00537662601416498,-0.004009727554955689,0.02252583922267233,0.0032633166452488336,-0.001190910960768289,-0.0050849241569862515,-0.008393527280244693,-0.004280916702816599
0.0471223192122338,0.004546402629435066,0.008420900320357472,-0.06581643453159658,-0.04956558412673577,-0.01671185174898277,0.005643744284744129,0.005190310550285217,8.026694994713077e-05,0.0002759228047801335,0.004699119185728036,-0.000270407084018165,0.04547200873093861,0.004809343866031967,0.0007604449923112482,-0.0010221537982876162,-0.006156340861621326,-0.004325316846931047
0.028778400153599847,-0.0005181632335948912,-0.004423938182490176,-0.04139001713301297,-0.0010133724689360298,0.005696718257237062,0.0029571080184397818,0.0011117473104872786,-0.003491716583210729,-0.005148413322743031,0.003996839729923296,-0.0012897395533948096,-0.02687391354589058,-0.0029405338780676277,-0.003550710726030282,-0.0009354119078924009,0.0044439058164368024,0.01558541977786855
0.046750540859552145,0.0034455868796945794,0.00019953915381363033,0.03866718665813437,0.007885076164048755,0.005880685534277314,0.002118847264565724,0.007245638960234389,0.0,-0.0044353359715802905,0.008715247565137148,-0.008812523861667393,0.04082927790185248,0.006140265050894232,0.0009425846367512745,0.0014652692199709286,0.00950934417999166,0.013944121079553784
-0.04527774394994263,-0.011638111802321535,-0.0036193545543108338,-0.02900199739827441,-0.005444067652618417,-0.00393333024227946,-0.012826868754569632,-0.009801573247922225,-0.00211138650048343,-0.006479138026283899,0.0026729801203657145,-0.0003770951924005399,-0.09066457576933257,-0.014004895978067958,0.008531893741576464,0.0012464204337355091,-5.068345416522987e-06,-0.0028417869242115534
0.04684667751545293,0.006548829608271702,0.0029186460496275447,0.06394360786059547,0.02218963867448271,0.010471953044607712,0.0032398550171392057,0.005701212819120083,0.0026341724876939414,0.0036992752645386325,0.005811032337601812,0.020877229640834136,0.019902731329724206,0.004351479904427956,-0.0007628496459912928,0.002051174349202914,0.011688428190990056,-0.005603238161932922
0.04031903025538723,0.002325947082957836,-0.002372764533187681,0.0015716648775309162,-0.018989442464894358,-0.014604067394112966,0.0015896950370037763,0.0036271767507014227,-0.0018271334388291862,0.0032333558196345562,-0.011201272830472954,-0.020295707968936056,-0.007523713274072028,0.001828037992269169,-1.817630581565187e-05,0.0,0.002177777030004672,0.012580516783270872
0.04005893729788261,0.005129419601526788,0.003092094202179549,0.02655812384181034,0.009968641622740871,0.008384875448604221,0.003548094797417025,0.005553716211114908,0.0021576727582613754,0.0018151893293162863,0.0009670368388027533,-0.004748120207263217,0.056509473338028325,0.0013613780533034247,0.0013139201636764171,0.009095747754544062,-0.0022437970622836653,-0.005119183557033502
0.04833863205910776,0.00411362756610231,0.0005949334353229453,-0.0481185850462721,-0.030686396734562176,-0.019623497316522624,0.006952941410454434,0.00597762277825234,0.0,-0.004664241997071056,0.0013367059745441048,-0.006842494250550198,0.07412216883180885,0.005241194682366685,0.002935118176160163,0.013404329519267894,0.0013264080151155488,0.0
0.0693848548986167,0.019356361528992273,0.01916677382471061,0.014840821407732312,0.0173290703848015,0.013401773833955353,0.005111077468492348,0.008083858429189216,0.0040179547757120985,0.007958822694532509,-0.0039493424906509485,-0.006991360318057159,0.036899701391731335,0.00582555854316516,0.002245398024681392,-0.010991821891011689,0.011168186950480902,0.0073006459495637
0.05207228683355919,0.006233508045008695,0.002334269063741517,0.07352258057988816,0.05160911780453856,0.01458107084608223,0.004653083651986251,0.005900654207873289,0.0037607504893242575,0.0024803818780538807,-0.0024408237134780986,0.03956805785875016,0.006248216126294539,0.0051074591305032176,0.0019944375946857424,0.004951190644656232,0.014155594473814889,0.021152887355727068
-0.01851974623207024,0.0018710542021043845,0.0014165353131512341,-0.03500603274736989,-0.004549819044918426,0.0038883052835465225,0.002335587918201903,0.005517468874848953,0.0024514580303384615,0.005279008700738864,-0.004574986424744709,-0.001653926347508306,0.05328559953713702,0.0038151876413130646,-0.0008151106972752299,0.01705583345557626,0.00532082892888097,0.000499155745281879
0.06657499776081782,0.013868011197992261,0.007521755261980991,0.032843374126479676,0.011964496513855656,0.003994828584659791,0.0034404129800652255,0.004910728360272243,0.0009869379678488532,0.014364140538727223,0.002075146499097211,-0.008790021941291542,0.05061953881326579,0.008920446284052615,0.0035364941595360244,0.0016577429923562705,0.009711879567101511,0.00464773090731721
0.05145066890684066,0.005651166518066787,0.0034779055620196633,0.05797737666092491,0.030052780859343424,0.007818890766123965,0.0035284146326260003,0.008940497006004943,0.00488847753035637,0.0070468560228104235,-0.0036061307832245515,0.041789060630103764,0.024963987745767486,0.004043463934214117,-0.003979605990570974,0.002224002556177024,0.004017610896721217,0.014400658459739424
-0.039643456037122125,-0.003094914911244486,-0.006759978905990443,0.03517122878246413,0.023915632891500976,0.009953073592952106,0.0013948726765576646,-0.001951749265754093,-0.003346942065486405,0.001402741586694257,-0.002812357405465077,-0.0031916566520791604,0.021531298692196464,0.0021175632078501007,-0.00013332677086828605,-0.0039406206675185575,-0.01035018505492253,-0.0047939493306923715
-0.04425933405186489,-0.0007971700996653346,-0.0007110186418389422,-0.05703327883997849,-0.06281475451865756,-0.028013515987709233,0.0017240183672708837,0.005420369466086122,-0.0037594776980598927,-0.006360137312711935,0.006172528726931749,0.00128103440217409,0.029802651723014082,0.006501665311428815,-0.003272825720047024,0.006849973076735076,-0.0008132650749494963,-0.00720727244954536
0.047609118797599236,0.003039391854032802,0.0006322623334589604,0.027266450909844312,0.0006034457035338734,-0.005765891282235022,0.0032010994982257434,0.001763185497395896,-0.00021103117940073063,0.0031292803487712696,-0.00789827114160703,-0.005385579786723414,0.039362462549277215,0.004098853623267056,0.0009750926660967146,-0.0006606896646999943,-0.006345061772862327,-0.0058300828150901485
-0.027714196985049153,-0.0026265256693181545,-0.0066883303282105925,0.024411965757471833,0.028279961767154606,0.005604660241603409,0.0015887506654859221,-0.010274937367080458,-0.005703760554365285,0.005060476409921198,-0.008984871449200328,-0.0044408935254662395,0.019009827543639574,0.0,-0.004869152028729802,-0.005853025031750777,-0.00967808929895079,-0.006452538227536426
0.02414557102172074,-0.0008202147259911646,-0.006149620100070409,-0.138070477013576,-0.09288189778832373,-0.02374022132036674,0.003123668280251206,0.002712878968893623,-0.0015912918562019636,-0.004995339399913565,0.0012722114436422237,-0.000991829104632774,0.022042484151388424,0.002544855497543946,0.0,0.0006811652290741078,-0.0032498788433318886,-0.0024266901703142163
-0.04118080879005132,-0.002233751115274752,0.0,0.0005164846842451047,0.0317446971497656,0.01842773333211951,-0.0016048964174098308,-0.0028108698231945574,-0.0011673099219927097,-0.01590429550414993,0.012804928231123437,0.006334392391154801,0.0063868144504957295,0.0033019200842576936,0.0012879586800343486,-0.004453814461129902,-0.006546367197483143,-0.007511327314946979
-0.0428299954578457,-0.004155428141565746,0.0007810013840943525,-0.0019562148020495756,-0.01178352544121678,-0.013271281159248135,0.0036556851275309525,0.00566299982143154,-0.0015439573711529264,-0.01386375929787892,0.0020296682788705804,-0.015601107936245775,0.0083790772331736,0.0026892039008839437,0.00020564976181668888,-0.003325161367584,-0.007761378043754368,-0.006384312659000427
0.04907962844696374,0.005363447261430523,0.0017149740891911,0.0624129805599015,0.03468682109277007,0.015034650838106144,0.0030086716616623027,0.002084815436147061,0.003427970926975006,0.005008520326634041,0.00048594811223247715,0.015428537486620236,0.024083615158770305,0.0029631682357812708,0.002008605904512867,-0.004455871753484677,-0.007838799027044277,-0.008110586712488155
-0.05167839555118724,-0.006168482561087801,-0.002390206374302723,0.010336754784859382,0.036562684359938445,0.016781340989242315,-0.008357708068923162,-0.005206905045835921,0.0002792586136897358,-0.002550941667243815,0.006610930324608575,-0.006366296847369834,0.03125778973652303,0.004619216555644325,0.0022907176528719677,0.011404844534824848,0.0012337160560544356,-0.006818578954779594
-0.03408213509676959,-0.004229929671205595,-0.0057545744151843384,0.03078290099454242,0.020843810392934228,0.007081239414335153,0.00016057926167990086,-0.006571489990821053,-0.003258283575795946,-0.004801150517892599,-0.004915719567660157,-0.0031288086016234644,0.042226261641025865,0.003930014047925807,-0.0007176274532369253,0.012878855466128155,0.0016760457768006044,-0.005157745964600592
-0.032841452901012785,0.0007547505970027852,-0.0007715825281056957,0.04501466072749838,0.03779268833763909,0.01191110588382834,-0.0007086511960607632,0.0010529644152469252,-0.0015110349059910115,0.009193328916560163,-0.004235176765524305,0.004890637246610797,0.03551624477604931,0.0034803327809913263,0.001621057172348644,-0.0015815057974373813,-0.005499016602199702,-0.0022964233351358415
0.047487245784102176,0.004536508893364178,0.004730726974763105,0.040639604256796164,0.014602441410412987,0.011676191790379372,0.0021926145285742936,0.004229625318753441,0.0017011103634917894,0.0036639027847918016,-0.0073791685162618095,-0.00908067604300726,0.031352575867823994,0.0036246484973887333,-0.004450244362943987,0.0029302597920678173,0.009879597337271211,0.012377955280335612
-0.022541192581908686,-0.0038560895273215424,0.0020584415111774834,0.034257021688349945,0.03352794252291023,0.013805412207595699,0.0018393724106175804,0.0067696690673602275,0.000554322319986422,-0.005233277244214981,0.006029820505417809,-0.0048192122195385495,0.032953831178503756,0.004727448297101809,0.0012091646916544347,0.0039508333580276596,-0.006435902478362359,-0.009394394578168791
-0.0539048598250202,-0.005615024653825576,-0.004360310849069767,-0.00032739492675834704,-0.0034286051593414957,-0.003098331589510249,-0.0016751974484132681,-0.01115937340478199,0.0007635135656704768,0.0032702479045511887,-0.007785288276143956,0.0034204562703765225,0.020035260469171614,0.0022549212392900483,-0.0011565145465221912,0.007625661883254719,-2.5300667522762592e-05,-0.0023231465695585166
-0.04282926049730123,-0.00206480209658786,-0.0015568181216385141,0.03733841394392604,0.03352731478235719,0.01587401534110594,0.002180719565277123,0.0030191626219526857,0.0005090141821010775,-0.0014636804473975884,0.009590651347714179,0.009482299865761806,0.019828850530397058,0.0038907272449955252,0.0008439016183390901,-0.004066393306132245,-0.0061800283408602495,-0.008216747879921826
-0.05040363841150738,-0.007634148030979942,-0.0028035526750636633,0.004719222135407329,0.00218597701847352,0.0,-0.0126309412545144,-0.019451474540269235,-0.002356105742944806,-0.0021672425407194633,-0.006075870577176637,-0.0022481776303517947,-0.06265519478521221,-0.007457843927078602,-0.0012907641611203517,-0.00518671065844982,-0.005678210106838884,-0.002814163208337439
-0.029948091980511064,-0.0035344794819343476,-0.0026648531174839796,-0.04032385902064371,-0.006283285821246654,-0.0008215733160499344,-0.007423262982538907,-0.006307236269522875,-0.0015007217714048417,-0.0012302651560623414,0.0024896458604396062,-0.0015088496863160153,-0.11300265668039595,-0.01986129393476861,0.006663324840428744,0.003386248623467771,0.0,0.013794451401818147
0.032033785750343366,0.001962287542256439,0.0,-0.06503536054733497,-0.003692492778060511,-0.006397623790655276,0.0032930863747515347,0.0022017882700508633,-0.0002636697999957554,0.002978623492822241,-0.008014788331825267,-0.0052743961865202235,0.037177192691641055,0.0048047604495261515,-0.0029337552472829776,0.0005006878412115301,-0.007134641457520508,-0.0039391932670603605
-0.04385196980488521,-0.005310645580799449,-0.00485694005141614,-0.019870943595659742,0.000563923346765205,0.0038191620545304397,0.0005902846216003617,-0.0031749494892395528,0.0,0.0005368435360385105,0.001584540830576379,-0.002090349162272003,0.04867265325804424,0.005201241481943377,-0.005886049850893105,0.012316876777947771,-0.00011405370145101342,-0.01679500189682535
-0.027293276515434412,-0.0022656551017835136,-0.0009334509593326795,0.04712094352824796,0.04034192347365871,0.015257642424225781,-0.00029005466834091894,-0.0029645717146489416,-0.008582885700931107,0.007756789387940529,-0.006237256112514447,0.005279016027435952,0.04068441170384613,0.0061397008332362895,0.001960417282025708,0.013240924035570123,0.0026465746368795023,-0.0031683728825548096
-0.03714453658035746,-0.00306976404436442,-0.002487098334779668,-0.0025061200938168338,0.030098305316547065,0.009041633886476141,0.0021840900058722602,0.0035409730100136364,-0.0022889081144107297,-0.0024444028220284306,0.0034731985501415337,0.010032715390658203,0.020437994080404812,0.002635193321781088,0.0002135672461739012,-0.0073671088727907735,-0.006986405956269903,-0.009278755355000577
0.05439052660496525,0.007302385229524353,0.00031240799512467565,0.08448491197103865,0.053823405481776006,0.01850538096066767,0.004955544572398404,0.008130320911972883,0.003700003828345654,0.0015910477468677462,0.012524278272229445,0.03144264421074562,0.008089086520286438,0.006442018111622871,0.004836397900293579,-0.005416610334183637,0.014574791023838128,0.019097464117667773
-0.0122771048347198,-0.002100939307970736,-0.0008298624663085468,-0.04859480215297571,-0.0063579063887894485,-0.0012762609840543209,-0.0017617643446635669,0.0009593476619019993,-0.0031428699537833023,0.0005348074519486325,-0.00725939325024094,-0.0049697204483721445,-0.15499882969345244,-0.028067926852772873,-0.003812445219723834,-0.030230073221803166,-0.00962667491405949,-0.005053442386965423
-0.04196674147447972,-0.00555439102799838,-0.0056707109201778365,0.03576297493662626,0.021502935101653416,0.005162237238055094,0.0020493775104608565,0.0024271881366175183,-0.0011098793503735386,-0.005372545510131225,0.0039597038718356395,0.006296378052000289,0.03931628163482932,0.003953727991585943,-0.0020470379860484554,0.011150381705147703,0.0005095861175606547,-0.011462005282059193
0.03343778994070037,0.0020025290548067714,0.004938425811771592,0.06974831254810068,0.030339604889769084,0.011856970024595521,0.0025773202347169548,0.0014216539420302853,0.0013107637771561128,0.009147700683553752,-0.00505986808182497,0.016165115503549456,0.015727404956883642,0.006720781443256979,-0.0011337220692600833,0.001508307994660077,0.007890829730944706,0.008271079192129799
0.05261363278932158,0.018357491815249632,0.00019735694650713651,0.0,0.013385663744422327,0.014371209634023881,0.0017662620902276344,0.0016007506981774175,0.0006307389588264416,0.012691303291605092,-0.000499785479852012,-0.006652422140534911,0.038783634377158864,0.0057946347944333385,0.0026189323306575456,0.00014226412570208957,0.00883471143190873,0.004580428214464832
-0.023453916734006392,0.00029505184305473486,0.0026472743115167332,0.03812318497399754,0.030476076019542594,0.012737026242046624,0.0038025450448980107,0.004890605756541062,-0.006107730567670887,-0.00234728469772153,0.015114379813840936,-0.0062528641068737715,0.004844806800469082,0.002995831279978416,-0.004745966605589933,-0.0027193933953555465,0.006198424891485256,-0.0059128036029652
-0.02893052337454207,-0.00048503754130516905,-0.0007421651147581617,-0.04494153482085813,-0.0073881591848905135,0.00859819352091085,0.005127175491031403,0.002363218502018041,0.0016142643654775614,-0.016005430814852256,-0.005648738502205271,-0.0017053992364460104,0.017230269597898706,0.0033059335682328376,-0.0014129593838445832,-0.002651512008644913,-0.006727682755520537,-0.002981769601027709
0.05473054737022543,0.006633212683802655,-0.0007020739421780183,0.05998607592390787,0.017024417277552172,0.005107177571837094,0.0039679546056781406,0.008022538169968396,0.010420287707839421,0.008468154648603473,-0.0061018805452101345,0.018946924168889136,0.03616339526248774,0.005017508173277406,0.0019110816097824622,0.0033026640320040538,0.007481669590650367,0.015550339213646486
-0.018954674826160933,-0.0005805029178337957,-0.0004144297616056302,0.025894829289752747,0.005729813051334553,0.0032170555541214557,0.0030631310914585597,0.004889489304937696,-0.0028758520030433814,-0.003102832268015051,0.00622837742669554,-0.00547092386558428,0.02473263174171584,0.004134776436616409,-0.00037851555304371277,-0.004165131755831386,-0.008632586880568411,-0.008769027068267057
-0.03573944338489783,-0.0022860042381444264,-0.004103912173629043,-0.015243358629902334,-0.020349612986837625,-0.024871224289954558,0.004133982148503603,0.002525931472047825,-0.002831918898797374,0.0,0.008645859133730257,0.004962844875938193,-0.052147681980532753,-0.005850789275904587,0.0010380744348313861,-0.0021419615485793065,-0.0023065393695665863,-0.005166486011438931
0.043279806223536506,0.012370225880798526,0.012208340459685114,-0.12420532521081382,-0.08524851143207746,-0.02846641199177526,0.005872859694107834,0.0031255962741789513,0.00033815092514384267,-0.0030098187940081037,8.554822222812418e-05,-0.007097915736521131,0.036628179622695906,0.005291693819230926,-0.002621942888096156,-0.000668463853789997,-0.006360110735742623,-0.0025836533520992855
0.050043479228505515,0.005656633751721152,0.001282111059550069,0.054838876046781226,0.023710560090211726,0.012448606850617225,0.0029518800618411373,0.008178944983289768,0.004338921999416995,0.008148218266652189,-0.005647460724806776,0.016708610643134697,0.03032225534839716,0.0039618348162465174,-0.0014821429782324643,0.0019682301804172754,0.006901145093670548,0.014981791959330415
0.0540257717458156,0.012438118597293837,0.0035595637775054536,0.022966585758747483,0.009887461513434323,0.008709208567206972,0.0026865574186441033,0.0072158449058583145,0.0027287848254200723,0.00880177621705556,-0.0022280136409381724,-0.008105729592194313,0.054390895177315546,0.006424204855762058,0.0028013157038738884,-0.0006229451710793983,-0.0037134339221370763,-0.005541308112507276
-0.02549937569846639,-0.00032726630980204084,0.003200260268154908,-0.024332602973662135,-0.002727958312851686,0.003984849135319863,0.0007812900675092618,0.0012550507646047952,0.00046470985384012247,0.004460591697932231,-0.005424835635137806,0.002441966851501737,0.051759943317617706,0.0017623198307686657,-0.002513761868251622,0.016428616783570053,0.0044690116129492115,-0.0019570314195657794
0.04450550696255132,0.004119206427378063,0.0018933201891754758,0.0307491120167811,0.016051420760978128,0.008966692267556255,0.004184988577248649,0.005128489056538147,-0.00035342836369191136,0.003555906273609266,-0.004439053861350327,-0.003953373541160321,0.033285831997434255,0.002257704486815018,0.00012828569942866468,-0.0010612109489370673,-0.0025970294977916393,-0.004163995392165498
0.0368512124199934,0.005072910707014439,0.0019547490311312174,0.031871291115928846,0.014074064392151763,0.008452382287355783,0.002573504264651189,0.005425876628223584,-0.003426227921270255,0.0036959044135988234,0.005343629388357821,0.002765226594691291,0.027626614248232373,0.0029821669133650204,-0.0006468659679534347,-0.002285898896557685,-0.007766725321573759,-0.010060195536766486
0.015869174641975004,0.002180914844169592,0.001256755997918645,-0.058178620559179814,0.004334455004745957,0.011226204526472215,-0.0004410546240118034,0.002632488118081151,-0.000634388358494338,0.005622660372390778,-0.004954377111146253,0.00030832855028412417,0.05947534220181057,0.006259935116796544,0.0018617943607923228,0.015512830084818633,0.0028202430287592134,-0.0018618217312453833
0.041910311040413005,0.0020680770369104545,-0.0019914813160737755,-0.0782983118269207,-0.08320281237824731,-0.0243822269090358,0.008445226667485985,0.005464726688502856,-0.0017012337546362083,-0.005709388587853365,0.006095772415148211,0.002298872849415128,0.06129404852582082,0.006697041397356658,-0.001274279537665361,0.007875307844879479,0.000550483899555453,-0.0034666096954034317
-0.046434310679721036,-0.007090336120976188,-0.0015155034150595385,-0.052970803370416604,0.007310194249733174,0.010274624427156097,-0.00571084903687316,-0.001721361069869012,-0.0004414808365625828,0.0,0.007612909046446314,-0.011090609595205836,0.019108237862538634,0.0014011942487147748,-0.0013688171701164973,0.010834381097141573,0.002583093879573035,-0.006460354985430503
0.05444699038969105,0.0059987754776120745,0.005687483664519359,-0.011599913692043995,-0.006767944608236421,-0.007031064794783996,0.004038939831704036,0.00480545325450499,0.0018692593741239509,0.002737629299796366,0.0014274413834147062,-0.004551723705671372,0.041589811766684796,0.0040745349437943425,0.0004283228147137586,0.001140770106701095,-0.004434697002768332,0.008817756779968294
0.022107081217562257,0.0007927329215816043,-0.00011217145000773979,-0.11301502679184021,-0.08229153482041163,-0.0243209782591832,0.006976918949236831,0.004025800387096469,-0.0036592149026093914,-0.011051033397275022,0.00841258529456769,-0.007681137645611732,0.018892819678834633,0.002853588928401096,-0.0011926653268076346,0.0005605752415494945,-0.005811120315132699,-0.0038632946361868703
-0.030462486340202037,-0.0010660816721942972,0.004207578185610243,0.04393971139390234,0.02603604619544841,0.012208177201326283,0.0035075507814732597,0.0033721814158833943,0.002322753928210288,0.008092797984608664,-0.00301875120046123,0.010716453016478496,0.02725346461303221,0.00343780155100077,-0.0007069000381835839,-0.004199794069015553,-0.010251499527843332,-0.006926659778180785
-0.028965004682530732,-0.0035458155793649327,0.0021669142759787683,-0.0396843507033738,-0.007462530063293722,0.004634011544183025,-0.0010135976144624523,-0.009912080170777321,-0.0036241530506455483,0.000424482035386665,-0.0024049634337163592,-0.00024706207868371383,0.04327425030464393,0.004534599457953686,-0.005435725026387853,0.01580136472694967,0.00048670576002186373,-0.013523477441481312
0.04501387724396355,0.002792480441610871,0.0,0.047745016191257664,0.029885108839489017,0.021364526779217262,0.0022954582570238508,0.007268135378428432,0.002045316184703476,0.0013723503290705668,-0.002872939809117933,0.03028998169804878,-0.029383205037985482,0.0021568513189564095,0.0037293588020342883,-0.010966915281997695,0.004897847390584637,0.008798531636838997
-0.03354140288686254,-0.0030848361988650747,-0.005396373403222505,-0.04987381832213454,-0.009387568774277528,0.004806306791840493,-0.0009432116290676693,-0.010813056533119871,-0.005460505883490496,-0.0028816360985389794,-0.011710958194551412,-0.00865883461701825,-0.010784437433250088,0.002313982559264447,-0.0028314514902783726,-0.004473873903530647,-0.0073760289207234885,-0.004138996121260646
0.03874003595294069,0.002735621114612117,0.0016735047768336436,0.02505991023257579,0.016392743222907482,0.01120305543220219,0.0028988167767242945,0.0027851013313399883,0.0018104905892770773,0.0016767229898347923,-0.003981750815361685,-0.00684731585867627,0.03895706220380512,0.0034309545709062176,0.0002975561794099634,-0.0014465240209243176,-0.007454877148801693,-0.005903913311260445
0.03333817917991865,0.008596001183952135,-0.0014647015420542573,0.06380582824923553,0.006284273309971592,0.0,0.0014380287455508615,0.00984435451673914,0.009236010133910032,0.0036070413887487906,0.0029100682005314365,0.009921108194667252,-0.07569080057048914,-0.0009112548350212872,0.0024553775070815255,-0.021345587492747557,-0.002993301503958771,0.009255657827039271
0.01412308617472189,0.001258022375030943,-0.0026493652030355366,-0.11553189877155183,-0.06596714650313455,-0.023744735660008925,0.006556914561793202,0.0014303444350337036,-0.002516371091352237,-0.0028405381743163115,0.008657807123122668,-0.000721741599035894,-0.058967030242088686,-0.0003191661680533723,-0.0007055730524420264,0.0003414810392505698,0.001140244863103989,-0.0034280864227586583
0.03019085620685381,0.004942441143237124,0.001450739066043865,0.04567330330061915,0.024381240591111963,0.015953486350808056,0.004552344866304488,0.00601846370386527,0.0005392164892534939,0.0027938370927292613,-0.0027777809984906032,0.017722282035444948,0.0007341374013380886,0.0021814942903772365,0.0009599922680889093,0.0038717606555568685,0.0078104024465212646,0.017526260779324315
0.05864870412829798,0.011028752207232338,0.0033538964864446145,0.0451362868037561,0.007669813465517442,0.004157370159994495,0.003143691703894673,0.00922263922395474,0.010233429067871471,0.00046923499486376755,0.005398741568875583,0.023835337565269392,0.03870028836007367,0.003855936784366189,0.0004938886330243417,0.0029899567930845652,0.008409734909929524,0.01615661275825761
-0.04580396083225215,-0.0024688485687613415,-0.005851345015772702,-0.011997111199892422,-0.004634119403326151,-0.00029787313124544576,0.0013033626088316166,-0.005420549428384562,-0.0043069145555036294,0.0010369636777417545,-0.007907448110402938,0.0016980105281315667,0.027329524588372133,0.0029832787606469354,-0.0019728955362059934,0.01223835781113374,0.004268207979038304,-0.0035401141352311913
0.05538037799708183,0.003211738397039645,-0.0026259453473907045,0.006363857487413076,0.006430692540702356,0.004960651703618957,0.004007561092182104,0.005572985627459194,0.0010379131921528235,0.0028166528805704167,0.0065685641360541756,0.025051891250776444,0.029755709667719343,0.004675293283326219,-1.1823947773613126e-05,0.00407898051093989,0.008341479369175389,0.019018952992044424
-0.05424303038570968,-0.00911161463190038,-0.004294860654054392,0.02202607070756974,-0.0027424481306647804,-0.012670210257412745,0.00022466375760601495,-0.010217837168742033,-0.0038032783661026757,-0.0008467645615144196,-0.0035575694358409345,0.002760801811637849,0.03337031751527923,0.0027592265569925927,-0.00504846964257469,0.011304830536886301,-0.0014043473993245166,-0.011489728066621907
-0.08412408410158549,-0.01705210867659532,-0.006559283554613004,-0.023145854352642135,0.00287711819983488,-0.0005312197033105222,-0.015784542528421156,-0.023949610798238305,0.0,0.0,0.0,0.0034577011228476336,0.040570941005087326,0.00264417849717559,-0.004152511974768927,0.012454969639821158,-0.00300582738656878,-0.014153581067871665
0.0021644271819033735,0.001376381664825194,-0.0032898909949141825,0.019487627227631924,-0.008162453748275959,-0.005406999505367191,0.0009396476192405818,-0.000887647951179895,-0.0027212704133017795,0.003963094767198559,-0.010166847304757046,-0.01622413412677794,-0.1558479506940806,-0.019383415053434265,0.003423348935354116,-0.024651318720275074,0.0004571362667902494,-0.0009181015420130223
0.05344208649164271,0.004690931440356864,0.003131354911406016,0.044449717586700105,0.022839952723702903,0.021483192722711014,0.005155247194426941,-0.0034375891937626496,-0.0013375183536324913,0.014022232897661052,0.030892225152896212,-0.004753907548091934,0.03316802081844557,0.0063772453048309505,-0.0014090595335729671,0.002506771116406407,0.008912505979145316,0.015578102456732412
-0.020361673492512312,-0.0007600969882558794,0.0013093738952345076,0.030391299710934735,0.010773465270492902,0.0013483676178293058,0.00318158423000892,0.00582261985523531,0.0025302970717506978,-0.0042095967277448335,0.0017193640785498699,0.0010407149753940638,0.048078538828563326,0.001501617335477152,-0.003545507666754329,0.008558838446236504,0.0010944958024769766,-0.010566187042025901
0.038538960708133035,0.0034024521265246447,0.0011674864482230092,0.05465568450270314,0.048339423686986925,0.023465057534825993,0.004769773005776316,0.0024151134968370454,-0.00042274498070829226,0.0020864267808683354,-0.0019716179808079116,-0.006748740797593549,-0.15256002572364127,-0.02553376281331703,0.0008496922689086857,-0.020705175213648733,-0.00786881698266938,0.002248694681721161
-0.0389086388679222,-0.005580552893009791,-0.0026188378592812045,0.0020144206518566605,0.0008655170777299203,-0.001291251187462542,0.004568137769299252,-0.0019826537439505787,0.0013696293592169993,-0.010984847302634214,0.006558528219402952,0.008372276195913578,-0.10423728581072912,-0.008239431129896049,0.0019062234478216915,0.0008377193444919656,-0.0015785029421359039,-0.0003883789326154241
-0.08548909852253496,-0.009771028635247973,-0.005294357452324705,-0.017811376903586144,0.004426587033513673,0.0036689138927018445,-0.015849741595809597,-0.02128518651506659,0.0003804820075938715,-0.00171123620377794,0.0003539428941504142,0.0038615237235960745,0.011760758210810785,0.0014161315187020372,-0.002290439822032345,0.00763644067188757,-0.004388446068467738,-0.014158027641408194
0.016776065952565797,-0.0015241764915506486,-0.00042124695060749155,0.037371334627903444,0.027361238558182042,0.013483204713043354,0.0024794168452364498,0.004187582282452071,-0.00020818442951474691,0.0015256716154186743,0.0008205149081811269,0.00966497518856033,0.03951364175551086,0.003050153013330324,0.001033754623802146,0.00787891804141213,-0.004185011909603186,-0.0070287341125324365
-0.04884702553195745,-0.005068002059918566,-0.0016097357146456679,0.035044430702082414,0.03571153740901261,0.01820017217860794,0.00211564537072704,-0.008987366034688426,-0.0030016314964141995,-0.00030438496669630156,0.009174798995666984,0.00823277724783692,0.021886091422208296,0.004818516642942733,0.00183064966978212,0.01034253442920511,0.002234010903409397,-0.00709978796465173
0.01226135115016058,0.0004901785651767689,-0.004466323244592675,-0.09267640368453524,-0.1036022707197492,-0.029597542357374662,0.0,0.003555716456453897,-0.003774802853611093,-0.006840896562515319,-0.0018161622534893882,-0.0022937551693462594,0.05186010407836537,0.0049408710805864745,-0.0050338188787466265,0.009329236562005256,0.0004284758562067599,-0.0031082534833997977
0.080567808823483,0.024242309025187782,0.020189330762022558,0.030013870939553842,0.018989493162179093,0.019405808280688386,0.005324292884454957,0.003236574600661349,0.0031111791639265272,0.01154125260010927,0.024296925257899407,-0.0011395307669677616,0.04560620078409415,0.006021301854943815,0.004353978302787998,-0.010392728984795551,0.010380550287976544,0.011082652756369937
0.03341514407835393,0.004041623410162447,-0.001996195079078119,0.07460315519991652,0.015666077280994985,0.008087381242799289,0.0004970058373804996,0.007683564398467791,0.004454585848516111,-0.000702610646306302,0.007192089078940584,0.025654463017364855,-0.06117423503515759,0.0012338041111662173,0.0033882992077919286,-0.017814893932086177,-0.0038967511475375585,0.01084461282399117
-0.012679201864008137,-0.0023874539394643833,0.0041543842805838935,0.05179763449460907,0.0374677520984832,0.012224605911535236,0.005030279656655442,0.008011806496227923,0.005528829158134959,-0.0009186842242846487,0.008134483164396985,0.012090836996292865,0.02306807286055683,0.004459585763809104,0.001987376146404108,-0.0013292115837732622,-0.008738165719541207,-0.007475158714814495
-0.030028221171783054,-0.0006992116780126606,0.004344169480249171,-0.026167252502003618,0.000533175934210145,0.008537780722465473,0.003147480077598712,0.00356783556569657,0.0020052285950258736,0.0005242092751891272,0.007376215136184611,-0.0007711773404987924,0.014285186549417248,0.00437891288709694,0.0006504889869787542,-0.0005010014699959222,-0.0063949265259875855,-0.007091775598285666
-0.028301163159135743,-0.0014074448434720937,-0.00091221819126207,-0.012733761904885097,0.007334914634677764,0.01613515741340106,-0.006127814265873113,-0.006229738775096878,-0.0035016221147893493,0.005387881938403177,-0.005710373376795682,-0.011973971789003704,-0.0933291300520936,-0.002203457347802426,0.0012862224402151769,0.0013571235162470516,0.00288455496032809,0.011535559002017776
-0.019745625803308683,0.001816134626665724,0.002619887271136648,-0.03013590945085276,0.009448239641961493,0.0103711054265619,0.0,-0.0012248076960325286,-0.0015132848475121244,0.0033135097801124053,-0.007289793121666608,0.0019683271832023003,0.06273438696899666,0.006673682089359532,0.0010469013821710318,0.015179553377584287,0.001199093388568506,-0.0028656946756667814
-0.0366604930518134,-0.00132624455787173,-0.00317527069759274,0.038808950797360416,0.052926300031800454,0.02118722448954958,0.005590352007643095,0.007320118206988346,0.0019854037530865464,-0.0007102265746748769,0.012408141150816095,0.007378707267183737,-0.007962627700243061,0.007556617669918131,0.007850460576585234,0.002741737505231714,0.008133586831144719,0.02269679485787081
0.05399809157240378,0.005848222697810135,-0.0013148908832833611,0.021928734722040603,0.0031152895951206765,0.0026142269605990446,0.006470315949451919,0.008089946253455164,0.00028114928249661954,-0.003457181130867262,0.005859426563168782,0.003943055176812652,0.03529716741125206,0.002282818438712102,-0.00020778982170049242,-0.0016443130100733895,-0.002078221143218223,-0.005176043608503211
0.05003295120355742,0.004905908808728129,0.0,0.056435063535644106,0.007702340567468694,0.005741821327253399,0.003125406406293532,0.007242661931895473,0.0013341269641683614,0.008274347629639502,0.004585455049059645,-0.007597500200960447,0.040585536731608106,0.005307496260541984,0.0016771026312674803,0.0028735924612239084,0.008568888053328524,0.01368699143888516
-0.0239929843955563,-0.002974832250390658,0.005560703951541368,-0.047605087362874,-0.010063427293271332,0.0003608487524510976,0.00028065101126280843,0.0016911826975380048,0.0006910377631578101,0.005316345914606153,-0.010287646406480075,-0.001295645246094383,0.0051927587614119955,0.003220359752995756,0.00019485565738543666,0.000490306821079005,-0.004742089860089447,-0.00315004792874278
0.03782958844192597,0.0041085380141717975,-0.002627568855857383,0.07200224756437829,0.0130707985079544,0.011797194089356481,0.0018746196188640489,0.008346626932488273,0.0024218166369195495,0.0021771400371196578,0.007684592237817753,0.006373011658093859,0.004746989565451869,0.0037089544288975156,-0.0015193361037603081,-0.013466585014273688,0.007105897105530816,0.009513825161484746
-0.04107883955464232,-0.0038289584672211983,-0.007328079746868056,-0.029244436426238526,0.025260672081483946,0.013468127548255639,0.0019037332212585893,-0.00433971905367316,-0.004313983934472153,-0.001818620253424394,-0.006424086125931361,-0.0035125765428199716,0.006807153371731003,0.0012177891995146484,-0.0012164916088903985,-0.0024474195334599955,-0.011400756722973823,-0.006720743203946486
0.05010717450462779,0.005080137439993576,0.0021583954899132983,0.06428708734618434,0.029815638180948862,0.017759774932899933,0.005665430508632633,0.0032682784997155726,-0.00027210029942924377,-0.0023580310402554726,-0.0031507005532477195,-0.00483158733720719,0.0244411148066416,0.005412505371344714,-0.0012008477644717998,5.146591510541951e-05,0.0035839971634680436,-0.004917394177044232
-0.04695703184342849,-0.003686490983808467,-0.0009458162257807808,0.03454470625782542,0.03664335427594334,0.021223567685364434,-0.0040005088508326915,-0.006025936834620356,-0.0002659097275187107,9.193183931989244e-06,0.0027998768473637943,-0.004048401787080337,0.00888369337737486,0.006518768611929949,-0.000833904781436989,-0.0035963402136504024,-0.006249316763978707,-0.004941229177858844
0.026595754190888804,0.005306439229969845,0.002838717120321135,0.05639209501302336,0.03444589874281015,0.0163078635865257,0.0005473876563219981,-0.0010787625724880936,-0.002291387962069323,0.009424889395714673,-0.006716663104844944,-0.0062094061409817,0.005214458448996851,0.0043107008550026405,-0.003406108084533725,0.0,0.00786968377374218,-0.0021365492769295225
-0.03733141364346017,-0.0016335236628636067,-0.0060187603003041355,0.021157042963602667,0.0344866233516789,0.018974779107701917,0.0016696655819873952,-0.0009195793063357118,-0.002454215331148613,0.0021023419789223514,-0.005109018364351602,-0.0020575911421461305,-0.007883405878220439,0.00356532013845837,0.0018505794020977123,-0.001398049263588047,0.0,-0.003547439412800262
0.052610184055103204,0.007480188411558623,0.0009249567476615505,0.0373294023755666,0.0007324687438341523,-0.001964674804033607,0.004897467856026618,0.00636350730785527,0.006711077890071889,0.004509437997284647,-0.011537776898361975,0.024111742476478324,0.025765585215906012,0.0,-0.005831972396232063,-0.011802764679193539,0.006658996112733503,0.005270874449979729
-0.09496317454665766,-0.020555731159838633,-0.006302621256412149,0.0308202084723281,0.0,-0.01701362799088723,-0.00480028586619914,-0.02101785175919094,-0.0014114681838461051,-0.006936884265356593,0.004223184189363637,-0.0067059656581293405,0.03372487518214402,0.003368368257260441,-0.005025775387481646,0.005951392343383809,-0.0029688172898418744,-0.023112193983502657
-0.04302578341423223,-0.004009477314711212,-0.002138971510356312,0.0153567628219371,-0.0013033671722847298,0.0014036281868327635,-0.0010141338511571547,-0.005298867292706643,-0.0036798959445959413,-0.0017463119472640053,0.005901353427498541,0.0,0.0013324529177075586,0.005122129602550199,-0.0005242620098038494,0.0018799722510753065,-0.0054692966210669195,-0.005380481104324153
0.051243263756158425,0.006199766795123295,0.001832751609514981,0.024272588969486208,0.011667947320491241,0.006930021404404311,0.00260402554698019,0.007020273056422954,0.005344349810115742,0.003510819494021124,-0.002412416717505297,0.013266230368474916,0.04567967924095178,0.004185387169800435,0.0001404297440961371,-0.0008801115546521086,-0.007141752598271186,-0.0054355572639255
0.03703109422484497,0.005138515858186245,0.003957462847187845,0.07922020502014898,0.0521845660108697,0.012158750052556306,0.005262332290341689,0.005865317680494317,0.0027999177770555474,-0.0009148893587567887,0.008375643540258852,0.027808217414141138,0.002046536980639882,0.004397951615494822,0.005295785890135007,0.005317987801197598,0.014978971491957023,0.023277314082823297
-0.09626719682391385,-0.017468726297299852,-0.008358883687979842,0.03304069224116062,0.024343147133851006,0.009828249770627264,-0.02225958115329303,-0.03261101108024779,-0.0017945787386213004,0.007515736961388253,0.0037593552817578022,0.005010312370786716,0.027762964763338633,0.005276220340620096,0.003264622612305209,0.009704040014428027,0.0014372721440799323,-0.005968285495327914
0.03860270549016385,0.004886322468041892,0.0,-0.0009665924808421149,-0.0023104471575210363,-0.0007049261309322459,0.0020360934195606632,0.002833539001647008,-0.00034395967532328575,0.002474889719971012,-0.006070336716565875,-0.003977026618839454,0.0634338517922104,0.0041115771066473645,0.00012416524841497333,0.012355468857971827,-0.0010786132458206754,-0.002702722739795743
-0.03341737947490714,-0.005853716821959114,-0.004219595777655182,0.023517778507673268,0.0031170229656081487,-0.0009245830329715327,0.00197071892316791,-0.002758408087462353,-0.001738901719345406,-0.0007875403433822806,0.011261123140750338,0.008999958293030262,-0.11968017719450535,-0.021207441636527696,0.011340011666169774,0.004327726478062417,0.001744081602244516,0.01737578423287564
0.02879564614998859,0.004002824347461961,0.0026975570350700577,0.06086094378583908,0.02580204343169431,0.016054341104988434,0.0036598490165794862,0.0,-0.0027671369793065836,0.009312822808562092,-0.009445220804910876,-0.013905232140959053,0.009333932524941992,0.0032257387774771358,-0.004200912990970008,0.0019799579531756834,0.007316528702538626,0.005839941935731535
0.047128932576751506,0.00592150671716851,0.0,0.055967807785427516,0.03297412659695667,0.018188873587103443,0.0033410111751537483,0.008640862724729335,0.0010221514005913281,-0.0016658607362784288,0.0031361725566742167,0.031157480462238638,0.003823136166096795,0.004822222994743615,-0.001160537817730662,0.00050808400311557,0.010126813484497708,0.011237246319359073
-0.03492473453321756,-0.004316347803518217,-0.0033845778586029914,-0.05002613600015248,-0.0137024373300462,0.0010272762082379086,0.0013175236254249112,-0.001249230465080229,-0.0015193576409059716,-0.006038372122017805,0.005037743327398082,0.0057230705742261,0.020779968522238387,0.0010572303183254766,-0.0023581360026860058,0.01340159807768705,0.0033918485656375293,-0.0017038508598924557
-0.03095750875098986,0.0011235517027952063,-0.0006720195217016096,0.025582649522447574,0.028351859045499736,0.012666425322621015,0.0009325679787136587,-0.0015215307812244548,-0.0006092152072265676,0.00918466504755189,-0.008687425976618568,-0.0021954738979398035,0.014537814013186462,0.005705034251284336,-0.001129442126874684,0.000386373614004078,0.0005342696209670147,-0.0041925375862521125
-0.012099601200758555,0.00034537367532218235,0.003979222317304778,0.02080889713606558,0.014305505867963926,0.012308461597644337,0.0048390108817334574,0.005917226324779284,-0.0030792672071712768,-0.0005241409130397666,0.014633626011870194,-0.011869698038122196,0.0002331316153853708,0.002328545985932067,0.0018926601006894282,0.0002304184919675994,0.00618099052183919,0.012668331358432088
0.05592545169906782,0.006305123997021258,0.0006836295288088724,0.058170659952065905,0.032923860402566764,0.012422970228943519,0.0053923272450245195,0.009175189100622885,0.006822743386630719,0.002229264537367626,0.006416921031078895,0.02624507918705086,0.02859424320041271,0.0034724050635400686,0.00017294509931178718,0.0013308919666438004,0.005403692496018014,0.010028745137163342
-0.08626955647970365,-0.01672788318943388,-0.015671355663920254,0.017786095436886463,0.03517360509513831,0.018756928696260063,-0.014804519526177772,-0.01730788062630662,-0.00478575570857259,0.0003554180859319623,-0.00034469976300755743,0.007621679293672065,-0.10709039493508535,-0.02104305420799534,-0.0005466157280776074,0.005438241951023399,0.000509868389471034,-0.00652589524968325
-0.009979709777026897,-0.003603365687580387,0.0033514563078307293,0.05013643603680861,0.025903347190556033,0.007064637496791066,0.0002700778191670975,0.004666849857164112,0.0041417813793164695,0.011271972433159234,0.0010135957206602265,0.009881825629493472,0.04156314671279418,0.004938501834720345,0.0008454348902665464,0.005024153471498565,-0.006003442939811238,-0.007099627336724618
-0.042060301472960665,-0.003137347041918652,-0.0031574606484817834,-0.029835491137684977,-0.010081057003453082,-0.003782806253149698,-0.004278433677016531,-0.0018654586718357751,0.00022333457219485056,0.0,0.0013699090826743377,-0.0015211168562089554,0.021077792680193875,0.0040594831978252215,-0.0025847473381159737,0.006201667153214878,0.0037682968398814742,-0.00547980685556701
0.03387229623252525,0.00542305529388676,0.0031522544048804163,0.06194317056817809,0.022334167343356612,0.013781062893900263,0.0027553154424340563,0.005451436767284489,0.0021636343091200423,0.002924023687595967,0.003487348103320591,0.02526342030067634,0.021500318930613202,0.005113840359589243,-0.0033208140595672084,0.0036337761204592966,0.010977938422349724,0.012443726785403342
0.042900850919164735,0.0039450746108790295,0.006134063523033686,-0.11481963350658425,-0.09644836086254902,-0.026492241180306457,0.006792065236597559,0.002704656252153305,-0.0007513145161686273,-0.005868120994349258,0.0003042820041564877,-0.008324581940193919,0.046117936136899726,0.006556986550064836,-0.0007046616657752997,0.0078038598048435015,0.0,-0.008177979427977489
0.04035712144280293,0.005505162058957849,0.0029439441872537338,0.06225630246451649,0.027442034864147497,0.012381265380296495,0.0027819718885847495,0.008743593567646916,0.002425902953142782,-0.0038426284353361307,0.009804434587724268,0.005659482718190644,0.025547037416914404,0.005871417557847017,-0.003190431547354276,0.0033369598009888512,0.008238821185052982,0.015708868350869154
0.03604279318584521,0.007759028825848077,0.0030467975328749967,0.07276034357780858,0.0492851805433134,0.017639474766707432,0.005895489131936882,0.0077661463774569275,0.0013591484066504589,0.0018095170101165596,0.011556535998293786,0.03214294093448829,0.0035822512511762988,0.006530985191665295,0.00723423157297443,0.007241147583175391,0.017826435397836366,0.02761664291553262
-0.024162674080110774,-0.00040250188034072224,-0.004256727096854303,0.052681151359310154,0.03828425916177062,0.02051097744569352,0.0025828785789597996,-0.008879537376608493,-0.0054999477570612035,0.0022728196171921916,-0.0027023652199676933,-0.0048496771146771655,0.01019809537368804,0.006778331433362784,0.0,-0.0002788481431496579,0.0019258426889632138,-0.004595180869870291
0.05279473329150192,0.004209748782605368,0.0018710485641811982,0.04468212650197418,0.029365540660818715,0.01879840364670985,0.0038467829915067686,0.0073667569240118665,0.0,0.0075100834012292285,-0.00507827573008964,0.02870819533436302,0.013594445479399003,0.002771432841309248,-0.0004990613276796196,0.003889320063838112,0.011894667285348689,0.017134594977646994
0.010656196964857974,0.0027363324534773175,0.003593534384861008,0.00236182695711288,0.0011309308993615174,0.004563531477640388,0.0017424270494123062,0.003081000064029991,0.00023510372234664608,0.0015956037366253882,-0.004484200429610668,-0.005105544244301279,0.0631096555998921,0.005742046973774597,0.0013306501079645746,0.01369894860241811,-0.0004713254731731972,-0.0016784800412041612
-0.039412721460464664,-0.0030854479617291476,0.0017811257964853112,-0.10111597399506042,-0.1138722952636697,-0.03561750279375043,-0.0024856068214188596,0.001949886955808872,0.0007683929836503205,-0.016479418644721244,0.005063168326251705,-0.008174568359916808,0.021423502907332408,0.002450579618888493,-0.002777210023325852,0.0077972629383553016,0.00198622213571916,-0.00585179996816676
-0.06480704081965195,-0.010198052489592891,-0.004488375335911345,0.021935360253568608,0.019573899913380537,0.01667915260514985,-0.014656410996630674,-0.013044483575602556,-0.0012765152242948156,0.0028833530365867366,0.0013875699732064965,0.012276646210540887,-0.1070271491335501,-0.023705582191664243,0.0025475496798403915,0.0014918587820955188,0.0035881963558235257,-0.0011987765584809684
-0.033205797033473025,-0.0015597152205988369,-0.0015334450007987238,-0.03099345220708962,-0.04961154662842548,-0.028411001627500054,0.0029632988849382647,0.0043141207807061155,-0.0023717316231785467,-0.014359466861403278,0.01044241101542983,0.006444988822171093,-0.022232533336980206,-0.0034598208203449003,0.00112053030613854,-0.0025878128782053423,-0.003067968367339304,-0.004792614089481062
0.04139908906367421,0.003922631249089386,0.002241737488423213,0.039050441710680256,0.01567453332162337,0.016023604050366402,0.0026808077214160305,-0.0036833344685540197,-0.014699189664351409,0.0029078061704489277,-0.0015672136377164114,-0.016989287576790878,0.03271925072655599,0.004547614799497232,-0.002759590870507202,8.22668992077073e-05,0.006739969881649229,0.01631701187970891
-0.05740577712252228,-0.00670459182940635,-0.003512097139720659,0.002577597182184435,0.018012810796365936,0.009213378792798599,-0.027744329163139788,-0.026505839628208832,-0.00988583092087516,-0.002672756440879053,0.01027115995578889,-0.010759348068041482,-0.009057205476001837,0.003369647505091454,-0.003515515912952052,-0.0048107177170763965,-0.006513970712734432,-0.006297773495991088
-0.07021885606718431,-0.012864754886630731,-0.0009883118135479636,0.005596601688765316,-0.006857907296398424,-0.008188430846666409,-0.012232065871130762,-0.010357572443777018,-0.0039245141966601175,-0.0032865648262109283,0.0018285334478915071,0.007490691984903479,-0.10067679793280472,-0.016146828714118894,-0.0006067034672294357,0.001200288410822128,-0.0002916841545551972,-0.005571252311731167
0.042586180459084556,0.004398542045417958,-0.0007460758261788847,0.053241989416704806,-0.004981294624631442,-0.007558436557760707,0.002780807230053412,0.010628818307217368,0.00616045966208746,-0.0020728834870184292,0.013904312711317165,0.02943379730491291,-0.019396105371143602,-0.003960631304286012,-0.0061316745043968265,-0.018098013274849223,0.004441532059733292,0.013989561713437196
-0.038883047276460046,-0.0058020840108888765,-0.007400351847417549,0.0436086343351687,0.032877493707933116,0.013616800477299284,0.002438481773796318,0.0036289596837190525,0.0010945014311519736,-0.003064648924617919,0.0032396708618379843,-0.01200020891468074,0.007877623941527308,0.003646204646407722,-0.00032841639474973566,-0.004223542178212415,-0.006520805826296864,-0.010675623086272658
0.056863644322263665,0.0069094274024822,0.003143493968352518,0.025923113491791647,0.0,-0.0035878784215219225,0.0035647997583242498,0.008549291283253784,0.004839515343856653,-0.004381411911896683,0.004055179453974494,0.008835359791947968,0.049805449443292064,0.003980295983197027,0.0005222924066857363,0.002752989108779446,-0.0037958759248118137,-0.005570367597064557
-0.07085171556759753,-0.009032927690664579,-0.00522491147931478,-0.04185217775207717,-0.05112555092777011,-0.02310892243644634,-0.014830871785105892,-0.010371862708297703,-0.003419886933837841,-0.009183474199983818,0.004592808052697926,0.0005434497179873727,-0.12746798264925985,-0.027899709341263713,-0.006973630951771462,-0.0010054083445328519,-0.0010362346856932227,-0.002481461002563079
0.039233806123030006,0.0027426536958972372,0.0023278070346638407,0.06674798418893951,0.03124542296170824,0.012438527664655691,0.0036358962414227845,0.005632516956222479,0.0030653203877902616,0.012037612828501158,-0.0013048614612064826,0.0006912092128725213,0.04389459172380592,0.003796488773423768,0.001969326378500619,0.0048185678567732055,-0.003589451428941429,-0.0034888909083672925
-0.06569603601802859,-0.00978115523661195,-0.0021125566214860534,0.03646166070825222,-0.003535996591617166,-0.015631676181136905,-0.004165921546242716,-0.013060052373210243,-0.005158770735845604,-0.0029891679110028465,0.0053540426004830555,0.00246761783822211,0.03213320216644221,0.002260583668783456,-0.004710817875994771,0.007408190110894115,-0.002372294421350225,-0.011102016726378242
-0.03932695682828338,-0.004205033861611092,0.0012728594855701304,-0.09395245270674167,-0.06585190313862951,-0.020349673593672648,0.0013228428037395186,0.003330006807019757,-0.00039278168934173406,-0.003234322335286296,0.007507565334127732,0.007982853454682855,0.01828570136802506,0.002293690433378783,-0.0024117837705545236,0.004411345829446324,-0.0013651763662575007,-0.005582356708654174
0.039452570907772475,0.004746701910999097,0.00048699294344243496,-0.04071534194391073,-0.015234098227863693,-0.023307291476583666,0.0063869814834862084,0.005992248780825782,0.0020678387514845692,-0.0038198041181360127,0.006067081799659331,0.014186178497662435,0.05255622914138047,0.0059675837572674565,0.002399218086487778,0.005446604694917642,-0.0030701603196873367,-0.005399892871251949
0.07076305973617232,0.017645696979726393,0.012466898380032405,0.052663137066874616,0.022927919862619627,0.012053620173279213,0.006310302585351165,0.012768092403146039,0.011246953045145409,0.003915034449068235,-0.004350444602282912,0.01940332793411682,0.035107760734729744,0.005395649108268699,-0.0016137148586741691,-0.006293139653416831,0.011826464163082811,0.014910408862272462
0.05723384470497621,0.016191828133869813,0.006102661037058612,0.01141214227127682,0.0009337933979138889,-0.0019422142336236801,0.002557569189402086,0.005861062192827848,0.002857028937729871,0.004161781499633841,-0.0041393887011976355,-0.004190145812804258,0.05908344538445605,0.007026199568514726,0.00198369940570859,0.0,-0.005627650326581677,-0.003120748204940821
-0.029222090453988554,-0.0017312397246211598,0.0006581482029681577,-0.09468026212439819,-0.1198284407260393,-0.03502072959117425,0.0017352106796550515,0.002417097373906252,0.0,-0.009617553863461048,-0.0023135711285284743,0.006342244910425951,0.028920116701197998,0.0033471367009583583,-0.007230303018919863,0.008488827761618363,0.00024104989479334385,-0.00495528835085518
0.03791425397231663,0.00385342727335956,-0.005028098233940842,0.0741436478703946,0.014012872886120124,0.007069519622303213,0.003344289245525001,0.008627708478132582,0.005160502444644562,0.003037620847622135,-0.006059619914600292,0.005194326170959141,0.006974254444668761,0.0041179374380340555,-0.004425552652192905,-0.014548026956946493,0.005354024163912867,0.00837207780595256
-0.05503018494539692,-0.006217352431973581,-0.0025090155592210938,0.016836777681488748,-0.008350022706431098,-0.022250717616808628,-0.009946061121836642,-0.013301877595722674,-0.00366652092762671,0.0027794867498569464,-0.006166405794527576,-0.0038395344447876363,0.045610410171969276,0.0012499727315452625,-0.008446635424490059,0.014943164901426312,-0.0028371692917620677,-0.016553138637893844
0.042794529109750554,0.003602374862862843,-0.001336459410596929,0.008240300450195024,-0.004860511110363033,-0.007748107855697716,0.003525314710353529,0.003607971154951111,-0.002858441363720641,-0.0014650311079747493,0.007377220030817767,0.0113541921473926,0.03183129023535442,0.004241221904548174,-0.00167658647630589,-0.002971250302296578,-0.006617996950502059,-0.009279926667436891
-0.07710461583457186,-0.01475449680596957,-0.005055468411453149,0.02539528927795088,0.022223101677614942,0.013428803860291036,-0.01302500778513009,-0.02972898205987305,-0.00747372059770315,-0.0018064341930784957,-0.005163443090605402,-0.005105577270612504,-0.004420063509936516,0.0027649839143432434,0.0032708929390113275,0.0011180462323356795,-0.007757696661033507,-0.005994349284577538
-0.08950126280083417,-0.015551778808951875,-0.008026692125174999,0.01591326852406095,0.006537141634496478,0.0013289144663452149,-0.011754914036437454,-0.025300640207640206,0.0017646400660441429,-0.001108092457998748,-0.004411192057148086,0.0006691705949273808,0.027498266469359222,0.002957086819980417,-0.0012266035564236423,0.007145398593164228,-0.0010858340832418261,-0.009192757485190162
0.017005412559001575,0.00029539779973817215,0.004915614293129702,0.035102797188522786,0.027791293936356685,0.019472712108399372,0.0011640884904781745,0.0043854995191174515,0.0018711064831463762,0.0051278615448148756,-0.005606012731857438,0.029388703521307343,-0.01747968096340081,0.0020568107560361222,0.0016180395107848846,0.0019324605026674005,0.006707804586558891,0.015799374818883827
-0.01615182113859789,-0.0016848903148208513,0.0010377228694583714,-0.036072904854945353,0.0,0.0,0.0,-0.0013487361455494246,-0.0009218590263320719,0.0016039531133343501,0.0003082999751185652,0.009245836001023322,-0.14827361962655414,-0.024627551884397934,-0.003927542373036021,-0.025760859020182474,-0.0028576165320244743,-0.00036085423633927527
-0.039750118029626566,-0.005656426864318444,-0.00040331645074288954,0.011137456902651015,0.007525171123519922,-0.0005086812134031985,-0.007143033280069585,-0.0019208095287770845,0.000716977826210172,0.004582631994572541,-0.005061829938051777,-0.006365183855294111,-0.14555183473175579,-0.025936931946699722,0.001010103983546106,-0.0018074308415424083,0.0030430484362450627,0.00914665292560346
-0.03655207908018437,-0.0018898903808824033,-0.005447581793345898,0.04309961752084025,0.031465729875136905,0.011642535500533263,0.0,-0.0013228753496793487,-0.0034511917232120143,0.010624023462327126,-0.0032831028046238437,-0.0008699853547475957,0.05026929430515309,0.004415797281005962,0.002194344525586849,0.014163230434855015,0.004079479473857407,-0.0017768556314081974
0.04928333405249797,0.006460233564412075,0.0007235865763009177,0.054835612027337215,0.03042227741121268,0.0069676728279525575,0.005744964952156736,0.009252712223600695,0.006454239384507454,0.00279856436874308,0.00569368464103707,0.03400095957396548,0.024616690780566743,0.0019367376271946272,-0.0005166815009853396,-0.0025649490067115974,-0.002644523650417998,-0.006855533622548732
-0.03925116161091907,-0.0019457158847711793,0.0,0.036405263243292955,0.035802019007687244,0.011484049463793677,0.0011716592386364665,-0.0019079275225454193,-0.002135243925436789,-0.0008393733906037048,0.004333244221614761,0.01292558173303464,0.018216311893847793,0.0030638630901558745,0.0006584225228866299,-0.004497894650167754,-0.009076815778294138,-0.007726789864820449
-0.01449474052349499,0.0018412501561022377,0.000269755199347214,-0.07798105904794689,-0.013218684141389067,-0.010619896286676577,-0.0013313832455735864,0.00096400505376672,-0.0029126667986475257,0.001550978128427914,-0.008531110830979552,-0.004351740741068295,0.022348921252634112,0.004066631339039974,-0.002676063119598943,-0.004370673508916479,-0.007463678364973712,-0.0009178606297323699
-0.011149686230346853,-0.0016308935373119285,-0.0015553852598123752,-0.0060713015658303395,-6.122789222812938e-05,-0.005741484291608275,-0.008887767656684926,-0.000644347717009433,-0.002093050595298054,-0.00705790713063801,0.017534481976532963,-0.009901055247376205,-0.1637354524171242,-0.03234501615051175,-0.005319548013745122,-0.02726809666343424,-0.0071318357800906436,-0.003999759689570559
-0.03303276801081672,-0.00035525688904859486,-0.007169538890422351,0.0483582695035187,0.0419067825236676,0.014697563627971803,-0.0018124825744868758,-0.002089563961889936,-0.0016727762555159488,0.0023758123060255913,-0.0040574518508129,0.016752490481531768,0.009742791179327498,0.006445211176102347,0.002394215635597564,-0.003804517519170745,0.0004104272280686956,-0.0033069178497842494
0.05398788649391323,0.005749796013534291,0.0,0.036721628988576116,0.005362695012065421,0.0025247496239309913,0.0019496002112611489,0.006456173894668286,0.0014874478079635353,-0.004982018131796701,0.004125956423085223,0.007243342417296486,0.03768452238302888,0.002389386503154427,0.00021393669726336984,0.0016882490130774588,0.006138566173242996,0.01645361149817401
-0.04539877575929154,-0.012029128359334035,-0.005895047127386469,-0.03900880067054166,-0.013614066822373263,-0.01213350543446112,-0.004768423203097561,-0.012006222305147352,-0.0037259385377124404,0.0014062639287109986,-0.002275009279038872,0.003295147786792231,0.03611362168837858,-0.0005703888801813811,-0.003140068465381027,0.01115805986979809,0.0007905495210335276,-0.008051050774224064
0.06202228952066609,0.016572856948489385,0.013065816552455,0.006607268610072882,-0.0035415082413173798,-0.007879867245775498,0.008829153004461377,0.009714397657352186,0.0033278825327307474,0.0030747481773115096,0.003416097152795206,-0.0070022028790452245,0.049949049853485035,0.004080987132351296,0.0005219021845538145,-1.852463930886895e-05,-0.0034026581412726848,-0.005696075300893055
-0.045373710256757314,-0.0032776201372904084,0.0009178202071429312,0.011980702930920252,-0.0007266107118065355,-0.006115044969049042,-0.00032893467298655214,-0.004464027091668973,-0.003661381314329855,-0.000752362204661172,-0.008007566680986617,0.0014896041759857772,0.025833321553113662,0.0042652496387462786,0.00031678465278228663,0.01319101768241833,0.00400531053856511,-0.0032342524421431103
0.03047265632882773,0.00037050250199953215,0.0,-0.12513652580853477,-0.06810889809271566,-0.023603959732109284,0.0033083384500473823,0.002047345597819305,0.0,0.004866149929725656,-0.007109726883622693,-0.010328026778037493,-0.008723948867384345,0.0024701847793579235,-0.0009016729576254024,0.0009224460761609231,-0.0006860080865147817,0.009705280959647095
-0.04295816632744622,-0.0034886106687037786,-0.000963730705820538,-0.01697871700270587,0.026225832736789988,0.013818341495374942,-0.0002031865594477507,-0.0006977951716966926,-0.0029911428064340485,-0.010305526304707836,0.01518789159234539,0.005894131469885101,0.010509410245111586,0.004279624320479322,0.00038700237810822215,-0.0028590121448563107,-0.005829859126564366,-0.007814317711083896
-0.043274365526814906,-0.006675847892091779,-0.00568282184257895,-0.011624873204462257,-0.0017708143326545826,-0.008720451855863995,0.004064852107055889,-0.0022992889214787093,-0.0016111360301022046,-0.004535634815066751,0.007564454169771168,-0.003924002802483927,0.05449562725223492,0.010727315436847244,-0.005426371976842728,0.012640215127273114,0.007852449961210673,-0.015130477050551507
-0.08449312075115821,-0.01685572932790131,-0.002860057494351198,0.03822702062224105,0.022539567710770387,0.009524371239327235,-0.007939493142105063,-0.008670194567146584,-0.003816374097495641,-0.011298442278943737,0.012307609282220756,-0.008264564782824982,0.018015994712936963,0.0033553702093262173,0.0009085436835447172,0.010901200230175824,0.002420348388017222,-0.010281571711561317
-0.06904891358073388,-0.01419758939463298,-0.003580847480655884,0.0008603063620489247,-0.006390713023009571,-0.018308219833768367,-0.020312854166240887,-0.018614149927170278,-0.0022937583515646566,-0.0010754867206771931,0.007754634088369216,-0.004091261104107014,-0.018822320489034327,0.0016443223657894963,0.002265611222832852,0.007130120326886456,-0.0005125061434296553,-0.004266090929897104
-0.035270712872669835,-0.0029324747981133896,0.0009611119626956884,0.009772929355599496,-0.0034724859171011186,-0.009507547692547443,0.0044675058577444155,0.00710003370129518,-0.0009672455405041527,-0.006120947849426135,0.009703150720602067,0.0014296094301857972,0.04412560841419223,0.0039542719461496175,-0.0015945618396316127,0.012057578362863561,0.004603325317686109,-0.005402667540960984
0.04738497273460898,0.0056664654361203775,0.0009152201383207869,0.0806269547086163,0.055228799848964054,0.019227674655554975,0.005559829450951847,0.009158759803401709,0.0022742058403051007,-0.002323099218904306,0.007351689647195244,0.01989387590297782,0.01024453695975407,0.007418926352454475,0.0009942166635764575,0.008144515200855025,0.017301003040371837,0.01620347392353283
-0.04168010866594539,-0.002792223153512602,-0.001368983482987075,-0.036760663880574335,0.01332285396839881,0.01623900842339277,-0.0027234359105128,-0.009473549139912085,-0.0007480707599003208,0.00365241067421273,0.007591567799666522,0.0024188593145390903,0.02208071278310982,0.002425864463915918,-0.0012045933477702313,0.01046089827863317,-0.0002966365237025694,-0.0033333194782592876
-0.052128206968287544,-0.008746989454510343,-0.0037426256017383127,-0.09772195851442178,-0.017598865547531112,0.004183926275776276,-0.006176170667166497,-0.004138642358895701,-0.0006387994055799977,-0.0029538564926075697,0.005358382380464765,0.0,0.015000420489188267,0.0008492373194349087,-0.004371655755147103,0.008451377391472325,-0.0019333047398770707,-0.010933183394157497
0.03881687666241423,0.005608966338566846,0.00477223729591496,0.07214015993661463,0.04958711488021871,0.013037033930790183,0.003344532759063271,0.00771815131651827,0.0022957058729150873,0.0012986393206518754,0.009287631174885737,0.03081161998635259,0.012356333391932007,0.007756489089534711,0.002932498464072562,0.008269607674167616,0.016188198037729192,0.02321790014089109
-0.03601176077493272,-0.004015942612253664,-0.0036990285556910965,-0.05104123595281479,-0.04235098950870607,-0.011838782690291668,-0.013053666125815613,-0.004789416642453243,-0.0012174589114930293,-0.0028631839824901787,0.012625782295879961,0.005163130384063256,-0.11986015512659949,-0.02094091908577218,-0.0015185819444682,-0.0013891974928801653,0.0016028117748817022,0.009623400865973297
-0.040995015482936936,-0.004563830777608966,-0.006383702674620014,0.007769182314055565,0.022430486392759658,0.014219676773606945,0.000972538368054798,0.002296187783868132,-0.0007446372763371661,-0.0013554952145880443,0.012495998767705756,0.008783887639934138,0.017108411722334273,0.002642691298984307,0.0009244715502462016,-0.0017729625623493267,-0.011177010190056276,-0.005076510097364546
-0.043291649276369894,-0.003406892635100985,-0.00640314153468114,0.041851379487390074,0.03149722592422001,0.01361140648158816,0.0,-0.005391739219379589,-0.00650923973732272,-0.0005028093052129158,-0.003896881142922247,-0.0008308214994077355,0.02442891582294743,0.004265660604262576,0.0014736299354870946,0.0065038227527795854,-0.0048017574953999305,-0.004759371733644734
0.06114430137246125,0.007117681367875498,0.01016467890226478,0.051147156087061885,0.008210206929855145,-0.0035299016833757373,0.005042793523491785,0.00837060016990164,0.012813604997086244,0.004578701713077019,-0.008986807262460473,-0.004900799309736537,0.03539902971781746,0.0056272623999643724,0.003210683978314144,-0.018965456869153838,0.0065052196085345895,0.00659640432720085
-0.053750574626190935,-0.0020123920192186063,-0.008779256882718238,0.008599789391891115,0.006916113701402625,0.008859443873027919,-0.013628319224587746,-0.015952195836066912,-0.0018871439017758092,-0.002481240440300936,0.021440448798967764,-0.004617473719648025,0.03035006007603559,0.0021209954290166665,-0.0016863598534413017,0.007600024922608451,-0.003311410618614696,-0.005582647819372899
0.04442389510652284,0.01787585138676476,0.009135549583156054,-0.000815892310959677,0.002303620046618937,0.008642883596899832,0.0034786663599646957,0.0054750842558641336,0.0030553308837057446,0.0055426995486290475,-0.0033029284968548603,-0.012999509482440668,-0.023171392903905037,-0.003464212137212364,-0.003831422609371643,-0.01945492245462054,0.00435242653627538,0.005958376225557574
-0.015359229083145284,-0.0005154632594735715,-0.0020693387478399328,0.014187985379712739,0.028280102878083187,0.017703246906492644,0.004070284946591259,0.006611354075558042,-0.005646982551633835,0.0013937092299672136,0.018462038644486152,-0.00695528491282154,-0.0596443610977034,-0.000329727083086083,0.0036684125046055017,-0.0015438874113446396,0.003742123125309302,0.012918280238040787
0.014970968635142506,0.006692714086585102,0.006230569608254994,-0.0883090641512303,-0.0514241963478782,-0.019668190755796212,0.009046652126848301,0.00528661524092117,0.0005981274364214392,-0.0034829718680665814,0.008214609152178818,-0.00829600632509534,-0.12104693944618883,-0.010003231221039176,0.0008261294207325586,-0.028660633537431535,-0.002117378538693795,-0.006613625010093549
-0.026213875501317246,0.0009578329371985726,-0.001492433772071291,-0.07218735813675685,-0.09641819423568272,-0.03150157097287953,0.003417635692050861,0.0019706032375342063,-0.0017014408698132354,-0.00704808874691443,0.00315812009261282,-0.006683270569657807,-0.048118961656265356,-0.0015502265224751723,0.0015053538835601897,0.00105709702187645,-0.00013785715933068205,0.007953656040839696
0.041631218649110645,0.011535140477783049,0.009385721022812574,-0.09230949679721677,-0.07443285727898638,-0.025731152337031975,0.006791857094030436,0.006734058218501185,-0.0005734662338295836,0.0036121339655461205,-0.002255583478179807,-0.0013208460816486495,0.05917359612850863,0.006337650116080637,0.004038146343548863,0.020534685044644986,0.005498144564077823,-0.005100723062692575
-0.030080330578909645,-0.002018116961554778,0.0027775063511374237,0.03904227622976078,0.03457996552317641,0.012300438034578434,0.0005318468321578257,0.003391738570416223,-0.0016617705976174596,0.00916757415159126,-0.0034788494566536576,0.002158600386145004,0.04438029425058494,0.005737573554573472,0.0009581499370288477,0.011699637614333819,-0.00015444979929448704,-0.0025390405342766154
-0.010129688331830167,-0.0005720934769810464,0.004201540725729151,0.05211980942020434,0.035095270720630053,0.01063922861113307,0.0009637686986461157,0.003334881013563445,-0.001687378980212288,0.0005120873289735759,0.0012878372055434729,0.005420024576380604,0.02602865620759401,0.002938814536565837,0.0016239357543207324,-0.004377075099714437,-0.007692789240489683,-0.006579194860193677
-0.05145223233942992,-0.00794583564513027,-0.012682903585879401,-0.05235874490020393,-0.003945997004230199,0.0010574773793005628,-0.0066755975146448755,-0.013017990620242226,0.0028866244021644428,0.0010552292074264102,0.011743372414514041,-0.0030016490868314868,-0.06517411971270792,0.0,-0.0008650911943618829,0.006737260545587444,0.0012961940661704115,-0.007429351542818929
0.02316144257253018,0.0017965188976644354,-0.005665637588327243,0.00998399419111176,0.012360467864695092,0.022475397938729283,0.0006840805178879704,0.0038299175712754683,0.000397701028164921,0.005567252307049005,-0.008275331580701708,-0.011448845284679814,-0.044803298642006995,-0.004472378780891679,-0.000449444177869978,-0.019604907183209293,0.0023510154525651604,-0.00017593643155421057
0.042261206875177926,0.0048191469837342025,0.0019273126969205387,0.07965370531089541,0.04977056535055117,0.004153089756857284,0.00244180416435306,0.011811954184968318,0.0038764297347004943,0.0022126174969143045,0.011155957233977101,-0.005717116992932201,0.011214498844115468,0.006081963251156355,0.003462643553292412,-0.006901461313443524,0.00979408216256646,0.01291049256792487
0.07373957346056906,0.0078917717732443,0.008134697640218931,0.04659792122622592,0.0,0.00019184336712460605,0.004368237873828168,0.008620237627696066,0.008945779807445504,0.002492338355419253,0.013034002632828275,0.02782195876062151,0.0438340898232954,0.008222373201415806,0.005188631167963695,0.001847964964179447,0.012474370236625586,0.024323042271337747
-0.004305614592886027,0.0017944097385004484,-0.0020099223089171075,-0.04763958039209546,-0.014633414330851283,-0.008000764968473064,0.0033431538349584654,-0.00045087335027362994,0.0,-0.001194242199772967,-0.006461002171132806,-0.011037774285302615,-0.10930972476771306,-0.005314299039302771,-0.004439180397966712,-0.018756969145218072,0.0012026744350754326,0.010957994913825986
0.039733494602418415,0.004163089694227116,-0.0021563182301480516,0.028895915858698384,0.009046226429137143,0.008267934020359845,0.002691032117353635,0.006667479200215318,0.0007785827163788947,-0.0013080706795675365,0.0034517104768694022,0.019149326075799816,0.0,0.001101304224131172,-0.001678123173193438,-0.0012865885979536213,0.005390051887791201,0.015342284793113753
0.04927104822335619,0.006758239163202988,0.011544293688353262,0.0,-0.009828072407332463,-0.019649995656343414,0.0032985413103731177,0.01050383489752034,0.0031050608419505546,0.0014467204269814698,0.005455005899935912,0.0020815101741547422,0.05804814599917246,0.005413018499081422,0.002953602200334606,0.007534263350197615,-0.004351151107855582,-0.0071028272509287005
0.04409726087813822,0.002922318162096957,0.0012636858330003023,0.00996500925359093,0.00877696612437526,0.008739759361196912,0.004162494672235404,0.0049562552583669464,-0.0007060418189121456,0.002809999604083419,-0.0037924149707602023,-0.004842982559224773,0.047825929007700066,0.0017536129492380693,0.00039862127945297144,-0.002188685099099423,-0.006270993583419021,-0.005845006163553726
0.010336088277709245,-0.0018812070041538363,0.0007224778767153684,0.03988992421252225,0.019810327612309272,0.010207286601428247,0.0022469300970401323,0.006733519103912444,0.0,-0.005254512794933306,0.006208701188570827,0.008775787913568573,0.03549523907657161,0.001985445691884828,0.002496932970567459,0.0072646252120629,-0.005647626324153977,-0.006480776022796952
0.04992227580896607,0.0062235543979996585,0.0012870058453100617,0.07620113323346393,0.029135690838941533,0.010472162298473517,0.0016692607429077005,0.0061712357928984385,0.0023818255741681923,0.0055300809723921865,-0.008470672159693523,0.02130948787384999,0.01793990154200542,0.004944639458405441,-0.004204362855539931,0.0017947121079890573,0.009282057509887826,0.015603748787696825
0.054853213782312754,0.006654726070507264,0.002291138364265057,0.09074334004493712,0.055813744294596616,0.01575354445868028,0.005870700976915327,0.010042231553425391,0.005640283739905853,0.001646327902248707,0.011006165914001593,0.03192935830337873,0.012782287341206929,0.004779032159037018,0.003603918777284496,-0.0017029304867687597,0.013922614252525103,0.017697315331718144
-0.034307388355500366,-0.0023675708976134686,-0.005872374699854902,-0.030679225960964587,0.010115669226300748,0.010424423562412034,0.0019955601070939066,-0.0008671206451282732,-0.004867446927442355,0.006491999522260497,-0.012673416052570515,-0.0007004190452276027,0.007119658118136833,0.004670413454895018,0.000139544570128488,0.0019834832304435985,-0.0017474230205583791,-0.005164465276899767
0.04736429753535428,0.004977853492328849,0.0015412313274426573,0.05534321621337704,0.01174257405040705,0.0077238684424168515,0.00463900480749301,0.008540614557981774,0.0019606464485686123,0.0024950059945623715,-0.006626350819183018,0.0005954556039718013,0.03460720248139302,0.004128633494533879,-0.0011644615247667987,0.0033000337758027232,0.008346740570150718,0.012348489930431389
-0.041306878972341574,-0.005012527825505099,-0.0008462418221868671,-0.08151829864192278,-0.10299652006396048,-0.029609073481292297,-0.00010151639936140744,-0.0010933518472822019,-0.00028102950081692734,-0.006586664897875694,-0.0034910334604456856,0.005136672779455527,0.013428610476154478,0.0008485378901858966,0.0004904807202528932,0.009588235515566793,0.0006925376563961321,-0.0034638463395286756
0.04457371412838631,0.0023788809262403213,0.0009069410777136483,0.04571475117268552,0.017686806978204957,0.011643955531114358,0.003468045083847203,0.0032223475016937213,0.001468137462622903,0.011009820587457132,-0.008663348295221003,-0.008748242245755742,0.033824507330102505,0.003673775674347571,-0.0007659225466892355,-0.002768824449457822,-0.003035560298930574,-0.006749473354349167
0.0461133671045673,0.01293139485674175,-0.0015116084924791217,0.008024801156162718,0.010384555218255001,0.014181324231261568,0.0022486054241832288,0.0059676021965753435,0.002810032414985628,0.003763015221263255,-0.010025451545071446,-0.009955003814400478,0.01586026968420967,0.0017863604836697788,-0.005922246034266635,-0.019810463292515304,0.004409584400225881,-0.0016659001303460375
-0.06325192068726515,-0.007945665023886937,-0.003250225570198652,0.03436379728483098,0.028021838132565077,0.01630773143508932,-0.016591406349193098,-0.019778264802026418,-0.005332690242615931,0.007645883348700098,-0.0071257006335887765,0.0118494256883824,0.002944981038278259,0.006544601399622355,-0.0012008101006302043,-0.00591907486245667,-0.00687425862091201,-0.0052243033085735135
0.04391965896288091,0.012522558426287422,0.010271318298962539,-0.11248035808034985,-0.06391023567512573,-0.02629943533711475,0.009015962752490819,0.0024996470568701716,0.0009957233722362043,-7.668755898319723e-05,-0.00877585491963391,-0.010292544238965735,-0.025335118383846597,0.00092663970853035,-0.0013195232924147512,-0.018420256589176256,0.0024660638151045135,-0.0011150042496863855
-0.08895289703667528,-0.015845384770144917,-0.007310739588241546,0.019360662871428912,0.010519541046933591,0.00841955077786313,-0.027920044075117147,-0.030947726846883985,-0.00923165099716174,-0.0010564875139926775,0.013833282497155503,-0.002127917053315987,0.03394262836317615,-0.0005249876431946941,0.00041525188413983155,0.010235944249849109,-0.004337313935117005,-0.010978600361063323
-0.05104075680380461,-0.007527081114981031,-0.003551545722117559,-0.04461943234583543,-0.06712590377201895,-0.02179325465022193,-0.0067384771033730615,-0.01480573664953447,-0.0006446131305131055,-0.004913781258181198,0.014083200444413116,0.004942947485134505,-0.059832510533246536,-0.002119543459432791,0.0018439318074791292,-0.00027611104389000177,0.0,-0.001791951611148035
-0.040215142971099814,-0.003358384460935947,-0.0035839574788267513,0.02191381845764943,0.004564778883133611,-0.0012315260084241567,0.0031717097510064944,-0.0006913322402409492,-0.0025907457519337893,-0.00038427215545712147,0.006722479125916303,0.011418456386592819,-0.16026615942224098,-0.032831322906584345,0.0017467630801482443,-0.012760162846633423,-0.0047203582469260595,0.009206050040539093
-0.021897031814493727,-0.001341183212100624,0.003925513467524774,0.03882027801882278,0.032692289266303104,0.012208192498123214,0.003961260039085784,0.006842393197596572,0.0038006310504330744,-0.004216631798293941,0.006055165120980993,0.009269579092010132,0.036028375565766456,0.004965090820673442,0.0019969634847603075,0.004765802185476607,-0.005334870932771605,-0.008938339998716321
0.03980536476902112,0.0047697366645802035,0.005470980383437027,0.043473571264024666,0.012386562972909323,0.00617036043855996,0.002470450453656177,-0.0005274177622028762,-0.014144801135466374,0.006479755793008352,-0.011966633456100594,-0.024294142372643542,0.03046047069704977,0.0033275230683769063,-0.0038159710263459034,-0.0023777835985520717,0.0009205496960365485,0.006337617792770464
0.043306893717573076,0.004020794767208485,-0.0027171641958538403,0.06856411133776406,0.014672842484171729,0.010218948558801825,0.002429199406359299,0.007013773948954571,0.003992408136959592,0.006203022177839319,-0.003534242983946269,0.01843902719788657,0.011065936876181735,0.006731931415194636,-0.004555478932027395,-0.013149477142321104,0.006318835442826641,0.010136882325554208
0.025892724186257998,0.004146884432495551,0.0014375058109016257,-0.050735829113021304,-0.002189697873125982,-0.0025057462258514574,0.002710412128488634,0.00604893763673259,-0.0015278023988240658,0.0,0.001117528838167235,-0.004089677175700618,0.07860095248252298,0.008010302857850406,0.0015493476020526455,0.016518203484059652,0.0015677591352870719,-0.0009740613798984582
0.046680701231169984,0.004256209724312227,0.0013099536274472439,0.08641572132228541,0.03854745280862512,0.011022736711304942,0.00246242910416789,0.007155929299707469,0.0036345870513194295,-0.002348829117424463,-0.007995485927069355,0.022898230401305293,0.005958629088752169,0.004770660422696545,0.0031610248616362356,-0.008963087681050492,0.006370556573557335,0.014566141880688666
0.03138642004021077,0.002934239372559437,0.0011781021719842698,-0.058521441706230075,0.005530649354133018,0.017316213084503887,0.005378737747011454,-9.525143659187507e-05,0.00041756750584570314,0.0,0.022156275961612015,-0.0014933243046036243,0.058334533761419116,0.004505944838949633,-0.0006867708548946797,0.01201791848211396,0.0,-0.005085194954809788
0.017552460477047647,0.0030205733009362142,-3.7829702465410595e-05,-0.047288209095708834,0.0015687328474466601,0.0033942898813634206,-0.001238133652450373,0.0019995158824246393,0.0,0.003127678782891434,-0.006624520971530481,-0.0014859227955589208,0.07314011757725528,0.006139525069876229,0.0007842490132729719,0.013521908935634618,-0.001199133088537929,-0.004054980597222882
-0.054067516582810914,-0.01247149271196147,-0.0012395592565213826,-0.03745294314207195,-0.0014483189530381903,0.005199718607519839,-0.005771937401904617,-0.014290798103858448,-0.00303675708112965,0.0,-0.00043832527848193916,-0.002723702773685674,0.05912299094125812,0.0065434851078768,-0.00721800166676687,0.017964618209789177,-0.002478605848215228,-0.014186993663287434
-0.039741298036467566,-0.002085038877448703,-0.005328540115437559,0.04399747917501045,0.03786709056576821,0.017915979777116734,0.004120015989432577,0.0,-0.0021018681960026653,0.004054208189072527,0.004672780314211478,0.009938522168364024,0.007259438455392566,0.006925177885887199,0.0015904233950307465,-0.0024797757309850503,-0.0027369201687700954,-0.008524145005358016
-0.056307094357827055,-0.007952463750485658,-0.004632111492416924,0.02301636140621634,0.03138314128646273,0.010583162153114906,0.0,-0.005212742161287246,-0.004067059301749122,-0.0008697237671936751,0.0035114077416936213,-0.0003302450227919444,-0.11118841042366913,-0.02297003390116565,0.01407153390282023,-0.0006546729038623396,0.0022411938400866862,-0.006846516140608994
-0.02825071349418207,0.00016326918961231658,-0.005546495382614625,0.045356884591049834,0.033795447898333886,0.01301264767390973,0.0012260028167419338,0.0019035396339580407,-0.006393230202532767,0.007729430337491288,0.0022200449417874636,-0.003509070355618842,0.023107005929546183,0.003845989946725284,0.002078613033736901,0.0027414955323988716,-0.003626230912013003,-0.00520692006092309
0.06710416971592037,0.012984665321032584,0.012446881419642857,0.039411701840970106,-0.004732010674893287,-0.012856536808575469,0.005693961544464382,0.007954018450303146,0.008241288535029695,0.007793659386306833,-0.008142151557901945,-0.01190876615704004,0.04696452347151788,0.006172891619434991,0.0038280454836650767,-0.011189093835365467,0.005904309318173876,0.0008411655033667143
-0.01451077877231565,-0.00023472221702612754,0.0061244526581006285,-0.05306459924320462,-0.01062791263527561,0.008020054282058637,0.0029953840861742615,0.002746432043540536,-0.0003393500948827697,-0.0019795330766916534,0.002208340768374519,-0.00580811636741034,-0.021046682121026835,0.000669989415383534,0.0018124982067191679,-0.0034324618633371985,-0.0019713978849055487,-0.0007260651525899248
-0.020384736073723143,-0.0007884877580523689,0.003578736597101029,-0.01663628709707167,0.004592013657444124,0.011702843971309093,0.0030335290293947545,-0.0067816758040551645,-0.003610968963847989,0.0,-0.0038987847274796756,-0.010473191590997816,-0.09950959683806686,-0.00837702147894854,0.001906589606267825,0.0025544281038786653,0.0039208868830072005,0.013822027186830788
0.04139516476964364,0.0042451145463850495,-0.0015013818104810102,-0.03362000584549689,0.01243851260163446,0.012683305072229563,0.0022047684680118486,0.003987910340916537,-0.0020413908981986723,0.0008256233288535437,-0.0059368388530736,-0.006451839296338474,0.04322130450947582,0.004465756870371247,-0.001376332310406805,-0.00023883268759163366,-0.007416921579428433,-0.005311833927721582
0.0465151269818483,0.0037990076261035714,0.002718885003162191,0.032404502064467024,0.013808560683707085,0.012612951627113459,0.004746186166483163,0.005896210120678916,0.0009690952924112198,-0.0032291474108362378,-0.001696436195137134,-0.007518347757967145,0.03221171350826759,0.0038134316452711776,-0.001988398951463341,0.0026028822144289164,0.010057358915563735,0.01589188191540536
-0.029420707255534858,0.0,0.0009464285668138526,-0.020434744021307554,0.009389886018800576,0.012059521587704743,0.00245942888896584,0.005985728359070436,-0.0005692428549519514,-0.0046344050279082385,0.004004367507777441,-0.002877915705001857,0.043350902920053815,0.004047518304932679,-0.0030379562027339625,0.011506171072316728,0.001659413046628054,-0.004103439708331595
0.08056643755375285,0.03166379582970621,0.024152786231745566,0.006025448565969354,0.014595387756218757,0.011579636315317174,0.003377416546088435,0.004833837723501034,0.004970046941611255,0.01180412188533471,0.006248907989932624,-0.0027613700751508373,0.03935656656898213,0.005759269958600548,0.002810926574636441,-0.006513871979725336,0.011423631694654773,0.010683686965163808
-0.05552501636183472,-0.008825029923494128,-0.0004593439319405356,-0.03544354034108526,0.003204255050252383,0.014598424733262456,-0.015116825542618784,-0.01764945835615758,-0.0034208451455727032,0.0008640363504617749,0.02044235743448802,0.00421986617302924,0.044778407540557015,0.004331971044673353,-0.0010435623747315113,0.01374331193287656,0.001822761840758417,-0.010289096666169773
0.07539654151406419,0.014025192851932109,0.015456898445731782,0.006047913662041555,-0.007165731552628358,-0.007897783249151837,0.0076730073738401905,0.009843319022948622,0.004112743743221795,-0.0001840617618946064,-0.007030576086093061,0.004449350344102701,0.0420346788064824,0.0062699679467364475,0.0,0.0031978552066714706,0.005849123985731156,0.0180232260640939
0.04734869613650511,0.004280910420395096,-0.002401398860537138,0.04014931934565471,0.01109682464539333,0.008616754384477553,0.0025021831741714774,0.005209800018486528,0.002022047015086946,0.006931658583806906,-0.009335461284196201,-0.008460297709608893,0.03202371810470858,0.003710443430400727,0.003105480451933178,-0.0007841220947762455,0.00924314057727818,0.012685953983913562
0.05148876337809581,0.006694473528498169,-2.2545897882092267e-05,0.08892951124113237,0.06738067171339665,0.02193888182002684,0.005566175856188578,0.010614364536151239,0.005599800923871859,0.0018281491957017912,0.008611599285509213,0.033936791687211317,-0.01881987104571726,0.004189876441480896,0.005024822821505818,-0.009415351698204693,0.009683945130655538,0.015836409976133003
-0.03278142770471455,-0.003054557238861567,0.002875233843729902,-0.0008137936988360781,0.007691367504791292,0.007079812776058408,0.002957781377699764,0.0028316543681613762,-0.0008345043953912027,0.007271828851458102,-0.0041605978041548445,-0.001447807399764467,0.044477262652353466,0.0020373968671690687,-0.004969404045463184,0.011094187981925107,0.00230919306315595,-0.008546109900874399
0.010918549137223468,0.0009032329818215431,0.0005464291200640523,-0.08782240541293802,0.0007870710639875206,0.011973307341955975,-0.0005932046502007992,0.0007175562342270074,-0.0021065134978692003,0.0034338315189345234,-0.010718114736453692,-0.002222069927321141,0.03334916550595028,0.0019076350998455264,-0.0037474086851147386,-0.0014838099938940758,-0.004855855813703523,-0.0031652895881714854
-0.061682301467620014,-0.010357166575076649,-0.004350790820174815,-0.05318543165557174,-0.028148770856611043,-0.008146387765598954,-0.0072416269499881,-0.014716722543970323,-0.004774441399551059,-0.000511271257127217,0.006385171438221869,0.004872249589886848,0.048155038736858356,0.0033668250368109145,-0.0027315722307978615,0.01410269642737646,0.00043650123539730625,-0.011252190295369432
-0.0545667644581395,-0.006452408214772275,-0.0004589091338078303,0.020295908740656364,-0.002917119051946708,-0.005037347983318399,0.0025051708451553547,-0.011964885910478557,-0.0012840706773566914,-0.0076620000164620465,0.0129324026833706,-0.004180439909222309,0.013757818614527474,0.004543048132999718,-0.0005284715626273775,0.002770228316830427,0.0017019871649181348,-0.004773424377386766
0.04136877406878179,0.0035631732874902263,0.006343452553366713,-0.1127509431641425,-0.09523523078443269,-0.02643174961413923,0.00818035208438805,0.004058630098333334,0.0005875960594880264,-0.006430530963255727,0.00022442626021419593,-0.009683631740959984,0.05236186224896865,0.006077064148625871,-0.002560546907914586,0.009310596519541083,-0.0011596947988893572,-0.004578421256425741
0.07079506662502337,0.008281198911687547,0.014888649447285685,0.01695432696549974,-0.009489474905661769,-0.009714534618065599,0.008321929548391133,0.006512257325698255,0.004511935573616356,0.0031495795959576665,-0.009765483943066448,-0.014775044940083127,0.04757046765769819,0.00822744769557785,-1.0129082607370838e-05,0.0024766721262873942,0.0042195984438344845,0.016140849146241754
0.02905300504958438,-0.0012268612286797432,-0.0005090269713473158,0.0488635693061648,0.02243528666003838,0.010577610412600053,0.002451316321726448,0.0027091642769357027,-0.006752748945916047,0.0016064332289725675,0.0026818608316687537,-0.004851763311272066,0.022111812744049903,0.005036216905633863,-0.004754276376112329,-0.0014379360248708475,-0.006128931109636189,-0.005697728638777738
-0.05120113804006267,-0.0030426644206086473,-0.00470055632735449,0.030683583494119267,0.01716553235918116,0.0030828609247518643,-0.0009690443441870341,-0.001519615813856083,-0.0027847675795706498,-0.003349443920812488,0.006116208152722865,0.007470231795383661,-0.18929675525682993,-0.04815544405078537,-0.006621283485706993,-0.0227563665209917,-0.002275361704087899,0.0011516941961569604
-0.038627604316394656,-0.003321677061137104,-0.005554088859572614,0.044931348080399405,0.02357905825682066,-0.003606837672628667,-0.005043945529048873,-0.00893880419189413,-0.006063641055898226,0.007944199768773329,-0.008897088848849544,-0.004269717324120772,0.03890726720349913,0.0035499633296706946,0.0007752397436918237,0.011847928189211387,0.0010591242046209262,-0.004012027069566326
0.0321271235390628,0.002057272244627412,0.00048578689720305506,-0.12927249118827364,-0.09467233477104064,-0.02558172551348139,0.005393356737581662,0.0016725318236215734,-0.000910390296952114,-0.005526664620871195,-0.0012810564200705712,-0.004652991732520621,0.03779417649410308,0.0030865682033728126,-0.0006484850690030807,0.003760625558402378,-0.0018834212104009587,-0.0016407691844249062
0.032261706831768155,0.002172400788599024,0.0,-0.11974747426636749,-0.10518695974465257,-0.029236639951278686,0.0048904069173601305,0.002472774220129149,-0.0011832373734114395,-0.006259383575459983,0.003456493802874549,-0.008496594975468815,0.050744864693644885,0.00634591448786865,-0.0007854873158467704,0.01050819267900933,0.0006971044854950786,-0.003325166410632241
0.04037444997299935,0.0033734846086675148,-0.0034993477805511024,0.039315351265938714,0.011005827635833734,0.009716692028914106,-0.0008464036674873549,0.0030216696868844905,0.0010918748482815963,0.006186723841191552,-0.010272407838893405,-0.017082747844096028,0.001445893559753699,0.0003599254435150804,-0.0072118523695727035,-0.01952363567763715,0.0006465065190595983,-0.0011630259735111795
-0.0366472766849457,0.001029847493639592,-0.0016679923138260104,-0.07711025819152674,-0.10324669424411234,-0.03147293997152466,0.002051930107695058,0.005200106529639403,-0.004823487444192534,-0.006746607910351603,0.005476876981465144,0.00815741812980016,-0.014053044197551816,0.0012771827032863829,-0.0013769488956416759,-0.0015908808678902812,-0.005167428441463749,-0.0068778010672023715
0.02005104690416794,0.0003440258365744208,-0.0001573499951991727,-0.009553917827266785,-0.01140704536170344,-0.00757369896965456,0.0046184187814352,0.006708066339399917,0.0012302071489302894,0.0008863467469682243,0.011856945608423592,-0.001975906780719501,-0.16000897693805857,-0.0116954677189585,-0.0007051686920795886,-0.02989986011613901,-0.005713556709799988,0.0009903198999570428
0.03686622386463838,0.002674589317041002,0.0017047981758399186,0.029728095259001316,0.029632602571940093,0.02472659694854714,0.0032504139481205467,0.005862986308271454,0.001372102044666624,-0.0025366134100345394,-0.007945943208265327,-0.009134774490600248,-0.009038511964052035,0.0007790085941279884,0.0008689486901989504,-0.0028961791604266646,0.003766452887525291,0.0021639621541739845
0.05707461302251847,0.007670108233260711,0.0009110879583298216,0.03808486229108211,-0.00047563887811275153,-0.006314252058626251,0.0019168737554777766,0.007045799573756923,0.004288963941680857,0.0022100122071440033,0.006183425010506954,0.017659336883340225,0.04205130625859653,0.0036114246245176206,0.0008866302783760158,-0.005667713676103095,-0.0091520895409619,-0.010300702682607604
0.009568822731221338,0.000934669895396106,-0.005636775247490751,-0.10567444628940319,-0.10441775082489019,-0.025686450554901458,0.0018484749221612886,0.002625394706222325,-0.0017521902268100977,-0.005222336535098401,0.003997677653254886,-0.002387114552682634,0.06188439472831695,0.006228651887799793,0.0,0.011413258336940542,0.010316767059023358,-0.004551188135538259
-0.11249201916627985,-0.023262012729421078,-0.02681905439207676,0.02259546714669531,0.012708568352748034,-2.4666931514433582e-05,-0.022869152537726208,-0.03525169938030938,-0.010631060561357689,-9.216867597104391e-05,-0.001428158426063709,0.004230662088099712,0.029016852677681292,0.002515058925189849,5.8009089637440184e-05,0.0017650709334148577,-0.00401277566798244,-0.01476817575943451
-0.024783420233493857,0.0,0.0009013503044223548,-0.017961701096656214,0.014071754602041613,0.01230571099374224,-0.010700822650876527,-0.005880775365467847,-0.005182415202186226,0.004402952469778037,-0.005449434410046009,-0.017877079532003126,-0.0735203181672286,-0.0012100316324270448,0.0055615317260997174,0.0,0.0032426007151575265,0.0069478838135728915
0.053799369772005,0.015075210517023083,0.010341323020192241,-0.06659888577486459,-0.03215545710834011,-0.010978580080534647,0.009283671282269099,0.00841460051137541,-0.00036169943607116344,-0.0028673813202074543,0.0059176978219027095,0.011660572970301743,0.05076696719931752,0.004271758684651496,0.0,-0.0008525597434262827,-0.007016952970476002,-0.005010376888486205
0.007255557393147011,0.0006009447129208028,-0.0004373100054869595,-0.11765098020124906,-0.02392111469804063,-0.014335361196128965,0.0030329020989683926,0.0015337069033288715,-0.0008644887096107057,0.002562676200601236,-0.00804491331969511,-0.005611755959934585,-0.0056139201473841115,0.0021424160295596354,-0.0009296552807888103,0.001814921786242279,0.00046559856205619576,0.003018512895464731
0.04525687432071013,0.004738191578577427,0.002345930319551213,0.053309250537099444,0.025847587231780534,0.013751201656860286,0.003330549093791909,0.002654669940869406,-0.0005176862539720592,0.008798812115062803,-0.009932481694361943,-0.006930543018256588,0.031978120310918866,0.003166489294674686,0.0010594466249716464,-0.000999629537785367,-0.004262865839128374,-0.004699843959651173
-0.03828508698077129,-0.004683846102872055,-0.0049341558714049326,-0.03578435401319041,0.011616451260189212,0.011705700419776942,0.0003615374453931469,0.0028638160884880914,-0.00011609528067733167,-0.0013945823517104428,0.012602294418306579,0.006849314516044451,0.018537572031131808,0.0017716843630085832,0.0012021879288593709,-0.004079515538810824,-0.008999679191218626,-0.00274242856298125
-0.019934841206797463,-0.0035130654484957706,0.00042988996416327155,0.027820999489727643,0.02448135962335925,0.012526890746271353,0.003060451709903263,0.005068884685653054,0.0005344916753401827,-0.002281764692936156,0.005704098970116615,-0.00031713594559274236,0.022593074457555557,0.00375396266949426,-0.0007845210729512155,-0.001164762912528265,-0.007993118859304553,-0.010228139622941723
0.049106480951198864,0.005496135603334869,0.0,0.08271418869069448,0.016385523920344106,0.0059105458280831495,0.004998639644534267,0.006919222328457353,0.011716807695507992,0.004158305274625406,0.009666949062312998,0.03633897171738732,0.01284404313120622,0.005057387355432659,-0.0011261101617783301,-0.008688782574683106,0.010697971086975075,0.016738067927165312
-0.030383524040788232,0.0,0.0009863646445569185,-0.09069802826960947,-0.1105356180126116,-0.03706755463930769,0.0024974640031991736,0.005542808565352504,0.0010888258936005318,-0.008526496256050443,0.0031227945883466864,0.00861346767277312,0.03342493765032766,0.001354180926846778,-0.007475094290700438,0.008043439751019012,0.002830391888306781,-0.007371117822342371
-0.021704313410644792,-0.0013102753933334097,0.004219705902878442,0.02901877435393824,0.003756441022093351,-0.004267299916967788,-0.006434960148190391,-0.005479879989583034,-0.0012917830720388431,0.004050288375197862,-0.008278358158690746,-0.009895933461946511,-0.12054436221502583,-0.0167220704310359,0.006760604155535269,-0.0018805403469238826,0.0026357905912426597,0.00716051170659876
0.019494369827672827,-0.0046487850155257,-0.0006488268794029073,0.05114079898477237,0.031495771874411285,0.005371721446055166,0.0014637813186879258,0.0019049669911931375,0.002702534043694227,0.0006111762696201152,0.0021801337123505482,0.019647915949634095,0.02440605313405008,0.003577380366869562,-0.0009042112315276637,-0.0075863762399687885,-0.010055497209013721,-0.011628970849645065
-0.061649528462174585,-0.015408678623405676,-0.006353859946138425,0.032930912182350294,0.023726079926505765,0.0038102704882662848,-0.01087509046661421,-0.02664246370200484,-0.0024699595829271,0.00022468592286194753,-0.0038318189650888897,0.0,0.014467391274479264,0.00519019036835028,0.0006026470673240772,0.008633287978399738,0.0015823256425465443,-0.00438655533854708
0.02945780904259406,0.002584450538384218,-0.007522216606363217,0.00674746094371523,0.004425106809550663,0.009019442587582418,-0.001097501710455708,0.002246244225816365,-0.0022053457551390343,0.0035751422811674985,-0.009294976481849782,-0.015694608253115295,-0.016884717148419378,-0.0004533948696524142,-0.004331038704978104,-0.015666355505794892,0.0008632041999789852,-0.003119746145157495
-0.07104731015950633,-0.009236471290181472,-0.010518726475823513,0.014884474859908238,0.03455785074616283,0.019455636419963233,-0.01236031929232907,-0.012935465614627573,-0.0030501740173280558,0.0026020059515666576,0.0,0.013934652455406154,-0.08585859480333952,-0.024357818061787898,0.000788483101153682,0.0,0.00031338777074981736,-0.004154003335486212
-0.04437999617053204,-0.004291816611996379,-0.0034095982747948755,0.004960927892799058,-0.004352688507770678,-0.009766875055143091,0.00044143298783775963,-0.012775748030726662,0.0013511104355873004,0.001229938577775769,-0.009322759033407811,0.0,-0.004386016183368863,0.001802977223222935,0.001160863390617561,-0.003171614605420906,-0.005595996802147096,-0.005547995224291294
0.029396668961464083,0.004591385512972575,0.0012348952056498545,-0.0557280766942469,-0.0043041981901590564,-0.0024377763816704682,0.0020135821588330403,0.004210619227304457,0.0,0.0009612491454256695,-0.009181716408237513,-0.004084156606872082,0.0808867772873965,0.009341085261677647,0.0037080794371659957,0.016293189497752228,0.004679655151404015,0.00023529044359162088
0.07536349036682442,0.01756409985207364,0.01725739058613352,0.017135492474158222,-0.006020324617315442,-0.013188975698230571,0.009396431751058565,0.011635168612738238,0.003743313508098161,0.002401465677280618,0.011117994647586373,0.011614593049512525,0.04656010635514062,0.00491922801719243,0.0008082115916718226,0.0014522004923410126,0.004950240979175293,0.01922416979424793
0.04497742978360622,0.003012296792856871,0.0014258391944269556,0.07096558334429545,0.015387568439485274,0.011700663281659878,0.0030069046737833663,0.003894953389559424,0.0007511071453470469,0.007635564386071974,-0.00909628590281468,-0.001450279554823859,0.009205491345240216,0.007733481555629781,-0.00371682883240312,0.0010880237573615515,0.009749352827075782,0.01201608839445864
-0.028066460869972394,0.0005445194482489034,-0.005808147215259216,0.025322938818136208,0.027719802990980105,0.02004386193758411,0.0007921699757710604,-0.007956373772821717,-0.011465113048304065,0.004225557422892672,-0.004991262948456708,-0.010655871911691305,0.04824116790144625,0.0024723118078994817,-0.0016405934664127937,0.014154527131253893,-0.001807414089774124,-0.011497257285943877
-0.09012626518678787,-0.017878676416489006,-0.012451207142774442,0.029791077757277334,0.03703582360896175,0.01877636287018258,-0.01548829451130936,-0.022404878911075937,-0.004079870811005679,-0.0005864673537709707,0.0013532410850362214,0.016391190218164008,-0.009803965509663611,0.003879371598372345,0.002140238079017141,0.0006906067527077722,-0.0024447539412160014,-0.004298211149010259
0.04949196263118047,0.004205708992789879,0.0023042849176827095,0.039179323362102766,0.012110012515861267,0.008968575718672874,0.0029701827160858512,0.005976214846478406,0.0015068450944021993,0.0097605229135843,-0.0062014996012112,-0.006537688100761819,0.03700418717305124,0.0037538479165425344,0.0011458605247455793,0.0027745545045980576,0.007362491515536179,0.012939942620903977
-0.09710368937528413,-0.023928090794070874,-0.020776032225247713,0.027114974678773027,0.01915274540086309,0.012835281209851675,-0.019335534356055253,-0.036736690555114894,-0.009454498476919142,-0.0012812992984487835,0.0018307069635412395,-0.004849121226626645,0.019439644023786888,0.002707890612214299,-0.002696970335945669,0.004840306797997442,0.0003675401541949061,-0.021817943037503285
-0.04968903716220553,-0.005163853593940896,-0.00040413633875585863,-0.04982726164008752,-0.05860350250397535,-0.02821949242542489,0.0032465709341794433,0.00492252237512132,-0.00028362220255517665,-0.01621917354876728,0.00822573443454826,0.0011275552625587247,0.024559198785407108,0.002034855625877162,-0.0025745342887264176,0.008003969263919537,-0.0005687241053834929,-0.008162764599964067
-0.03198106830487095,-0.004777235082883536,0.0022833746069557273,-0.05146962264589778,-0.004815715269376751,0.006175364633426123,-0.002065295611228555,-0.0007693971539411186,-0.003235398794818248,0.002992392846476414,-0.007735404063079723,-0.0017540903272977417,0.02669853635697291,0.002671562201988991,-0.00035298820715273506,0.011570358496498312,0.0028695360293045035,-0.002274048838901241
0.04753498805363131,0.005462671287154051,0.0022412443009947798,0.06850173783801539,0.02394932698683302,0.014191937750710567,0.00411672545565709,0.005540921744212057,0.0032422872115975636,0.008542232859470658,-0.007744476534539526,-0.005874940595187643,0.029798868004925157,0.0046586830559596564,-0.0027817321742039823,0.002185627610953182,0.007979177022216252,0.011472453042323943
-0.04230644831527199,-0.008522429403686237,-0.0008886795706181048,0.0442433118387665,0.03993303891331462,0.012142459001074881,0.002497016234381588,0.0011276062418287536,-0.00020884025276746675,0.0015792181353277497,0.007775241621854598,-0.0012243135629361065,0.02983689975569329,0.004804677637876688,0.0029402448727261703,0.014708528918185745,0.0020024913639986874,-0.005924930309919266
0.0370640721524546,0.0030477217092987332,0.002538853916514555,0.022036655646008957,0.024574399325563226,0.02702054972498897,0.0010376707502227829,0.0019941762363891663,0.0003165786996517799,0.008500829660364174,0.028931377016747896,-0.0006716816687505183,-0.011822284009220628,-0.00391987814917449,0.002774077873173998,-0.00046483977660071195,0.004506823821620153,0.017392436244864112
0.06790902486011846,0.016048040411251636,0.013563220960741898,-0.001488215606791243,-0.007815478784701162,-0.008799106150965507,0.0033528978076007815,0.0034447474038733464,0.0029249399212352154,0.002666815384282176,-0.009008504121501478,0.002748709571528227,0.04282767518953688,0.005879882998235917,3.058840052392035e-05,0.0019650196540704026,0.004253650523441606,0.0150668012991515
0.046454066556582706,0.006087299087582833,-0.002600042451398761,0.027287706082924402,0.0073303749238919904,0.0025588656796469234,0.0015966037451795433,0.005678279681014227,0.004572845362223757,0.005961596041278038,-0.010004612133987659,0.016734964905456205,0.03443131754511704,0.00459746077087396,-0.0035813069079166124,0.0016220867962557968,0.008468933719378116,0.0026221496414629286
-0.03899955968075106,0.00032887708024886256,-0.00309869001730116,0.0019040549677383286,0.0465436736053076,0.019112790051998976,0.001306389182348879,-0.0031789164235145177,-0.0018038230097516073,0.005154141715897596,-0.00839772490849105,0.023888444958910515,-0.01822591486786892,0.00643596896801239,0.0033506352640128067,-0.000787584083337344,0.003242354788375838,0.009696002736914205
0.05154930258557745,0.006878604685656709,0.0047249015347001705,0.03151248719107091,0.0014410257819852665,-0.004932943201621341,0.005437780432162927,0.006914160974670628,0.0023120230492439837,-0.004470533338226255,0.005568594032092683,-0.004818542349061858,0.04470429594913951,0.003607982873178099,0.0001794978767983102,-0.0032170440010719755,-0.009713557219828483,-0.004299790390432934
-0.055495461130995356,-0.006118033276144482,-0.002895198607335193,0.025973634334654015,0.029784990138718402,0.014003564489800464,-0.004198393167872916,-0.004314302447052365,-0.002036865249381115,-0.0025229942659299566,0.0065098204396257095,0.012593237194476307,-0.16928173034783256,-0.03528306368358411,-0.001474142237135384,-0.01579351427636204,-0.004644708941538538,0.007830886193692627
0.024431437937981516,0.0004945476630954119,-0.001045868260901044,-0.03139444762793484,0.01861792899302552,0.019533094859859677,0.0034956283113979016,0.0027542394231758163,0.0003300922904149881,0.008468131822992176,-0.010584064298639477,-0.00899298430426795,-0.025415174472785892,-0.0021984573834717804,0.00026924441380469686,-0.012611751572478926,0.0014187437876024547,-0.0005872805721065348
-0.047218037709785214,-0.007378747706110537,-0.003187641587253264,-0.023188969329472838,-0.012411682044697128,-0.012553221154721033,-0.009296800455050195,-0.008749103128455967,-0.001205557502224142,-0.0016821586402021216,-0.00496671248062114,-0.004677673702637922,-0.11413752664447982,-0.017956210914556472,0.00016970728684964926,0.0020969256224886578,0.0033820935553577854,-0.0006095985376199375
0.009601369269783182,0.002036356577419959,-0.005146190483803629,-0.13464281656062624,-0.11267229642721155,-0.03195855850565346,0.0012274656341926748,0.0022922182459563234,-0.003963015961389938,-0.006343012610608712,-0.003889550105372705,-0.0012484188189132157,0.043727193482073747,0.005114039797444034,-0.005465325493025463,0.009290673232939506,0.0,-0.004679173407739073
-0.03706956535580501,-0.002941384143330228,-0.007168389303301621,0.03854554839805565,0.027498534843873254,0.01009082351862298,-0.0017596870343385951,-0.0015901995405091791,-0.005264392235849688,0.007720596715290764,-0.008436395103349963,-0.003389960711806996,0.028561411547303135,0.004759815157552444,0.0008957483171314249,0.001976986871902666,-0.004438602277738195,-0.0042106238407544905
-0.029230461354408613,-0.00254950054993738,-0.0009086728200509637,0.04497647249508195,0.04689819424993639,0.01684929901486254,0.001983574495428631,0.002995270094608233,-0.0019463875801084506,-0.0007514346295890759,0.003881731953674171,0.00186202827223614,0.03646322565561059,0.005476309551108741,0.0025054444825468205,0.0120446900662417,0.0013239308421187437,-0.008370562575383517
0.04334482342470311,0.00315860017662677,0.006234373918656636,-0.13922533946341661,-0.08775126376100888,-0.025129840337976477,0.007374353220603455,0.0015652824571850271,0.0012831144288148728,-0.005499374972934904,0.0013056644864350643,-0.006562393562253657,0.022211025032323323,0.0008777806573572728,-0.001240806346992661,0.0,-0.007034627756459161,-0.002187225479232724
0.03743658318544067,0.004014839128387993,0.0037185488908036577,0.06458647230122343,0.01578167526362367,0.014768813844881289,0.004059254699949153,0.0024304282498470125,-0.0031566560874948654,0.005744222525922748,-0.011434407937672975,-0.014967268568908803,0.00045375230828300094,0.002087357019927955,-0.0003574170536333851,-0.0008807490772758883,0.007251906682375023,0.007600605409198324
0.07317034616172356,0.01848296468408649,0.01688254439009194,0.02660089344638187,0.015683684204645155,0.012154757741518548,0.001330774584801248,0.003248491106663434,0.001513409193120714,0.008596397692346103,0.02339193606914612,-0.007320318367854304,0.04112718785296287,0.0053733260239173,0.0012972866636940176,-0.01388621020973036,0.007504825931783402,0.010816362729185541
-0.05646664740350805,-0.004621786780600726,-0.0033302457856129873,-0.008368347048514158,-0.003060646071888641,-0.005417075486838069,-0.0029012481884573053,-0.003939535553117426,-0.005893785788547035,-0.00551613271549047,0.005709480796199414,0.005954687719026595,-0.15461630584619357,-0.040690430852624304,-0.0047393467723450345,-0.013399834065233549,-0.0017187228522375247,0.001766365268876191
-0.046410446073843654,-0.0029521295845814583,-0.0014489400473458357,0.040667283746050165,0.021871688698951695,0.004387186894096963,-0.020710484354387756,-0.022848946009149964,-0.013913996213585472,-0.0007353787563107421,-0.0007291373599354157,-0.0037075428220108455,0.03924816052153589,0.0037570514740599874,0.0016634913238633496,0.012463624887730456,0.0010433820058277003,-0.006505949843481686
-0.02629327267750584,-0.006213762088395108,-0.0036297297400816456,-0.025240281191229366,-0.012642204199661975,-0.018085593615896834,0.003127167166490256,-0.0022209707128691427,0.001290577504118558,-0.00988937270989095,0.011572258266887406,-0.0015841807663128252,-0.08982774171424887,-0.0021790182137240667,0.002336622142450432,-0.0011404668150027455,-0.006741830108876746,0.00641913601132485
0.03691190111412653,0.004507924672619643,-0.002031750820452736,-0.030428287007274804,0.00046851441068437145,0.0006258539407026093,0.005809133851092493,0.0067417109798898495,-0.003081617852471332,-0.0016642244732133636,0.0021749124957028414,-0.005314317153156621,0.06324810425680877,0.006018474824223632,-0.00110480778628757,0.010626363067205874,-0.001081522121242663,-0.0033629362589089468
0.06778519958170232,0.012548622675455983,0.01206118518855324,0.05754954915221582,0.007023869715640768,0.002390184443677182,0.004616542078300065,0.01174847782869277,0.013436894391669861,0.00813586830757408,-0.006548754483495503,0.00948575349260111,0.044043366229606765,0.006128958659749725,0.003176756249300372,-0.0085335509483307,0.006978999866353853,0.010508404842133667
0.053335866415244904,0.00445733589004629,0.0002792821727742319,0.02706047937671108,0.006852704600422772,0.002403856080385014,0.0018441912093573188,0.005758756797976263,0.004169507861986931,0.0,0.0058448223087422336,0.020453418845889616,0.0382066912481709,0.004061315149357534,0.002048030952033651,0.0035941060631862554,0.008332745456965539,0.018027626050301976
-0.019685793650658978,-0.0017482961342995902,0.0,-0.02878006086209073,-0.005250167462612985,0.011796694143750217,-0.006493975458811084,-0.004125523628549427,-0.002898546570245343,0.0027692473525488498,-0.009592052229032887,-0.0064166332608216895,-0.09679135670609582,-0.0060690296010600464,0.0038643472952595175,0.001709673267194317,-0.0004923626003996912,0.009201951921272183
0.03454796453143838,0.003373677484786921,0.002180805136759845,0.010656713296987612,0.023508765307462837,0.01416564200500452,0.0025581410470202396,0.0020933801968587196,0.0014720017774208852,0.004830712302692316,-0.0022794144245309737,0.010895347918897425,0.023601943308369247,0.003133042088188385,-0.00027482336725337056,-0.0007579904095101192,-0.005107110851006236,-0.008174027377290283
0.02399702539575283,-0.0017188906255255392,0.0005553783088160811,0.05577909291414586,0.01334035944516916,0.005712201722795609,0.0026757295234226108,0.004741990912256003,0.0005504253274427261,0.0006005718120075552,0.0035070147571334602,-0.003772970055543622,0.03133714563632209,0.004395797867543148,0.0004224828445748547,-0.0026390186944485086,-0.006169295875335613,-0.006313996008534994
0.00937166877955217,-0.0014032331307637905,-0.007631055875891637,0.02684459120544927,0.008120553326263186,0.00988240494958261,0.001043727872579772,0.006694593788308329,0.00273379296206264,0.00037609004761935837,-0.009705762455406101,-0.018735044316893743,-0.1299382918777995,-0.00546291930985213,0.0024021783507808645,-0.02227992891433755,-0.0075091571244869605,0.000261180821310103
-0.04830192730025763,-0.004568521283986253,-0.00044620325189875966,0.01418358607796246,0.012675951890687171,0.00967700615205782,-0.009715995056368184,-0.004529012617914263,-0.0033081130823151964,0.0015490838932126407,-0.002384723433758905,0.01738974291585534,-0.13143322757825332,-0.030467867669418613,0.004752048697764141,0.002097851562828236,0.001926811025014723,0.010112059667899409
-0.04455579975366332,-0.004409575727733871,0.004405695368988037,-0.003498744733723543,-0.002081882270285729,-0.00016216819118575668,0.0030068975892312967,0.003966642491256133,0.0,-0.0016448759515388252,0.00979373918514956,0.00777892686130718,0.021766601443463488,0.004691446087231657,0.0009631296431423436,-0.0015405419897219518,-0.007096433685936135,-0.007506821155012989
0.032295820994000406,0.0032641109018904857,-0.004646515307155134,-0.11810282339524027,-0.025635633295454152,-0.012655442042136101,0.0008812617607904948,0.0025358240455366906,-0.004718258312089315,0.004371419518139005,-0.002555214257168155,-0.001081368042625401,0.03073372561051956,0.005319650922678192,-0.0017365260381317692,0.0005028870762442435,-0.004513593631479632,-0.0014709430024723164
-0.09289928266604798,-0.020346392606188864,-0.005884291507633838,-0.01970318070855673,-0.005129844487123511,-0.007947204995802643,-0.014254676533219704,-0.019327295323192432,-0.0006564567821586726,-0.0002819283265303123,0.003250459118248499,-0.0033951732436548632,0.04025697648496778,0.00235046257013633,-0.007322232139567552,0.009624029343826794,-0.0026492595248636956,-0.02276034639480895
0.057715974208704154,0.017655026075600048,0.010124530080635703,-0.0017376860072263924,-0.0003945314931010789,0.0015707254673541394,0.004113755213477014,0.0066031532357673185,0.0014206749355589925,0.0017750105400288806,-0.003530092112430178,-0.009414088764337775,0.058938952151547576,0.007090908779492539,0.0016693905339534836,-0.0021430694076947036,-0.00664171135782864,-0.0033895025621135944
0.0260936551363512,0.002226888041269902,-0.0015882614521507904,0.001419205032748011,0.019416421873859464,0.02154937230903278,0.0005783368235818696,0.0019197449037501126,0.00030890121015545894,0.003820025173393585,-0.011078449530420949,-0.013557182434857639,-0.0241592147081066,-0.0035350068267670774,0.0017155291972398162,-0.01365575136976349,0.00024114901571050632,-0.0014508534578024194
-0.03159469247516052,-0.0027280461141076817,-0.0014448176591877217,0.012411001003222863,0.004972308141116482,0.000890911612126494,-0.0006194546482246787,-0.0005490122024485065,-0.0026679913259136747,-0.0024976079752203565,0.006349452401535041,-0.0006627737844145378,-0.17103695700831564,-0.03384198903127439,-0.0028718675918811528,-0.0233132029353318,-0.002060082188066604,0.001036540880903325
-0.015397336086873591,-0.0022350571702653924,0.00046878741500587225,0.03754295441316228,0.022884101340360626,0.011013883130248212,0.0034306535859146233,0.006476974332051515,0.0036183687246675363,-0.002028131995456138,0.008083709564234291,0.009216330252758918,0.02684636963630769,0.0027695704215407093,0.0003837116882332466,-0.007009949315238362,-0.00994313437758476,-0.009908500824976754
0.07414393086987377,0.007508595255720388,0.009984973132643486,0.043261809242912945,0.0031452849893048285,0.000996519844794089,0.009234463378739942,0.012547875147685067,0.00784426506999155,-0.00319778827826406,0.012411744302000127,0.033848507713150004,0.03756515707278124,0.007211424379133398,0.005542813703853303,0.004267077712818082,0.014566654706069762,0.019390975707719083
0.0708753080894878,0.015515295533173547,0.014019645895447165,0.04972155892745271,0.011520364322505066,0.0,0.004070049984166013,0.009033325153137341,0.013467973637237974,0.010439394121867143,-0.005637230096460193,-0.006218473050408227,0.04877226027302253,0.008074814690319267,0.005380200676271565,-0.008281031698630585,0.005531865066986757,0.004187402713586252
-0.05739787880608054,-0.009482997179797392,-0.0025723750238081334,0.02446438859255817,0.038968893394136096,0.020435615069181744,-0.0058328532589618795,-0.017963270366070493,-0.0038094827638782804,0.004131802770561573,0.0016390497492250388,-0.0028878771414325532,-0.05247339002432984,-0.0013087517176674983,0.0006612260184691777,0.00042841840526363804,-0.0029062473368475132,-0.002413912731853013
0.04235202518357866,0.004421271564505678,0.003976197407994799,0.03295255326321548,0.02173525516095184,0.017094912220094655,0.0031852176636797784,0.002488666871310719,0.0,0.00919383694164498,-0.009077807737937756,0.017410039303340848,0.00922938523852549,0.0029197409160134314,-0.0030303446074265708,0.0022698128541965446,0.010535692853978183,0.01069727129034731
0.038633350737995065,0.004473670603145505,-0.0025956938734663427,-0.05805950062682877,-0.022967755528289505,-0.026789416232963166,0.00670629709307807,0.004854130517560523,-0.0010593362010470947,-0.003745826096980779,0.0051941579213601,-0.007752924449113482,0.052401336689285434,0.0035764782482644018,0.0,0.00717567990068902,0.001466077890283084,-0.0009996258732626764
-0.03731343115305896,-0.002809344183964589,-0.0012512051975905611,0.005283958253614372,-0.005561002483271443,-0.006516081157373603,0.0058994614720675196,0.006775382873150473,-0.00035240174447074435,-0.009336535874902427,0.012213225086793013,0.0032321642775368785,0.03757558776303358,0.004005232375970309,-0.0014239854051583754,0.006459584205709127,-0.0003427140728871437,-0.005796778350324768
0.05026516164800921,0.006067870912622298,0.0014675624104984158,0.08664830680620293,0.055823213224880625,0.014664973790587895,0.0032857082442689168,0.009307879706548028,0.004574484924357791,0.0035829084022077073,-0.00866861392615122,0.011686354727985541,0.008896767589362382,0.002629038113935503,0.0021347453422287726,-0.009533017449604766,0.009589264010825885,0.014774688474512798
0.02266909786068455,0.0018645446619331221,0.004855058806526183,0.025165814931410586,0.048228494766867365,0.024296883041997244,0.005354588596504671,0.005517754651096945,0.0019955908123756184,-0.009987268051255846,0.011243865540685403,0.026496061960548267,-0.10141000172982083,0.0016542401577418287,-0.0007218334912419845,-0.015828856832099406,0.0043824669639739855,-0.008099452981466582
0.050810030740246884,0.007417081813827115,0.0029652185868975505,0.08634599632751781,0.05269148223882877,0.015879497458856633,0.002202770904924623,0.0054247446494667595,0.004948716966882184,0.002554905419541276,-0.006207689930786262,0.04369375290879975,0.0002291741042367507,0.0034547617490226883,0.0069659103894163755,0.004376685639658399,0.012304625910391317,0.013083036686469762
-0.031556523343441216,-0.0007282655971888399,-0.0005055193288595731,0.04722064818978564,0.043515333537386874,0.01465094976868866,-0.001831438850459994,-0.008926872646057694,-0.007666605373954692,0.0047218857009549385,-0.0036961107078497574,0.011351356896194644,0.02926302574048345,0.005184415801097451,-0.005733713368927545,0.0030260480071378697,-0.002205631670025094,-0.0033748568827595554
-0.06828986956612929,-0.011380853111273554,-0.005948946535469714,0.025969308821318777,0.026739822944089307,0.01587569345901547,-0.020576351107269106,-0.022740521653448184,-0.00975609613120224,0.002710487176320902,-0.0014675784372092345,-0.007036799652517133,-0.06105823966258869,-0.006994826467222568,0.000847376285209648,-0.0015190878058331094,-0.005691647905025711,-0.004246191127466548
-0.03704184250980035,-0.0024629535485342145,0.002239629127607094,-0.027402115170414954,-0.01649750233832732,-0.026685947230681375,-0.0015720615867968644,-0.003827212693325701,-0.0016821837074230057,0.0014621748039167104,-0.0013616081571357947,0.0018939563263921143,0.059767682438522776,0.008949492296879696,-0.002973724004342086,0.013500504777576954,0.0007553785827099816,-0.012629118688689558
-0.01886835311333276,-0.00045771607449834303,-0.00586497244839681,0.047037815444089706,0.03308364221930574,0.012459089036231427,0.0011249245607330045,-0.00302996598720126,-0.007449554764672488,0.0020273886164496324,-0.0034252079446657094,-0.004494928252156132,0.019607568248854006,0.003410921734507042,-0.0008143190629431746,0.0008434726642596795,-0.005985849172291316,-0.0056764346354871015
-0.038292773656454344,-0.004470373062162767,-0.006290320355879702,-0.028497830240917066,0.025982891743669592,0.008981980818381242,-0.00019312744075223454,-0.0018554338041908971,0.0016078275431771858,0.004284071074499372,-0.011626117958480236,-0.009462095328714776,-0.0008575826000222734,0.0021228386920865952,-0.001105134404407376,0.0008327615123152284,-0.01057103353699581,-0.0060227992775385986
-0.04127220049429381,-0.0045219969645990165,-0.005310171732500124,0.008434627916484081,0.028927790268301508,0.01333120222445171,0.0021070191904370207,0.0028567529976380062,0.0004021115582725651,0.001271335618344657,0.007487728302002181,0.009695613677099202,0.016058831593402274,0.0034777223009776464,0.0008475682262916528,-0.0008851255772089487,-0.007045260879440942,-0.006774178533059436
0.028540278272154294,0.002517170519075455,0.00032342008256076263,0.004616453542967804,0.015064270468662596,0.015467984857024763,0.0011956521707508132,0.004906683587821147,0.0013411293193578836,-0.0013569244709132429,0.0005896024424044054,-0.007994359827276126,-0.014711367396402,-0.00035386023313374875,-0.0028311860826416334,-0.0009608581163925811,0.00580269738983306,0.011302226709468476
-0.05107686649753479,-0.00916362144182804,-0.003159470860100194,0.0005218604283952047,0.00510319989233065,0.0015054285953768588,-0.006890850045823009,-0.007007068803876675,0.0030720334841922345,-0.00862567983553083,-0.0045626848889156945,-0.0005213847072085458,-0.11450799392175706,-0.02050755400051686,0.006321924546068716,0.0027252213072311957,0.004348028539210902,0.0019334082580106382
0.050045467232934876,0.006737335297510374,0.002214388795540379,0.08879868823172667,0.057561394438585434,0.016153830446058285,0.005833204991356109,0.007829234550669199,0.0027467015626699907,0.0,0.012001580898739773,0.03784779113875925,0.002074441721253265,0.005787563991742541,0.004977042545459236,-0.002239956341912973,0.013357298913100345,0.01797048508139437
-0.09388656133345796,-0.01887136886333126,-0.006963407435317173,0.0338600030087657,0.01917579874558327,0.017358268366124995,-0.0188103149658994,-0.03497556151794943,-0.0012928588198974468,0.0036195064056861355,-0.005136970289508409,0.007121698639317231,0.034209881110106956,0.0009937914287391854,-0.0007132004285318976,0.008250544638846346,-0.0030874049662890277,-0.010616244236193902
-0.04870412295724484,-0.004665068383431703,-0.002985851169560186,-0.03524062279285432,0.020186688931732113,0.008122868442552868,-0.018939984908710305,-0.02194178311269913,-0.0098523934253295,0.00322884263851624,-0.014150733427551784,-0.007809069298764808,0.01612757117213668,0.0019352725511729162,-0.0026103072838964763,0.010205675714626414,0.0011712975241063238,-0.005524458330186138
0.03513718477102392,0.0032610609253696343,-0.00046247336029890484,0.0314918779745445,0.003492442231805238,0.00848342204281789,0.003306415347130266,0.004647471864907298,-0.0007102143890505697,-0.0036387842403854255,0.011674793678202504,-0.007060710597918781,-0.01838751687628185,-0.0011533011537763838,-0.001829497729945031,0.0007667672658617492,0.007525355290450672,0.01278090524197631
0.006369804219119771,-0.0012435136104779507,0.000815507984184813,0.031118084375534823,0.009581573333067474,0.008586823585146055,0.0031037933588798027,0.004121879503747117,0.0014246898984578678,-0.0038290135474698473,0.005185218372896941,-0.004010595453060735,0.0253318212066125,0.0042933301016232096,-0.004111995140303146,-0.0005031812608388546,-0.006175967239021709,-0.003985042269654029
-0.06320671531964679,-0.01130354573377849,-0.008051383497536178,0.015520667727044406,0.0042921758881266075,-0.007592090867124221,-0.018875604630245756,-0.014956863518753357,-0.004619174977691401,-0.00118417215157954,-0.0021510620070115953,-0.001026773580685077,-0.1268338600918245,-0.030598193841990296,0.0009742202532327006,-7.951906625017042e-05,0.0,-0.0031536041165766138
-0.03220887238092606,0.0013319710793586398,-0.00039588731399617947,-0.0978196288499885,-0.1160420859770186,-0.03915618642872591,-0.00035233552494866153,0.0029395399524002014,-0.002191371830784889,-0.008741941286082884,0.0007296061527667517,-0.006195431050803382,0.04073824232354281,0.005555771987978631,-0.00719932092858991,0.011998265447383817,0.002346341428748329,-0.008545629844644104
-0.07110277253119394,-0.009616471367476682,-0.0031789612911987427,-0.061393514901427415,-0.07538494005055207,-0.021551010477115704,-0.010160927004481214,-0.005835273152826954,-0.000338249210269204,-0.01845368839912198,0.010349387080610598,-0.008049758595565459,0.002128663863629078,0.0026498623885499273,0.0,0.00736752946750847,-0.0011627673479818318,-0.009557081611927032
-0.028027275427418837,-0.0024714156972572916,-0.0027099649519838156,0.0022372673828518668,0.014305369702562475,0.01370263049490855,0.004779711183949308,-0.008125678603731677,-0.005946127781673923,-0.0009611870356711604,-0.0008714471775221187,-0.003920399145440208,-0.1080420948560185,-0.015564928641638888,0.008269138909524128,0.002076468434042632,0.0038123199595102224,0.0010449846604002333
-0.03668629052617715,-0.001570728348809631,0.0016905237208429027,0.04434378472202299,0.042233723144364854,0.019762028944061025,0.0013903197734753644,-0.0021654091406900435,-0.005444924739134526,-0.0015025211239483797,0.007093729924990094,0.009551663096232012,0.021123767994769803,0.0037445685582809304,0.002023416109822074,-0.00437369871428581,-0.006005894550657832,-0.007070225786761725
0.04124582567965613,0.005843636765417206,0.0032164659296908434,0.07118985626778765,0.020468559476333092,0.01357542140031155,0.0031488767563554337,0.003958384088103567,0.00015727452507101558,0.007005383134690894,-0.00947509540147901,0.020411081901586102,0.010959955480940165,0.00374870802103137,0.00023884026173574013,0.0026057009572948617,0.008203364214389133,0.012170189472050952
0.054599153342163816,0.007361390230564957,0.0014506060051626198,0.07924548339818994,0.052134019541139685,0.017021905227762497,0.005433478003798661,0.009230746439173525,0.005178763887002267,0.0030765011596673737,-0.0018276446567642279,0.0249448901398961,0.013519076773231178,0.003958341491778465,-0.0030178383666440694,0.0048910019069367825,0.013582623866685377,0.019068523157423134
0.0626810847209631,0.015559980890244686,0.013496007773263504,-0.027159636631929773,-0.015759312156090687,-0.020285175040494072,0.006365510152630633,0.008676978338380766,0.00046579829755826385,0.0005812510014666703,-0.009247131438129259,-0.011635856702105403,0.04143178936579735,0.005600601594775063,-0.0017262768211148984,-0.003298094960701892,0.006745749642017729,0.006627913962892862
-0.037253349986072624,-0.00036241693366584246,0.003139767548232496,0.04331364206968329,0.009276601456300155,0.0075122529389849415,0.0008714737255777185,-0.0009921405597463143,-0.002902603573911923,0.002687147516560692,-0.005511375203372446,-0.002145581595677576,0.023744353529117555,0.002471203284299539,0.0,-0.0003288694542972537,-0.005365324525625381,-0.005107050404239255
0.019053020103815283,-0.002108353628389139,-0.0037808721918598113,-0.07783739580908802,-0.05227899467655089,-0.01504973623556002,0.005606656444215083,0.0036993598837733836,-0.002102164122529542,-0.002680133025824621,0.009332518711979569,0.0011824444552398434,-0.14011255325555758,-0.01605850595056657,-0.002801183422541825,-0.030821481568904234,-0.007000108302313959,-0.007349363054901692
0.05271994853009263,0.006208615193913063,0.0074963461008691595,0.029995810303590952,0.012139052899628786,0.008943833439587486,0.004185344554488467,0.0031037533141487594,0.00040997460056840996,0.012566688485031483,-0.007797086300071799,-0.003973528952376156,0.03991269696911163,0.0038820832227895617,-3.793631657449984e-05,0.00045279270137361065,-0.0009805807990115544,-0.00472783459172843
-0.024620420123157086,-0.00045198744192124216,-0.00334690274692161,0.04885693868097183,0.03523974202283963,0.015163339424312167,0.002142397491684872,-0.005755643689416817,-0.005694152395382846,0.00446908415719127,-0.0017022464237418772,-0.013779285783068416,0.04652465296942607,0.005657256533622257,0.00032264466448910385,0.01076688637810547,0.0005843800697057308,-0.0035741869812543903
-0.026509661174315666,-0.0016022629058091034,0.0014417601804074189,-0.0713794591208559,-0.08819930083671752,-0.031054991568397226,-0.0008906150453841662,0.004098932757724693,-0.002347663572804463,-0.008466575852502522,0.007107637346502,-0.008671673484598722,0.06140906793765852,0.013458757016611103,0.0,0.0371426128401567,0.020794611593783967,-0.013409460115281435
-0.04041879794941409,-0.004632766205056632,-0.002299747048730613,0.04655384568128709,0.031239708564485463,0.008295361308661545,0.0026534715361188764,0.004871577747177273,0.002965388062553458,0.00016330648745254832,0.008505611168997243,-0.0018149605010494999,0.02777175599846787,0.0048327081971420395,0.002351072211620543,0.007450548224047668,-0.0026295662290253615,-0.006552578045055643
0.04571913084522805,0.005017437750487436,0.002451691149461722,0.040229291515207134,0.020626960947319663,0.014769985072958266,0.004043710351866615,0.0025851381201370833,0.0008333567468945833,0.008632092194771302,-0.010174377294012975,-0.007871693233792606,0.030187273277875418,0.004255685598923138,-0.0015382345128850863,0.003492582052515851,0.010953384058917935,0.002579739754965671
0.04315250838751571,0.006205750453969084,0.0,0.07977336744571926,0.01964454188898869,0.011149733722668972,0.003847196337114712,0.007407873300837773,0.0017198854680791965,0.002311618786676894,0.007886825557213428,0.029691090042802924,-0.004493944837058941,0.0065408130605008686,0.0006104388081615373,-0.007323006280950761,0.009076565404293838,0.01131767094205513
0.04821264060118913,0.005950521853598591,0.001454864619747756,0.04392867186774113,0.049979640899531434,0.01486417069242973,0.004290731992352445,0.009354853148454934,0.0033058033465398415,0.003031926894891941,-0.006121138309210519,0.015764055416603303,0.0038023631425578366,0.002707560611179454,0.00028887030038887495,0.0006303373499010501,0.010075676730283605,0.010891766071125991
-0.0477648200272634,-0.004581567471002002,-0.0012111580277555552,0.03649154417260395,0.02664277869414722,0.0043236533667707685,-0.002910441199704461,-0.008262343855451614,-0.004373422601226936,-0.000553618651950893,0.009135768782692977,-0.005158322220514744,0.011332903188458615,0.0063619899955913205,-0.00018099530832795292,-0.0038590550423279637,-0.004882903638974052,-0.005726624126178279
-0.07449948981935166,-0.010580921254677831,-0.0033114272356490173,-0.0365955384584409,0.0005004504865911032,0.005170226870978029,-0.014012766844981728,-0.01501585420896948,0.002503776499144235,0.0,0.00811138411072401,-0.0024344715052515343,0.01816940769886217,0.001508954887249101,-0.003074593012662917,0.00930366226930967,-0.0018901164413345634,-0.008142058995983234
-0.05989609671948341,-0.0071160572811327346,-0.0037686051019552194,0.020224892556119558,0.022576801713616902,0.013902733449840885,-0.013154540481234255,-0.009787355593125347,-0.004280683778575979,0.0032601596186266867,-0.0020051534010982674,0.022326744390802674,-0.10953210907063683,-0.02601115514466098,0.0013095726209058263,0.0025343099864205466,0.002863223665678244,0.01044767370641328
-0.041577416764133394,-0.0025732820342984804,-0.005745401075139735,0.03492324112195776,0.023122643350434267,0.006725226691782648,0.0011865773544696106,0.0033974784936403302,-0.0022861002944714287,-0.005767739610198471,0.004644751785534374,0.006631312088141839,0.04597021501008779,0.00445570479567151,-0.0026950413773821056,0.010508145987731227,0.0006530772589719462,-0.01005533695500975
-0.036568751760203376,-0.0006985674977422569,0.0007346637349113782,-0.08168172300961941,-0.11704961073182102,-0.037405482335618724,0.0016222845912236402,0.003312187706240607,-0.003190216360053033,-0.007466732109291001,0.0038186435578573793,0.0,0.028860111604140308,0.0031033591285105776,-0.001536259457808859,0.006946074744517022,0.0005473308602010801,-0.006568938070780794
0.04374286304401381,0.006155387973063289,0.0027320647921884778,0.0619992111306673,0.03222614961576829,0.021314559561458755,0.004936535272943538,-0.0009645828423162372,0.00223555269041112,0.011643956833897138,-0.013240863618786729,-0.006995105526372325,0.018764715840513466,0.006671075789682036,-0.0009382209254605435,0.001679782826980638,0.006703234571935044,0.014938188466044666
0.023642508437546155,0.0,0.0032766922802317535,0.06162467319089465,0.01905157897371804,0.013117345650220815,0.0035181770424200314,0.004935660103715335,0.0013984741965195249,0.003313443919841249,0.005164740601191842,-0.009076103568080276,-0.0009892561622208364,0.003155527020707565,0.0008078368552416673,0.002340576243497843,0.008433900580150599,0.013780378081903716
0.06652698507499456,0.014242307057055942,0.012689861613238956,0.028696268927242953,0.012317520779387218,0.006769947355406195,0.0031479550255084053,0.007210036224673508,0.006177398595747513,0.00882350852344212,-0.0037128205826833724,0.005926874940767541,0.040609939135720544,0.005482008440256288,0.003905119819338071,0.002557538884712799,0.010716481550574647,0.01310282487097561
-0.06870751808929594,-0.01721929918487419,-0.007151200153089575,0.03892367175531874,0.027735111374619016,0.02093539641861152,-0.026159484705282864,-0.034308065865226264,-0.003213688795635858,0.004159086246906943,-0.0001589398214019064,-0.0026537884080580654,0.03303436670773466,0.004574314118997601,-0.000234228682457142,0.0081724105742515,0.0014560357569759295,-0.012245910031147292
0.05959751108747077,0.011531299293809836,0.007692629835009757,0.04151666303218888,0.0035564396908065996,-0.0035296838574467287,0.004334910955655524,0.0096548564102205,0.007661780498899547,-0.002545500410514954,0.010002885134103722,0.029504107680065162,0.009998900888293881,0.0,-0.0023256956150211356,-0.013937389173287037,0.007175443824602053,0.01601533283305892
-0.08498193653835262,-0.01533163981130887,-0.0032784145956596005,0.002726543577063461,-0.0063843247202839985,-0.011806815476106021,-0.001237172057461885,-0.015336410458654361,-0.0021555345799311844,-0.007021702621611764,0.011313592075204774,0.0013339843083791417,0.013298585288046684,0.0034320640953943455,-0.0009441187967927895,0.007190451189580509,-0.0008363285087654806,-0.008795579098710038
0.04333088910351223,0.005827225377215124,0.003999761981888921,0.06609423366334943,0.024441566552373253,0.016632045341281782,0.0019624074615109998,0.007850303145170387,0.0037546375402446827,0.007629989203001965,-0.010456021902850566,-0.013906695104298246,0.020488808820463045,0.004563577005494126,-0.001514607234923046,-0.001266485526351175,0.008693103238327523,0.004149256242883426
-0.02080077904745653,0.0023430293071503836,-0.0008697569217851558,-0.0284720367169827,0.0005383185979042505,0.008607629139814006,0.004910927284325187,0.006334876542725362,0.0018852256544042631,-0.006982368913435805,0.004280563945987323,-0.00542118105482988,0.037214204702293495,0.001895867276572664,-0.0017739548597536234,0.004666813199384367,-0.002472524608619727,-0.0022939983058603295
-0.031554454389985546,-0.002851441287814378,0.0027831524709387287,-0.013087109352652965,0.011109695820684867,0.005310891183471114,0.004099069386458932,-0.001276693346806588,-0.0018299544162440875,-0.001256892795280052,0.001104939965998847,0.005852395081966474,-0.1627193659316084,-0.03319610579217834,-0.004205675628046555,-0.02523233318689902,-0.0030090365707121235,-0.0030558048289151263
-0.030506720704747095,-0.004949397206327427,-0.004516493428141623,-0.07279510711120954,0.010980621138434243,0.017785075231785807,0.001366825815530793,-0.0019424280255737898,-0.0011146134371029784,-0.0009568865744031838,-0.003960231639463809,0.004790956460468114,0.021612509515870047,-0.0007070699281385812,-0.0015264926378932872,0.0092687172369679,0.0025077640615611186,-0.003756437867581612
0.06945011831204925,0.0016844416914896649,0.011796890899651821,0.03569809325872359,0.0021257799226838997,-0.0009743354826819423,0.006254108869518879,0.009727116064837555,0.005324629482609527,0.001683317495694728,0.01338264830548619,0.03197919391988434,0.03925231078897216,0.006720631150517848,0.002916944383239913,-0.011052355006583286,0.01092951856646391,0.01375399989735715
0.036174422064019676,0.007910120520974302,0.0006886227343254107,-0.05740815303072042,-0.00285711031430501,0.00019477974448778255,0.004262879523559009,0.006457144022025679,0.0018662340554716761,0.003545699186264639,-0.004220694226961948,-0.00509141927366389,0.08493122324435919,0.008679420479685456,0.004329271878961231,0.015219220913952107,0.005475699149144438,0.0013253244139424109
-0.03854955013888578,-0.002279961397212096,-0.001996949613405246,0.02484877716330109,0.008933511613351692,0.0033398228112602444,-0.0005920841270956789,1.786690758130302e-05,-0.002688351895290834,0.0005075845807184679,0.009104154679605203,0.017889261370504263,-0.17299487595621368,-0.037693825410797396,-0.00038883986299690775,-0.018794174980936565,0.000888925722889073,0.0028116084076191816
0.0,0.0,-0.0025557413678146796,-0.051302389381408374,-0.015123167640287186,-0.011320639750284335,0.005419155889097592,0.00423204958664465,0.0003744502678773377,0.0017424850318635541,0.011182170644910967,-0.009690677475320809,-0.09232553081656286,-0.0025862506883175596,0.0025708986267871745,-0.0017889695217828715,0.004953213051704628,0.012184685374424908
0.05218921010750503,0.007195151988589454,0.0,0.08952950533907245,0.057162977566734274,0.016564926455945348,0.004489151034179067,0.0101466534392474,0.006991724044990546,0.003628069537306158,0.0011551264435157047,0.03920601717354838,0.007746983144539786,0.005300814155442763,0.003624159275669602,-0.007496647112500737,0.01229359041842066,0.016231395615120547
0.049590467441984115,0.005245342222427642,0.0027283502056481114,0.037862052339225856,0.022218328275413052,0.01641899992561344,0.003857990145385911,0.004667533194490559,0.0011789793683488797,0.007923875034261991,-0.009361361917477287,0.024912310179528427,0.01322299036736175,0.0028203977374449455,-0.00392902821184438,0.0037336201270381382,0.011095222745783758,0.0169377911808129
0.03686033827363091,0.003268887336219829,-0.0004248497548078261,0.06601780195620988,0.020693893917136216,0.016048093405853555,0.0008143368736488291,0.00548269953956338,0.0018120553303761695,0.007025516630690458,-0.011461126212050808,-0.0162284621278898,0.009252939453415552,0.00466958664848395,-0.006115771664368008,-0.0055215110371562865,0.005171244177265523,0.008053206766734794
-0.030810149044301904,0.0005656238872484785,-0.002734413309146613,0.04656415303936781,0.03365624581758939,0.015565004809744763,0.0029949941920119454,0.005314271469208863,-0.0042918652659495096,-0.0005135481060488721,0.008777331168136426,-0.0006969508918402558,0.023245079999191367,0.0041673221384068895,0.0020439188391455304,0.0,-0.0048517017057690785,-0.006619297751001979
0.07121836284575399,0.011319097145382727,0.015817151366929193,0.016586628780724106,-0.006667778705292955,-0.00794300459420282,0.008783429458368753,0.011603172660839258,0.003786789376630554,0.0040548579321432465,0.006184722389073224,-0.011006950622452981,0.04582349837086531,0.005789456677112516,0.0016495935936568238,0.003077988621709677,0.0036486370651338303,0.012177730405413617
0.04963540367421806,0.0052436898560486184,-0.0023588566837842726,0.049224834944344896,0.014636053174788286,0.009349118876482796,0.002128256412533784,0.00861476360701644,0.0051511440363191845,0.007882980278803084,-0.006014238643085494,-0.005615137283986439,0.037941187079706055,0.004198636731566113,0.0013541507426595716,0.00038443442946203913,0.006064164996016355,0.011427798139563905
0.038838861251933685,0.0033762215602918715,0.0005371546577360088,0.05028237432207466,0.01834575316224873,0.009942527931920403,0.004460027167884983,0.008006869144746718,0.0,0.0018809556590073844,0.006543393133312586,0.01619895632737701,-0.0015003144176585945,0.001826068592748071,0.0012695282584473855,-0.0014580604605232506,0.005908631684694576,0.010786757578246459
-0.023360728195376143,0.0,0.006008350763169122,-0.029972722877001895,0.01069089481217973,0.015862926391430308,0.0015837387256603158,0.002461024820323807,-0.0010826696539358068,0.0009556895207230939,0.0035474414557709008,0.0032198669381356556,-0.015438909985546152,0.0003205693209001131,0.0011164725890050204,-0.0006073640733983006,0.004538426717381499,-0.0021564159978210845
0.041339457803182496,0.003513088472974983,-0.004741133915620334,0.06476760947896418,0.012097861637806932,0.007362419132761573,0.002896718373428554,0.007057253318715885,0.005039405744028679,0.003088172430237824,-0.010663408302039825,-0.00492212576304444,0.0269355480193815,0.00326745655655956,-0.0035397505351327566,-0.010660636180178486,0.005553343173117598,0.0014805858155741702
-0.07950147257002292,-0.013164324593254678,-0.004323287040037268,-0.022130760978689944,-0.0038786851816960243,-0.0024227557103200506,-0.014386099350054785,-0.01838409580445217,-0.0037454492391151176,-0.0015763557362185627,-0.0033641975128167008,-0.003145418698320509,0.04317062064251457,0.0014399000349571921,-0.005039848254815187,0.01180349120189148,-0.0017615149057639765,-0.00962638345087033
0.058178913319684666,0.0036727969616174405,0.001716935388748438,0.03087161022694997,0.007814099228365248,0.00311720309569114,0.0020035926771935116,0.0080418446055761,0.006853268134243489,0.005771734275420596,-0.009147522911930618,0.019092825182432757,0.03761873981262798,0.005440567724936052,0.0017496554263296523,-0.009807170525624668,0.009450947213674678,0.006583096648169973
-0.04465351867047922,-0.010513592078981891,-0.0037784890353082115,0.03789964711193122,0.03927724240818427,0.015941679161635792,-0.02003486574441819,-0.03056368276815651,-0.003971783577429921,0.0,0.002204735925491763,-0.004195500761913759,0.034336643158460724,0.004180528457048465,0.0005168371307869853,0.010215870368995981,0.0020799312936053494,-0.0061680544467373095
-0.03183866562304129,-0.005674544369214908,-0.0026462714426889757,-0.027063406878702647,0.015233255506667938,0.025047394016740294,0.002556668767463218,-0.007958829409550576,0.0,-0.012102891070868958,0.004161876364397597,-0.008646666040673497,-0.1012404882303158,-0.012178057638101357,0.0008573662066115364,-0.000728914833318572,-0.003673494097374574,-0.007292919372942797
-0.029407136042333165,-0.0021821299595176724,-0.004863723734092913,0.007376289731830684,0.030509256100901647,0.019395106527166663,0.0028017867970440784,0.002930342967976412,-0.002977246107683225,-0.0015723492600376997,0.009171395302947798,0.0010067737821383986,0.003317111068948537,0.006786642260689972,0.0021275065997033308,0.0016853327779545668,-0.002074886501619871,-0.004365841481578196
-0.039998941370919215,-0.0036864681175533673,-0.0014850948102704215,0.006836744432442345,0.007953631105875386,0.006191970103493429,0.00010415191720040433,0.00015910944815917803,0.0002311741892600542,-0.0032520812141408383,0.0015485932304670367,-0.0024484277259003775,0.025747743182420874,0.004711531359895797,-0.0012895279702820719,0.005135693525913364,0.0025685011699992967,-0.0078858313057539
0.034877392039549066,0.0013986272072373017,-0.0012090665486320993,-0.014713687413386835,-0.01898981434926006,-0.014631495713304141,0.0035108188627704017,0.0025205178376788767,-0.000991002962513182,0.0025781417610085734,0.0046501735302186984,-0.01922333479354285,-0.025438412474164247,-0.0038507196779499946,-0.00023709564204606325,0.0007199545185934937,0.0020666763608378175,0.012584670421072516
0.04767304749262534,0.005774252481314413,0.0024927823381946297,0.08250387091268684,0.021382962841629813,0.008356957867072731,0.003164666170329003,0.009135732383857313,0.007012269076860771,0.003195225957167675,0.008094020826933406,0.03192992826083296,0.007392345682745126,0.004365670111403815,0.0017827022474708246,-0.009444705930425297,0.009081365146530204,0.015153295322046262
-0.03552971085579142,-0.003726398517285853,0.0004495272792459097,-0.043537123899237855,-0.007154057644293088,-8.956550361017128e-05,-0.00038728881927580975,-0.001768135875375419,-0.000599955302467006,-0.003286059864892542,0.0,0.0027739233914919805,0.04787780456580244,0.00612643670402989,-0.007545599089280516,0.012595857614930848,0.003336412111749908,-0.017139892685232857
-0.03134806257433516,-0.0019368428075351451,0.0025461962691561827,0.013211946344225086,0.010797784228991419,0.007299773254135679,0.0002970925569901715,0.00764447005296377,0.00242681595652348,-0.004406702595208061,0.008509136225296832,0.005447674573507372,0.05428848081444064,0.004698838886087475,-0.005632466785560795,0.013661029017488537,0.0023265258983233774,-0.010320201934623102
0.06927594874754679,0.011718116022390736,0.012149543384238458,0.03725751373041054,0.000684603981297191,-0.003686154544111038,0.0048322940121434624,0.008890075099090799,0.0071372744816587536,0.005914777815022799,-0.00861620932992502,0.0170364719087327,0.04239050257211529,0.005177066267032548,0.004682008642664444,-0.011046471564432859,0.006272727684659837,0.009602403129259224
0.0431885085828636,0.005983904686609407,0.0037427403602509146,0.06606244232643678,0.042736477073056806,0.010215183650145414,0.003954963583883977,0.0052377069329833815,0.004262908822368,0.004565098684874236,-0.003408098644976047,0.017450296517986685,0.011342537510962125,0.004718347823210638,0.0008654822826035126,0.005616311618575764,0.011408814011842463,0.02155733903004675
0.0212173116676077,0.0009117682260029648,-0.010210600976555594,0.020298270993030856,8.301174289996132e-05,0.006097422843963491,-0.0011318409202281327,0.002143639136040865,0.0009105292957435885,0.006591229978702128,-0.011843168743978639,-0.014686221118706969,-0.0780052155194233,-0.0048553247249279825,0.001470882259654408,-0.023264173918517525,-0.0057834264945758355,-0.0006173479126120179
0.06168370101914282,0.006264799463777205,-0.0013621370463966188,0.04032687061872467,0.0011174342220052836,-0.004014019465566058,0.00485635192985996,0.006107946184531467,0.0005537194004627236,-0.0029979556252042613,0.008667156839597834,0.022996744630537035,0.03488545706132714,0.006786443875801985,0.0021853743672189865,0.001208830032466826,0.007969580188336036,0.014127845671022793
-0.010057481440243205,0.004185522974600735,0.0008947996107617548,-0.04523323025089262,-0.0053334733816431884,0.004488012898800358,-0.0011519707088766434,0.0032081616800219356,-0.0006873591451679106,0.0022907973167878206,-0.006585961111415262,-0.002476566397436389,0.0708400534157076,0.00897625811569462,-0.001039603396230533,0.017872266966148267,0.005991218062447919,-0.00029558099430410795
-0.0386090434033931,-0.005827129471829937,0.0007541464015381439,-0.02057325511383466,-0.010958106114691646,-0.010848211182066695,-0.015247010383423354,-0.009600668906699021,0.0016372658565214921,-0.001098341101132126,0.007683679290895367,0.004359159614381244,-0.09530694087105043,-0.007215875021147147,0.003245904378314197,0.001839365034779406,0.00094473459296963,-0.004410745156878199
0.03358828429895226,0.004040634544319079,0.0017553918019659431,0.02565285677306727,0.016457807014407463,0.010171817119484942,0.0040776805556984475,0.0027743194670959907,0.0006473028687190776,0.0030277693172562226,-0.005896049633070923,0.01355008807997984,0.022725014716081553,0.004814883864401945,-0.0027582064305800005,0.0,0.006325045086137626,0.0
0.05765056414702277,0.008713781996160418,0.010170924224679505,-0.023643115849543633,-0.007831899134564842,-0.009100770745823546,0.00602356494142008,0.012936894167281828,0.003283912386897227,0.002356425375911395,0.006730979226018287,0.004730042366362381,0.04248092717110675,0.0056367622819081,-0.0008411357817624713,0.0016681071831580025,0.0023939093704649942,0.015335089068842095
-0.03985984454553727,-0.0014776495360106336,0.0005831618421134762,0.0015697008117968698,-0.0063394912627156965,-0.006191904664227405,-0.0007682115535383487,-0.004641208019998539,-0.0003454138411466931,0.0031009248798790985,-0.0035044464291205074,-0.001722316886591388,0.04137075828946747,-7.32915923260979e-05,-0.00048087254187729496,0.006666632297416875,0.0016116775714531753,-0.004821921499238036
0.05259180968498533,0.005150594138532894,-0.0012421861062410818,0.021643448202871337,0.004648362880541843,0.002240657202154329,0.002626391268037529,0.00501623365901914,-0.002581652559785495,-0.004222005336053771,0.0029989898991725603,-0.004661887110264998,0.03629629221028911,0.0025210366468739077,0.0009283467876320067,0.0014235019444354302,0.006381887164506074,0.019627062304935328
-0.07862868488872632,-0.014521819695879823,-0.004893493063558903,0.03177653250164032,0.02317700104182425,0.013861332658415338,-0.010758454449089527,-0.027632476557466087,-0.0076949839670243025,0.0032041298880133447,-0.005419431197501253,-0.00925366012728433,0.01653706567593977,0.003132792643971746,0.0014603402808191959,0.011306928956648863,0.0006147636222253758,-0.005228657156816335
0.04515542517167431,0.004326024107510408,0.0033100386480272755,0.028515469091597714,0.01627759034949987,0.01052620847173666,0.0025994020100308006,0.005244827444104799,0.0008505716107030746,0.0031224827748835833,0.004385202067850271,0.013964622468490345,0.02731212305607351,0.0023313655309167257,0.0012683008413204948,-0.0027296522407156687,-0.007458387236705132,-0.009726274433510984
0.03918742918317988,0.004705421155881899,0.0,-0.05989789508393185,-0.03066164914284575,-0.02781392789982695,0.0031014813761058475,0.006328207642027264,-0.0013794935925550424,0.007242988845586236,-0.0011019219188689111,-0.005386577572489842,0.07104211055109683,0.006175139785624406,0.001514376729337459,0.01169215366420921,0.0034462066595871755,-0.0044531734767261355
-0.04036863454938629,-0.003649210697898104,-0.000253718674818821,-0.03664797108911582,-0.0018290624264105818,0.007466154833608763,-0.0015503416984723297,-0.0071179828248724986,0.0024626349011014257,0.003744518992003297,0.009640040609575063,0.0076190622504683685,0.016503381033108194,0.003466535594005516,0.0009536690674448658,0.003447364335635681,0.0010770554064930406,-0.0030472554149934827
-0.03190567643383145,-0.0036440401549040057,-0.005373189642503859,0.04836364292054425,0.04190911262750043,0.01715793698088597,0.003249384117677019,0.0029549635721577614,0.003342170204649513,-0.0017958461211101335,0.007219577219245178,0.0005292543642066527,0.01921722806276322,0.004370192227526826,-0.0022184039111885416,-0.0017156424027611628,-0.006853125271541166,-0.010305484664076714
0.05219823537797451,0.006612454381854997,0.002015522115807633,0.08307429432944795,0.053955773898096596,0.014857247189987634,0.005383135127531539,0.00902569815199367,0.003178837758816905,0.0030629354788508276,0.0056387523888460165,0.03843664756697821,0.007956346687608995,0.006202550473962289,0.0026264168097500915,0.006011047489038205,0.014950968842804349,0.018241260923543057
0.032449181867572355,0.0051015339554498435,-0.006609554879000831,0.006727368686913292,0.016021688866734114,0.018800817825234305,0.0,0.002383029238319443,-0.0007373347495033543,0.005116410134452878,-0.01120576566090951,-0.013988296791063446,-0.0033221557259326224,0.00022207874927314685,-0.0015593085308456425,-0.01662044608549094,0.002844650937585564,-0.0035725053244355168
0.059474581530834514,0.0070005144102388275,0.0006316489380971318,0.08639012118625246,0.05120121169374498,0.01649034852633448,0.0032291012162504,0.013899050891191306,0.007881067804924003,0.0036558516801179232,0.00957619610733121,0.030593509012889212,0.00763864912241796,0.004521222327964503,0.004351335209492447,-0.008704157501217747,0.0114733914719329,0.01946585111238952
0.026494725580313613,0.003443583175377717,0.002440183344466643,0.023851211167858093,0.01232945492779357,0.01093742469896076,0.0004827918127497321,0.0025238176622923974,0.00039478645076236645,0.009468657310686326,-0.004533108963719222,-0.007797457028368029,0.029657189136190983,0.003751691660570058,7.599925568493466e-06,-0.0001883130260960261,-0.002338399485290113,-0.003512464124881709
-0.039947841802624486,-0.0026150008838214485,0.0016890276533347063,0.025441059188891543,0.007989757765016906,0.00769942424667427,0.0005693919248819172,0.005050222676770669,0.003625597080802525,0.0018829547235192734,0.006603371362476685,0.005703882623794718,0.023491998378497074,0.0026511468880035366,-0.0018346198486610575,-0.0029682148429076008,-0.009163418827084345,-0.009519753476884066
0.03588999578223793,0.0011372826542589423,0.0061615911043688635,0.07709180072538711,0.061607525618417806,0.027074719597581114,0.0064207496517457874,0.008592333753898536,0.003966619650413485,0.001763926052272679,0.012455182664556797,0.02892279733246999,-0.057869863832283736,0.0013855851190556405,0.010956080571407885,0.0036517332214171254,0.011482845640230143,0.01922605653417106
0.056015191541474364,0.015251239625251213,0.0043010686465277505,0.02078201504837045,0.009867052722353185,0.0098645907731936,0.0027446526097326777,0.0070891388617617505,0.0030350715644740984,0.004819821988728328,-0.00118940127959952,-0.007222022270598579,0.05049256215542508,0.004372110710846527,0.002516481886018055,0.00043292303317390036,-0.0026568785409468083,-0.004275498070047262
-0.04251284109175215,-0.003312928761493647,-0.007554785462278482,0.032375176166155935,0.010182702444791395,0.004858719617948514,0.0019214630744911387,0.002513225688464525,-0.0006580079162935396,-0.004518927917524569,0.009317708665701276,0.0047720518775420115,0.04011484613535078,0.0016761583666517537,-0.003472303511635409,0.009161567799333033,0.0013213666935554345,-0.00895961900796266
0.0538049872823376,0.0056145231622674,0.0018524196887248017,0.0598764200658827,0.035263737072415244,0.012889432492830753,0.004489712344655251,0.010330180233032768,0.0053730890461299915,-0.0026266817065333454,0.006087286344709601,0.025736770715560586,0.028219369475595498,0.004325807696154702,0.0,0.0018366030931229887,0.006767781253410953,0.011862792864004101
-0.0348461255681338,-0.0030617508773753055,-0.005510632713288426,0.01933224336007274,0.021542763870952338,0.010041525173078467,0.0021543652365131638,-0.0008756104515571074,-0.0014947879904960019,0.0037805968029316723,-0.003828205091641897,-0.0030218885344189556,0.04259353231537708,0.004187864437265412,-0.004111252603514974,0.012551911444851505,0.000428975512755838,-0.007545182727163549
-0.03613687328674698,-0.006324397757145854,-0.001679313136173938,0.002176935622609535,0.002913575988344735,0.004645222396863085,-0.010217328721791217,-0.007221553078020898,-0.0002662673518833614,0.004788685093113072,-0.001455081799571807,-0.0034545210559339566,-0.1115865228826584,-0.014815879413415698,0.007330150120757922,-0.0005677251831181713,0.0011453846885614077,-0.0011648252015195038
0.07360334117815949,0.011905317644441886,0.015050831536178283,0.031234366400356182,-0.005017166355183863,-0.008600771329641578,0.008429875159166265,0.007363234551120677,0.005737084035103325,0.0024406904357812467,-0.00889010123877272,-0.01579392613340854,0.04378467495838614,0.008456487184487035,0.0025710234646932717,-0.012349881196655355,0.005986212086708898,0.005188703209049933
-0.041772012961085285,-0.0031979382140227873,-0.004675277991460873,0.05124492825566527,0.02758795655011473,0.008748133015247598,-0.002436567373233792,-0.004074379388658156,-0.0011340217582008062,0.00882255619708529,-0.005099610691704339,0.007862532565414138,0.029166008756446482,0.004161105094456542,0.002292445309086338,0.0033575961925664793,-0.003837252046891943,-0.0052453767733983
-0.03470597028139144,-0.00031033284394101367,-0.0028510856465705733,0.04503696840015117,0.036518854238486775,0.01253001853906782,-0.003194501078520325,-0.001958650503096706,-0.002056553219026148,0.009970710262109203,-0.003152482628280884,-0.004178671077294808,0.023156898661437726,0.00613225002314065,-0.0009305174593674994,0.0008749259128787996,-0.002184108536624677,-0.005407952509092567
0.06205881514489178,0.006042689378017121,0.0047093111965215585,0.034033863830814984,2.3937981899045447e-05,-0.00024979487310361237,0.0025399488258031127,0.007940190453876733,0.006083251050377069,0.0007849689110734859,0.0026073091844606225,0.03384530915509851,0.037608325432776785,0.006608902831894827,-0.0004556655558629619,-0.0016559768260341276,0.010046750813559057,0.008764522421470688
0.028176763699036537,0.005377227484673617,0.001689645855892971,0.023420570229443848,0.015255694564801985,0.011947914887595699,0.005732451316498749,0.005571285146778363,-0.00041224607073872234,-0.004110265891995429,0.00448930056850606,0.00771510554996917,0.02537164001472105,0.002466876224722095,0.0,-0.0017461186488229173,-0.008952186680657078,-0.007067374156997111
0.03525280906388134,0.00349940207301059,-0.0022934151035217216,0.04164681395093627,0.018380955586809074,0.01654113046076443,0.0017499804502387418,0.004445106511539903,0.00044696842903257716,0.002152616032150717,-0.01090437215261274,-0.015357474307471683,-0.0005171116004339836,0.0024098471824876887,0.0019925967141669445,-0.012156507776969808,0.00440905876514479,0.0014067246838514458
0.04370331313559086,0.015245503270752074,0.006320120860068713,-0.04942809114161459,-0.0033721107213230354,-0.0024934017365453275,0.0069449793597504495,0.00873952692850435,0.0021585492469250304,0.0008557930607516502,-0.003069396758025803,-0.0025371962357873135,0.07482310220930335,0.0051859555238382635,0.0013999664140291327,0.012413149971884089,0.00203401075581377,-0.007241431708161758
-0.03330889985682718,-0.003308777379042001,0.003169995886775205,-0.0814396856956882,-0.04165249856747227,-0.009862827565891252,-0.008782478008248733,-0.0029526944943941234,-0.000925989005430295,0.006223681027311102,-0.0066365495723967865,0.0015850691962636194,0.0019074506637930255,0.002117846649074633,-0.0010904337606483013,-0.004347647471721221,-0.004321562219353041,-0.0006979198634232686
-0.0208371156699942,0.005333796344411668,0.001932686116161855,-0.03589600530819815,-0.006924371308877321,-0.017537780695167045,0.0031614013825678592,0.00324651721921476,0.000893106749758634,0.00030290268858505315,-0.00280839425307979,0.0030524597870067176,0.07613421562465134,0.007769827355619186,-0.0008598828635866117,0.01723689349688781,0.0038580283683437946,-0.00259355793109
-0.03463666382973441,-0.0022988800613575567,-0.007540719408008798,0.04293440034146063,0.036251638111193904,0.015191710076353285,0.0019902169059748645,-0.005426341426310291,-0.006435969190269104,-0.001862875256425065,-0.0075589296207283115,-0.0009938990313349586,-0.00241842762064773,0.0029111678830570633,-0.0006022381125545958,-0.005239233609612152,-0.0034882642878328956,-0.008297910305206265
0.026236537594221395,0.001644185767728921,-0.00272097006181757,0.008145150083458964,0.013227835780275629,0.016885089500115556,0.0002871366895842627,0.002895153178899897,0.000541117664394516,0.002674967068869719,-0.011833052093359884,-0.013921459163623907,-0.01578235475248481,9.367738703746359e-05,0.0024129149659819827,-0.013812661119711703,0.0017397632044675942,0.0010740979611281384
0.05328891289947262,0.0038125359168642656,0.006260437292156501,0.03513509547002382,0.009327861147569071,0.0025734154814733325,0.004135065037812131,0.003344830707216668,0.002047490043501951,0.009823175242828134,-0.01107582572022364,-0.009961395571953465,0.04493775326477617,0.003941319536569961,0.0004012313366968276,0.00167465372068605,0.004549182210712817,0.00549997498332408
0.02062991542053433,0.002368232926530448,0.00011348654183585403,0.05259501711139141,0.018066662079787115,-0.000532532053543134,-0.0006128286019428364,-0.00499663115154099,-0.0019308596300269272,0.004230073665854465,-0.009212819979114157,-0.015157076245424178,0.0154086180345479,0.006818366923172853,0.000130505561556902,0.0005973647219332729,0.005198748262235596,0.007372430533664515
-0.037069380720924236,-0.0023995943575711677,-0.0027239286896932617,0.018136468819194004,0.033578608599396625,0.0133367379416095,0.0026747012075616352,0.004264171169887457,-0.00019378607345916935,-0.0035684414541607592,0.009416649714597134,0.008993054498808842,0.008797184085111294,0.0048928160579495734,0.0014838884262486944,-0.004923985433211174,-0.005720980903813952,-0.01022411090948467
0.0432184795726042,0.003931127283768626,0.0023434983834764484,0.062247185839696954,0.03141394860635184,0.007811016026101894,0.0022107442241243933,0.0024378304968896767,-0.001595102960553307,0.008865996344843481,-0.0013617186121214298,-0.008090937898834288,0.033578316116567704,0.0026785528965924356,0.0026842172134952267,-0.002233750675506665,-0.004269868656900284,-0.005982165847987053
-0.06457363274631511,-0.012464799474746569,-0.0016102609037615425,0.019528510189447488,-0.005594132350186915,-0.016354928702405687,0.0,-0.003518666184603923,-0.002235924566601726,-0.01032543546319263,0.0032835149422100157,-0.008149826515519229,0.04418413833539597,0.004345647727016317,-0.009990327075764143,0.013361824020617438,0.0019368583347667363,-0.020614205403306704
-0.024011678221602516,-0.00275114717645033,0.002315924127627834,-0.03532962175419539,-0.0003802115342547951,0.007385263907922328,-0.0010994864661440108,0.0,-0.0033741037541396442,0.0005017683473167997,-0.004840118754286782,0.0008949165438355396,0.055709192167338516,0.004214440134918064,-0.0006287935658787771,0.014423227748980557,0.002826479650827796,-0.0031418716539860156
-0.07413422982417214,-0.007841932242886162,-0.004982983133814258,-0.03941172320626961,-0.002508297810859448,-0.004922509995717179,-0.01914672604954366,-0.022669157362053362,0.00028648176334738655,-5.55556783949379e-05,-0.004252959560172693,0.005886778136792791,0.014566791133406582,0.002409303473430354,0.0,0.00797687260001871,-0.0035292477135355662,-0.006973424504037623
0.051557822424881654,0.007373030789230107,0.004690756421700036,0.0869499844015386,0.05564547955876763,0.018000637136530065,0.007297808412065461,0.009673221539039361,0.006417279855437066,0.0,0.011232355780036358,0.029405106385635146,0.009317365627030104,0.0036911159446179746,0.006151023113772607,0.005414750576351793,0.0146346658016149,0.018225159212372277
0.04051721655415719,0.003538185882611352,0.002496637081760481,0.03748701471994246,0.03227061005174659,0.018889114389268047,0.0023300010638121348,0.006839042084854047,0.0035425990794728025,-0.000380075749213943,-0.009289647287116962,-0.015049539291035315,0.008132677711041095,0.0032880818368878667,-0.0007290748895562938,-0.002371904379461557,0.006097305666780571,0.003097996466640829
-0.015537897009654095,-0.0020968819178954026,-0.001491247384318716,-0.034175300360869056,0.003906385604971442,0.009519250481332286,-0.0014463154258590226,-0.0063559924019093265,0.00039860876686485824,0.008167396453855395,-0.0045642630802501406,-0.009822199955972031,-0.05950033729507347,0.0006841608626089394,0.0030773643334021214,-0.002524271396354604,-0.0005650196138926683,-0.0029071171400040507
0.02408824718258233,0.002234967131402658,0.0013720930475696347,0.007171774422847524,-0.002473295935787689,-0.006593890158511256,0.002178224566566028,0.0025957507035050125,0.001940639262006255,0.004147007902035876,-0.004835485180059283,-0.005778530137102481,0.03277535656307099,0.0026585291222276687,-0.003131429921418757,-0.0018725594364328775,-0.008184524241003611,-0.004597684566762399
-0.03660574602352762,-0.002222159750476878,0.0007938216845855422,0.029297732756402167,0.0016512183897734963,-0.0025783195071953885,0.002762159634809349,0.0038477831761606607,0.0,-0.0015050021833556775,0.007183641468683892,0.007719878543874422,-0.18927772107684393,-0.04702751451993771,-0.0032944827747977477,-0.026690619124684276,-0.013250380086576377,0.004476243129662605
0.03664192302214776,0.01115919777161811,0.0063631225313468655,-0.04189396410959313,0.0005663616106139204,-0.009720300135762864,0.00853872795286616,0.005758324698268742,0.0008956617960525405,0.00024507446388146684,-0.0022372678869353566,-0.00399056940789143,0.07784598059104302,0.005926620052193764,0.002660185777383578,0.01212757777162212,-0.0007524149180119033,-0.005272542971267766
0.06549922547898492,0.01572394349228465,0.009286900303493542,0.042811296959174384,0.008169459094363521,0.0008897336762019811,0.0049847116421337075,0.010928802313034851,0.00840404911188329,0.007612779009444764,0.0009414789005693029,0.026877380626377054,0.018976874427751284,0.0009126863415699042,-0.0017790198377913304,-0.015647423987854008,0.008928596700316403,0.013959929355239736
0.022778550768710847,-0.0025179387706219577,0.0008300454410106375,0.05340783018718878,0.01933556928584332,0.008751227817621512,0.0010832746514969746,0.0032828117072129983,-0.0012505192944202083,-0.005011620868419707,0.006004004608030007,0.006713996449046963,0.024901020729911665,0.002510984936377365,0.00040042449089421224,-0.003987105088373805,-0.009820539848811191,-0.01278350465435557
0.04093289473399526,0.0041763127803043625,0.006789154291587643,-0.10659749809918526,-0.04005191815092455,-0.027375427906862385,0.004915618614446753,0.0040291402471871185,0.001425364919291027,-0.0002978751972632606,0.0048733691847834635,-0.008345805315057298,0.03134253093487014,0.0037704968707131057,-0.0003084123405324663,0.002598805779943243,-0.0025704985496820786,-0.0011203282694323413
-0.04363959216483601,-0.003392015042577635,-0.0043990929758018485,0.039111619354408524,0.03641225105086697,0.017520291221777024,-0.0010239435071229168,0.0006912695926862854,0.0006004141652805129,0.0019407806189707993,0.005660518027439553,0.0049612947914579545,0.01107076584533108,0.007250558610622025,0.0018617098004972388,0.0008729986995946019,-0.004769314060385652,-0.00829859397343602
0.06400167020011926,0.014623777090077695,0.016274046343497762,0.02701326268565485,0.012561956503672018,0.01262446280392907,0.005960962140846016,0.007153305160680746,0.006767314462207893,0.0008128600391121272,-0.0053094042251891176,-0.007069883666318443,0.04274992068225877,0.005453834142130406,0.004609966795477715,-0.013325729912095512,0.006943195312416778,0.005666946977694015
0.03581665385402028,0.0041383107153296775,-0.0010259777522364734,0.02246346723805771,0.013696989704674435,0.009320491291378631,0.0023527921542958762,0.005316552156560185,0.0005868639688255255,0.006745734415480055,0.004812304903567697,0.0156390181762844,-0.0072569144757605305,-0.001223738765782603,0.0008770181996018026,-0.00200762464049401,0.004200329446192067,0.011116951019647062
0.047924063616628945,0.00790251862747851,0.009546762895334134,-0.09689004207198676,-0.07451196883336898,-0.023435740328351124,0.007168843370525838,0.009797254660013905,0.00029421197870867775,-0.00626618574151125,0.004594548525085004,-0.0054031220648735655,0.05836080559155532,0.006749294278859755,-0.0008743021657754124,0.009591899736058193,-0.0017066470774919624,-0.00465329416352276
0.034079303821774515,0.0027182675456574597,0.0006053693651473229,0.0038901941022098964,0.02056312009862432,0.020419785158763974,0.002050412692251471,0.006253719398267979,0.0008850304274943831,0.0025179357653600486,0.003408114370717392,-0.011786837206861862,0.0026301332152590703,0.0016368122818834728,-0.001583389940407913,0.001470507282381717,0.004517604802993222,0.014293227066171213
0.03496648247011211,0.006044554118236363,0.012775764292595809,-0.09709155987014668,-0.08089860957044981,-0.02750133521689556,0.005074257659760424,0.0028693541548942113,0.0,-0.0028499244944992096,0.0,0.003637822993870969,0.061519622409918116,0.006926319847825387,0.0010767959534763126,0.014232512409662286,0.0010530196056340482,-0.0035670993164674328
-0.03169179296759451,-0.001931464438373874,-0.0038506504908148594,0.020262321887301635,0.030644334362440438,0.014481575232720785,0.00020335122121747958,-0.005981228953957922,-0.0026519213320977276,0.010791799774898534,-0.00852207935146239,-0.0013656239397542148,0.004568098028123535,0.007030664383376261,-0.001178124424999489,0.0016416539609607622,0.0022809920798414745,-0.003127765693273596
0.05021540878361418,0.005123960752810091,0.0014806677892641533,0.07846723341380532,0.048666792824544884,0.013771130473602797,0.006963422698395939,0.010955346325075213,0.003561905751224589,-0.0017032580179044791,0.010638819601164837,0.04173964949369402,0.01437767193410518,0.0041590477504533435,0.001775387161151685,0.0057028537906602264,0.01382632657292614,0.02332033838517461
0.03738661050878358,0.0035413582977895587,-0.0020180412981159546,0.040309644281327196,0.01767114003785197,0.016948347683735043,0.0020361641983926,0.003252180971063043,-0.00041398052189441195,0.010093687144261242,-0.010851055599952256,-0.013379151118443407,0.005776742413425925,0.00186591698154506,-0.0026363946874986438,-0.004908065161570863,0.005627334816305761,0.00775601762408637
0.07293535038028456,0.013632019062141868,0.010227835617418737,0.038381544360830216,-0.0023219696469802802,-0.0017827270811378577,0.005923641357109865,0.011810488637413264,0.007125577821368706,0.0017590016423170486,0.010188940451646433,0.03249951082146352,0.04242774904081604,0.003970946908239726,0.0036590104503483466,0.0025581078144099093,0.010359386942932517,0.01862483783648966
-0.026928385882614817,-0.0004000099103496974,0.0031340707006423554,0.05000740591249678,0.03658908915316123,0.012460820196208467,0.0008604352652880796,0.0035931551065171677,-0.0023535768923999053,0.008660978816500077,8.129163290750447e-05,-0.005198858582149789,0.027598887890620948,0.003412377464877237,0.0006103948722844227,0.0010321745308753034,-0.004819146267556999,-0.004533383137360861
0.01701742813624761,0.0016030515960644607,0.005227606544429776,0.04231064928270164,0.0241975059790292,0.004904473330894055,0.0008075439747781072,0.001252187494662973,-0.0028732861950439567,0.004321282015387881,-0.005855163803651796,-0.010381865130520772,-0.12907196466109822,-0.0177799092803269,0.0016238935124314373,-0.013640733432577073,-0.0003771206061808401,0.0005482373445599986
-0.031230813730019156,-0.004062824064942084,-0.004229563365463846,0.01776069769476275,0.02263414677405329,0.0089221675202329,0.0016101491619710544,0.007503073963094847,0.0,-0.0020339135040578675,0.01037613544220516,-0.008656316890403777,0.03615105365421059,0.005719005550315666,-0.0005057342446775407,0.015359561741840179,0.001991774958755237,-0.004951125266779446
-0.04450213954886301,-0.003977141335550284,-0.008206944415222586,0.03666668462688548,0.019756966430899886,0.007478395205474092,0.0032353093328371992,0.0007638023178803805,0.00014046737858529454,-0.009112027708834115,0.012374073059609862,0.006155587060918917,0.022035312806596315,0.0035442783635316944,-0.0015875662632512657,-0.004509801013726909,-0.010675316079039055,-0.010090605647593454
0.06411122827712248,0.0168647138841997,0.012254891455065862,-0.022377385724299717,-0.009311003189839543,-0.011277841079995224,0.010634466728031396,0.009688357561522237,0.002611415013058881,0.001455188030444969,0.002762490338805278,0.0011263665550893108,0.05174615498038962,0.007941612042549145,0.0013674116164626938,-0.0012883321347283013,-0.004294157471162245,0.0072960090445367
0.04356324346930185,0.004727169488131173,-0.0008638903240210087,0.06496632896430024,0.06305562427586438,0.022812895231247868,0.005848222028369975,0.008962850851367346,0.0022383687316342373,-0.0023603119018069225,0.011530472893197669,0.041217387310150636,-0.07289644023799281,0.0032829215197695406,0.008647692892813528,-0.013192480560453874,0.0068571332437669255,0.011712383214632943
-0.04057012380397151,-0.0037582664801040647,-0.0007322987345012939,0.03627645928082512,0.03940977728755242,0.020039229052414616,0.0031450925754726777,-0.0026974498781559505,-0.005219848185697265,-0.0022415351488838916,0.007568861582949683,0.012560552439680055,-0.005132739060836116,0.00663214522934422,0.0015269996444713762,0.0011592630748878023,-0.0026414945002146205,-0.010537344091175946
-0.020050254629132114,0.0,0.002419695232388437,-0.039923451774491796,-0.007690569548916408,-0.006598476472928407,-0.0017692976202557354,0.0013083649062593362,0.0,0.003630202657234252,-0.0020553102439989273,0.0012014353005465961,0.06753903292168845,0.010150192606601318,0.0,0.017062291226643548,0.006362951233910617,-0.00955374040547307
-0.02151587169185793,0.004100181081622197,0.002332053579059009,-0.03174070834495683,-0.004961519401253468,0.007715699191584292,0.0025570188631092337,0.0010567515226575796,0.0014352088631531576,0.0018107174337138557,-0.001450012109791416,0.002493113953501044,0.06732978370227706,0.012444682570207033,-0.005788621195622686,0.01953313759052297,0.00513330162647242,-0.008383581658918608
0.06270739482414686,0.00723354772618835,0.005068512605117166,0.05882345129179576,0.0024647630902449535,-0.004004414853359605,0.004765288481695365,0.009292245844279966,0.011415533801176493,0.0047526530794667265,-0.007541138714596606,-0.005783409815086574,0.04048976274293529,0.007855064465546577,0.004105716958009212,-0.002570612728358768,0.00922581435209074,0.005639698938415344
0.0707718861558807,0.014337326325163864,0.011147926712401286,0.05523737566033917,0.015924646610115736,0.008703463142603708,0.005825285786574329,0.012021991150708058,0.013274790466875292,0.0028959902754991562,-0.005861625937185721,0.019470631427235305,0.0336167500368608,0.004445453577564521,-0.005235178599934567,-0.008415378025843018,0.009554971208539435,0.01802925835133451
-0.03382612919925018,0.0006956825515727442,0.0009651054691396568,-0.06761429828707938,-0.11017295955089228,-0.03983408847635793,0.003156467745538293,0.003498722513299327,-0.002180488462426556,-0.009046989971899755,0.006089599092029135,-0.0031556682753606058,0.041253020164937794,0.004365170462535826,-0.006486579098659959,0.010032457031642066,0.003850826497850853,-0.013409482976812798
0.05254067818683078,0.004916030275332295,0.0005231776558169492,0.08449903433792852,0.05426595384623454,0.018254947633001894,0.007162813134513301,0.009949354541429464,0.004658634729718395,0.0021484497965883163,0.010157418392786064,0.027559999704690606,0.012328015991826103,0.004877440717138579,0.0029645749818297653,0.005018665484677883,0.015221153850721666,0.02202163081581615
-0.023894613175262473,-0.002740289142557977,-0.001542532331975226,0.014340890929958603,0.02792477893344096,0.012562837932966201,-0.018498884930460986,-0.008779769117682898,-0.005418418678712368,-0.00396538262374007,0.022072648794528183,0.0003501139755970578,0.03854838797303734,0.004972145673528083,0.0009144815178526582,0.011669007297700418,0.0033160806408913507,-0.002867975035660178
0.07202423541634813,0.019818692155147425,0.01818750964248969,0.0134084700309067,0.012657038584146196,0.012657879764852298,0.004679366156308527,0.0005208545470120219,-0.0032036272008125746,0.0029795856337626442,0.03662303631191192,-0.0036019162652031218,0.04261763518334098,0.0075376850908498065,0.0012021711551580656,-0.016604647895340115,0.004828136116980629,0.01144760284059132
-0.04365205250526952,-0.007081767268883821,-0.007225227055938076,0.0442466296192573,0.00817131290009677,-0.013816581474842169,0.0001921863235661007,-0.00579406422015858,-0.0023271439769983,-0.0026727003476628335,-0.0024956848076455895,-0.000861557168981548,-0.003884580008949277,0.0030603370738173773,0.00252507849166999,-0.0002522447005618057,-0.0043319970519118695,-0.004907329294579897
-0.0738039350124838,-0.011800920431905863,-0.00013097899701630387,-0.006925314071027814,0.0015880581927421062,0.00035750321676409025,-0.005495192331369295,-0.022686045841738795,0.007995960614221061,-0.0035744133509009917,0.013161472918246346,0.004439349281711741,0.011140222964805562,0.004319194894787694,0.0005317451401672541,0.008902069722101216,0.0036981361456163084,-0.0011776880872465256
0.005296362733234026,-0.001859758997691114,-0.005805169531211308,-0.10375535680920331,-0.054128708684669784,-0.013905758626243,0.007169996786046058,0.0013897456058571914,-0.0019978193430225974,0.002034809139089719,0.0032728608128390116,-0.004524784497531043,-0.11436829900413517,-0.011776740900493755,0.0,-0.027805238578348955,-0.0019507591707262281,-0.010662104106647863
0.07469984353378563,0.013786724229260982,0.016261864071760168,0.026770291616973026,-0.005387787367756575,-0.0037987087350302563,0.010441212551197726,0.009564130741017189,0.004364800621334339,-0.0021029353711864793,0.006310772908368649,-0.013651532494594162,0.04327298839768238,0.007283391839937821,0.0004467300902963449,-0.008580972730407855,0.00697849171344705,0.004335960239821135
0.0449537975032065,0.003030030612114825,0.00782100298649288,-0.12248610721273108,-0.08079044772220018,-0.02460463982129596,0.0071104822220619925,0.002171452574059732,-0.00016947821557782974,-0.0033022131629598466,-0.003254500095114239,-0.0029153172766387342,0.024097039770582824,0.003781158515480836,0.00022343580880599407,0.0006395097166975637,-0.0035454215338291593,-0.002476379111588406
-0.05338806381121564,-0.00884437244310326,-0.0026387624955637513,-0.04591726947312524,-0.009343545813764453,0.0023010091664903876,-0.012061016814540878,-0.01338017645154664,-0.0014353632511080868,0.003009348752430494,-0.004118881310291704,0.002395801355838689,0.032653513937660035,0.0005968985394027938,-0.001361630416270292,0.010104675066613432,0.0020576125097222266,-0.005666924607610702
0.051767029751079816,0.011413572239070692,0.012185504691328791,-0.09848150485084561,-0.07490363621306553,-0.01765755311967476,0.007796107259263925,0.00912832843254803,-0.0007963445346001706,0.0005538619852074308,0.004687149949848855,0.001987783437198286,0.0416979468116404,0.005556823354824368,0.0007458285943502827,0.0007481331627827494,-0.007174231115769882,-0.004463500296995909
-0.010864643704202556,-0.00017794718240054502,-0.0016692175459723593,-0.02741642336487699,-0.0021853002473983117,0.0,0.0035209395198428964,-0.004739845005603233,-0.0017487378938144682,0.002183016615536763,0.0031034337733527825,-0.0016256022411041207,-0.11118125507324257,-0.016508374227055034,0.008017260112380633,-0.0024831655093277643,0.0025335208055741938,0.011679756582711115
-0.027311000278335246,0.0008190270505500152,0.0033979072138503683,-0.027052212979394034,0.007512091483445243,0.0076834427819785864,-0.007041717044870495,-0.005687688226304151,-0.0010659545510799736,0.002588488003929896,-0.004854356391384744,0.00039246512697665,0.049014283540139196,0.002778394620340935,-0.0013070787091485233,0.014303713111139663,0.002673698786513588,-0.004480775405869351
-0.061595301710243786,-0.011072240417734082,-0.002957155149569588,-0.06290468220349871,-0.011967123908871568,-0.00574656637826397,0.0017691395171600623,-0.013937472528655768,0.005518544379372064,-0.0032120922314912504,0.010423307588152842,0.008704446760593771,0.018094537313740812,0.0018867255604856502,0.0015567237795513563,0.00724704322153554,0.0007636969406781712,-0.003659872202167125
0.03578712803344653,0.002941294988176529,-0.0022144206770712102,0.006499284643453266,0.015110395589942661,0.015229539083968801,0.001358237540074801,0.004054811284353958,0.00010117223955097956,0.006932803069622301,-0.009141043597552067,-0.003651607401825851,0.00509218196308583,0.001997662594958022,-0.0022722943111896416,-0.001690273901233741,0.004999454924203463,0.009155702349400524
-0.04368982732004167,-0.0046073142648118985,-0.00593368019703476,0.03235308162470106,0.037243293029676716,0.01747762668978127,0.0002924174176436652,-0.0073487078472095875,-0.006612466738988177,-0.0007134727658671329,-0.006175507913420985,-0.006534815412712216,-0.03472007573508511,-0.005500141500542993,0.005148372083208947,-0.003549636405348702,0.0031441597913131752,0.0007021500522586058
-0.045841311773244894,-0.008171599125532105,-0.0032771566829902974,-0.06943388387716132,-0.009139201592436426,0.005216780747011402,-0.006827906301823892,-0.012596979977674852,0.0033273219361114716,-0.0018456401737439758,0.0020389831456413946,0.0030189071518837763,-0.026578962627501604,0.0014295225914554067,0.0007333595667130049,0.0024657604477708347,0.00014142902024511097,-0.003659592570842557
-0.03406116894378653,-6.187030770674958e-05,-0.008208848056577192,0.04964430286665451,0.03482778886696548,0.012327151681710224,0.0037358009694498204,-0.00043499207653868873,-0.0007874348992300989,0.008094258081326938,-0.0036927254674397583,0.0012674581956754938,0.016771687605834345,0.005338172878239766,0.0004476554238726098,0.0012671818750310214,-0.0019072003322408093,-0.004933083105788785
0.0761371449242182,0.014503775104325508,0.016292608833958354,0.015897348992746047,-0.003100592661064139,-0.008893638994573693,0.009207898851352645,0.006685341521352227,0.003041950763851619,0.0026618715815506155,0.008802500322513453,0.022468641615462248,0.04604632813560712,0.004594269683589353,0.0013736035869999776,0.0010877070941399522,0.004377843240706428,-0.0019717379970186633
-0.03275456825680672,-0.0014252295991494677,-0.0017486236062370438,-0.021499340912999498,-0.006569631614432434,-0.0027216609556999518,-0.008387299894095868,-0.0035423091322358143,-0.002337874139671125,0.0011094281350868622,0.0011622253332127495,0.0033780247439321024,-0.1323186408574788,-0.02238107420476202,-0.0009910474687692716,-0.01686804521658909,-0.005134565958159818,0.00241845290579501
-0.03889640860982766,-0.0017569848920791823,-0.006564690849533976,-0.014313503960388597,0.009817659386173724,0.016754688354066686,-0.008390891576086494,-0.011657979849371442,-0.004504302465127621,0.0007640850024113556,-0.0017568303072239642,0.0027681890910667343,0.056874906071205204,0.006474571737685039,-0.0002119121882276084,0.01651137473206193,0.001701773653569919,-0.010666780012687189
-0.02323451126927993,-5.080622781743589e-05,0.004305387744718142,-0.009435097826742055,0.031872507346498206,0.016689081306079472,0.0005815833372966084,0.003057917218837104,-0.0018801059897889146,0.0012423526523060414,0.006144035191368285,0.003459641140338089,-0.008337873031786411,0.0030605529169436966,0.0029929041181006176,0.0011678455808371614,0.005276306693519232,0.013920634661008464
0.014347961665309562,0.0009347053210433241,-0.002579650285281565,-0.08882926215128485,-0.10125571290333263,-0.02711324008610878,-0.0001422290296632034,0.0017487674322078867,-0.0032035410377618226,-0.003035260926202393,0.0009131170776624704,-0.005481110274044044,0.05432786515153059,0.004638287917576825,-0.0028082546952137837,0.010781893516825208,-0.0009352710293433454,-0.0019604634852752323
0.05165822549095299,0.00438855317469728,0.003672911613250406,0.012067463224774047,0.007928645137333835,0.004713260320999912,0.005031215932620606,0.006377951263325472,0.0009601927198537653,0.003189366734033629,0.006571959422158425,-0.005086161882143012,0.04025319542184006,0.004992614888779635,0.0005806176264289237,0.0022073846656027623,0.006306201125020728,0.014230871954187124
-0.035285183053419975,0.0002561511451189221,0.002846242509750906,-0.009392421183255556,0.0,0.006067162938601233,0.0,0.0008835946240540872,-0.003314633322553357,0.0035504614472132894,-0.004380111707134497,-0.0028896398487618076,0.04947457577089223,0.002309639970663568,-0.005113789854937558,0.014522125972045044,0.0020542285269964647,-0.010001953843461857
-0.036713271334314096,-0.0033324429662793093,-0.006328366674206747,-0.02731053478410076,-0.0026180764371170552,0.005869821363609749,0.0007612307096458161,-0.0030384383864511923,-0.0036222110470296213,-0.000567759192168811,-0.007938936511295642,0.0020502729037540734,0.031560461538797026,0.003218544721148161,-0.002219315130889781,0.013698568999452366,0.00435657974932826,-0.002913202435572436
0.045504946539405,0.01290428914846544,0.009968957634737282,-0.09803434910582132,-0.08251708778480518,-0.027382762705686087,0.006978953053678289,0.006303533464560131,0.00011356109458518921,-0.0008692138528060923,-0.0039018410739055584,-0.0032270418244797726,0.057487846247805015,0.006242371001870446,0.0004224957883688215,0.01118894675856681,0.0,0.00017312091402621466
-0.01092618611418628,-0.001602938669409036,-0.0018870600353615738,-0.03472898779510503,-0.015600655638232814,-0.015344820951002973,0.0017513747389086875,-0.006732925676947827,0.0,0.0008356634965809712,-0.007311005948221921,-0.006871831265551634,-0.09784384258330565,-0.010880169886400563,0.0020231733656214737,-0.00039476296666468395,0.0,0.007125070738771416
-0.04018807416994991,-0.0027669237487494094,0.0014912149030648747,-0.013412034442364117,-0.005098706763718085,-0.006905933119517387,-0.001716279096552901,0.0,0.0036090523510783623,-0.0011308270597527087,0.006340674416914146,0.013618863941059626,-0.13731023347050755,-0.022107136384390564,0.0039544684401401995,-0.017590895403191083,-0.002484465516493769,0.00106568539783497
-0.06906990058424367,-0.01099756783578199,-0.005178277768083612,-0.027549865997836306,0.0013975428032286135,-0.0002670371354322163,-0.016977466508352818,-0.02278711301161341,-0.0035905498720179957,-0.0026015374370483126,-0.0033458143904285826,0.00163822988587301,0.05004200503048347,0.008054705860457267,-0.0028652954777675954,0.01543558412330217,0.0015523512763550725,-0.011020051629182168
0.06457815000643907,0.00727467493542114,0.004627189058535019,0.056344366362546944,0.004213861885941642,0.004176517680327349,0.0031912853741456566,0.010648140708971797,0.014113732950887274,0.0019470502301270282,0.0028991248024965825,0.014033681480867028,0.042625541565745356,0.005285471216249958,0.002331852204371538,0.0028270497262965657,0.010313393834553165,0.01593756998892948
-0.07418103652933278,-0.009409266223406182,-0.0029205850122530626,-0.0031533947626585885,0.02399485654201254,0.014705155710121244,-0.006953069535881601,-0.02769622482101616,0.003564644993656348,-0.000834621575769606,-0.006978104481813705,-0.00493077442930878,-0.004080169747074586,0.003333963182345916,0.0006867696251520218,-0.003576373536083929,-0.004166439664341002,-0.004625043901256787
-0.040162789740879265,-0.007064425034817351,-0.0005708001507240138,0.01863618043400615,0.03861095195505263,0.017029612271847013,0.0023228633343860268,-0.00047589060458849404,-0.005190964002551914,-0.002228762195358205,0.006915029706940608,0.0022259445777350773,0.035316157531582876,0.003562944627652632,-0.0007345240857713182,0.009631796117809269,0.0019173616145474397,-0.008394271675899914
0.0337239452611691,0.0009322913081979968,0.001246355808864772,-0.0731293255938892,-0.09589519107602941,-0.026162101486620633,0.006544733313154579,0.004385714669025465,0.0,-0.00610225772580237,0.0030574032839122134,-0.0072978913339892424,0.0586872986141567,0.0031883164799667765,-0.0025663820137760396,0.009017472451359702,-0.0007949106929143152,-0.002055917538507021
-0.0300025039253514,0.0018292130371122153,-0.0026042402345399732,0.0467809367597964,0.03677502022254972,0.01723115733013456,0.0008465897655239949,-0.0005754487556540502,-0.0019049089842509332,0.003516138097168453,-0.001624914084358684,-0.0031603076089762967,0.04489980890427399,0.003436449675494111,0.000700624518626415,0.012885081134448015,0.00293092963206993,-0.002764185408085984
0.010052873897843557,0.0025257429789284085,0.0003032462555760301,-0.06524029193486786,-0.008387654728555499,0.0017482650964578078,0.0017811642886373736,0.005191937445811562,0.0008437265161598335,0.0005264644369830037,0.0007964947977128324,-0.000901227482798617,0.04786929196648533,0.006001032764974286,0.0,0.0075181039749130625,-2.4906792527692427e-05,-0.002032741341028422
-0.042549035511522185,-0.005152993843259205,-0.002462648948206404,-0.00844012510704233,-0.007446389686318941,-0.011152652179327345,-0.00524491081170075,-0.010303402086586576,-0.00022869587924014324,-0.003184849164683119,0.0018108311021949465,0.0119585139818836,-0.09791761338872024,-0.014710787682999304,0.0024510940522526913,0.0010800124682478582,-0.0009221520294886229,0.0030677899771363593
0.064158987010969,0.013824172841233261,0.0030764538600136053,0.0059175596674822285,0.004959735216643573,0.004645246630088157,0.0034907436958966967,0.006052776437481064,0.0034669200255213807,0.000877618766467984,-0.00811205257220226,0.008906242332892724,0.039401337612976296,0.005699454323996738,0.0018315085934391211,0.003219142643052562,0.006806521143701597,0.01711032935702589
-0.042498868208410805,-0.009914727720522442,-0.00199900137065773,0.0290279716232129,0.021550173962734884,0.000938832402323899,-0.008280494536589827,-0.009372116819557965,-0.004975899506920202,0.0003228264422022141,0.007109624398936051,0.002620186996892394,-0.06614521493359725,0.0012842966882008469,-0.0008837289447482134,-0.0007842434361089226,-0.00498175660707758,-0.008578679342121545
0.08217293171113886,0.03879436768753972,0.022048668931956776,-0.011143962778498094,0.012145989274857438,0.013344000758630358,0.006230177888975295,0.007413302674607299,0.003855980636998896,0.01540806753727559,0.010517559453900562,0.0015861593306914768,0.04148283573328735,0.007651044413348716,0.00403382022699852,-0.007194314537081468,0.014272557679465375,0.010472890146040581
0.042690882990923704,0.0025237985580005714,-0.00260374368771237,-0.10332942501797872,-0.07109894072381608,-0.02075049846635168,0.008141546112564351,0.0038954545274619222,0.0,-0.00359206660071824,0.006039854493191525,0.00904764405521608,0.026082114190621383,0.0035166988680732066,-0.0005612920087423326,-0.0004910537450322146,-0.00540750340344686,-0.00527429595310111
0.05553813027970117,0.0062318348286580704,0.003969115587358731,0.06533729819887191,0.033354768490177635,0.014573499855819056,0.002550490016972656,0.0045992552937483815,0.004901392660274674,0.0024899213223145444,-0.005037203761512291,0.025626329773602605,0.02190138867447853,0.003170278881475804,-0.0020053723484547126,0.0016476135656697394,0.007824971138352734,0.009690511628050458
0.05459703197289089,0.00501784374547353,0.00047812118529396146,0.05564494013729339,0.006259089424568054,0.004036739305689507,0.004840545788527174,0.01017871989005894,0.005383859485448225,-0.0020649267512164106,0.0051282437558894155,0.02171629166012992,0.03567700705218848,0.0046138153992891714,0.0007245626645871563,0.003779335925729816,0.010659554484238472,-0.0032800367513332596
0.05209309688844957,0.00847490724069642,0.0020469957534043175,0.08889141622009251,0.057929038396276174,0.011348963227321505,0.0034104816515254915,0.00970149456866297,0.004630014322583354,0.0014041638222968425,-0.005435289750324187,0.01661145945620916,0.00747811828307284,0.005444416125400237,0.004028304601047028,-0.007952118557770503,0.011735456843007763,0.015027629255255803
0.03635709351362733,0.005367927813234138,-0.001914515522544248,0.0787741222540641,0.0008528028052294072,-0.00525388220116105,0.0017789756898004103,0.00544398882243205,0.008659258710601884,0.0046780846222027215,-0.011900313864345613,0.03377303263370754,-0.049355209299833135,0.0,0.00043567616466035184,-0.018676027378460174,0.0016138256191647017,0.009203564578837004
-0.03443826666760852,-0.002550405479899887,-0.001402625881348129,-0.02813236213811011,0.03388363341738477,0.016374780425005297,-0.006901695517781462,-0.006160375817862899,-0.004171055565473072,0.001992529202511798,-0.0057935093276199135,0.001496860957830474,0.019823182708550963,0.003519691617831088,-0.0010857986382430155,0.00959897543654752,0.0019722366054609176,-0.0037523469034803475
0.041935818053544606,0.004879198343342674,-0.001034142624081755,0.07511805772681439,0.023287847436982635,0.012265003152526464,0.0014145680264939363,0.007278026027435541,0.0026972681215919375,0.0008653963039491453,-0.0018750198882715972,0.032053392709634594,-0.027797204391524555,0.004679890496730348,0.0038911513499503636,-0.015849448099612983,0.005678841287706019,0.011086709560131025
0.06323854625992471,0.006507898516726669,0.002602553888926535,0.0376613359930841,-0.0040357985480252035,-0.004445375617867045,0.0035598862436948863,0.00606983740133449,0.006475466843487303,0.004015558027210565,-0.006188334120148863,-0.013406412825276093,0.04040140549031107,0.007865445366637283,0.005607051946746121,0.0009397540449498826,0.009101153755304148,0.012775541704916488
-0.11308778635713637,-0.024992628054427837,-0.025394774571616534,0.030548444396810984,0.009552592382213515,0.0034548646466585615,-0.014903569704024497,-0.035777330052619266,-0.005528598018090449,-0.007158698612643693,0.001458571398366973,0.0024585672997731365,0.02424985805473024,0.0004092492921751596,5.767023823149869e-06,0.0021203833460464953,-0.002773569050272176,-0.020368347804199605
0.010102785142285756,0.0,0.0034553560905356655,0.03911193652383031,0.02592585874505068,0.014688568652822894,0.0008742164536062725,-0.0012578566209306057,-0.0022125896811813215,0.012291154645139477,-0.007131309031970285,-0.009005288143019033,0.010892130657221935,0.007036556015393476,-0.004632036804496463,0.00030347432440717525,0.009975965353584304,-0.0014795927353570548
-0.01829700631259451,0.0020633137458421795,0.00048046652779940355,-0.03933438676214559,-0.003167471080313805,0.005347745311553462,-0.00037560321402038764,0.0009091394472124267,0.0,0.002857799572816435,-0.00544296457894986,0.0029990580093420256,0.055067602022672926,0.006596903466018837,-0.0019966776841419858,0.018288762975689987,0.0027244811533143317,-0.0009788438920995124
0.07639047788384534,0.0251715692262853,0.017068788063561643,0.0016653040338926038,0.013713651912323573,0.01571975234357021,0.0033778718115770635,0.002921931271331755,0.0015951050016130518,0.005353942360605945,0.03559157814430593,0.0,0.0386107017422755,0.007059156560259911,0.002881359399545919,-0.01611705810520474,0.008082747085942357,0.009891045541139065
0.02657194147226661,0.0032259135256787063,0.0010893878476626092,-0.004921413911092182,-0.004619569715537798,-0.00990404440666338,0.0022952724991373514,0.005225207562472667,-0.0031065419666886154,-0.002935856874079299,0.00433168506488127,-0.00830810579452915,0.061976796871875135,0.007401317894360823,0.0013132046044003897,0.009373503659422378,-0.0007287781024575772,-0.010352228517051268
-0.09857088732791554,-0.01987245779405174,-0.017070980196378212,0.026744902662830212,0.03278983428721287,0.02024202865826167,-0.02004534083886699,-0.02684069134122884,-0.00548742784263741,-0.0010672874028440115,-0.002543729276571409,0.0012185394834389556,-0.001034186047935553,-0.0022226342432506525,0.002441133214464835,0.0057244818812390245,-0.003494515876423777,-0.0052619013080277555
0.058223641487574654,0.005524971967952096,0.0007242469798639236,0.05466029716809902,0.01251561710556329,0.0012490179150236502,0.0027221049500551113,0.010172185700004338,0.011482249192832084,0.0013534539790631434,0.006708202887825267,0.022154642669545338,0.036257324656676436,0.004882444080564557,-0.0001439579009639592,0.00299830053813679,0.009916982231726984,0.01639900346192749
-0.04647669722743308,-0.006486188879105953,-0.002055388717106713,-0.03633893498123175,-0.002959346980461879,0.002730103742782716,0.0006757361442434667,-0.007449577402087092,-0.0032599767035083314,0.0017759493769073068,0.01001020276118592,-0.005348171979942178,0.020914013403677937,0.0016883202878114991,-0.002373130642753709,0.0076826712494698106,0.0021982487888641453,-0.006585259747527619
-0.021677995488947676,0.0010970252791765024,0.0012296175040493306,0.008702790860814769,0.002687636453495428,0.004720430853477547,0.0007329756779680109,0.0009199661177036538,-0.00183588631133669,0.006595660752719374,-0.006306213517844455,-0.0013117190923281473,0.05076031424153532,0.002503082737873148,-0.0017451442944228478,0.015117761495415397,0.003874717387076717,-0.004636149630882991
0.07295097698753716,0.014914219224132602,0.011226294638941325,0.01837376795070917,-0.004759661842762722,-0.006121176219680717,0.0056619734953594625,0.01305781141147387,0.0023842707126813453,0.003265876429913776,-0.005504696440540968,0.005100482269315847,0.044044066240061776,0.005798572636056911,0.0010060426296304415,0.0015460343970902163,0.00418011473660755,0.01640389893685143
0.023200484599008808,0.0017074305945990493,-0.0011422046187654202,-0.07494693425686418,-0.03670343834558157,-0.023467923786049488,0.0069430905674206225,0.0044967921755903004,-0.002008116095418745,-0.010230996049419891,0.005895122347489496,0.006793585143304897,0.029365714804890006,0.0032546684621084796,-0.0009609962097191565,-0.003381449846085459,-0.005009182882828734,-0.005190550558265783
0.046189783812734975,0.005694809208329328,0.0025195461132770164,0.07801185355009235,0.050392720831608284,0.018442532134215064,-0.002115491399848465,0.0024151893493598235,0.0036698626415894667,0.0033829033325797355,-0.007557486955049415,0.032861640120105236,0.005840589153778393,0.00501356417642075,0.0021784283775446414,0.0038144500597266087,0.01347884475116469,0.017154849615377443
0.06463538995496743,0.010548192260343882,0.01335091716170433,0.015062095578167619,-0.010220262727810762,-0.010739545797815296,0.004176126768262668,0.008226287746715532,0.002058713927594429,0.0032632408879985962,-0.012043820349177906,-0.0021580979158253738,0.04339767474135885,0.005261378998606152,0.004289457583519673,-0.00836043791826109,0.0035122441959862774,0.003022994995781403
0.07663297549952246,0.028562206799067635,0.022589590409758248,0.022571632389179457,0.02208105957872598,0.020608096483443406,0.005175286679905307,0.003085648154352271,0.004053739135360619,0.014824114335081434,0.031999218922154675,0.0,0.04272358755807508,0.007180087448859935,0.001094995871443044,-0.011716200296722833,0.011716256531662105,0.013696790434379935
-0.03131620809646336,-0.004110978413703014,-0.0013764237155844269,0.03480404728099886,0.03514442891082542,0.011046196791967888,0.0029707275102637894,0.0057299055249283295,0.0035671824617860446,-0.0017825880704659025,0.008691880874650679,0.009639463304980498,0.02145209482215568,0.00196537128882988,-0.00428381047801646,-0.006337219394269411,-0.009450316434448328,-0.012382861396938685
-0.035895811800670085,-0.0049059561247008525,-0.005484465517231206,-0.009854157087478749,0.031224307602303516,0.014006917709261008,0.0012023644057350049,0.0037053778644829108,-0.0008537427028478989,-0.0027857838078304154,0.0073301495787971155,-0.012937875355642305,0.011198249152893342,0.003666586026557014,0.001280861034954762,-0.001789697549243483,-0.009608257503760723,-0.006740223099813317
0.04880289013369973,0.005485224323406197,0.0004946860463471077,0.051879097128227386,0.011610431606065565,0.005938411284401814,0.0037728094802308384,0.009284947100793544,0.0021428387383057644,-0.004002839958249537,0.00815765880977636,0.017079375141068387,0.03174233797226982,0.004427418480559931,7.180855990435365e-05,0.0023659333758052504,0.00821535570834292,0.0
-0.0334736672716175,-0.003822762534829639,-0.0047495655380289745,0.007335723712059482,0.023959367153914144,0.013244358699948274,0.002101742540750533,0.004421058481425468,0.00035927667822296483,-0.0026427196136013685,0.006581821583534779,-0.005371993521108175,0.035773320374616564,0.0032189688290029063,-0.0006846299490558422,0.01079851852071743,0.004426790231616661,-0.0018094386195283071
0.05422934563492585,0.006358568210758789,0.00041722742492230117,0.08407444807318351,-0.006226863591325416,-0.006309850645697028,0.005804724807753951,0.0071956159400797205,0.012265741472925952,0.003598515541908518,0.01340987534904455,0.03910462825617762,-0.004447600425356027,0.0015900640648788497,-0.0023295696912405415,-0.009609389704237638,0.00899483549121252,0.014314809256606276
0.055342716811455604,0.006083775205570832,0.0022704872531651705,0.06581108922519521,0.04164445212655588,0.018092634555715987,0.006504200576750404,0.009615740283079483,0.004455627854013869,0.0008371332184896917,-0.004666075237502826,0.021577813910117417,0.022859135404020688,0.0031705895511855535,-0.0008809380837018373,0.0036961622314843944,0.012612211496637523,0.018873116628675468
-0.041697430887037215,-0.006650769818323808,-0.0012277179443512959,0.038120442220793235,0.03866502421560854,0.0074872160578917536,-0.0009639544367198234,0.0024347278901324936,-0.001132699761453225,-6.749411856417722e-05,0.008136119780483562,0.0005277802913026572,0.03464709094500147,0.005839384711850063,0.0017812590483233066,0.016121006090028193,0.00027980962473035453,-0.007022125212273481
-0.043459392225269004,-0.004245868077157531,-0.0007707566067842698,-0.02234869729688593,0.008075037199648485,0.018290416200374904,-0.007515395998306197,-0.006212764307178185,0.001185364613008191,-0.0008910659354279846,-0.003037632021497789,-0.0014971613000326598,-0.11420865674440871,-0.02077949911083957,0.0,0.0007068012164118484,0.0023438721120625557,-0.0007225068073704044
0.05370749194359591,0.007774490720426648,0.0016788529482584223,0.08498892751399084,0.05768159530406869,0.021244073587485986,0.005368932130682009,0.009463829786434242,0.0027906215532056016,0.003258896102485007,0.011043911735295852,0.02418392602527488,0.0,0.009077662361609735,0.005789400797436116,0.0024743613853323407,0.013406849040948065,0.017343501805965056
-0.04479819345009086,-0.0050145772809941196,-0.005796049927418666,0.014248358930900885,0.030777427046683768,0.013154634532070029,-0.0014235673799645578,0.002275273430409085,0.0007237319116965511,-0.0008969144102050692,0.009732039955143426,0.0021292662812949087,0.017890107217020217,0.003142470596003084,0.00095809593010218,-0.002899594223945651,-0.010576383368491303,-0.006397473138275836
-0.06609924066339941,-0.011122183035095542,-0.001411224845057738,0.016938593904514496,0.016661178072033288,0.00961856225320538,0.003758606446571638,-0.01757323887014028,0.004596971641169041,-0.00377676926925319,0.012725517701150296,-0.005270288686167696,-0.03265254142325593,-0.0002000469846438358,-0.0005838907719621034,-0.001136524484558779,-0.004802051093057832,-0.0035659185746486494
0.04558025233980296,0.005308393651806749,-0.0017098881671389178,0.07752388652516395,0.021413253695845378,0.009065432430790428,0.002290765948165925,0.0069933542047335385,0.00842082166636884,0.0012121857249392056,-0.009147234150455404,0.028902964842440787,0.0055316122538926205,0.005313020517653281,0.0014815932984716086,-0.010571792686883217,0.007902517165465342,0.013521972228768886
-0.042574358421952,-0.002530549235198085,0.0017771416615752166,0.03602984089708356,0.02972202516696228,0.004403417161826683,0.004176747916815745,0.003112955448163234,0.0037665518443764402,-0.002289454257583568,0.007868462386987076,0.01790087419553612,-0.14450080395668882,-0.034215036235890256,0.0045149048046480645,-0.01813692651921545,-0.00036782304551423537,0.007812879938200401
-0.03293238470667171,-0.0011854473255783113,-0.004361040363748319,0.0434557676721803,0.03919507582939491,0.015848434733404908,0.0034273372325510777,-0.0012398056758025449,-0.006072771303299178,0.0011083844024826887,0.0036344771047313084,0.012674744861550475,0.0074906052350568264,0.006463531588959308,0.001889907315692321,-0.000972257474029577,-0.0027128663263074966,-0.007137390433095886
0.046814291653228035,0.00682687451482724,0.004566151723695685,0.004465573438386814,-0.00530660815466763,-0.009250955672288274,0.006021821538849798,0.006626198125207092,-0.001320267387396681,0.0034918981697954305,-0.0010282718407939003,-0.00797471073065144,0.06045527711966623,0.005835169804342757,0.0010117987906961196,0.008478515680700557,0.0005518221726702523,-0.004087570512147587
0.0269132497227287,0.0013168613079152472,0.0,0.05272797180003152,0.03282283550454016,0.006996488959811842,0.00299436884781232,0.0069505867775713805,-0.0007582392114930461,-0.0026444833848587907,0.006795448973360136,0.02116903242107566,0.01596748804083354,0.003438889561187924,-0.0015054929644708484,-0.0039521138910658575,-0.010126211828210501,-0.009109688772967
-0.03386785135738893,-0.00373644169231676,-0.001889033042584924,-0.04613347086808142,-0.0017332517829371067,0.006192669850800955,0.0012306823460039756,-0.005038933329842342,-0.0027093455933743732,0.00015647702141405708,-0.009112556356288737,0.001792305352758334,0.02602683339599748,0.002513990760312962,0.0,0.01097249138534858,0.004798171509973431,-0.0032086266801459803
-0.0409129272382623,-0.004125096796626503,0.0009003295547833676,-0.03808557239725347,-0.04823574019194084,-0.01928609116660555,-0.008500597008971166,-0.009381350279825906,-0.004169031842543241,0.012344251850351104,-0.0007959469576760032,0.005645383392336181,0.06056203499386306,0.002621300066582877,-3.4766101847091543e-05,0.03149220189222852,0.004571452353604632,-0.006823236309734776
-0.017014583882073567,0.004485298570681487,0.0,-0.07324874910807934,-0.01272501220728628,0.0049599204673472265,-0.0007280692572295078,0.0027244461102420075,0.0005198935133344247,0.004328000682983703,-0.005532095316424775,0.0017924205852138117,0.043194450933367434,0.002984728342183097,-0.0012799525672343819,0.011044022090715195,0.0046544731531432855,-0.002236671561774258
0.04997069394250437,0.003333486849838188,0.0017011108015741985,0.08057579969218222,0.025740447435755476,0.008688397137647871,0.0021480701947296,0.009954976119443093,0.010293825345581915,0.002072362718440888,0.013360974406395498,0.030401143836538153,0.008368506194487866,0.005581623526762451,0.002209211128906739,-0.008419195264086353,0.008945720858900892,0.01614478945311343
0.030393256001973436,0.0027983524816264315,0.0016833281901648043,0.010765518338501067,-0.011863860575017838,-0.011334957072342715,0.0017249375087711814,0.0026076984894109383,-0.0005334820399719701,0.003965003034958415,-0.008578987682067794,-0.011236894758211323,0.014339169761653506,0.003979128281817184,-0.002224183699015774,0.0,-0.00024389471890549758,-0.004318345490451757
-0.08928615625675593,-0.012512447082844411,-0.007458536816934231,0.003963098522512825,-0.003596546920184106,-0.016419407036926008,-0.021465144561877158,-0.024175310436012197,-0.0041928159688546735,0.0022339151780033893,-0.003092317969329724,-0.0003882497296363195,0.02913254779539915,-0.0002544169120001457,-0.0011260034788577367,0.006284719721599246,-0.0038535284958205298,-0.0143579704380635
-0.04186294655865362,-0.005746261172053004,-0.0005955145309259355,-0.0421403343013573,0.021644130216752492,0.013512465626399546,-0.008996224648845794,-0.021747397726672724,0.003484452138856444,0.0,-0.009153407332452271,0.0015154296795519956,0.008418689538800227,0.0030854910313743065,0.001502408356566888,0.0033268444325974724,-0.001576570771394332,-0.00685300092524159
0.04274082012002858,0.003224938212551784,0.002120198234356559,0.038688695580539195,0.01794301917841882,0.010089430138691366,-0.0005044752257576906,0.0012717013926743731,-0.0007667726859639692,0.01154587699150267,-0.007627797321063875,-0.008501536754016131,0.03553957309597794,0.001800550802648942,0.0006910842701114231,-0.0032835505798357555,0.0050763060138471275,-0.005667763397953551
0.026194097869997823,0.002569466890134112,-0.00027851819438010604,0.04964757597065913,0.015850833368299642,0.0069758329984638805,0.0035581108120720214,0.000543943565283949,0.002276250914840993,0.0007880212950164966,-0.006119024375981956,0.034733401965733386,-0.15216727827495471,-0.0207338649966119,0.00048230328530882133,-0.01900515182253578,0.0013779997734755132,0.005405874229480197
-0.033187108873146236,-0.003306752741365342,-0.005905844299864489,0.020598736334305378,0.007529139537508457,0.00024877421876358613,-0.0006381677099978837,-0.009775218269964615,-0.004393244730917239,-0.000564936335930957,-0.0027012589653658938,-0.012757915006929067,-0.18214593823793263,-0.046196810550605164,-0.006776985259710065,-0.024301155394376023,-0.00561145872591715,-0.0018255462034292846
-0.023583811033672807,0.001832988468027188,0.003331586648623888,-0.026649910032840902,-0.02803795518660092,-0.02097241895868269,0.0003270369126616502,0.0016940751515051283,0.001271465174691784,0.006053040289037401,-0.004244154879460731,-0.0015350306973711842,0.07277196963174443,0.011649641291004452,0.003785941561764421,0.027504526224498536,0.009873838244897447,-0.005812676801192233
0.06746152707366991,0.006449752041969978,0.010471792397615944,0.04408789934673561,0.0011073230992543878,-0.002768961029889224,0.0054371973577500106,0.011861508599599375,0.008724686434740843,0.0012086817747041568,0.003780443830892987,0.026873604482211502,0.029521330181131223,0.006695527927904534,0.0013200379939528831,-0.014633676132145806,0.007973015584058104,0.012699547584198362
-0.05604700408845124,-0.009275936986197051,-0.008375231554634202,0.03359596736732163,-0.012346707745141688,-0.027833734168880776,-0.00030329464499108735,-0.003282838817638254,-0.004312457921674684,-0.011311272120274728,0.012184361280160169,0.005307771209120017,0.02843709366576568,0.003393326660486337,-0.004187286556257367,0.008903360772386532,0.0,-0.009727613715833708
-0.06460983728034007,-0.011678887740690513,-0.0035825952177209346,-0.003909861568719471,0.0006115273997131534,-0.0021013816706377947,-0.01006575183026125,-0.0070622106220576695,0.0,-0.0035331592207315443,-0.0010193618766032187,0.006672255858648769,-0.10741664172464253,-0.01925094659691597,-0.0009333570770196933,0.0010374618582772496,-0.0016661748110978658,-0.0048325754591750925
0.04677455021328068,0.008135558377785922,0.004474261359659207,-0.0291138648092737,0.00298740109754074,0.004744080754299687,0.004292783160818411,0.006246358451099777,0.0015720903772135216,0.002921933327229139,-0.004392444700590569,-0.006872046031209122,0.05830157286816468,0.007328511497638636,0.00046355404489326806,-4.415314432173605e-05,-0.006406122317872533,-0.00408967023631529
-0.045833572897785696,-0.008401751795701348,-0.000358596630632028,0.028828552585955562,0.03364147789779567,0.01309344839139539,0.0007444886197511617,-0.006534166561284321,-0.002012366962440816,-0.012041691361594432,0.005710499714500121,0.0015893493322999628,-0.03602085898229595,0.0010725532255996765,-0.0003196857301063612,0.0,-0.003888104229721904,-0.007034191038415041
-0.052354090189354954,-0.011433633918834693,-0.003169955902985311,0.017547175772602307,0.0185547708183379,-0.01367710524481904,-0.005747420323253712,-0.006295421196084215,-0.0006727305564439657,0.001247391509479034,0.008590804781623163,-0.005763923876144374,-0.058627725153674974,-0.013791080946812752,0.007532037648026127,-0.0009408723933032255,-0.002825206630933433,-0.005193318679558967
0.03185158444571229,0.004425924198257626,0.00010549737142782202,-0.06012530934286677,0.002798313434653072,0.011680878221443373,0.0036538240035930546,0.004859086087887623,-0.0016438415465465095,0.006051584953276119,-0.00651328528608254,-0.004096578612860454,0.057061259102527656,0.006385066544639094,-0.000910522974942076,0.006983942678192305,0.00018231043241116426,-0.003654949845930011
-0.045611059174977354,-0.001256381275526751,-0.005610976648456427,0.03850301847261836,0.03840954236846026,0.017577902888381024,-0.0034915150203109887,-0.00792547502296219,-0.000289672344716517,0.007276771843328915,-0.005422724331462078,0.011754648272607452,0.006413083023505456,0.006861579122522715,-0.0008571660667376504,-0.00021181311613068622,-0.001277210648613281,-0.0038548847326051183
0.014850123863138455,0.000978213697507719,-0.0048410680851212915,-0.10307430511278351,-0.1007065490682861,-0.03176537178903186,0.0009752414742641381,0.0030645103598002303,-0.00325896201039719,-0.004680706061066778,-0.0031379327467595977,-0.004683662077933302,0.047653766124345326,0.005250068746363536,-0.004938933887248998,0.009713347371882395,-0.001279898414807246,-0.006491987575923286
-0.03693232248932845,-0.005203649989962759,-0.0068785088627226695,-0.035061233538761206,-0.0052623555258135574,0.00031642355027967776,-0.0023398670625180023,-0.013803741947196286,-0.003074541711842471,-0.0012656119671620584,-0.003729878156177161,0.0035412014177708673,0.056037813490161376,0.007113602188475971,-0.00496894840361665,0.015964594541376536,0.0016497144894691022,-0.011620922688809363
-0.04174371060095248,-0.0005527167800731303,-0.0004763914143135091,0.009831343142297468,0.0389575040839844,0.01503725186145722,0.00379673533377527,-0.0056005822946691855,0.0006440249275816836,-0.0018302609301698671,0.0033700113645986998,0.014470950010478207,0.002065099606478166,0.0045650051525621795,0.0006667112938741422,0.001220654456791122,-0.004384160867697508,-0.006852188792068753
0.05485414173567354,0.00671607388483682,0.00305396862176918,0.04409316365425144,0.02534084717442983,0.02400424146710859,0.005005339059199729,-0.0013003396759623607,0.0,0.013210770083169896,0.027536934484455728,-0.003549370061659758,0.028158912744651092,0.005126063893855287,-0.0012105329551134647,0.002142732771947852,0.009829898131070205,0.018892298780246425
0.026748379702999606,0.0030290467238110706,0.0019136520430076893,0.005686309786529053,-0.0018450619020229102,-0.0008352952923234788,0.001312369676669745,0.0036688377775365923,-0.0005090299161854219,0.0031232517024289506,-0.006647200727065231,-0.003140740503749426,0.0550749328699903,0.0036158059399617457,-0.0008475434375417481,0.009135363763871519,0.0,-0.003567566069975131
0.03781422053365946,0.002480228110459555,-0.00651756750810713,0.01975207191672334,0.007108646293310889,0.01123654043935364,-0.0009800996244612606,0.004860943175991599,0.0,0.003390688281097334,-0.010339529366298261,-0.014402846556863223,-0.005371888505336738,-0.000247413166701255,-0.0007131788608932282,-0.01952598425549163,0.0023356002486494424,0.008389135051730216
0.03354985955297632,0.0034240438146712813,0.00114708660168734,0.03533609827658859,0.018038421368716806,0.017319954653924163,0.0023493468933706223,0.0035224092388300345,0.002104239324400196,-0.002207956264472074,-0.012789427040567897,-0.011279692652545442,-0.008320558885592747,-0.000899805606451721,0.001473456071051958,-0.002477660583062046,0.004782701290651151,0.00254385576190988
0.06689042445619556,0.007070592277873301,0.004194282054685051,0.06908372598228066,0.00637918175424732,0.0026132396341791786,0.006722721804018584,0.011389692373785208,0.012867505846217132,-0.00028429238548660163,0.012039646478126458,0.03461644995637233,0.033897885498609524,0.004430342871887763,-0.0021061076049446134,-0.007554354011142477,0.012146948343189619,0.016050203574348942
0.04600235267764287,0.00453265686545208,0.002738654053002394,0.06155277844702811,0.03151318576309685,0.010097713261996922,0.0021133305635223027,0.0053762641237207545,0.0032896141024987705,0.002322117389490371,0.004989309485398672,0.037621452900066805,0.018240436963318427,0.0034181727611262446,-0.002878330707780639,0.0038963918720482534,0.007896141162683798,-0.001938490651991004
0.037053468611209534,0.0030198748871429417,0.0021063197886704806,0.026643902960998597,0.02616481724879314,0.002216277973352278,0.0028577300181627085,0.0029213102814738866,-0.0017697138644397212,0.0027008497404009246,-0.0007048125924215044,-0.008983856616953008,0.02440819486447696,0.001361812679303883,0.00032726157744742616,-0.002293785702961815,-0.007002230837047524,-0.007928962697203529
0.012817536608587289,-0.0012084093571248782,0.0025049837869436267,-0.0921585961479417,-0.05046765530483157,-0.017547234090716717,0.008631642209910854,0.0018495439635684298,0.003272791614470438,-0.003150462357371664,0.0039883080647401875,-0.01027182144143661,-0.11980554212479984,-0.0090918757795406,-0.003539450008348985,-0.02904754666672158,-0.004681557693840912,-0.007624477513069938
0.03539964566308559,0.001982662462175862,0.005556401377194098,0.07840102232786722,0.060605563307112635,0.020369711414326884,0.0041534298319130785,0.00699061644311982,0.002015151545017116,-8.155138345983504e-05,0.010932899425034084,0.028919471272047314,-0.009336013825900805,0.005918513265293319,0.007753105394475755,0.006444183509073424,0.014631887284726235,0.023966544499359532
0.052458934759062256,0.004731600585297961,-0.00043779147788423824,0.017074603682224198,0.017717711758886416,0.01604491461659923,0.0046621966874541175,0.006676046610290149,0.0022091125294688868,0.002667627036745971,-0.007546941698928443,0.023634524213753248,0.026019673357334214,0.004276672870058133,0.0005755137545970321,0.003052112231754579,0.008896292342466616,0.018415476259506125
-0.03690782407525451,-0.001802164011579162,0.0004914578271496724,-0.00025452514827111416,-0.005682682622993081,-0.013993127957514513,-0.0006039991441366706,0.005054524950376849,0.0014899859646360957,0.0013278912667980445,0.0017536993272090915,-0.003852510694764374,0.04393147505171081,0.0017198261196528122,-0.003267388384197769,0.016629375689392642,0.006121506255030943,-0.005654253527579553
0.044908211284760996,0.0046084445084733664,0.0025705668959586825,0.04901839361935557,0.012609677146188826,0.009051058111094435,0.004203466100099008,0.00586464300924409,-0.00038377127329488345,0.0037345986837303566,-0.0016351124980861964,-0.00011435805467496226,0.037829860006055094,0.0027130851191636885,0.0005748484160630862,-0.0020680255606640207,-0.006201759997442624,-0.003945784158187887
-0.03688743503643652,-0.0037833610689619237,-0.0015812535457153571,-0.0326401506926092,-0.010466551203209211,-0.009681693350275005,-0.011971021162877156,-0.011353680644682626,0.0034065390073848853,0.0004332548402723836,0.010123003738406357,0.005736899234398142,-0.08963375949398583,-0.0010891081288100467,-0.0009667630958379706,0.0011791869140046138,-0.003871733707719072,-0.006618625092477709
-0.015200892786408259,0.0016555133665934532,0.0003370309850433629,-0.05193677037099078,-0.010005688210185357,-0.011492914179874877,0.004725028754520765,0.0019000307777112364,-0.0002260706325931559,0.0025883100294199226,-0.0046885586460353335,-0.005002889040473964,0.021372869202222238,0.0022883697596981383,-0.002885741611210244,-0.00035304437044658,-0.0070280461980939,-0.005118111560930533
-0.03254053595580922,-0.0024973955572314484,-0.0026835169329061225,-0.039146419347414536,0.0011032955009951273,0.007039450834402824,-0.0042524400515921695,-0.0066122781534526396,-0.004183239597900739,-0.0024971804213450932,-0.004653682678978874,-0.005738660636917227,-0.14495100020235616,-0.035225138542396596,-0.0068583684518237036,-0.021379327014825308,-0.001955591926103907,-0.0031102895991705903
0.06006786877157594,0.0058019522961076505,0.004522194059386024,0.03154742457198082,-0.0021921397392465156,-0.005715160905252884,0.0038637862636023636,0.007770713890996538,0.0028124891049533312,-0.001607071631706142,-0.009118835756526061,-0.018833924784280993,0.03589476431377646,0.007572665784723866,0.0018804449541033764,-0.0016425272279721689,0.00785513251141386,0.014956844136275488
-0.0911017342873959,-0.019105039193141903,-0.0024996058083898696,0.03750735632029228,0.015149882322645844,0.0030162934167868704,-0.010577245381959333,-0.025842311273111197,-0.004346548248164637,0.00035554269202569486,0.00629369978677828,-0.006788935980037829,0.009258807015882392,0.0026270134294385213,-7.077261914190331e-05,0.008204014777735115,0.001711352742318625,-0.007852267968186721
0.06776577702369732,0.009278146008300996,0.012787058818901246,0.0017956275128296606,-0.007666247570152856,-0.006378147774483777,0.005930141492688144,0.014322979565518009,0.004359017024034133,0.0024412881125012637,0.008716815675488007,0.02161117481837593,0.04017800050996803,0.004974676593081679,0.0,0.004455520666828484,0.006876385456717992,0.012986489727305345
0.04101142033701324,0.014021234584909859,0.0073134588327455055,-0.044939402614548325,-0.002391728493851686,-0.012075024596843426,0.008227900904599893,0.00997207666884424,0.0027763737128107162,-0.0028296097964107198,-0.004552834723843836,-0.002553159990346163,0.07799843026453458,0.005856285052974567,0.0,0.015518560287565722,-0.003758505255330649,-0.0029943963262703266
-0.10519022889720307,-0.021129644062403394,-0.026350495715786765,0.028758756000845133,0.0022984722116827596,-0.017478788035527645,-0.023944343657274953,-0.028664392787422836,-0.005695429108120984,-0.002635554356392497,-0.0015410599739856053,-0.0003020008887986093,0.019695453944879503,0.0028523229576265055,-0.0007103679019937675,0.00460039177685844,-0.004289590920187313,-0.01447297318329907
-0.023333271404269353,0.0014167349901977309,-0.00041129062151198166,-0.0719212277984738,-0.10068593284212368,-0.036803137606833694,0.0021162825336707904,0.0035537908592961007,-0.001210918165143215,-0.00805327011632543,0.002153035530265027,-0.005897498517556896,0.05967020949042795,0.006591976791647622,-0.003394501447048675,0.02401858098813516,0.003633129850918195,-0.008262508193754486
0.0561817695604428,0.016414289748126892,0.013836559591412875,-0.021104939118705413,-0.006982031647167978,-0.01725909091225168,0.006969501087683575,0.011547918120707282,0.003727876687669546,0.0012904304703501442,0.0035870187030229194,0.0003198326174411182,0.06741499489605221,0.00660612686010783,0.005275857470453522,0.007830040946098345,-0.0021986943201244493,-0.004346514940026414
-0.027981027458426788,-0.0003504250319662245,-0.00220512879160043,0.017281196230163717,0.013581155383169443,0.007314212120692283,-0.004744201987721808,-0.004490098642031992,-0.003174430147824641,0.005418811260372298,0.003271234791459667,-0.013703541216119273,-0.12864582836170008,-0.02272795654320828,0.0037519873640828776,0.000913945149791093,0.0016838538456732687,0.011506988419628134
-0.04614117451645171,-0.0026853431744432487,-0.005540661926039096,0.035522489379441656,0.0053112809899474155,-0.00867740783966561,0.000667850774009655,-0.0009490732865284493,0.0,-0.005676350510511179,0.005765819695491734,-0.0005473184788999211,0.028021261843971412,0.003976946746089384,-0.0018972481192502612,0.011302255546185684,0.001563478000413317,-0.007359382096781532
0.03595920533927,0.002701688628522509,0.00314089511699235,0.023267266967486648,0.015062412548504921,0.011863236174527544,0.0005867586877167031,0.004123481074039228,-0.002676719225739513,0.00949606531914096,-0.006383166511064948,-0.005447229712709006,0.030974857065078028,0.003353430983448192,0.0016804543965416375,-0.0005417213546211611,0.0026857415229287885,-0.00232112934447265
0.05008196574300132,0.008373915237737195,0.006427003179455545,0.01593800332508745,0.0004975300261333255,-0.002179528606067308,0.003373103429361156,0.006255911037659855,0.0033640564070023583,0.0036053155428105543,-0.0028320375094533466,-0.008171272664566303,0.05753921192065053,0.0063485636569880245,0.0002153980217624357,-0.0008143280993723019,-0.005761400451772188,-0.003538694721133606
-0.036964000169270095,-0.0003814315968769969,-0.0027143295907109525,0.02657503663402449,0.013607155408199883,0.010774717024941108,-0.00046791970119328927,0.0,-0.0010237391889606699,0.010046010423590731,-0.0037322927363161156,-0.0016431064303372724,0.04837238655756899,0.0022507767181374253,-0.0019628923899604822,0.011390137073293113,0.002596265872148894,-0.007139610801861762
0.009145676826913668,0.003908628151222449,0.001094009198944466,-0.000530116533833775,0.00797296995626954,0.009421166960258649,0.003649893305865221,0.006549775231424257,0.0014274830989634546,-0.002444910823989143,0.0033079899631528148,-0.00493824436348036,0.056812920630606584,0.006550347799934964,-0.0008502617489595157,0.012299220229501874,0.0,-0.004822224114494941
-0.06033927344329235,-0.00751674318583538,-0.00435542945215725,-0.04218242716901276,-0.016648438909523257,-0.015723146139461526,-0.013618385932785564,-0.011341712263907308,-0.0013529305206473063,-0.002882081932016938,0.001671159538477367,-0.0007824220350539685,0.01918430891776942,0.002601864210010204,-0.0076088958599761615,0.007830745586484885,0.0009457037306912879,-0.013107574284362017
-0.03405051785511694,-0.0022175033226707855,0.0013870941572197016,-0.08460569678750035,-0.10952717149590348,-0.03368851517076608,0.000961842898173502,0.003005481855040611,0.0008929952580421861,-0.006543129624513437,0.006199192256107259,0.011627840925086154,0.029372057999218083,0.0022391553940875404,-0.0013772392953078957,0.008696581955360765,0.003151060971601295,-0.002115459386795332
-0.11020511790728932,-0.023879589237198438,-0.022425832589721473,0.028799060908860374,0.029571115863615226,0.018269651888380117,-0.016903472398479166,-0.0318207705217866,-0.007498534966663084,-0.0008461902519327974,0.0001954264693944185,0.005636349926784054,0.01390428513557488,0.002422850039857406,-0.0009733211330917322,0.0016469433688899773,-0.0014743062239888768,-0.013055216471817843
-0.07888180026480454,-0.016687246261925123,-0.004555439931456166,-0.04691602042357859,-0.0087940003229686,-0.002819310880298833,-0.013199918501222218,-0.014958137133532107,-0.003711659435930468,-0.0012286691885639526,0.004265616515316107,-0.008820829991564234,0.028408204894585676,0.004363259076951839,-0.0027006234321681885,0.011853023414444584,0.0005380607710180485,-0.010440699485446403
-0.012786425645615112,0.002531951119507109,0.002936964697212806,-0.04589599193657104,-0.007376349836676636,-0.010170885126077871,-0.0017890777207784753,0.003120205124433399,0.0012368132656725723,0.003786707202779332,-0.002279133249367351,-0.0004851679039106247,0.08208004038455731,0.013265153602799727,-0.001543471028714265,0.020378039792399542,0.00322122636700486,-0.0011749983539107098
0.053282539990372475,0.005707008041815446,0.0018884610885283348,0.06009537631267085,0.024883033264066722,0.012369394452803674,0.0029867766496566406,0.005876929014949759,0.0027317913605575004,0.005761024128340168,-0.007129038220111287,0.02049458088526135,0.02694304448661402,0.0041518859588164465,-0.001535881236031751,0.003904527648939013,0.011320693984786108,0.01513553046281732
0.04032718959247312,0.004996975980933382,0.004336879437858923,0.0660107463339469,0.04292842316928548,0.019168502598436322,0.002457542020875976,0.008488102957491913,-0.001224420765775538,-2.1497336470098803e-07,0.008498056157406253,-0.009586141808260106,0.016607393205271128,0.00560415161204208,-0.0038060989907223214,0.001502774138730952,0.006310587002246522,0.007282482591723621
0.032632201124631006,0.002846939593522131,0.0,0.005084650818561713,0.023350146066707687,0.020634847001288394,0.0009200390705828162,0.0016909412681689435,-0.0034186175266745604,0.0024724313769019747,-0.010683417944282937,-0.01286600364360836,-0.0058370578487140475,0.0008230550861795655,0.0005565387930111545,0.0,0.005865983372344954,0.006978618989932517
0.04930703393027374,0.011870217058190859,0.010453030565079046,-0.10975482150830294,-0.08233454930494674,-0.02051561662247347,0.006925490490006625,0.0068246751237172,0.001384357550647944,-0.004068385185869682,0.006795731629262583,0.0023626956756573644,0.03884300596516737,0.0058976573579886055,0.0004177770106759022,-0.00047496492236452637,-0.007821854400058894,-0.004678826667237179
-0.04251513494463922,-0.0046687240096235485,-0.0034766813646659204,-0.0544229578164414,-0.0864325212200799,-0.030635091194357086,-0.0024636732333428923,-0.006006120830063963,-0.0013843520540905813,-0.006960634899296921,0.006683252379946352,0.0067927324455785,-0.05093637561850223,-0.002453345580976424,0.0006672147774844045,-0.0011786742817003063,-0.004218619103123418,-0.00276890166277588
0.054016356970775774,0.006660708940090561,0.0009277833265254312,0.0879143632437197,0.05433615493827117,0.019256786174476227,0.005853040988102623,0.00890812293703838,0.004382068840566401,0.0,0.009417088837362505,0.033407725019538786,0.012521777392978911,0.007366792050381523,0.003232534590598695,0.004715466198991866,0.01235974288106803,0.0183440932079883
-0.09591191939385274,-0.018187363699197972,-0.017119853871018515,0.005460372962177896,0.02901876959054289,-0.0012592071942373643,-0.02347787492662455,-0.018815876894620824,-0.007892520749739871,-0.003529399029108757,0.004957142036345456,0.004078819125217391,-0.08408571742493336,-0.014961227724258062,0.009163521943086601,0.004613873521694734,-0.0009040261716778861,-0.01199038304680064
-0.0697125407955722,-0.009779708227031938,-0.004239084865406076,0.0026000603529820216,0.007264816260703841,0.004163647431936661,-0.013495176815698872,-0.027584313668029423,-0.006736414047121109,-0.002746295662822775,-0.007700072833308833,-0.0021302866808560984,0.02529075690491135,0.0031304136326884228,-0.0008443361911134585,0.00978827857751086,-0.00021178948592298082,-0.007218356854358357
-0.09895944396891235,-0.01835583292436182,-0.0049765080756230375,-0.006567851962930876,-0.0024226376937030317,-0.012092974784996822,-0.017772963347465108,-0.02229010030741179,0.0027180143501728394,-0.0011741560229191425,0.006511377047604554,-0.00013417235888529808,0.02888485446021134,0.00021164195363878197,-0.003051599883263555,0.0050501566258040085,-0.003408969755795146,-0.014384477419355501
-0.0543946238337076,-0.011848848277704289,-0.012047901029683903,-0.03271510330205824,0.006443240556471125,0.019584931127653034,-0.01597815342237321,-0.017141230619825983,-0.00030989394985749094,-0.00822321518136255,-0.0015065545321132907,0.0047584946908679595,-0.056541511987134856,-0.0011979030146789136,-0.0012511768468464325,0.005759929395821164,0.0028098605864316293,-0.01166672803408908
0.03672466247664062,0.00301506911368892,0.0007755843039907009,0.05821203495719934,0.02134652876138949,0.017626760449990238,0.0031757021188914118,0.0037818931103735637,0.0014339039373506277,0.00883389594736787,-0.010949503056540645,-0.016523705258631338,0.0032532648153743384,0.004650236953231355,0.0008107034088993613,-0.010650050454824362,0.0042121021920167485,0.002154560867490135
-0.03106739582981933,-0.004357958971833589,0.0005482284293269885,0.008086761801363317,0.02767254417609347,0.01876707261903229,0.0011970292066933318,-0.0006212898655402483,-0.00016065246989203553,-0.0036580855002684366,0.010584125664363687,0.011361975588395466,-0.02584654239609043,0.0026010547330903772,0.004903845072519956,0.0017123474298640004,-0.002428671659546355,-0.007332935538203078
0.043336198455339085,0.005201046279065836,0.0022101162399151136,0.06734386307244153,0.020900861767270455,0.013005768255977703,0.0052360692389512966,0.008041642329890655,0.0014667926985770464,-0.003739811213041858,0.005958661773545235,-0.006810549182054571,0.012206879256706445,0.006923621076104197,0.00024775662639613127,0.0007427583097814805,0.009190788464691318,0.01430630072172931
0.06362698893109033,0.008491122334337792,0.003946670010122213,0.0005786142187998852,-0.005990626951508053,-0.005048131524385417,0.0062282784082716095,0.009537297570625634,0.0046542459013794455,0.002791887602653856,0.006724653687270813,0.015523005211086311,0.04108011383922713,0.004115814574596003,-0.0002400745297865889,0.0006697647132282886,0.0032749045526049335,0.012574647648110115
-0.013275663564875318,0.0011735299655820214,0.0048986461132077145,0.037030956653960063,0.025099290724989832,0.008832209579018402,0.005134446258672733,-0.0012034719121704997,0.0035384254488712618,-0.0009893386936603648,-0.004706747500788463,0.020466829706173355,-0.07709342261421542,-0.0034258077548003207,0.005788365312039292,0.0007667336547242487,0.006898783695356415,0.01704408080582026
-0.03623723590192754,-0.0036155054176786367,0.00028964022827638653,0.03514547556480716,0.01890811261289391,0.008972972543065833,0.002676254880756658,0.004179663689358545,0.003534391302370819,-0.0015507169150430697,0.005304099150004432,0.002171336812854222,0.04237036515748526,0.003653819822681829,-0.0003186705322251199,0.011332382353436173,8.503143124427639e-05,-0.0070048447327010765
-0.04042744576032367,-0.003517912433884889,-0.0003016899495969235,0.026557201520084228,0.0156437751858867,-0.0004982687348945936,0.0,-0.0039268347002164835,0.0022669817079842823,0.004372221119819816,-0.004782756099346433,0.01924592136004578,-0.18161676187856252,-0.04136567077223767,-0.0039873737882423835,-0.021253729699760616,-0.008204647518574082,0.0006450081872368674
-0.04704783852684144,-0.004956878747393395,-0.004355918901399341,0.0013166658053699808,0.004306002374435677,0.0010189103586544668,0.005201555365658574,-0.0030543788461864434,-0.0013799290907880529,0.001062191738042951,0.007835580785981356,0.009570771544001822,-0.1675866407413598,-0.03779380313419608,-0.00633796698265813,-0.021891857628287888,-0.00196616730318722,0.002382844789030447
0.05097098432849956,0.006889343016334546,0.0002853390112479855,0.0802368087086235,0.045933031275622274,0.012038250076724724,0.0018821621420869919,0.011335237237963838,0.0049205882408715216,0.0037685991400323586,0.007602411484267995,0.04311839017080107,0.01395578889540983,0.005131932623702757,0.002401720365353143,-0.004074609951128461,0.013169243460925855,0.017788165798647948
0.048192546056322956,0.004631933025366117,0.0013313084695742538,0.019328675793112236,-0.009730283530132717,-0.01191490611070148,0.0030721853286366386,0.004017641405343467,0.001001017448521456,0.006296013493520069,-0.005367108515247554,-0.007369546773685079,0.051080801228441296,0.003847295738014428,0.0007562095151768185,-0.003914957076861704,-0.006604985976932977,-0.0029953180369599874
-0.04564715645230922,-0.0072489037852344115,-0.001514655302669987,0.04445917862537443,0.038796728694649035,0.01111920870738488,0.0038844861645386053,3.522828473900799e-05,-0.001058709208166862,-0.0005334451590152858,0.007825291628153598,0.0,0.024055907226994813,0.004446053409893241,0.0032632984314939157,0.011428558820450867,-0.0010987195292487951,-0.00594534794782553
-0.024560652813716465,0.0001675309038339525,0.0011419924536547666,-0.059986249981379074,-0.013720333349315312,0.00428635765861605,0.002280898938315481,0.0014173075323065866,0.0006464730483564412,0.00036674729834158777,-0.008296020419710327,-0.004348407643465098,0.023036977833182728,0.004501509914500076,-0.0026851449403602857,-0.004932034500618812,-0.0071463120736965,-0.0010950923012090497
0.05627687157908581,0.015800578471250482,0.01171625949858921,-0.08415644482407145,-0.07498164859055002,-0.015736636541711816,0.00930598114949745,0.004228937753432159,-0.00023107608266706382,-0.0032248500266049843,0.0035212081014424153,0.011602463616555293,0.045529776644337557,0.004474908983107437,-0.001133985495185245,-0.0009036845487765271,-0.00677941463646257,-0.004881281836731508
0.03994371168749748,0.004544943644980472,0.004870597048524402,0.07959716546251418,0.06748800558653463,0.026576239634645546,0.004923375197778082,0.008374009594191479,0.003791822192227097,-0.00830830771855457,0.012188244665284608,0.017041410904993986,-0.01544164493960229,0.006234344817292258,0.00835450031322238,0.005255254535749877,0.01620952543308357,0.024776643108917917
-0.03075114997807697,-0.0036658381508752075,-0.006664213303485503,0.04333799191032906,0.02798589939884579,0.011266295679295733,-0.003324635402348045,-0.007473308395583009,-0.001164394955746344,0.009458869076351148,-0.00504146726172996,-0.0033692208958001233,0.0009198058314996351,0.004664407919738108,0.0,-0.002286960096618722,0.003603781576642152,-0.0016150933739381285
0.046576884038643664,0.007603576092329138,0.008828541025375265,-0.028961765397095447,-0.007813987916790633,-0.011912788177222087,0.006155914779829067,0.010893886956380517,0.0021072309930607325,0.003457536175701474,0.004030900075501658,-0.0020055028525233047,0.05329315232946724,0.00813571564267714,-0.0007508791176033487,-0.0034933688064663,-0.008424442662989551,-0.006330584746121998
0.06561871364011898,0.008472509199594603,0.0005068076298612914,0.06616642612806721,0.035553955310016115,0.008340387490895275,0.003950735873104169,0.011966951052933099,0.011695895693446184,0.005598515998660698,-0.004178992164657267,0.02855096644608199,0.031505991190056384,0.004300734784247067,-0.0019274821038080254,0.004371502991011327,0.01026154602623181,0.011213067454441672
-0.049876726016858365,0.0,0.0004292670135819789,-0.00033207845760230666,-0.007933810218044728,-0.017364367080200248,-0.01167822228717919,-0.013672825897575631,-0.0034416552668680455,0.001343877249139683,-0.00503886188418231,-0.003161449773380641,0.04991151643859905,0.002626950371564061,-0.005940096299456789,0.015410182436513167,-0.0007602108546913052,-0.016450798789034708
0.027844131823515257,-0.0006228849717074209,-0.0003238588671996156,0.06628221189377755,0.03230324796575865,0.01388007829763387,0.0017136424639069261,0.002401735815907908,-0.003183970076547365,-0.005662507565329009,-0.0020719479313119227,0.005985045524842804,0.013544167816970869,0.005901519805515054,-0.0022458238144122105,0.0008257863851462094,0.002845653248666101,-0.002775598920743222
0.016347489491780352,-0.0002792629573598168,-0.005543752471252043,0.018108811101657227,0.01246029488023641,0.005034458003879712,-0.0009770006143753074,0.004965680761686012,-0.0016394489838829022,-0.003671344289174648,0.005715625183433224,0.013581923709476862,-0.11927911457520868,-0.002422763671093108,0.0004623097668114295,-0.0226057867567815,-0.010007754428406223,0.005677369439789803
0.03041457083104269,0.004208240245885044,0.0028110275297293925,0.031292384796952566,0.018000199868894715,0.014121117575725484,0.0025933955635837032,0.004005910343125689,0.0020490844063018577,0.0037245702932804676,-0.00560691046288513,-0.006861570013579876,0.024689877206934604,0.004665677308274147,-0.0046097060448570745,0.00215694628579467,0.009520695604161045,0.0006866525664369072
-0.03652367177920397,-0.003351775537795422,0.0031074629991911166,0.009840770708973687,0.007891498819493012,0.00979342950647299,0.0027637129846556367,0.002919108101697457,-0.002865238512827171,-0.0012471333530415778,-0.0044806742195107096,0.0037455555357150377,0.024804445375494578,0.0035313466852382883,-0.0002981086741279784,-0.004952925364278833,-0.010122460854367485,-0.004232717355343666
0.03374628127270209,0.005443303732865109,0.00293512766603016,0.07562867394184143,0.052603930730479066,0.026568820578788874,0.0036373890175793724,0.007409034878228001,-0.0018358500308784927,-0.001692577790865885,0.01415123030833907,-0.009290116680792613,0.0018709476808801753,0.004594758619475176,0.006902694089375194,0.0013030327108320295,0.011288102749339196,0.018286311701206787
0.04841760644317927,0.004235490882563166,0.0,0.08188663589224855,0.016481944383730192,0.00829392144767757,0.00410991758388653,0.008298047982723098,0.010448025212082913,0.003001304914927052,0.009742946959485865,0.028944775623209473,0.011526459075416605,0.004458608725525459,0.0,-0.008574478562171101,0.008419660561451523,0.01485717043752352
-0.07365416224283028,-0.006363709728350011,-0.002207580749554553,-0.004500313749526503,0.00907504531739118,0.008901506892089277,-0.021515785207535727,-0.021620387832180697,-0.005370334885249547,-0.007326370421438775,0.01937175164186307,0.0012505091775487996,0.019062863587772944,0.002241656955875277,-0.0022331078800942473,0.010388615301379562,-0.0013937043679748367,-0.010847386202504375
-0.02867395142557164,-0.0025302573979643773,0.0020687064371220374,0.01817886376067753,0.002325084295251917,0.0007356662880680958,0.0012668293571178265,-0.0019358235865309724,-0.003256464810062104,-1.2882225136606492e-05,-0.00859033012916838,-0.006128990769078078,-0.19341741117943445,-0.044698535573542864,-0.00635093354856131,-0.026668344277175616,-0.012637663612884263,-0.00012388291114778793
0.006721259319263468,-0.0015456191619130175,-0.0029742799917156517,-0.006957587219143757,-0.0001420423088813091,0.006769388571694233,0.0032402965675363713,-0.001373837433626183,-0.005854818536745041,0.0038973070748421876,-0.013790931955463444,-0.019123955364292733,-0.16018333113377703,-0.011128324330562557,0.0040830669020544014,-0.019787259818328743,-0.0025943993462177514,-0.005840333904355149
0.04810926936407879,0.0035587684527715754,0.0004108229442101642,0.06473321418225343,0.052209852529228676,0.02339441052893954,0.004995423143941229,0.008921296780433005,0.0027417972284767725,0.0011502912277287568,0.00932172988818808,0.03600978293768425,-0.11386867932795704,-0.016406155987952736,0.011243491134399018,-0.017678801165011214,-0.00605056227513006,0.007956964644038472
0.05608922654794956,0.006365485353064047,0.0008584942570713921,0.05834249343044138,0.040446166962484965,0.014041202694150004,0.00482192968715142,0.011177227129694987,0.005380123479934703,0.0013005212619125184,0.0003007986000856371,0.02615845081462986,0.028411697146009898,0.0035124318359044714,0.0,0.005485553647346363,0.01054411916718358,0.02031933695571897
-0.082945099139825,-0.01523841238100271,-0.0052417280849809626,-0.039436922466224406,-0.0007029019938875524,0.005244377403209817,-0.015147326143720153,-0.019182612720165266,0.0005810709813743946,0.00019976366632490909,0.00037766485107237083,0.0029396703828566155,0.028125888960095515,0.0019511982787595273,-0.0015162460345504042,0.006994008846418347,-0.0025464934636067384,-0.010563625908130897
-0.04137435426951335,-0.003975298608656958,-0.0021805412322124388,0.0018848593679755405,0.005933887728681489,0.007231764234229635,-0.004586501545113625,-0.008532606168334688,-0.003466542953818099,0.0032142731036360864,-0.00873966713140002,-0.006684674892340113,-0.00013095170141260836,0.0024051190480103243,0.0011959961242371333,0.001520256933493973,-0.0013129037312105975,-0.0037119911753464158
0.04423812026935555,0.005460906921394822,0.002586107427932826,0.056553828378743946,0.028522106847284224,0.01182335221376275,0.0025045677220240023,0.00462297904497043,0.0018053724722823608,-0.0037321115024376945,0.003912151732165095,0.025844893180004044,0.019444731175872677,0.004195746798628031,-0.0007381666471910103,0.0030167001571321903,0.008442537735924046,-0.008613360968011935
-0.028815518390804862,-0.0009902443933368205,0.00131067449982205,0.007317163337974331,0.02781234135174188,0.011291743045018666,0.0019481609796561908,0.0030938977968982618,-0.0014447606537718114,-0.0007484144418060689,0.005157519417583553,0.001976331322086206,0.012313791090648852,0.005404103556380044,0.0003428728246359811,0.0011834398914684929,-0.0018713658664844418,-0.0031155653339930284
0.0324107145496696,0.010214280649758795,0.00853473207824049,0.0030565930622763293,-0.012232476553158825,-0.01168708122790635,0.003909586344553641,0.008132237518859931,0.0022882701272706097,0.0005873276429897869,-0.005319117357645533,-0.0005085962722867068,-0.15144646904139883,-0.008435466888916191,-0.000633282341965214,-0.023252791837368957,-0.0009307466208290843,0.0011967222896360763
-0.04568435865832063,-0.002513996878919935,-0.0011446839574920248,-0.05734172857567288,-0.10557387070434199,-0.033868122375922745,0.0,0.0029188886458641574,-0.0005495749065855822,-0.007878620491811157,0.005059775100642675,-0.002754564159851252,0.033277106630566274,0.0035454803317785943,-0.0037597853582391817,0.008501852264557385,0.002862601790427935,-0.00497360262550986
-0.028794598772830103,-0.0008330279585200951,0.004497917655542579,0.03883335932592126,0.02716208845250668,0.012977804364392826,0.0019448240835627825,0.005509594024680726,0.003087379436876764,0.00016684279770549774,0.006310785017779085,0.00875115064492869,0.0231149334509763,0.0047962945327767,0.00026887533066510436,-0.001113468931050649,-0.007030544300041639,-0.010128814447049703
0.029515231875254323,0.003743304080815088,0.0010997279189931017,-0.05330710866611726,0.0012593345619667238,0.0034301194638538747,0.0019085265487677992,0.0032597781072088495,0.00014291791623790318,-0.000714699092505906,-0.0033412547442777645,-0.0042008783738081415,0.07529939845903215,0.006484470354569252,0.00123067320923103,0.01576966404469695,0.0013126013788055896,-0.00153137150111457
0.08121718222054158,0.011378738005788336,0.015982054090036953,0.0033504629616500693,-0.0018593048544989482,-0.002320359362454013,0.011459429077993112,0.013856400913949763,0.004247093360311031,0.0,0.010731836198407384,0.022810109230828605,0.042795177592939625,0.005669474914582152,0.0010164934856638057,0.005446487531840749,0.012241947034735993,0.02437744951127699
-0.015650302941151436,-0.0023487672308261094,0.001928500678294501,-0.037501890203255304,0.007882238824981928,0.006887777945052546,-0.0010682458587921422,0.0,0.0027097639922950946,0.0021503274419393463,0.004115880436477182,0.015354114401658629,-0.1501307705631247,-0.02706607893519346,-0.0026207709891926103,-0.02530301209804953,-0.0007427070254149909,-0.002179930417109538
-0.04298858449794582,-0.0020588006124727725,-0.0007695359256542851,0.0021097645634330165,-0.005180970894835874,-0.0008682698834043534,0.001042742634358556,0.0032999126091528795,0.0011850885978786677,0.0021543365477460757,-0.00787883945642392,0.000371785631300475,0.020307052080407735,0.004361214871327933,0.0017183910115914206,-0.000589078234378936,-0.00426435191785213,-0.0029542274038544987
-0.031244795910692614,0.0008448400727701805,0.0018806348692116336,-0.014743761876245005,0.010535626646733338,0.009438651661508566,0.0022129679497520905,0.007519639706798826,-0.0012675502746586774,-0.004546644077824326,0.0036856107949493557,-0.004782584524807956,0.05778357413106338,0.007021502381132842,-0.004300643772218012,0.01617362816905434,0.0023463279797403397,-0.006555750408321598
-0.04348747734769602,-0.0024379798466102453,0.0038291797064549105,0.017604328697223864,-0.007045656311511702,-0.011989120447908187,0.000647231442089969,0.0034027760079463724,0.0023421882384716724,0.0003178308229618706,-0.003004609931674653,-0.0007761076957764081,0.0027644330040512816,0.0022423479596847345,0.0012798976452888112,-0.002290153240061206,-0.0026881178458468963,-0.0061705977175937066
0.04792406122688218,0.004768512372504379,0.001071559037320441,0.05166289831115046,0.03430201004335281,0.01844263199258904,0.0031852397138845165,0.004720946340227003,0.0010678748842024406,0.00578585470709047,-0.008338435426357715,0.02199829752051403,0.004106988447789787,0.002148456947608923,-0.0015240663345192076,0.0020231583649767087,0.010328486297126094,0.014358230405203204
0.049307309558760185,0.003818007441691604,0.0008715035891953074,0.01822616282644195,0.01142948198676295,0.010765067475099773,0.0027868321366873528,0.00549519166227145,-0.0010864882280960146,0.0075081787895664,-0.00793885877782822,-0.007949451729860182,0.039650002788745316,0.004764026181969084,-0.0005902033774818613,0.00066407405432252,0.004708521559174529,-0.00019650650329972041
-0.02758273123842242,-0.0019446212925089816,-0.0012413853841283329,0.047712652554850146,0.03227953448577427,0.014257676644539021,0.0031498442799057043,0.004977551551844827,0.001589610926916204,-0.01072449868410595,0.011087983022184432,0.007555046744180129,0.017252503950067104,0.007520637160106397,-0.002622594601165188,-0.0006822742244929997,-0.0050131991489054985,-0.010763876942059686
0.008443923204269902,-0.0029010694232121546,0.00019363231120452898,0.04344616451481712,0.02184346952141794,0.008307773524210726,0.002289454654355876,0.003574085479199758,0.0014286790885269288,-0.0064221308061188104,0.00035178049838019263,0.004380536706030511,0.04389840836952956,0.002446711311418212,-0.0003884937399621358,0.007429296474506132,-0.002645942973217729,-0.00879396774519453
-0.039069910411993355,-0.001664352695411804,-0.005802092896199285,-0.01097056491430002,0.00882064168160997,0.007442517673872377,0.00040410563980459297,0.0016254570544769658,-0.0029134697730493226,-0.001092635167598893,0.01762682166567234,0.004746275796297888,0.021225682800109103,0.003651704527452654,0.0012384730480888063,-0.0025900590510879212,-0.007617133350098727,-0.002605231855200627
0.057459603543241006,0.014064616479036266,0.0022873550908539425,0.05780268070820872,0.011792736236710025,0.007968926457079925,0.0035603136768219885,0.008782425632312145,0.013685264864959384,0.0027552412746961147,-0.005837656965830375,-0.001371398623819274,0.03655727447012513,0.0034275040522625468,-0.0018896420496394366,-0.0058505993739716485,0.007519446448259479,0.0042431802842926025
-0.04892164507405106,-0.006837866603874715,-0.004482013264291895,0.021156413125855367,0.029482242060479214,0.0088870042596662,-0.007389168769625109,-0.004155187416202394,-0.0027357727351555185,-0.0014276514119957744,0.003706082341705075,0.006831173587796922,-0.14007659575793446,-0.03810326498761829,-0.0004624023512330446,0.0020765644693423913,0.0,0.013351925734915004
-0.03580016489218692,-0.004823962009517606,-0.0002886282075828668,-0.07273448884525836,-0.02054652369822304,-0.0188249556304313,0.0,0.00033623283879243525,0.0,-0.0031073109062441048,0.0067622242013261336,0.0035773244087063897,0.010813530527632724,0.0029055604580397218,-0.0026131839661778476,-0.0038713612797870193,-0.010322598482553647,-0.005741062873908853
0.05349067097964577,0.006750519814077038,0.0005447411506750882,0.08311242471741158,0.05501731985220569,0.02163880813244301,0.0043655801572109855,0.009960868589851688,0.004878919810767963,0.00802272345881205,-0.009341403433311347,0.029250965764318664,0.007888614762610463,0.002879200959707432,0.002203208582048785,-0.00428793057751002,0.01175951301647305,0.01410862245346356
-0.06595058574221188,-0.010634241693339711,-0.0013007938593579357,0.007440566461685622,-0.007388334853933455,-0.010698946161937464,-0.012116328123322707,-0.014562396974387269,-0.0032585028380450864,-0.00047225262290627495,-0.0035994168437274527,0.0020495308080967205,0.03692259934764409,-0.0008181946912830288,-0.0027147211127225954,0.0099182576795792,-0.002190633380115792,-0.008706967737744403
-0.06214446630894914,-0.013105808338096589,-0.002198938193904248,-0.03728843105857758,-0.005339111419838229,0.0025080498616937468,-0.013395824749738662,-0.018241042660489266,-0.004211675135591583,0.0009204873067926681,-0.004512073502776572,-0.00039127436811094916,0.046524760354543906,0.0031923862153486206,-0.0011620512074194077,0.011842495731149814,-0.000477228957240006,-0.007128063065081777
0.029747873758006627,0.002306620123178174,-0.00048622456872145296,-0.00758415656029847,0.01731688899063216,0.02176545569911932,0.0,0.005187860052356104,0.00017705483786217206,-0.0032777862140549643,-0.009403993867079685,-0.014147678481687386,0.0,0.0,-0.0016245160199902877,-0.0006570030019107784,0.004415063825328498,0.0005715223880140979
-0.030048296645536057,-0.0006976680049174314,-0.004163642681798421,-0.0434408379318304,-0.0045505150123901425,0.006599996910648382,-0.0033226397347713224,-0.010891965951664752,-0.0032313491400584636,-0.0003785014282280806,-0.0017230834147904666,0.0,0.06535020895404255,0.006523390404135901,-0.001449663463773546,0.017531063171287133,0.0029897758450787544,-0.009577782027696165
0.033297725960203126,0.003753225693888125,0.003132557832239688,0.02699920191352466,0.008192979521833562,0.007305013485933718,0.0023051504526990134,0.003130210825462818,-0.001876593518851015,0.0021111683074992765,-0.0011986235103180662,0.004548461019934039,0.029336163930672923,0.004803193207329871,-0.0019304872286549273,-0.0015703225344961649,-0.003760557663544792,-0.009053394071196777
0.07583871340476074,0.017359599230799275,0.017496677113083472,0.024286698348263268,0.01778335628281512,0.01653697995733737,0.004138254975485461,0.003530227360589443,0.0029420164587765814,0.007452685145658175,0.03200180542158281,0.0,0.04819160474717021,0.005970416158987507,0.0039040756401135207,-0.01627964631121569,0.00651283540616184,0.01048382602136877
-0.03505575468474357,0.0019007766434589186,-0.002017999726062243,-0.09568988237080063,-0.10201106347735064,-0.032321113338879846,0.004011544243649319,0.0034596388968971816,-0.0031526952452576714,-0.011133770064684367,0.0017447861569981392,0.0035670556695202187,-0.020949395674067325,0.0013679768179959066,-0.00121776772951638,0.000302242389653799,-0.008020069356427847,-0.006759871087114955
-0.033607933350037394,-0.0057004334320461,-0.0006601019205276781,-0.07930671597687489,-0.02444788066467558,-0.008381313162833888,0.0016637504895694382,-0.0025859220169295962,-0.0003236485072865805,-0.0009437496257632156,0.007838847656810127,0.00851481815705384,0.01859281432884959,0.0025473580740023836,-0.002631536436195267,0.010837808727550474,0.0012683381709678381,-0.0012792738641861645
0.04648336936344001,0.0054880931224906655,0.0025220401462800347,0.053430188217851324,0.012479237446103558,0.006195767761249328,0.0021212855928962535,0.003149232574610018,0.0002572302255532257,0.0031243757701581404,0.0,0.012337997984798942,0.045278956761035605,0.002809050101804866,0.0014007591131371057,-0.002755340672510867,-0.008580422217023024,-0.007054383877337256
0.06543523696136909,0.013514538527008508,0.015096574024009757,0.006246199040543605,-0.00547720596281328,-0.006630183885668915,0.00772798613716994,0.011872843855283083,0.004578430722874635,0.001544586562431221,0.007433864836290181,0.010291439726457881,0.04550585936467359,0.008810279220148888,0.0027334534370893984,0.0023600651571855508,0.00898966443605118,0.01360074238978351
0.06779383004638308,0.013107237555153181,0.012611952531734803,0.051592331063938124,0.012416814580625955,0.0051931138624252415,0.004096122805934379,0.01252134912275875,0.011449612178986162,0.012246679034324406,-0.0059990191514225286,-0.0020834340335518036,0.04496958619471404,0.005530239966415252,0.002867569754740339,0.0,0.009615277991860108,0.011152135831161425
0.011147407125198145,-0.0006022845436382689,-0.0007574680222614976,0.01536970397793365,0.008145976113251114,0.009980788447506703,0.002721681035801825,0.003844414058189956,0.0009576115878320627,-0.0030383859485060157,0.007537018331774583,0.0033091485696234682,0.02636187485771204,0.002801767284205494,-0.0008938635838133143,-0.0033788293351326533,-0.00939093152876499,-0.011382123953196557
-0.020227403041371796,-0.0031431812020266433,0.0025579906221246803,0.049400119205423004,0.03762436577953634,0.014331622028923295,0.002895762106356513,0.005186201169028414,0.003404536835734926,-0.001096585136876294,0.008390200365545844,0.010525530894131642,0.022623549533388104,0.0033546006173524007,0.002346123861208337,-0.0019357726949475792,-0.009797141758081631,-0.010985295790430533
0.027129360563141934,0.004118492155710939,-0.0006563794405408313,-0.08987774845163159,-0.006671968243779901,0.0014755250772594205,0.0030267441067760377,0.003797943388108115,-0.002167959877354765,0.0013742148167167846,-0.005145707868793384,-0.0029800693793259362,0.050162913057491876,0.007297553725540637,0.00027545757661672865,-0.00017758085068763987,0.0013957821126125106,3.252152020381555e-05
-0.0013171476578293722,-0.0016169555246432527,-0.003856391459106955,-0.05831895691748077,-0.010680783077447872,-0.01297340299509448,0.0,0.00015376205187599753,-0.0014675469095372271,0.0,-0.01094383254627447,-0.011964020192895601,-0.15823193599938545,-0.01703052115450957,0.0,-0.03584084547606435,-0.006130678250122382,-0.008952078350009773
-0.028594368185198785,-0.0032302291921473174,0.0002790437289317905,-0.06607304700927154,-0.013627114696498578,-0.005220497754653288,-0.0042568567055229385,6.378902132898081e-05,-0.0005180075776339681,0.0007021532714220232,0.002479451727794175,0.0014422652210993774,0.026704112174307855,0.0008668341635332609,-0.0025272426661313747,0.014674366356170289,0.005290390663114163,-0.002246533006551074
0.050425104452624735,0.004743849192621159,0.00015463294609887302,0.0852122560796858,0.0025223135136310327,-0.004117698767922402,0.005014304031994464,0.008980418874115992,0.010761376140422805,-0.004399154465834484,0.013286935004346518,0.03519754939674345,0.0042196360404237925,0.00694006440403937,-0.0030206958645932975,-0.00481742398500453,0.009940346256037307,0.01752780107301105
-0.04008516060998456,-0.003897463411146365,-0.0030958832336106957,0.03145760660326235,0.03892541255225007,0.02303027053829581,0.0013033849560827205,0.0,-0.002947947049512296,-0.0002600976407700514,0.010090175304854393,-0.0020761589296608746,-0.021714894767030958,0.002259306737890116,0.0022558848361128345,0.002396178156027214,-0.0016408589786354089,-0.006151270507604861
-0.03772524281572783,-0.001708013462547846,0.00405940193301816,0.02269511586892225,0.0007206761719499329,-0.0017617837274250315,0.0041599412787977985,0.0004663880832620488,0.00036672682075254367,0.007458402146612796,-0.005485707771382895,-0.0031534014270374025,0.017602015502951502,0.0042469272271335136,-0.0013370177568834,-0.0013198732834067324,-0.005478708854463389,-0.0037576592422401143
-0.026632827612423145,-0.0029294003772496213,0.00036071317154584223,0.013274142336641617,0.02753309006252661,0.011278798364930108,-0.0007118956795313432,0.00593231878275166,-0.0014954271157838913,0.0012634758060309833,0.007368080383694918,-0.0011371371912281178,0.017901632106417285,0.0035792455947981088,0.00023358368768831557,-0.0028619420327260264,-0.007451578447642128,-0.007803041185300293
0.057843312138366465,0.0064526376375068605,-0.0025759375942158054,0.07726587062973703,0.035929653487068704,0.011211067923424857,0.0026842247756001933,0.01069554378503667,0.011115524712665211,0.006331479106745386,-0.010785737156984342,0.024139832078262216,0.010941508143596658,0.0034610315866088854,0.0011231086563420947,-0.0115690027076166,0.009277105415466698,0.010719911521249126
-0.03471123217314792,-0.0009552706179444841,-0.005207197451057592,0.05170545263807267,0.03942363780519254,0.019742842685355814,0.0015862053252922277,-0.0012286887820921054,-0.002782404688087987,0.0032031481282548398,-0.0025788170991896684,0.0028448357955789877,0.011701178057019845,0.006325075349705545,0.0018270815325564743,-0.00042531098342895256,0.0009916377336301192,-0.002729677214640319
-0.06302760165386577,-0.011860001834350445,-0.005173995855988188,-0.02291051012476301,-0.013124110660274977,-0.014958910711357805,-0.012227851161319489,-0.012014410466438027,-0.00037836743640722384,0.0017715251493517598,-0.004361517961806721,0.0025076840007687094,0.04650339775612267,0.0017200862782475,-0.004048188420734993,0.01077490264830602,-0.0019139340875180537,-0.007600795516066544
-0.030589380327853997,-0.0043884893635015715,0.0012477128899102705,-0.02081284480028474,0.005158417555455182,0.0020114711467156673,-0.010503981575530218,-0.006312355918117475,-0.00033297787581354905,-0.0009352560177382828,-0.0017832468505843406,-0.000695140796019568,-0.12726959250871764,-0.02152349081050826,-0.0021046283816416778,0.0,0.0,0.007832204194606868
-0.03767052532264666,-0.0032351943338575604,-0.005252747141713629,0.030827332281153544,0.014775884808941667,0.000924578274584869,0.00524255567463763,-0.004231525366493069,-0.007132639518562711,-0.004442317850897268,0.0023792012544102785,0.0033533283903151487,-0.1713709116549159,-0.03627625564659925,0.002460177816592055,-0.018789123377365043,-0.003938172196307939,0.0027908202289536888
-0.03140456266747891,0.0,-0.0014610448069604372,-0.08433102928709889,-0.11666597474840719,-0.04184692546590773,-0.0019602030401684946,0.0010873771917240108,-0.0007481221803327505,-0.0065043385242354096,-0.002655495058896056,0.002204487281882263,0.04467506556076143,0.005085531403095746,-0.0056207938773362755,0.01019274537951123,0.004459672835932231,-0.00656490080089106
-0.07071213081082256,-0.009976519774609572,-0.00247278080571825,-0.0448818883320274,-0.018871583718533595,-0.013418853109919537,-0.015272955762613696,-0.015554697223899116,0.0031769713628703577,-0.0005883873237445802,-0.004517213494213757,0.008108845686914537,0.01263802714742332,0.002484563015429572,-0.0007137806627162792,0.006493172965071353,-0.002356160347785692,-0.00608783994890294
0.03894045342957811,0.0028882108238810476,-0.0013261149083063758,0.044702470956958056,0.012170066772736776,0.007647662300025684,0.0029848208726122993,0.006281147859615279,-0.0006746671595923051,-0.0019441694198824634,0.005740409774126514,0.030493336775225702,-0.008046276869032963,-6.458547742889784e-05,-0.005567979553654453,-0.00025272649391055475,0.008095723203428091,0.01700613490097641
-0.05808312398265658,-0.01030742112430093,-0.005914962340840617,0.02404487160162058,0.023514896963890624,0.008054642411423493,-0.013072339233326766,-0.01071971970006057,-0.007976284979559843,-0.004521691945379373,-0.001445574316887915,0.0036134899160285092,-0.11450600467256915,-0.02452510974540092,0.007359905744901745,-4.044945137640201e-05,-0.0018707905936207595,-0.004218330168578699
0.04812796313600605,0.005677453834897802,0.0025880628698238335,0.08783161643690313,0.05270569821565029,0.013807195454844396,0.005780424776764731,0.0102195965104537,0.005301894902980966,0.0030029806194438366,0.005217292976939978,0.0419709045977532,0.00482753333316348,0.006506133828618828,0.00516052128904222,-0.004234427344664205,0.01168057572742345,0.017212887558929357
-0.05577230834708229,-0.010739347984184001,-0.003462924533966683,0.04098099413704554,0.026130355188372655,0.004948331147867124,-0.010446075726163483,-0.010115487831179557,-0.004946791942886896,-0.004669153642969353,0.0030669738549936962,0.0004580149089269141,0.035391499799964504,0.0011175035570993661,-0.0046000127966349105,0.010085001374586953,0.0010974214594346341,-0.017467491045824433
-0.09551536282079394,-0.019082289729989738,-0.011056307742045902,-0.021270413107188173,-0.004462542797734375,-0.012431176401793385,-0.011306390655287768,-0.018230844601032317,0.0009132110737359797,-0.00799915203744116,0.010609508484137583,-0.009022153210871454,0.016792378194845536,0.002005684080957837,-0.002501513921497888,0.0066771039616594485,-0.004916617676533148,-0.017266488621203807
0.052772399154182525,0.00738642450754033,0.0015358227884262892,0.0851845321760635,0.06380202504309056,0.024320219880995128,0.006021726777397063,0.00841255614561889,0.003984877662866988,-0.0026509012049214958,0.009148767796676003,0.029876059008913127,-0.005759201364479669,0.004039535667545052,0.008471561193886923,0.0033296326819703976,0.011574473764566238,0.016517882285337626
0.031411403140849364,0.0060993096285636116,-0.0030056412750344257,-0.05791285250925477,-0.004210511444797727,0.0012579520550360856,0.0034076779012571085,0.004593529205446883,-0.0021234815958307966,0.001301460475361158,-0.007548200978004294,-0.002319900295834699,0.08052106157379918,0.007761574138599841,0.002994604597821055,0.016345042541078218,0.0037260504439951174,-0.0007183537519134392
-0.07702737172269448,-0.016768006381207956,-0.0036441090740223204,-0.03756988000736327,-0.007628819326735186,-0.0140044656139884,-0.011998411341653942,-0.017572680418456166,0.0026041058793325553,-0.0023504593874781312,0.004858456683449886,-0.0018077676054437393,0.0450107404882026,0.002985156638232823,-0.007772240042614767,0.011945004300341218,-0.0001924763530313566,-0.016625722942731624
0.037355732267552774,0.006794520504858854,0.0035107809414373177,0.07671889451320368,0.05275799392583045,0.018435927447856416,0.008290885422379077,0.007852027852692272,0.001645484491418763,-0.009411627102817306,0.014813871998590716,0.03338536925291364,0.007896223111873425,0.007142738863711542,0.004814567288024995,0.006674375321596643,0.015851256662963296,0.024592758097005285
0.07992992470528439,0.013906769343010456,0.01852157161245191,0.020546048092691414,-0.0023454505830164496,-0.0037053156619950233,0.012372332064898616,0.007799444098224862,0.005835950121026032,0.002236174962161806,0.0,0.029195210430830645,0.030240801170942522,0.010101948025310111,0.004281912458522432,-0.008978598174797838,0.012488297283223865,0.01585558225554587
0.018006723502181868,0.003491059917974788,0.0004907176150930694,-0.040823480146155625,0.0013459919614049148,0.006029148717874711,-0.00043944179527335286,-0.0008389732136860488,-0.0012478961448143214,0.0004243818103359594,-0.003317215377268704,-0.004664989042120472,0.060132776145238834,0.004246440582761401,-0.003663367033402721,0.012955341312948489,-0.002895028547258503,-0.014054715114803863
0.019482274237121486,-0.003023565782747582,0.003687643252281423,-0.14625744033243987,-0.07455555861027113,-0.023544961124846855,0.00843535567961792,-0.0011970015967748362,-0.0020924655185880275,-0.004430796004195399,0.007193714829896907,-0.009264424187522642,-0.04381610485424963,0.001109299297174199,-0.0027421054511427684,-0.025279120151404263,4.702645354189242e-05,0.0020353825880498055
0.056873378592350435,0.006107678524953793,0.0,0.08323347248524138,0.04916866999127079,0.012199040654218065,0.0052573165038341555,0.008831331406470029,0.005033820507368052,0.0037574229461507266,0.007952579711951046,0.03345221543243485,0.011685018000020251,0.005766781305159577,0.0014454657789942122,-0.0036798630665875664,0.013032612865517742,0.01761320543688094
-0.0312014448490265,0.0009582954209796464,-0.006607539786924749,0.048111387250564144,0.03348881969938936,0.015647303490365336,-0.00016454548254278832,-0.013566270989379485,-0.003065656740924889,0.006509945324606851,-0.001462897606145564,-0.0089610360107293,0.017030420731816452,0.005327260608894434,-0.005047322483904859,0.0014414901618344503,-0.0020116668208934917,-0.004870730684748227
0.05387273516731247,0.010829507646840627,0.0005481214735582045,0.010393229495353014,0.002418048376118188,0.0006879782295465529,0.004956760455459168,0.007480664418505236,0.0030497573995012816,-0.001827809679985022,0.007717446502969917,0.0306790981990206,0.012589388492137112,0.0016999419478406711,-0.003703563258323896,-0.012827425480478861,0.0037623660427402047,0.00694203591310133
-0.04260431671236063,-0.004915173398816556,0.003015108174582517,0.023656919214924847,-0.0026768421958705264,-0.009623981630564913,0.0004937897667662028,0.005034207062851381,0.00010533069870234957,-0.0020288366582431904,0.009503992158599098,0.003216855825563253,0.03704758369002105,0.002865816260724713,-0.0035960062423857245,0.010484154702693182,0.0016518123200848333,-0.008013965370974326
0.04776672640380638,0.005940868291665358,-0.0008506088182575213,0.08089667952675789,0.035553916502301976,0.010586798626504976,0.0068379059559284545,0.008150890191028163,0.0013636144365237464,0.0,0.012310543644168687,0.019960996572753003,0.014980996459095628,0.003578302238405742,0.000550200755838101,0.004180452413119386,0.01144920827160285,0.015872459796297034
0.016820807098376366,0.0020313392192284393,0.0017317073211589103,-0.03666157653690167,-0.0018858463598608274,0.0014904247973712486,-0.0010753638225281736,0.003100839977556324,0.0012490448167256855,0.003482548509574405,-0.006953859412139448,-0.0038472654380310224,0.05808578788437015,0.004843294751259736,-0.0015685597393895378,0.012683216877041381,0.00013392976392894546,-0.0019699841194237844
-0.04347254227331528,-0.003095598538187513,-0.0070692300645164505,0.04462945609917566,0.03064501554127331,0.011095341011352719,0.004105142197296728,-0.005550368405895184,-0.005858265309431026,0.0008766003137521314,-0.003916822818653056,-0.0021918467070538897,0.018498712773710246,0.004186446433154171,-0.0025219205660873475,-0.0035984556532793668,-0.008210828422317329,-0.006505452469284495
0.05466970961279643,0.01028308480598811,0.0017099456618130885,0.05315309686826135,0.02660660211571463,0.01876044195628439,0.0030067842627611845,0.007410600816488265,0.009039186835787501,0.006318352640857197,-0.006827355253726949,-0.010393955428194348,0.001181061502012871,0.0009149800105710005,0.0010809167487353703,-0.017203913388169904,0.006391895809042077,0.007706715052374663
0.0757799489348412,0.016529535567961898,0.020650280945470282,0.018559679939169082,-0.0026417475343431074,-0.004824599973750909,0.012418449860464592,0.0077640373891888805,0.004217424691092893,0.0013271381034588095,0.008164881202140217,-0.011957711840000076,0.03865443648065595,0.008308231979862574,0.003587951121398829,-0.008552528365285689,0.008592939667148771,0.009239148163480676
-0.03231913100256679,0.003812468108930167,0.0013581346206919575,-0.050200510724305494,-0.05152300520754963,-0.02363864908491308,-0.006583011644554746,-0.005701801094326411,-0.00028465582128672155,0.0036583965975974966,0.011636724730718516,0.0007802515840073247,0.05576419895247975,0.0038791636352344186,-0.002692031498001841,0.013085254578943821,0.003606394756747027,-0.009778372713676334
0.060986562027271304,0.005690544640767737,-5.675969889017612e-05,0.08465166980210116,0.047127793273156394,0.00795713865628494,0.004828516473853735,0.011711637447427762,0.009622243207782249,0.0017609365162972483,0.011443451510189115,0.02826649821468968,0.012893698241454905,0.004356200062707763,0.0021353511171731754,-0.008298112212872138,0.012707065114868929,0.018337805076536817
-0.045519513526361924,-0.003831880566308742,-2.561214437846673e-05,0.033875431075425094,0.03818463538437071,0.021247494908695163,0.0023260050880048034,-0.005648531613068663,-0.00019520102308979385,-0.0018302414222822413,0.008383756547592285,0.0048091637399449,-0.004100510807463514,0.004540498885205541,0.0033160539085335815,0.0011742861921429741,-0.005441003240206923,-0.010063715494807259
-0.06805977309066143,-0.01469110209743148,-0.015082602763195545,0.011873152970652546,0.002409814594281998,0.0012871936658660657,-0.020598396010698208,-0.016823810835580287,-0.006083424018769658,-0.0014636313117303982,-0.0007913443599083286,-0.004375259220475964,-0.13561871052811716,-0.03542364779136982,-0.0039056490373844967,0.0,0.0017392430315257966,-0.0022369905793205858
0.029260827361931824,0.0048296564057225145,0.001965591734526599,0.0486848446642995,0.021929806195408144,0.016608533988397966,0.0048568557327255575,0.006239888596283265,0.0014110455974521716,0.0006364592486857617,0.013343577855384897,0.023796085221529057,-0.02333320438292382,0.0033568706921029198,0.0061150341423369566,0.0041248062903138085,0.011138549620655407,0.018569933723157628
-0.04397168957870233,-0.007848492970770376,-0.0015854599572076398,0.008976996656793038,0.0,-0.0017657470253606184,0.0027557748658034753,-0.003005232785768033,-0.0010436772080981071,-0.008519525176874257,0.006406621029543405,-0.00487516851161042,-0.12776897291951894,-0.021633640180359247,0.006720446873816162,0.0009183953641523217,0.00104873082151675,0.0033998766913316825
-0.04189576959057328,-0.005012661527821738,0.0009876913433370437,-0.013584806197860809,0.002734221050667674,0.007777325785757932,0.0020593938354702508,-0.0023976087828899624,-0.0074662480519753225,-0.0017292136774653905,-0.011427214734230653,-0.0019821926386856936,0.017464160609290874,0.0034821084007206965,0.00032194138196862834,-0.0067960963234252915,-0.010706306342777014,-0.004339121863679143
-0.0034274116552423842,-0.0007080250277525494,-0.01067486900259543,-0.1337677464478457,-0.03268867700485049,-0.01854627337107801,0.003530415662770097,0.0,-0.002745259870399657,0.0025731364973648825,-0.0164288887007001,-0.01458971654146216,-0.051496416178188766,-0.004990910216007366,-0.00012675621053963567,-0.010792094381788766,-0.0021252889063386985,0.0022498653473200236
-0.07410453706505502,-0.01149405738337046,-0.004664695956972549,0.01964811774663847,0.023051299212733883,0.01736084221180186,-0.006512010898781334,-0.025381274060181362,0.0046453635549179185,0.0005900989952979959,-0.0049562272945360445,-0.004257386352374922,-0.01124986621826289,0.0036521625944251654,0.000243812873406164,-0.0035228046947463993,-0.004148034677982111,-0.0038070804584276613
-0.012295361946606737,0.0037452326383026766,0.0,-0.04234454542638139,-0.0057614683533532204,-0.00701524896318389,0.003287375639122311,0.006336731145867801,0.001181428395451783,-0.00331852322111644,0.004156412740785419,-0.004495646819620133,0.04945720956294858,0.004076451207676277,-0.002577130196917253,0.013441959910247997,0.004872637637896365,-0.003907666144310011
-0.023560767974309695,-0.0010941622555863543,0.004074336168215241,-0.044308012474377316,-0.004613256762050573,0.004226313558793024,-0.012349019668398428,-0.009384032182399584,-0.0035419757608707164,-0.0008354204781843303,0.0,0.0011688813013160065,0.07926823550492863,0.013493040321195212,0.0,0.027676853616140834,-0.0004716347551950181,-0.0069351503340594235
-0.06547050908295894,-0.01438580666100119,-0.01735182445102478,0.0034989710061936003,0.0069681254060706636,0.006386971172770748,-0.02014095700769958,-0.02181378713850772,-0.003626801259146411,-0.00043596096031726467,-0.0010004864574682931,-0.007320167400928202,-0.11989904260618707,-0.024187717984339014,-0.006311540794633952,-0.005183014261295126,-0.00039108950441350934,-0.005004362563568288
-0.01603179414740109,0.0011763427231400352,0.001344326354631305,-0.04778865483020596,0.03678571807369731,0.017748053984011622,0.002200866992708145,-0.0002973086700558474,-0.0018866752198300164,-0.004050626275412513,0.012572108455590753,0.0007009690685288153,-0.002544744926443515,0.0042776289969163475,0.0023662301996704425,0.0017666214160208973,-0.004563862381714442,-0.004632908241051518
0.024884062821142243,0.0026562830739285245,0.002880969372161325,-0.0011739596232803208,0.0072724635296408345,0.007807155327599929,0.0033017742131743245,0.002530077241259581,-0.0016856517912420545,0.001580922783462319,-0.002983719254858109,-0.005663637440736942,0.059895963356355816,0.004576252011790998,0.0009650299006280925,0.011252024131221727,-0.002398235193787116,-0.004251464419349649
-0.033433216033962085,-0.002512321918375317,0.0005666127973045314,0.044120152533000404,0.0309452580812157,0.014847132597411966,0.004419443744513271,0.005816851861719322,-0.0007493347014801291,-0.012707050437914376,0.009247440958178896,-0.007744369416741147,0.01569504551737094,0.004171902659184174,0.0013968220609287335,-0.004561570884948939,-0.008106541607244054,0.007475838662990411
-0.02679490838855836,-0.00028289844984527194,-0.0013802674571545596,0.030644574484094512,0.033280870138110416,0.016123869101446284,0.004985718442881214,-0.011189689684032113,-0.0034968868697344874,-0.0011428732211503484,-0.006778851973441041,-0.0022592463910008124,0.03339321354409027,0.004203100759897223,0.0006581157133434948,0.01219526994670348,0.0037255774134226176,-0.0034767416782310046
0.005973152671701575,0.003093954765014019,0.0007902661768408232,-0.04397902220865216,-0.0014258383480717984,-0.004930843408138917,0.004224941867677247,0.00692629463262483,-0.0024179361606693926,-0.0024929722308536582,0.0050553524193764,0.005465939852082551,0.051471648331350005,0.004052380235905464,-0.00043574879019633037,0.012764173903895584,0.0010081608959961752,-0.008302797451104571
-0.02308169556441938,-0.0018900012328565783,0.002493209423051082,-0.007946656071796896,-0.004991168951872065,-0.004597816317695131,0.004759833203133446,-0.004151953367952735,-0.003202824451493266,0.003402772612157303,-0.007394087327892079,-0.0074406512206870905,-0.10230112828346044,-0.01380982107820026,0.0003820745867976681,0.0017343768951897211,0.0021340479927139462,0.013333298413810951
-0.003979853217428823,0.0004928376508146453,2.6457588340721676e-05,-0.08265952388368422,-0.024742027863906623,-0.01689360958763326,-0.001624417668674295,0.0008179714092306538,-0.0006612046158248345,0.001451600305253991,-0.00934863615936506,-0.00969633413798826,-0.03910614962850964,-0.0023968333655801405,-0.000700505325611734,-0.0010657233338360903,0.002683028374048429,-0.0018946700645104952
0.017710247359452994,-0.0006166131654800242,-0.007152048070877652,-0.03856990330594894,0.0018871759420214425,0.010664755317439087,0.0012970566821570407,0.0034038533739326735,-0.00044864214809984176,0.0020122864615213704,-0.007181828099273719,-0.012521153712199973,-0.04928885918354557,-0.004572567539890949,0.0016188892149993901,-0.02366451791875517,0.0023614314785995604,-0.0010710158601551084
-0.03996710575665897,-0.003511376104490517,-0.006768780237822745,0.01742249224825147,0.010240487800180362,0.005762748755084676,0.001446639278127676,0.0020610054955591474,0.0004673761425204547,-0.004225759336839978,0.006746129277955781,-0.003548680594025779,0.035593586371164554,0.0022935922834884646,-0.0037548056886640463,0.011328642782383224,0.0026678655993499197,-0.00741388469155678
-0.026357958579107017,-0.00026033050396205283,0.0004942081944948167,0.041052184053946214,0.025831197643805308,0.01174219624272593,0.0014987235977189312,-0.0007665633226036352,-0.0004781973228391523,0.004137009595151755,-0.006807128003373634,-0.004230805392310912,0.018574050847138715,0.00810098441593011,-0.0011343374645916315,0.0010416457295059826,-0.0018544726230447237,-0.005233428786725419
0.058816886914070506,0.006178278733515024,0.0020530616276696113,0.06913156121844528,0.005579152667813001,0.004474122314790045,0.003501799133609032,0.009163873270957364,0.015354826440705785,0.0026551343366656294,-0.006425035725216332,0.02575184439984849,0.03763408234270867,0.003735768374318113,-0.003545343294360969,-0.0048976312384059915,0.00916153395881032,0.01132263628359026
-0.04312247409923275,-0.004552325122113737,0.0003836267142726398,-0.0543354121267286,-0.039038754617830636,-0.020040510058736787,-0.001650643530998114,0.004030734073003855,0.0007396453543297307,-0.015096093227266964,0.005758987856801317,-0.0009768685484457277,0.035190322063414874,0.0036036123887829255,-0.0033330335940959257,0.009567483130786252,0.0008011831962474711,-0.010055765207033884
0.017112658592622038,0.0029957305304739975,0.0006776694822515354,-0.10251085166375712,-0.03835567630342301,-0.017704350476363952,0.0013767097832456962,0.0024100773850138954,-0.0017771777901675276,-0.0023817483753721573,-0.0024019299948099455,0.000858291651315012,0.04129814982009622,0.006181873486357134,-0.0002821906021671706,0.006935992868806598,0.0,0.0
-0.06843452152236681,-0.012519042664621716,-0.003666810808232648,0.016532911987716,-0.009864614069098387,-0.023087053807094804,-0.004534402903031414,-0.01165741588913002,0.0002987507063416083,-0.0006014864702674339,0.008284093193438561,0.0019190626406072246,0.03197064101708403,0.0011850190397368439,-0.006315401624592254,0.0072564329196837096,-0.0022318310262547207,-0.017425411236608956
0.04734212025398012,0.006034095652395868,0.003604347681936272,-0.013239436353469053,-0.004186694043792376,-0.007406366903847343,0.002670761452758679,0.0034278395657040737,-0.0021308083016591474,0.005194244793707966,-0.002858200937399896,-0.004857877619213665,0.054879692044432694,0.00672654369970951,0.0011897757812864708,-0.00028178781042743233,-0.006369666160597856,-0.002667397479614475
0.03396390538454162,0.0014367468559145075,0.003709265609605352,0.07152628950363367,0.035833434741209994,0.01337246852766972,0.0048856483606546436,0.005698198000219616,0.0009771837434508811,0.0011326950454829607,0.010889199260581559,0.029353608671735622,0.00036641953676011193,0.006151644713601797,0.004307790604140117,0.003934889579589335,0.013659021024679665,0.023530524149849075
-0.0316824576638417,-0.0021864775234769667,-0.005115104962373367,0.03651959281988778,0.03717936922379145,0.01446569449980564,-0.009535255599989398,-0.020683990170689753,-0.003749174875815454,0.007250396897181285,-0.0048188753443003315,-0.0050015028487027996,0.011597949178815757,0.0028259394020857206,0.00030693908390301886,-0.0032887894037775863,-0.004798064227434341,-0.005494783937131917
0.051231661863528746,0.007144809802894804,0.0031425582240863542,0.08745205673430358,0.0722741204981712,0.02075401814976735,0.00986127044854035,0.007977952584604866,0.005183346706407985,0.0,0.008783683424985778,0.035256584726456666,-0.016961796605099014,0.004218867011856634,0.00976312782319136,0.0042410650790640665,0.015184776890738416,0.023093134983224017
0.028579433888814978,0.007986962192334126,0.0014514884269300362,-0.07850438563203199,-0.00305591063317751,-0.006715358633639822,0.006328527542954257,0.007431244424801255,0.00019928494564901928,0.003991002382152865,-0.0033699257946810356,-0.001422373858963484,0.08298574795465119,0.008820253139497171,0.004875795642314541,0.016976643170000284,0.007197325960268733,-0.00011943350109325235
0.03124452705952836,0.0013704348773466856,-0.0047588439584513335,0.006467726450584668,0.006299862490156166,0.015068839091015305,8.514015308994471e-05,0.004667196781031868,-0.00029842090073113224,-0.0019998382633805954,-0.008200167174707649,-0.011904856505241253,-0.013128589361494379,-0.0019516075276751503,0.0006195832333566832,-0.017532431431756965,0.002037151151991739,8.796518163889377e-05
-0.033032216196422284,-0.005977204628839737,-0.00293613959317538,-0.024345218231435088,0.02274027363441533,0.015922636863909163,0.0018668443853749228,0.0044890203801221835,0.0008645860235905345,-0.012925543371736573,0.007523005369912665,-0.016034930664489917,0.01090839760582195,0.0028202073298435855,-0.001618902065468517,-0.006313938963493195,-0.009485012282611702,-0.005776996927934611
0.05436946239728,0.007739857542758931,0.00029899186368117944,0.052808906861693435,0.0056470722785628485,-0.0014579022065243326,0.005079061407445955,0.007091210722383651,0.006373418665537354,0.0005112697330789418,0.006219962680151974,0.016489458885211063,0.0403797822613447,0.003110549191455749,-0.0006258890903592788,-0.003209555185602427,-0.010367284500482878,-0.007920771475834393
-0.0037625604462958556,0.0008998925715578707,0.0036457874546432646,0.04406587334622505,0.012832172231994798,0.007957375412021838,0.004473996992047435,0.004644622732957828,0.0028043189380730408,0.003335437063406899,-5.714048318066112e-05,0.008267299672237525,-0.10201183199242281,-0.006364805155925825,0.009298592610099377,-0.000698737437719464,0.0050692666948862495,0.00792403153348337
-0.08744681759764332,-0.018252220651444592,-0.021928559113356633,0.010008475479478524,0.002552368612583297,-0.016963680084713436,-0.02668204878256512,-0.022453461144497908,-0.0075347539696384615,-0.0013003062355991316,0.0016422081063939512,0.0019353995794658752,-0.09725792912860909,-0.01947655055606009,0.005871370011193055,0.006146426390047663,-0.0021928999321400747,-0.009829487393153702
-0.05969803557501409,-0.006415389710240204,-0.004784925159171615,0.03898420034846855,0.029409006872115426,0.010563353463091014,-0.0027673188899857417,-0.017405504447006472,-0.00852979866244773,0.0020889725935305478,-0.004079260028471436,-0.0019795067007012035,0.020571654060201262,0.005672722706511318,0.001330788697544393,0.00887470970880288,0.002279399247108317,-0.0065743616150337955
-0.043007531478957035,-0.002169581434727711,0.0021377471322721634,0.033281715321299275,0.0014509769879998923,-0.014006185236365067,-0.003302259277321797,-0.0064599658087966414,-0.006428830197575411,0.007555841155396898,-0.006243073972737289,-0.004928448626458797,0.046570916521014055,0.0015075290404625043,-0.001723610190632078,0.014815122800033546,0.0022484885120372896,-0.005047414776478791
-0.040866321237083614,-0.004077241715080512,0.00336931481114839,0.004098137712988741,-0.010244485855702635,-0.010997452243400496,-0.0013100541344510982,0.0006711300267807503,0.0018688941918592404,0.0040209254131984735,-0.008385214335295925,0.0,0.030739931756874877,0.0039603098638815335,-0.0015939194748128393,0.007564029098245723,0.0029685748398894252,-0.0038084736892234905
-0.017389960988075676,-0.0009501260687716045,0.0026841135977160196,0.012024885003937356,0.002812410502249087,-0.0004609656093921131,0.0,-0.002099747342909122,-0.004450699494858376,0.0007681191068711958,-0.0050015599609867754,-0.010759628443045156,-0.15124981935724285,-0.027948921153044978,-0.0004825510675255743,-0.022916077059759215,-0.001770630691621591,0.0008186856012967758
0.05224329658777218,0.006586734726024402,0.0,0.09260998140060006,0.05743129200552723,0.017716850905012245,0.00674255837933655,0.008610514997545761,0.0063378244703359695,0.003412842757169235,0.012011467781632175,0.036629491264262175,0.0020705267287898497,0.004886456536600472,0.005140872158834541,-0.002831932679060567,0.01458248471305583,0.01811043006892743
-0.030163909751218437,-0.0006340745478416115,0.003053489750047731,0.010708576462623392,0.021826772633447695,0.011206620389208478,0.003972757492814569,0.005779320670657307,0.0033519878394624126,-0.003011087972788691,0.0023049904704190043,0.006156074080715479,0.04917314907459411,0.004979922950178599,-0.0030101938963858184,0.010759249584337756,-0.0012563923090466124,-0.011229326180248717
-0.07568382830869404,-0.011921465962367522,-0.007082827086477971,0.014858647064467266,0.016232790989877573,0.010451413177211091,-0.023220263846228297,-0.030553624317081588,-0.010322595516825153,0.0029395222304810747,-0.005593063525383967,-0.007523769015546351,-0.0018113235705682514,0.0025813572326532394,-0.0002702235650918997,-0.0033383762627893394,-0.005638859842977913,-0.006037596905717285
0.032971849061402554,0.003745957059799044,0.00233354697196472,0.06889964779474429,0.007295995391904012,0.0001377331696915674,0.003889977670347889,0.00630477242690603,0.001843123292469223,-0.0012373414214339852,0.007829949694186022,-0.014379732053328183,-0.0091798455261319,0.0005290200931964183,-0.003153696565267494,0.0009594677354127586,0.007038778738115369,0.014247743663794513
0.07904432346212867,0.005100698688818383,0.01638183873236335,0.032473600405133946,0.0005508783195869544,0.001492775991522721,0.009430821747473138,0.011308626239374677,0.005248465586664008,0.0019879933732732855,0.015410380842214001,0.03263716593756451,0.04523455634164484,0.008302884106250283,0.004030239546029776,0.0018094390129987734,0.014519377680641637,0.01685575779732046
-0.07145502101212281,-0.013755356566296457,-0.002178140872146819,-0.03940911017908463,-0.0025826995520229954,0.004760462642678235,-0.004939894362088126,-0.02151880286493209,0.002964201527139474,-0.0010820166890140933,0.007794475582419965,0.007050877140386973,0.02824008116137985,0.0015292907088367835,-0.002849512285690429,0.009050090403336606,0.0011690043230284677,-0.008287023877059013
0.0652277266415671,0.014136086451150014,0.011233291943113344,0.04800429110385883,0.009052413221429934,-0.0015675665935435143,0.005490844678339675,0.00856371987752794,0.014238963240548281,0.0011969431370973938,-0.0071007659910605255,-0.012774703621400057,0.03406273514449172,0.005365934463870592,-0.0016707364568410057,-0.015573325901144556,0.006121566479256339,0.003913263313823717
0.041250889447154694,0.0037004599904704467,0.0028272548708109997,0.027950069263591094,0.02738856940697949,0.0034664395702908566,0.002250253021517676,0.0030792346385611112,0.003584080274682762,0.0074294354993995025,-0.007470877406263252,0.00706395585934027,0.020920652645470623,0.0039059083442602935,0.0004588615169686431,0.003694925356718888,0.00890734154335279,0.011599267139758451
-0.0326616857048501,-9.676811535144982e-05,-0.0009642525286198658,0.025690661467471725,0.02935758037294424,0.013178887225484487,-0.010419203192876317,-0.004495101514694478,0.0001440964141721349,0.010136496083682221,-0.009468518414598198,-0.005922332870397278,0.011292293664753551,0.008320205035649352,0.0007672667649275192,0.0008456232899669531,0.0005781026529741982,-0.00508762856549437
0.020354118410060757,-0.0001647045746682182,0.002234834952879801,0.03467508143916006,-0.0016693337045747957,-0.011143219801042308,0.0022484847955150235,0.004112796715617633,-0.0018413402469876453,-0.003134615847980603,0.004583225654481339,0.011080362917291602,0.04582681889507041,0.0027381291348337606,-0.003555829938081404,0.00606171955874119,-0.003790828191021008,-0.01919908467344092
-0.08387375475187214,-0.014003239765614862,-0.00652250082417873,0.032911804098422426,0.010062962179673923,-0.00884035446894501,-0.010063175372101156,-0.02422114399383131,-0.004812903820967106,-0.0006630775372447253,0.0038925556295669054,-0.0009197196972150661,0.033826900818387885,0.0029255388600867606,0.0031800720270196746,0.01216153937389324,0.0008796135931041227,-0.0071253391144480635
0.05381969188912554,0.004878838806413465,0.0003516165110874649,0.059323243914106275,0.005756762365544188,0.0019056656809500452,0.003556625781695797,0.009375747940392896,0.005322204450950748,0.0031975368470167336,-0.008360390565800053,0.006653288981302484,0.04134182500356296,0.006813416405857702,0.0022939950214381608,0.0036357843286304284,0.009963616212572104,0.014631068281971249
0.04516345015905613,0.007165199933028819,0.0014237435392581803,0.015022187733787863,0.00215374631018275,0.0016723407212666538,0.004830833668547834,0.007211118008854116,-0.0002732496771791775,0.003280802223961892,-0.004366128269908258,-0.005053776898968547,0.0633857068014889,0.00396017067300039,-0.000584975184122977,0.010229022861890657,-0.0023940888394737105,-0.01138770276775286
-0.03587352074576972,-0.0007420485004186188,0.00469673913791462,-0.024250069464285814,0.013499084750086895,0.01375312257153656,0.0024157547180282853,0.0029680316080019278,-0.0026046694991809422,0.003676051551947913,-0.009492431231794466,-0.006094543518170785,0.006956224732462127,0.00309903785084555,0.0001526550575273287,0.0011455656775728915,0.000597522781749045,-0.002105162541828298
0.036243575921837974,0.005555326733915005,0.003461218429125772,0.015483842211655299,0.007507450254944537,0.008825011261814886,0.0034316560422387884,0.006785234873925375,0.0,0.0015232925499612919,0.0006011179022371726,0.013417008320664694,0.05157786337031309,0.002170192193178179,0.0008611206207476488,0.00923422800630091,-0.0017816550349682785,-0.018635902503643137
-0.04410903997376651,-0.0038081322389446775,-0.004150358552550373,0.015370800264742714,-0.0019545748977615146,-0.00964828914539022,-0.0066127222347353255,-0.007726453898300888,-0.0046615825398502566,-0.0024749492579989557,-0.0037854754091872704,-0.0017470201050898983,-0.15490116388119374,-0.03503731550350241,-0.006012181636103495,-0.019309178324773323,-0.001122924332663354,0.0018383901859969631
-0.03612102711103189,-0.0015022572309664984,-0.0009490009999614836,0.024437363657811507,0.03372849959336819,0.014032443610689959,0.0016554734388775354,0.0008541506285253398,-0.003474454227289728,-0.0014164470013741685,0.009908842180594441,0.00771127336442502,0.0050281578082094205,0.005867929946789914,0.00359421477641324,-0.0006444786932267635,-0.0044346462506560675,-0.00886192873639241
-0.03297883142163894,-0.0006921360491576435,0.00033771639819093726,0.028262564156808,0.010604890475174088,0.007798618422126913,0.004645014534832623,0.007621858058735221,0.003040188817958584,-0.005735379980903764,0.008462898837388367,0.0050727117839940924,0.04552042703397332,0.001866736321950782,-0.0016634172429640809,0.009209147067389983,0.00023317062982073356,-0.00739724651887054
-0.02695594115440513,-0.0005376400143264827,-0.0027790862089746653,0.04648282926087307,0.037250125770579845,0.016702523997220754,0.0001833208251090322,-0.007094863433457658,-0.0016474976409738057,0.0015110380375133485,-0.004129511738510358,-0.0026499562509445097,0.01100488686903309,0.005711990523680427,-0.0019151743984707245,0.001965375000044202,-0.0015514135313539103,-0.003909897971990733
-0.009611868165336514,0.0026910505681622177,0.0044824840066507434,0.02502632443184401,0.039419937185549515,0.020079754305292078,0.0023514042084515053,0.008213275954274239,0.001054248216674708,0.002457244428039383,0.01224051826469749,0.017104502449240323,0.0074873425170844925,0.004094025003508155,0.0018116190075202683,0.00389135261493265,0.011741536873568797,0.02056420450293861
-0.029792956904640545,-0.0026564572841470085,0.0036234115644516963,0.044702496098652046,0.036809270694251495,0.013798598739324638,0.002051383714343685,0.004814175781700785,0.0031405133339527476,0.0008057341766660428,0.005091156753181572,0.009285626038561505,0.02532949086905829,0.004562466477495252,0.0012605259409621662,-0.00152920651038875,-0.007578707601167118,-0.009246570101988857
-0.06296294491078382,-0.006496106562093014,-0.006766718509779084,0.015165550292257142,-0.008168071197515796,-0.016132289565977374,-0.019026007764556804,-0.01875615498345703,-0.004385100754568233,-0.005510084662012987,0.01341166071807202,0.001418587719842891,0.020348545340824035,0.002129577458127993,-0.0019497373544592755,0.009276249727183187,-0.002849808075029055,-0.005591497007739532
0.022557018699171833,0.000204132715403528,0.000679339564298771,-0.07378360809369333,-0.007864623310820195,-0.010272615370374041,0.004274097834127144,0.002529299741912794,-0.00032529303600981394,0.0016782155498970964,-0.005866837323419171,-0.00550024185568245,0.03482876478972361,0.004512434849582389,-0.004101367891442185,0.0009393172942304224,-0.00563670375764678,-0.0015413734025321313
0.0658475135933144,0.020260292062148442,0.01542275583722275,0.046872104552392345,0.01911442016195708,0.01439873237660556,0.00551027565817985,0.013951102230381424,0.01050757687309966,0.011546361290651383,-0.0030916138018999024,-0.00839131955341206,0.04264997863852312,0.005311785960596121,0.0032108595972230717,-0.01024125913510907,0.007452687175244218,0.006113281782653579
-0.04765256014959095,-0.007076275542860868,-0.005243129751665153,-0.06172137076160876,-0.014629905251194392,0.001532846677822035,-0.008449477429050011,-0.010267911851963194,-0.0010286734992952604,0.004351177411522479,-0.0053232793338084975,0.002789579613746008,0.025240039852988252,0.00019349299804405796,-0.0031036277450166,0.010584754240072,0.0021637594251755947,-0.002053959952361628
0.07820300252778593,0.031555083026848715,0.025501612555580738,0.014290171546850663,0.014419892861662996,0.014009822313339578,0.0075609005251479865,0.006229434702407455,0.0032042742742605956,0.008865702243672101,0.010352588793292589,-0.002512379763422724,0.03540396205918046,0.0061224737170247805,0.0024198805259908274,-0.009336977785748631,0.010057263480704404,0.008972885132094377
-0.018905101496764325,-0.0009458075109847596,0.003643605091585721,-0.02736725496520495,0.0033067496920724396,0.00497765044437837,0.0011219264380647723,0.0,0.0027517507741101044,-0.0008340932371071765,-0.002632507204463751,0.003126897072071626,0.07898158280875117,0.012251185776310415,-0.00035947344682794066,0.02440332089558429,0.009967572689214027,-0.007704451509554677
0.06429089464639873,0.010607149141984637,0.0,0.0758057253879026,0.04781101250283003,0.01554679114254542,0.004126055442342582,0.011259978039494998,0.007282612899306286,0.0009199617533768482,0.010575462003546315,0.031041670969897735,0.010573863600771673,0.004327406963436593,0.0013919767041867305,-0.006484979278257268,0.013432746806457663,0.01883516260388407
0.0321774575137253,0.004054035740755777,0.0018613989807874298,0.06520175939890695,0.016636930184386726,0.01511148098488364,0.004396780494602605,0.004531230070572834,0.002141007137056222,0.0063458717858529525,-0.010739680969467806,-0.01511485474452223,-0.041832059580338615,0.00069621241868769,-0.0007122495977511278,-0.005913055246508088,0.0038860154460569193,0.008675927814716655
0.033351501594951,0.004162061899761898,0.001105010161080975,0.007562834385245315,-0.0017375990144920701,-0.0017334494710633808,0.0035810575706726306,0.00448720815026239,-0.0012844012136881352,0.0021519538389402314,0.0035553496726821454,0.009428793989834367,0.057298307215275936,0.005977190756873847,0.0016174179273383566,0.009727903688544617,-0.0017472262432720587,-0.009436588670468121
0.036743637759027704,0.0016003209333512816,0.0018794784368675339,0.022535568931501274,0.026607379595960292,0.01745078199945363,-0.010491979971723617,-0.000544628952364502,-0.0014086257581508194,0.0008895893937823756,0.02578979104191441,-0.005875627523603657,-0.008912919909526477,-0.0018897129697274867,-0.0005642010577672092,-0.004925332640803263,0.0006239790507626865,0.0048281197522021535
-0.07680243894045344,-0.012312646340858546,-0.002538249918394772,0.008518002369348745,0.020096328619565555,0.014006906797666823,-0.007135222975389514,-0.021530222000450874,0.007677060378930281,0.0,0.006104818303065135,0.009176287361616945,0.0,0.0029298649145637077,0.0017131440744453488,0.0008752021172542215,-0.0007941214724683893,-0.0047495487817863155
-0.042495252463384876,-0.002144879041725339,-0.003977726640350397,0.021500202971254333,0.028363557109227933,0.013473176233579586,0.00301457121270174,-0.0051248363510691085,-0.0031501719839381165,-0.0018372210519164538,-0.00951103567909603,-0.005972376800099172,0.022018196171165433,0.003587002242613962,0.0016089583968553103,0.0034650208958668504,-0.0013449652219899345,-0.002894344825805955
0.014715369101957504,0.0017770552546361635,0.0003738964722226693,-0.06096272762581305,-0.005962193621765021,-0.010658796678508768,0.003976300595431185,0.001798650161735155,-0.0018477217504454622,-0.00021352192090277962,-0.002839237513711764,-0.0046141099728604995,0.044141820004190604,0.0041861958024251794,-0.0026396162756428497,0.0,-0.0015608517225043196,-0.002352535897172117
-0.035828775615536115,-0.002939586575321903,-0.0027409002190931725,0.040444533749586835,0.034166979050548135,0.012770443684112622,0.0022603728551114474,0.0014067605333097535,-0.0012041702852346918,-0.0030134133132475333,0.008032570667221779,0.011828729833492445,0.008405102063304741,0.0072437357931552735,0.002684933361335164,-0.005606999813722397,-0.0042366720010623945,-0.009364031176355953
0.024394883463936565,0.0027084964636603813,0.0007528810751619278,0.011874560910442297,0.02604744868081239,0.019748207817757154,0.003963633580728955,-0.0011930383773577531,-0.002072755589863283,0.0042485370509720045,-0.011473920912089,-0.010924820708568043,-0.010164299462451258,-0.002487856306596317,0.0008610573697653145,0.0017647379053460257,0.005068863808923397,0.011508412113406377
-0.01830241757558856,0.001704853738983973,-0.0032086175313627784,-0.09453150963977824,-0.10903342618439382,-0.034545256699830884,-0.0004767455218818568,0.004104157610338518,-0.0025904633126459377,-0.006687758968514836,-0.00018903351554965949,0.0018860232195826094,0.04875256856089341,0.007112569454671775,-0.0027568789209528764,0.0132559100791864,0.003545110986255778,-0.012870251466328864
0.043661800600523736,0.0029191942129869063,0.001055306033760508,0.02757945571415279,0.01468679522119468,0.007400623996153979,0.003624295868355037,0.004133784272147185,-0.0022416897802730834,0.010151539466090409,-0.004088260610469708,0.004838973895063272,0.036431729362109214,0.0033087065392534286,1.529112863380787e-05,-0.0012789120403107499,-0.005187094479362008,-0.0053227643642083655
0.04242778604387883,0.00859318593707563,0.0,0.023745031255064993,0.023782350423748853,0.022956528449086758,0.002106288412655049,0.006080559384274623,0.0028063092971314313,0.006773880162108641,-0.0075622284542803874,-0.012101455515837509,-0.010530649342525202,-0.0013722641020639476,0.0016693275008460196,-0.019529473000151145,0.002526931162712452,0.006379099583993839
0.054594618116714705,0.0058756244495127685,-0.0018799298278391091,-0.019572703832340884,0.006560963404390494,0.006001334985888858,0.0020758602292543283,0.0065240849885415935,0.002063773389993232,0.006799300191254078,-0.008299834052351202,0.0034513432365250217,0.037222155631155496,0.00518576253316468,0.0017996868847282037,0.002772549450420241,0.005038715757416126,0.0152196216894743
0.04445625928496215,0.0009131338618905551,0.005228307444341369,0.052303499927955764,0.026357156064285965,0.01811650754714626,0.0028680178831279914,-0.0048412894189917965,-0.0085765980092733,0.009087086306297357,0.024441776595394163,-0.008602865005889429,0.016227738805741784,0.0060935589467223635,0.0,0.0014465284794433252,0.009751388734050343,0.0128407619779361
-0.020456257941072822,-0.0022777290866505245,-0.0003984393037053536,0.03519218941393991,0.027942385790312108,0.01123149474076825,0.003735383975930185,0.0016719984155464448,-0.00038049502562001865,0.0010990498018110433,-0.003926706286306084,-0.0065902888055429385,0.042775841474990264,0.00528051866223098,0.000480083849229673,0.01443196059936548,-0.0034703656432237442,-0.0036095547684473483
-0.03767291029242881,-0.003384220764249279,-0.0002762844125065034,0.04873233093608704,0.0039951972670614145,-0.013979875378935075,0.000669380911179141,-0.002342643961907585,0.0008892743259165295,0.001932767147316376,-0.0030562783837060604,-0.0007459906202599166,-0.003086047268928141,0.002735463733857582,-0.0005588932176830166,-0.002102988821240475,-0.001062268679803058,-0.0026968481161706442
0.05556994894360263,0.006984241810974165,0.011225577323798726,-0.07297253417678035,-0.0707146834166062,-0.016717801916279737,0.007995239086980127,0.00985842146039477,0.002363383094845728,-0.00521496444222209,0.005712699951739025,0.0008606645150800288,0.04822815644403574,0.004889197818174684,0.0011446850632736351,0.0,-0.0038737141641614755,-0.004774270676553123
0.03901301533279595,0.004910951312206947,-0.00012931947661869444,-0.02605046418268417,0.0009446889255965762,-0.0023876928755780765,0.005810213929754402,0.004023258208014326,0.0005356897732239148,0.001523561625995288,-0.007164764007042101,-0.004491565046240985,0.0723179410886912,0.007122480814825118,0.004260135680699688,0.011589906885598914,0.0023971955786952414,-0.0017323042503754743
0.05681117502687723,0.014053863280540929,0.005459263098296948,0.013548298116101868,0.010119002722136623,0.009510609858109748,0.0032316250948346906,0.007852862361219166,0.003916703868090652,0.003785838503045463,-0.002015756044694423,-0.0043596164769631575,0.05166291359381759,0.005801124860098385,0.0007611875147282357,0.0002475757813672642,-0.004737146379168408,-0.004758400675696911
-0.05160663788251995,-0.0054382520024548065,-0.001275332141287419,0.03602452482569545,0.03625672574827298,0.014821015005910553,-0.0024435434077358237,-0.0038123309139870263,-0.003341379042062906,-0.0005621243759990765,0.00953411407062353,-0.002443885595318991,0.014258850434023158,0.0039176330346467935,-0.0015608764963913734,-0.005340998719267465,-0.007021469300600259,-0.008534192919247539
0.07315339865894649,0.024747411833031238,0.014980399989539657,0.026926111972137973,0.01700200034024318,0.014762235348677806,0.004396123084344734,0.007910378973909782,0.005388506322479183,0.011693703384054671,0.0001290706911848717,-0.008389907506886656,0.04386894866390413,0.005681134631990696,0.003119641227530476,-0.009871293987771229,0.008818256740502671,0.010613564836126438
0.05881446620763835,0.010197103498594427,0.010714539924556437,-0.07972884375866697,-0.03632525742359681,-0.023989618196822163,0.007243192271261151,0.010415733660912847,0.0002213333060312011,-0.0010143380143491395,0.004407258143582665,-0.005996365607919919,0.042253539150487705,0.0041614463531807755,-0.001314210458392535,0.0028076584219416997,-0.002195371154096433,-0.004360499290350807
-0.035229611260021755,0.0022461849692818636,-0.0016234200938815696,-0.08320783178679336,-0.11026200331823557,-0.03656054791742863,0.001696719846953206,0.001470745996469166,-0.0007732986898323766,-0.005728711214415621,-0.002327862260633335,0.00569099532621228,0.03893752594332702,0.002248094346136205,-0.0017444410538253715,0.008848911518849666,0.0023875777606362884,-0.003188397942297777
-0.04215010069577493,-0.00751691867554234,-0.0038458941607221343,-0.033179747713106646,-0.008644838262335672,-0.01652377250646757,-0.005345565612173914,-0.0022208097366099872,-0.00414637545432818,-0.0019090953214052923,0.0,0.002508848360289984,0.05552190909442966,0.004585901766278184,-0.00763379958549822,0.01539274847914824,-0.0012690126580522266,-0.012720654093266344
-0.037463965658998566,-0.0009897455585523645,-0.0014220614277217737,0.026291099813049962,0.033092364239006175,0.021514339742098487,-0.007014504072768749,-0.010341640348684138,-0.005807031839409283,0.0,0.002940631138621996,-0.0063686697796972325,-0.07819867087830344,-0.017024274182470562,0.0108339005576337,-0.0018916257205930233,0.0007627071773215219,-0.001681218461823758
-0.09271517056020277,-0.019788472686209,-0.010927724231826606,-0.02656317245391726,0.01961743128484979,0.014619597223493331,-0.011969337610986465,-0.012317494764228594,0.0,-0.013430018633405538,0.005031986618352748,-0.01127456195678187,0.02730815865419769,0.0017085616867522546,-0.0032276757079071337,0.007682909938633177,-0.002475061691803045,-0.020867830767509782
0.05754930612112306,0.0032797336777645124,0.004729961364156311,0.03747267852751907,0.005002722561650039,0.0018082593234436965,0.003873282260061934,0.003738645995498228,0.00021530983494547879,0.009493896193675747,-0.00703035145630983,-0.009185340094475088,0.04399230373711241,0.007819393257451618,0.0011521804074175648,0.0025459778745761602,0.005479959451327821,0.013708217664541805
-0.04905380136324076,-0.0046297986352042296,-0.0016546303812902815,0.01788273553923675,-0.017082941471588214,-0.023401052323441338,0.003044555163477317,0.003653301281958534,-0.0009275757315788009,-0.002020241702076662,0.008217604961554131,0.0022776774629399495,-0.008094864220993243,-0.0024875544123500576,-0.0008555451789646759,-0.0049278214358846875,-0.004824048635832669,-0.009816467547571928
-0.028146834594691368,-0.004039579896196086,-0.005781138127522784,0.016996780396401685,0.019215336988679495,0.010398127028984792,0.0023142000345389158,-0.01034331937560798,-0.006241174021495016,-0.0009359519049936843,-0.0077968740280573495,-0.01185839805049252,-0.10280800238976068,-0.011820819541887023,0.007479523229346164,-0.00030623269401150254,0.0022433902290775925,0.007989644039244903
0.07283131340457838,0.01892760447599774,0.012404796839289526,0.05299098501636916,0.026504720995707123,0.010612864997493214,0.005945381123037366,0.013296093685759569,0.013105634280917381,0.0068274009674910785,-0.004774959966885506,0.017151753737284708,0.03734231543342934,0.0060592676881566,-0.0012930080271285613,-0.005142915186429821,0.010956764566092488,0.01373806316938525
-0.028782159382099926,-0.0024564460919812643,-0.0012240770960900086,0.016547092317086648,0.01321927701817936,0.00935091129680536,-0.011912996021045705,-0.006230371309276948,-0.0031062605107549093,0.005274580909781083,-0.0019397746107264956,-0.013931536755841776,-0.12022991971098149,-0.01946895251867152,0.008598970581142429,0.0013668221246108743,0.004307150063434117,0.010791809860312057
0.04893459917890748,0.006232170740431836,0.0062154613682747105,0.053504319500009605,0.025970720931247374,0.014171398183660177,0.0031933786668099343,0.001439233261726866,-0.0023384050528116773,0.007436310410144361,-0.00805096065375441,-0.011391734809294653,0.029858449984478293,0.003067680822695435,-0.0029241800360434956,0.0019186026270418273,0.006616922388325749,0.003838759487503368
0.05505867175843506,0.005179910136362227,0.005228847080009964,-0.0077398733842682105,-0.005798849168695702,-0.007861400147096355,0.003889085104452389,0.005575928283303512,0.0023664453425990125,0.003576687446831774,0.004549529494485367,-0.007369494909500357,0.043213324444984415,0.005627765055579905,0.0006451955237967612,0.0006891458718214219,-0.00046998305365697187,-0.002280146283646492
0.06527342278040119,0.012223309638844644,0.013391925201602017,0.006686373568572609,-0.006512213140734616,-0.009182017121333685,0.0063228662711788805,0.008737584799716456,0.0030371966310848812,0.00432062084252969,-0.005337066156402211,-0.010111238900817568,0.052552711259550744,0.005712885601032387,0.001605510509680956,0.0013016602413105957,0.004100068573452326,-0.0024303518380866806
0.013271282072325415,0.00032285841168641985,0.003837016971752678,0.035194872978831976,0.03521892687875167,0.011631114952276329,0.0026875238499302224,0.001623326878281325,-0.005372809156956555,-0.0025470483115517654,0.005314427346120145,-0.015452798790167076,-0.17187551289363728,-0.03886573904042937,-0.007493402891735193,-0.02740683769432822,-0.01518813015983649,0.0018444892763999354
0.07502109065182148,0.02426085344231478,0.02196744747054972,0.010723375221507573,0.015738835035047492,0.016064257111680504,0.005390215070744833,0.009502862413288793,0.002413145623506294,0.012254194289222066,0.0006531894845659213,-0.007600463677824867,0.04704296346186727,0.006470781359210932,0.0026414961120697447,-0.009519438658588975,0.006910963878237521,0.0074270243807682546
0.00565493123352988,-0.0018148929464375891,-0.0036451358222537524,-0.06915166948378738,-0.0036205794122533544,0.00576070371678616,0.0027447183751705658,0.00484150919154585,-0.0031401317830034195,-0.0015274342646300336,0.007497780442928976,0.00472545611223921,-0.12304444860378833,-0.004198406716298255,0.0020364448164541973,-0.023623271378676477,-0.0024092382051045785,-0.0009239234792380036
-0.008779490871372211,0.0,-0.0013949990469713962,-0.142163876300595,-0.10537406140440242,-0.02867124327950148,0.0,0.0033414099981503693,-0.004327103152606348,-0.006594326394220166,0.004017186571092502,-0.0030681805836564693,0.014092534274047393,-0.00011804016327148828,-0.0030675951415630796,-0.0020699540080125573,-0.004521469008886241,-0.006893733566689542
0.04588919893553792,0.004258741445134877,0.001933335238958556,0.07465129545253951,0.06580726484133656,0.030251377553315743,0.00402394618472027,0.010777303387543994,0.005238670034912171,0.0018488010047730769,-0.006581967891394402,-0.003253483986933325,-0.030571475533082905,0.0015647685430667977,0.004227535093354878,-0.014621241916504464,0.0055626056664715255,0.009090554749907498
0.04179729703085063,0.006496519128342497,0.002570371915643711,-0.031006961216271802,-0.010440445862615869,-0.020320973378893242,0.0034521796295755775,0.0057470648942792414,0.0020349994429572013,0.003942496037304898,-0.001016071803119167,-0.006936054815095754,0.061396034790696004,0.0072443022458969115,0.003831516490376886,0.00625613802342092,-0.0034837596219101374,-0.0014762550977021754
0.07087487569450594,0.01802849210645699,0.012776022705995458,0.009423362267949383,-0.0030161782951471554,-0.0023349985155777316,0.00693020201186605,0.012757682053386675,0.0031474034103742493,0.0028316455278057946,0.006828144539430929,0.02240735238747434,0.04622638176291499,0.0033132527312944187,0.0007238653555328208,-0.0007343089778255402,-0.005313353102802116,0.01157917445342857
0.03833051942633299,0.0038315924926903585,-0.002774044458777387,0.06602799950371789,0.0223056421568984,0.014106755591944086,0.0012006208396938764,0.007433019079138697,0.00241035699055886,0.001354266061266315,0.00731345001365775,-0.008989698976585409,0.0004879207946949766,0.003987876665821699,0.002315024636931652,-0.0162927239944599,0.005147093736638089,0.00840109217656837
-0.0344454701144155,-0.0006601852080941509,0.0010074018748239826,-0.11019238951297834,-0.10693237047881617,-0.03210911273352972,0.0015892411920399375,0.0027191210328456655,-0.0020201067895633867,-0.008334065473289923,0.004846246521494318,-0.0071393957634987345,0.005003162801238873,0.0018735107663092547,-0.002061721055400296,-0.002443389241866627,-0.009833661772310329,-0.0068153338265917185
0.015718542156873665,0.0018364714119603236,0.0013994860965609098,0.008992918703066814,-0.0030720935728399605,-0.009135909399391769,0.0016593456112374615,0.005179286196766507,-0.0021241872185884044,-0.000488606245486834,0.006652733624935469,0.003941618838054297,0.04751253077449282,0.004797519432928249,-0.0013005470745031421,0.008002850464164431,0.00045036157677533315,-0.008354045656250766
-0.010745749695053498,-0.0008369274243504671,0.0034275987396350815,-0.03895466886710723,-0.011476447564713475,-0.00895912857431083,0.0025637744151491035,-0.0036143416229523465,0.0005155124345701726,0.0025622954409300486,0.0050177921612137395,-0.008379268738440365,-0.09723484760728955,-0.009660063018179918,0.003223512322133201,0.0015135735376752232,0.0022869418359762698,0.015043669742721033
-0.03550178201279678,-0.002024944608991625,-0.005261971544354498,0.03515520948016875,0.0315744391145876,0.014638268160889825,0.0015000116914062466,-0.0006200245075916859,-0.003273026372888383,0.009729916308342823,-0.006345392143477222,-0.0011327691378564349,0.044233149489627296,0.0036190108541062117,0.0011478760710422267,0.013662642769753148,0.002421223071624607,-0.0026625699979014456
0.060490430795088035,0.006256973841522854,0.013537583391999798,0.029659311544339564,-0.0018408729012616132,-0.003836876803770437,0.009616430593564615,0.010593300589518913,0.005380597950339739,0.0,0.009128250115414165,-0.01337560964483237,0.04419726095460347,0.008689743821991993,0.005619952876852093,0.0008509666362146193,0.01011622168037112,0.004595736044345017
0.0376699507575296,0.0008940570985880506,0.003912965057388654,0.07880569362405544,0.06598632913728117,0.018107235373759162,0.0072896143173753,0.009041679564731326,0.005306335487039107,0.000713864344941881,0.01140920064712962,0.03634683520395843,-0.011028286837782711,0.0013652389202461323,0.006610196782962569,0.009018307506825585,0.01769471933137356,0.024949484082950724
0.04833906807969984,0.008064288518006968,0.0008235300825722778,0.010885480030022458,0.0074899138007213754,0.005364197216925592,0.002664513934276069,0.006458803388156589,0.0027116413525340426,0.006575388526403455,-0.0037815530008152914,-0.0067236282503247286,0.051521055739746593,0.0041780510885315045,0.0006167029858747402,0.0,-0.0017860489019709221,-0.003098437891136424
-0.03389809770784587,-0.007988842561227038,-0.004820007126608938,-0.0027456884572130682,0.019188075892860704,0.012882100373860046,-0.00043963645496780657,0.003118357127527422,-0.00568282067325625,-0.008743296689018569,0.010289170256480445,-0.002293068226904285,0.048666367823672556,0.005449471160391921,-0.0002856803564332472,0.014088471507101914,0.004219551566221652,-0.006758917878941416
0.04060240278475069,0.0158178733108694,0.007157963759836901,-0.043134961492110116,-0.0011979657666193581,-0.011409117159867303,0.007887150043090306,0.009072532574557788,0.002844169093516383,-0.004588126742511492,-0.0038738742618557834,-0.0023235540742904495,0.07504617123193022,0.006021244598917032,-0.0002246516002162692,0.01316271570019844,-0.003938762820037598,-0.0039031579613988537
0.05342091798967592,0.005489131888138482,0.001159109860830648,0.06006812347689391,0.0069587267415288576,0.0022374153437939516,0.005105818243643572,0.006907267231417734,0.0010916838855874328,0.0032531505093652065,0.0014134062457769987,0.0,0.034902054225040224,0.006495608362755988,0.0007428329583510632,0.0031987802334903026,0.009476817628858726,0.010294860672237782
0.047436725724712324,0.007280802529027072,0.004980655152281063,0.08115705355409458,0.05761332734570366,0.02282722292583865,0.007897939320275667,0.005728310499160243,0.003163121898407352,-0.0009669888412470166,0.008784077312472794,0.030124794729379165,-0.008709272524820316,0.004147114944156057,0.007001365909696489,0.0052637978671076875,0.01509449952580798,0.02098511272196124
-0.09674461497856779,-0.01698490877307133,-0.026197770012527315,0.014326335195757729,0.02344016599043136,0.012115798604116977,-0.008062638853495967,-0.026311369898658284,0.0053994559317146855,-0.015288218793126003,0.006191418932201598,0.00247354901310881,-0.0017321514891745888,0.0023202201122826645,-0.00028801838061387025,0.0025239185676395916,-0.0012911885573810955,-0.009869975409204104
-0.017546302326367034,0.0021232050279546494,0.001997805082414888,-0.03636630604499159,-0.004395171233160204,0.002268340094741141,0.004809164091067479,0.004364134778827978,0.00023501834565568062,0.0012290651108596297,-0.004094724407398256,0.0011173155176363062,0.05543013419386867,0.005167213191941205,-0.0025215227244218003,0.01907537736308121,0.004414670612881813,-0.0008367160065257534
-0.036364983163529284,-0.0022565155267276937,0.0013798867661535938,-0.10051806168460985,-0.10647679643350803,-0.029145597229050343,-0.002722335130112834,0.0023958941047408024,0.0012107212123773669,-0.007927617437189989,0.005130174947757676,-0.008347589817927216,-0.021897527681338725,0.001277549648341559,-0.0017731831339474233,-0.000871433633403448,-0.008382613556485162,-0.006260030133664829
0.0526491648667648,0.004858045946123317,0.0019470420423172644,0.03621476834879875,0.017195137637603417,0.012704307668879375,0.0025571015479468576,0.006217603920860833,0.00218026592354684,0.007645897863173832,-0.0072426092755780245,0.01984976680520695,0.02850539301557119,0.004564198913007941,-0.004334735654872345,0.004177743405424593,0.011277723782444977,0.018405707263026316
-0.04588120980050775,-0.006035419235389344,0.0016150338799446593,-0.07213299135699484,-0.0993788778480798,-0.03275146948833821,-0.0017678669248164605,0.0023460109347610333,0.0005571239732890091,-0.01050339257224244,0.00570048154143194,-0.0031427605593553048,0.041630272588152856,0.007466132944776427,-0.008693993739479494,0.020536504903703266,0.011964870235580396,-0.016431360571421305
0.03211349043037418,0.0019753577071283737,0.004057784706634457,0.05849761746010077,0.02842857928365121,0.012089559275070187,0.0001354829124451268,0.003054234021525612,-0.0020941231423792397,0.009766308974655179,-0.0018695668475061222,-0.0029504229974227913,0.028991020229145438,0.003512330932379589,-0.0016012309930336405,0.00015792116692781857,-0.00257334039544221,-0.0037157864428349896
-0.04703536436714997,-0.005497400473857317,-0.003749604578302542,0.005407482378420187,-0.0026611708554899584,-0.004746543359423459,0.0028314611846988096,0.00696128411616742,0.0017211539862626792,-0.006300742541631571,0.01693704516024714,0.0033748580720197553,0.021820891820058513,0.004332280787033106,0.00042399726894965493,0.007482997301423575,-0.0006462825805085707,-0.005826633033774673
0.03263864094461729,0.011024640256869262,0.009409806409434887,-0.09500738389006577,-0.08111278032529212,-0.026779621008631318,0.0070231382134897415,0.004399605376993465,0.00043176997318802515,-0.002779448087758749,-0.0009085207767156313,-0.00295917460572101,0.05647338279260589,0.007411619911160902,0.0005396070395073104,0.01781585060867252,-0.0012633475932415847,-0.003933773266197857
-0.04080202081770909,-0.015485753648402033,-0.005947945068506733,-0.03550117971855278,-0.008414241508735227,-0.0036471452809419213,-0.0011458358740823896,-0.003297911508652082,-0.004004282678388649,-0.007270178491896812,0.007672741989814226,-0.004267896361718302,0.04392846871860758,0.006496398050687472,-0.006820655846202636,0.014363193182583691,0.004757579097488076,-0.009512999717856803
0.011811522116625105,-0.0009794445322353846,0.0017493551817010199,-0.09948164381368056,-0.055185069509366656,-0.01766222075796026,0.00632304393583625,0.0006419209510893103,0.0035165232778390995,-0.00318435471328497,0.003618717605897627,-0.011305463515849747,-0.11500987034647621,-0.009667089961332243,0.0,-0.029588365015642278,-0.003965194856584769,-0.007739696288427966
-0.05285369064817448,-0.006213456299833191,-0.0036511693850702688,0.021129264498202103,0.02119199374614926,0.002816906540910722,-0.008287565955834714,-0.006576364016979272,-0.0055419366615902564,-0.0003323767234466165,-0.001197319357120538,0.010116915268362777,-0.1157305129877609,-0.02325928673106951,0.009712106889986683,0.0034389480914495036,0.005832921973892116,0.002679103276904543
-0.034832221846861404,-0.0034006481284379595,0.0021922434383651684,-0.08126107433769565,-0.0963290004629935,-0.03259085492545317,-0.0005523412492351507,0.0013324725029582613,-0.0005097023093613793,0.006629075624432098,-0.0018685866858191736,0.006419424044190612,0.0321032133486835,0.0029682929979775656,-0.0009745880678054695,0.009063826820856232,0.004105832289329383,-0.0060095334639369835
-0.04141466328556461,-0.0030174811965700578,-0.006211695213592018,0.005025502626798145,0.007686114754054696,0.008511774063974912,0.002532016024241102,-0.0026409603541709434,0.0007835368235152645,-0.010421719566931557,-0.0010681459368046622,-0.00205769026924648,0.04313697049928831,0.003229594273953745,-0.0018815766193607043,0.010512704199757044,0.002897562305899245,-0.006788430571579211
-0.03196152494199966,0.0,-0.0007429761757630437,0.05538021999883893,0.047762036009472424,0.020248574090744372,0.0031049067190754413,0.0055200490186983805,-0.0014320650100614813,-0.0005350107889661807,0.012562551962237956,0.021061685824913422,0.004068602793028221,0.007956910247008278,0.005898890085833365,0.0020290641088732174,0.00838088120533207,0.01859120549989493
0.08047802464070583,0.02328818029285029,0.018800721592706984,0.029998958359549584,0.01457817374654017,0.00568351476642753,0.0045284682985423895,0.004306610335001919,0.002899753420034877,0.006175703817201515,0.02475345940251149,-0.0039028245766996044,0.049604288654891825,0.007687149092586179,0.003642085749597102,-0.010356267255717947,0.00899279958258738,0.008369995376947992
-0.03170682035053198,-0.00146408280477024,-0.006817834524123333,0.03648180317801565,0.0380336348923638,0.014954912178221298,0.0022149412403434116,-0.0016716057334734773,-0.0011824811716836198,-0.005642679384401676,-0.004097676921017735,0.009316239078190663,0.03952107683809721,0.0032045381962298807,-0.00047700925922886523,0.011365185925431676,0.00035201446195187865,-0.007639523764689557
-0.0784560164842804,-0.013336096691173693,-0.012365347962758141,-0.0013977135202232723,0.028899291411815086,0.021278929379613426,-0.01814966244652487,-0.01350818494956879,0.0029005699822349843,0.0,0.0016143107771893319,0.00788733214410492,-0.08518090428252267,-0.01320193104978152,0.0023420214850098575,0.0,-0.0009580950270732764,-0.007531027050920597
0.02971309495834026,0.0007515720991038511,5.96994080506371e-05,-0.03199292668680811,0.007881192574709987,0.009220890577229354,0.003984205676087217,0.0052954844193836064,0.0008135500586463996,0.0013391702165561727,0.004644722118394166,-0.006506449032409823,0.033123903771135464,0.0036247683223139707,-0.0010709806486264262,-0.0008982088781207702,-0.004742535504351436,-0.004534511214289591
0.07184228527619023,0.013813239171759993,0.004502318892134048,0.009759693443020117,0.017921921048343156,0.019856810975970994,0.003327793986711118,0.001594492848395866,0.0009141659844147977,0.012902854362474644,0.036586381410315734,-0.0015963208158886557,0.040362012586572224,0.0060205716806821,0.00402094176999924,-0.01341433801240272,0.0059052350349414,0.008328288089448799
0.0664493621191769,0.016320503664026233,0.01439063222035034,0.03164859935749106,0.016799074259318137,0.01114025120146521,0.0024027104149810475,0.006583539133328738,0.008541561541977775,0.010903429909160293,-0.0035451920100586652,-0.002626620571484559,0.04331394759287162,0.007312671012741536,0.005203338946031124,-6.300902470238062e-05,0.009812884284831715,0.00557843105853531
-0.05179560186704108,-0.0022302408803939917,0.0012401023055192992,0.017211322636374374,-0.00401530287911268,-0.009573858363805218,0.00333218529598346,0.0013686767608609306,-0.0007769926626773286,0.0013403572354143696,0.009274314948403353,0.007821827962546987,0.010642062180863547,0.004031532482797495,0.0,-0.0004332240952191503,-0.005582429830458896,-0.007020673122599741
-0.03189441436101134,-0.0005596500912156804,-0.00802787283828553,0.0354353804287501,0.03170788482440952,0.012919022635916391,-0.007222991826417144,-0.007097661242962437,-0.006069354781808075,0.00488038803739118,-0.008662429317901692,-0.0021128091105528145,0.014106936036154627,0.006998958857410534,-0.0002976135385592398,0.001799970917457723,-0.00018966055128358546,-0.004658938421774658
0.038903910674412207,0.0037692894780256047,-0.001089854024089764,0.04019255811618112,0.009772034953061498,0.007886773352248444,0.0032810947247687797,0.005933076985603902,0.00038863563466505686,0.0029983333282701235,-0.004259990554139285,0.02243508443482263,-0.006966063559345711,0.0019528657285943682,-0.005374166357290417,-0.007417937071688667,0.005241557831109354,0.007190600106205411
-0.03608997511381533,-0.003630003187755531,-0.005162637771251081,0.0403067039026186,0.030665690871673593,0.0119533348399884,0.0014411659116078527,0.0018245319839492896,-0.0062321781363788836,-0.0041243881658730615,0.00554495275006705,-0.003254655808564159,0.037595967738611714,0.005856204536101121,0.001744640806679114,0.01130033634926995,0.001739748875264743,-0.0031461927262688427
-0.05285001378593166,-0.003627110858666019,0.0007209255656515207,0.018401139574241047,0.02342384677861784,0.010515086153004657,-0.004522104025795156,-0.0049275204093475675,-0.0007936808163614448,-0.000636482370397807,0.009505722898464216,0.004200618463869905,0.01857251271173572,0.004398374639047363,-6.345128647883208e-05,-0.0006570683962521547,-0.0015351996349715234,-0.006020971304849788
-0.046882164384536296,-0.012753248149781198,-0.0065864275216541476,-0.04760444458976222,-0.017939074926955817,-0.013620034845500804,-0.0015470414594583259,-0.006251155057300512,0.001420014943321793,0.001059685973306422,0.005128176590183378,0.006364487667236218,0.033299399879465445,0.0027011479775026336,-0.008775351183295909,0.010076515188691584,-0.000718125928949801,-0.014484781318629014
0.02440202513242355,-0.0008243891398313073,0.001556723890735688,-0.055331849773059834,-0.01036235465147703,-0.013392117796361909,-0.00017245822205957627,0.00249011082700297,-0.0008088801250115333,0.00047657500769296863,-0.008956631238639243,-0.008542836404161881,0.03436175927554156,0.00433281379778598,-0.0011994893759474027,-0.00030193043337583034,-0.0028482840183456856,-0.0025985883504501053
-0.10758173154832089,-0.023350654423710288,-0.024234598525793453,0.025478348379660155,0.015459127080474384,0.01412186527697422,-0.022979881409001632,-0.03409954971949423,-0.007543777266122417,-0.0018013967285959555,0.002887148406483657,0.0006560652974111918,0.006851820108057255,0.0034710647112538573,-0.00022160702547884415,0.00558528374918043,-0.003275025908153235,-0.006542444398510594
-0.018450037225837823,-0.001148597431425079,0.000650965626971673,-0.06503581699871619,-0.044937674361889036,-0.007522597477374736,0.004203960432998174,-0.0012180945349835556,-0.0024918062315870695,-0.0008555911859005806,0.00884244734819616,-0.01157209929134375,-0.11960386618801735,-0.015872145938680516,-0.001669514068282195,-0.017015847750805613,0.0011877103530294705,0.0016597662554260206
0.009945220923141988,0.004323699529370311,0.0014759749554991992,-0.04661533311313047,0.00183013964106086,0.007220987415538809,-0.0007830374591763574,0.0019120422503634826,0.000885852325365983,0.0012827913807549112,-0.006250424177370818,-0.0025473770051131174,0.06917047159077379,0.004989201947371759,0.0005821404039699471,0.015816366886956545,0.000193498492286564,-0.0009297304779642135
-0.03394953376092517,0.0017828140666971057,0.0010826586566530037,-0.025311932492322817,0.03900114695970167,0.016840589581722444,0.003387026968524888,-0.0020032509692203796,0.001708092397372572,0.003488507315091776,-0.004865159322998475,0.013461349926748961,0.0032897548573780663,0.0034840735153952996,0.0011400283246420114,0.0016145308541536392,-0.004016524425396583,-0.00546455284805147
0.0541465020267499,0.01618465160712919,0.008830566447394004,0.026636159990313806,0.025221330386113527,0.024953568111809904,0.0036659144535408517,0.006726690990495298,0.004843658729567529,0.0072402774077377505,-0.005716166143818726,-0.0077726359794081795,-0.0017044090078510634,-0.0006157735670401997,0.00038421614638697535,-0.016184945663292594,0.0036247670125188515,0.008976932376156377
0.033001120100175516,0.0006522023431499751,-0.0010443986280053482,0.0331515221707931,-0.015968390865585498,-0.013752738412658465,0.0020640079882179667,-0.0011708924346052424,-0.0009410381113678615,0.0014397787620785577,-0.01251784725164057,-0.018185097214796355,-0.03197453037825248,-0.004160073976695497,-0.0007895004675400732,-0.0019494118609896427,0.0038404469817364,0.003243517176651261
0.04268791163384916,0.004940223290274871,0.0008021458262374061,0.03167175726207492,0.036661326897389185,0.022371398627709732,0.0028035900227432404,0.0034762034024022623,0.0020001448460702925,0.0028973514687917756,-0.008786531307265257,0.021796846689052775,-0.01304881108791709,-0.0016480538813130794,0.0015035836259212922,-0.0010379467524342964,0.005080442376407026,0.008802001083787897
0.01491968611267096,0.0,0.002201929551951707,0.05478033525001525,0.02440992498588963,0.012577719666351416,0.0027260490047537455,0.005114746988656837,0.0015404576248849305,0.003449163846218948,0.0027691696667949592,0.0168398457729702,0.015204947336446601,0.005757353423417955,-0.0011327071514018604,0.0007740181308764163,0.008437921001360238,-0.00018813690765728808
-0.019531627247742003,0.0009981686383952089,0.0039011817599785455,0.05392418504051943,0.0498249711604912,0.01895121181923232,-0.009476549639372282,-0.009881306526783882,-0.003685849596998367,0.005675990393584315,0.0026390430910345577,0.0016218254615221032,0.03664961921681097,0.0035611736930565223,-0.005281347021787992,0.01032700205721676,0.0019437362773189488,-0.0029906796200378227
-0.04257074768737927,-0.004818159856715573,-0.007137773869391241,0.03658631268579653,0.0408410501107466,0.013893660746665119,0.0,-0.006688926123294063,-0.004905386022470576,0.0007919966708550057,-0.004981551973442663,0.009757681225347732,-0.02994695527558187,-0.003207115750695409,0.0027808013622256165,-0.0027736435976149745,0.005239145547454017,-0.005112353677067067
-0.03233518288840846,-0.002996541205938351,0.0024439378941442983,0.015329295287552117,-0.004004705606867851,-0.01629575547177562,-0.01510806550666767,-0.014046501117664116,-0.007829653159168426,-0.00645398166456971,0.014160092977900059,-0.001425392535138583,0.04538023306369227,0.000709301229506362,-0.002419787601493201,0.013590475976855861,-0.001455879388921618,-0.0053550794113768445
-0.0957967170117818,-0.020226703100515758,-0.00574255648061525,0.031187347231578108,0.004086150665198151,-0.00853038890220873,-0.0028741301212948734,-0.024765947759372898,0.0031090548452858266,-0.00778575106803689,0.007174712361424897,0.0003294183897002398,0.014811490469173563,0.0052001252469938,0.0034070857226504003,0.0073731363006994035,0.0011302066728026102,-0.008241614523358864
0.03196656460130658,0.0034518003137108664,-0.001174701987595465,-0.06578451004529293,-0.0052300437649182635,-0.006528162019734084,0.0055144753470095466,0.004192796591263736,-0.002131062086679848,-0.0005971310719741444,0.0018238426360269358,-0.003710200033502594,0.03440339642100983,0.003880093234800553,-0.0037257346637747215,-0.0004747623104271064,-0.006418078382554059,-0.0019229548730027683
-0.06634377308598731,-0.014396699993524434,-0.008172748036329204,0.012639595875420746,0.0031471298588303352,-0.014267393795274013,-0.022114848090601977,-0.01737525643368922,-0.010366929119799567,-0.0008738825821900612,0.0024506838982299804,-0.0036183156081494782,-0.11313653442054797,-0.02011848572344243,0.0018063750988285196,-0.0007135661357311561,-0.0005282973186966048,-0.0039024834377435758
0.06472965664919929,0.00864372351370233,0.01105968483562369,0.05331525726637729,0.006010006644330603,0.0018920470288481793,0.004290891821938537,0.009576527213479962,0.013299807516325287,0.005367343502775516,-0.0062154802845502555,0.007704771066135179,0.04486971784392179,0.006982509625756556,0.002052206550746323,-0.008167477664545687,0.00685416843020069,0.008496228513094894
-0.03222333805052741,-0.0029416052972194885,-0.002598116706852948,0.023412805641691736,0.009774792788852708,0.0026605739753461505,0.0026960069363038772,-0.0014319336940723838,-0.004467448536467,0.0,0.016311553808180605,0.0013370668734051766,-0.1712194997965621,-0.040872122203209085,-0.0031311309205205116,-0.01713180989345112,-0.00297441273613126,0.001593250394354595
0.07983671346116814,0.009683216727189142,0.0183449131857827,0.02861076681802554,-0.00012531799539093063,0.0006339489606552644,0.007876897287333108,0.010989923529062596,0.005871011406474585,0.0018848491166334022,0.010037842876686931,0.03446291374411701,0.044978245630399996,0.007533619756585445,0.004441704574648948,-0.005867192114308144,0.011319631947077033,0.016815106193258378
0.0693860305307602,0.00975229560867873,0.006496099051434763,0.029702728036212146,0.0,0.00329164851533926,0.00762831627350454,0.012159824990409296,0.008392403612986456,-0.0003563872224490726,0.012938460437907574,0.03600800312072118,0.03855498873674913,0.0068286783781499934,0.003551179137446577,0.004432958057200871,0.014362544798173414,0.02747044463051851
0.05458517159097336,0.011241114400728022,0.011686943791943866,-0.07714933239050437,-0.08225636759255713,-0.02154535841780582,0.010208335734454451,0.00782051886901768,0.0,-0.0032967407597393745,0.0025812977729612963,0.0011463724182347592,0.05843997949791158,0.0064804818777733685,-0.0012715527630920865,0.007741474648268566,0.0006490525122495155,-0.007614482351749214
-0.06444909268616121,-0.01270729737333951,-0.009892679108914415,-0.03172033660773137,0.021572043058988747,0.0203729832987742,-0.022461285281124496,-0.016266800965046135,0.0,-0.0017760382337211993,-0.0004534704004839038,0.012275053736083327,-0.07358565995525217,-0.010472468557783055,0.00639763295289324,-0.0058778348310161675,-0.005928050280629165,-0.004250554899999454
-0.020332328923156805,-0.004446942345475803,0.0007331533005487923,0.03226135309546505,0.025634825232006858,0.012092397994135164,0.0005542181826892209,0.0035654334965896837,0.0014797692214494357,0.003217856597576956,-0.002929867542016087,0.015107696783071214,0.02048328797873662,0.002712398375933965,-0.0004740631766625075,-0.0026041785936749343,-0.00720621000135311,-0.010127004793570371
-0.011791935000509565,-0.000585545184461047,-0.004218142349928841,0.04349095471933804,0.0359033827805771,0.014113586212690418,0.004926896770754408,-0.003505740695690654,-0.006609931639551574,0.006328639316332354,-0.004015120305215513,-0.004915962244241346,0.0474726287814092,0.005093297676402869,0.0,0.014512312357119035,0.004037864121129849,-0.003163500447332185
0.03020326486919272,0.0020995821535718016,0.004878980616276175,-0.10486300252902189,-0.08567358682562948,-0.026003090402516915,0.0076355336148082155,0.004458407317180261,-0.0011547042770179217,-0.0033431892851400495,0.0011479495555761171,0.0032440938753088913,0.0642056615444032,0.010488619652328359,0.0029022264191733683,0.02284646265825888,0.009360642653770564,-0.002958006453046433
-0.051625462429344786,-0.0063967412531384625,-0.005554633707975359,0.030434689609691635,0.00836731143927522,0.0012405067309235582,-0.004799095093756955,-0.009788497456479443,-0.006821813747848581,-7.853048540667045e-05,-0.005895114071101813,-0.005794966098354453,0.021912479684907876,0.004479691658368241,-0.002655186633798633,0.0036492802254467324,-0.0008293763060174946,-0.003511518743208309
-0.03116039398554983,0.0027586615880595506,0.0023882763228710575,-0.00030409145228085484,-0.0048496576841423255,-0.009734168564776444,0.0017164038045164305,0.0028517244669922876,-0.00010521548627033638,-5.9514337286626234e-05,-0.004743566847593314,0.002074575956900174,0.06806817925082811,0.005807706381119088,-0.00732556161609123,0.022061381407674944,-0.0036170616945467517,-0.008696341967976313
-0.041770796964261454,-0.004982903086297631,-0.00558144226732196,0.01954837426847418,0.0008720742389194644,-0.007064365033627634,0.00019497649227056472,-0.007790371281188296,-0.0038720759684923497,-0.0017677436791152718,-0.0006679037799041065,0.0011315834613787273,-0.15385254429990622,-0.032998224133271324,-0.006401099362111042,-0.021852299258488472,-0.005706131239811361,0.0028307392238848816
0.03629644310415887,0.002699006103507324,-0.0016262266730138768,0.037444097503928415,0.011582846604317026,0.013110962143169601,0.00109558954326571,0.004885306626915389,0.00020586253882745232,0.006573005839625545,-0.006318127073442098,-0.009779034550764766,0.007519978227508753,0.005223341313400476,-0.005922187080875287,-0.009834686333532053,0.003319716277788088,-0.0006826849575161525
0.05595213347661833,0.0072073325748647655,0.0058092905074087434,0.006430552837383067,-0.005317422064981749,-0.006638664726340966,0.004253373214978157,0.00670519480813207,0.002778491988416665,0.004137847068006534,0.005161096160190959,0.014780257807545587,0.044072161553346985,0.002574406112415781,0.001014021289371031,-0.0032112697220338755,-0.006870488559102876,-0.009308051138018386
-0.03153246888311841,-0.002275165721211788,0.0006615917669592707,-0.026361309453596823,0.00916248419829429,0.013198284303736865,0.0,-0.00022360999188294876,0.0033137639528262324,0.0023599409147804454,0.016909637314562503,0.006315730503082007,0.0004785618766658962,0.00520291436573575,0.0037781701144605443,-0.0017673330741414192,-0.0037389156342101247,-0.003942684051096976
0.0658889800412802,0.01396762197147302,0.013110340923286754,0.008239711556429814,0.002350952873030463,0.0024072895808705274,0.005448272731870178,0.005638163031052428,0.002263078999526308,0.0007037466585545026,-0.007117384667016736,-0.0010224875278153913,0.03895505832774934,0.003628514681784505,-0.0013876666478328456,-0.01336527488935704,0.005093525024603569,0.003255827573638098
-0.02823896084674937,-0.0002737364046510234,-0.0018831089557939172,-0.0005434338696281107,0.0009444793815212415,-0.0016450747162403661,-0.002208344879024341,-0.0024382746139818543,-0.0044122926583188655,0.00010814183731212123,-0.0012186888701491757,-0.005720616979684278,-0.14270679973837708,-0.02444251701088884,0.000627041280255834,-0.01711712130709346,-0.005152521730259596,0.0020504483769186455
-0.07497465242219621,-0.01534055028623654,-0.0049568625270319695,0.03385145177366674,0.0037346920672010637,-0.006847053374215341,-0.007565497816942635,-0.01715532120709381,-0.0013464424870262852,-0.0022236662477426138,0.01630851830208983,0.0038218656902788122,-0.00400817277377173,0.003698359817951676,0.0020427612081207083,0.010419984826328589,0.0026586532856582084,-0.008035515157508541
-0.028998531569666818,0.00014938067826097062,0.00014297500052278659,-0.003912221004718832,0.004204775587214891,0.0067165195368021876,0.004156857035944631,0.008403934343222142,-0.00040645144977081304,-0.0009646857560318537,0.008227219438344304,0.0024832809129668914,0.05981571731592515,0.006883838436172894,-0.003919368356964106,0.014069609049564087,0.0038865117460648913,-0.006884172607414973
0.014673582404340108,-0.0012189697314962781,-0.0029757590490738068,0.028992947848561892,-0.012739059124153167,-0.010121837121239834,-0.0030681071116894654,-0.001964357764907649,-0.0026272775921010088,0.003122808854976297,-0.014195577557823623,-0.01740498717389384,-0.14359792468898158,-0.00901078992270633,0.0003808154742103478,-0.010381633154764813,-0.002160165716425929,-0.00281974484409922
-0.033414112418367004,-0.00375411062026224,-0.000427600945406831,0.04943020575040134,0.045511669289676454,0.020627443793797554,0.005372798141487846,0.0066657933609289505,0.004220488503620169,-0.009969742433381012,0.016104485929994333,0.012963031901297042,-0.0015412160703164382,0.0068347353481589745,0.005926102867590183,0.001480385391064232,0.007333912608754531,0.022567858301711374
0.026537399620327314,0.0006221076413391672,0.001712830739109915,0.02650543764079432,0.014599730181351842,0.00825731938785406,0.0024607054332230127,0.003959544039937727,0.00038658124080714857,0.0027938211912523964,0.001140908646623202,0.010912091240933163,0.042233444147738455,0.0027512259189932443,0.0,0.008072845083460388,-0.003242325144427839,-0.00739267878129804
-0.01283661922312148,-0.0027935177621737973,0.0024583054587888316,0.05113823423612185,0.036058777880727304,0.012512227228859894,0.0021686574188938598,0.0035261481366212796,0.004165468082550864,0.0022177669730547296,-0.0021554065312597162,0.01459413001514057,0.025592592942745712,0.0039276997451489735,0.0014948378504975799,-0.0023241004359809527,-0.009289273211644541,-0.010008467182047981
-0.09709699079356145,-0.02152896054753691,-0.022194214880610914,-0.032965291055539234,0.018658076197780753,0.011156999319898142,-0.015718022780346706,-0.028452029030840105,0.0010630890368191592,-0.001995659202741615,0.0010976987044651653,-0.006250075431020803,0.024998131005220588,0.0029560451855367687,0.0,0.004628524759524238,-0.0031452652847418624,-0.013467840924753643
0.022655951654986514,0.0,0.0,-0.12505170412920463,-0.11857246456937238,-0.03201978437000381,0.006103912314471987,0.0025023165681814473,-0.001379254672345447,-0.007374095284771491,-0.003536350180934329,0.0,0.0472627798120509,0.0049591826546481685,-0.003574781655640759,0.010148921717604245,-0.0007044832940566366,-0.005961484992697885
0.04627327217782956,0.007145030237831111,0.00665729580629082,0.02295105539794403,-0.003103373171230696,-0.005125837670108345,0.005554802621164904,0.0035948494747761336,0.0014024389737778916,0.0033864409134540824,-0.01398196436945532,-0.016725055913483465,-0.0032153948176514933,-0.002216120358022306,0.0007044513234412884,-0.021852894521652896,-0.00022735624287628642,0.002079357586998107
0.06938652540280814,0.008287099760682976,0.011155618147056139,0.049796951392066656,-0.002156983046529676,-0.00229898389156087,0.004859930405024864,0.010400260785448315,0.007075069278483463,-0.0032214105748704924,0.012828349584425691,0.025345121277231118,0.03981540547900058,0.003573960663825147,0.00030812181743900924,0.002568495213464458,0.010921856956206425,0.014631414271349119
-0.08483238586141631,-0.011722763068915707,-0.00418436943259967,-0.037245437985556136,0.008113323734849508,0.008910722975626548,-0.011486202057586086,-0.019885682527475104,0.0069235369488154066,-0.001671538543792292,0.009047858890629607,-0.003668047861836383,0.021575756425940316,-0.0010686455705733837,0.0015338450406565467,0.005936520664655727,-0.002382038902203444,-0.008005486121706054
-0.05765891978396998,-0.00867249432905737,-0.0006004654054839536,0.007001035417582849,-0.00680485304536737,-0.009818901996170287,-0.009889710031701466,-0.01888168250672711,0.002908885391550004,-0.0009669143459597869,-0.007841277486755633,0.00024551034633961167,-0.02485552529793931,0.0005597703537579456,-0.001990975465061353,-0.003717567594954158,-0.004245051465990662,-0.00546630291342709
0.07087246493478302,0.011607180432739068,0.0118678155083446,0.022275528770454855,-0.0066590404701359265,-0.014375765177597605,0.005873311612896012,0.004311018676137775,0.0004211746745544506,0.0031609314880111108,0.016144563357468146,-0.009360890511121656,0.04987922057629188,0.0069762496642083735,0.001439683365705798,0.0016594631453101256,0.004144934976838763,-0.0011226997690364227
-0.041539882520900524,-0.0023189865114187917,0.0002640293093798378,0.017628409666993954,0.00454451561978386,-0.0001329563822564568,-0.013260396798473894,-0.017548813884138807,-0.00422752664222681,0.0016637536930781756,-0.00379932431147978,-0.003775335366652285,0.045573291690608884,0.0008527939118826597,-0.009508292562308432,0.014461501464773473,-0.0031258123522415427,-0.0162315597677146
0.03781129632321563,0.005099540065498314,0.004342187794492684,0.0729122500023496,0.022522588806396168,0.014178669955710977,0.005047373707213391,0.004273016672087134,0.001608150924794277,0.004234417502755383,-0.009014153682376014,-0.011303459038888162,0.009901367859947437,0.005996668796828373,0.00014798271597387042,0.002013921954416415,0.006564064189891688,0.011873662574261978
-0.030697735279825073,-0.002955635130137254,0.0012602616494948099,-0.0418547512928903,-0.03757218282676479,-0.026068796219501145,0.003926777136961959,-0.0018003231427921854,0.0006143422179502131,-0.008986940757833498,0.006529815899194352,0.004311678445851392,-0.008112016169855145,0.002449371376701705,-0.0007033791555882415,-0.0003076637961699391,-0.006424938035943543,-0.005042766195757664
0.07518489037662254,0.01004352954404958,0.016308804505067154,0.020609404719955055,-0.005594300924955155,-0.002012387594587534,0.010666113537372925,0.010075249797919572,0.005488086429810983,0.0019301044551082714,0.0008812482038875024,0.019973984038384882,0.04550692724937691,0.009358607749994044,0.002276140906141266,-0.0009672053689547287,0.009393135134561872,0.012868022657966494
0.06756586834617662,0.010091057592936485,0.016244152004627675,0.019606202997127734,-0.0028881543670635783,-0.004450504000556951,0.01038138541145316,0.012391914770470207,0.002115018554809278,0.0,0.014492160463483936,0.0,0.04484893018246748,0.006619563155104742,0.0018134921094941044,0.0031164714675851026,0.009375202683251862,0.02220476900928267
0.010462190507370135,-0.0032583239774801476,-0.006424228024289325,-0.009875871160848336,-0.0033971902837240573,-0.005592509018521282,-0.0007725366996434223,-0.0016864800647978446,-0.0016633557185853308,0.001331947831044816,-0.005904688084420816,-0.0204982974895873,-0.1842762379904643,-0.02419345648304663,-0.004861625776452234,-0.028924527546227027,-0.0062764330587426935,-0.0066033089465800665
-0.03610500115102744,-0.0005131471983214792,0.003198317513699599,0.023878964219120734,0.006989029191278177,0.007443566600660533,0.003837490709761666,-0.00011588735127322157,0.00012753043455557685,-0.0015837912797115575,-0.006433418662906737,0.0005784643703600545,0.041003605213186946,0.003299260834378932,-0.0009866471437549422,0.008831718472241859,-0.003999536636477711,-0.003925019167282433
0.05103566512831923,0.006717223602616052,0.002073087223691201,0.08812459633578364,0.0562177782868315,0.014224945621626364,0.006029885550580869,0.009480521771160197,0.0025730952312554385,0.0007780373173702273,0.010766379070668465,-0.0019922925853620302,0.011596647839264784,0.00442958363616149,0.0024706008819458014,0.00010154403312937743,0.010743364402181738,0.012213585093910684
0.022137796059486507,-0.001844848921050871,0.0,0.05294808986061236,0.03165252991500589,0.006059302998223733,0.002582114893846391,0.005204103499937999,0.003077318381504884,-0.0025128149460255426,0.004608355352021277,0.02508333547068086,0.018206092614619303,0.0024950482649140518,-0.0009900259895314891,-0.005119348795978125,-0.011444393834556555,-0.0133008217002476
0.054164135645009076,0.004521018427609468,0.0,0.08022331429669097,0.03183594994662105,0.00870657632719485,0.004242269084811457,0.009748185544992185,0.010634271149849012,-0.004340877259515488,0.008242120954771864,0.029256068838414147,0.017825543119386892,0.007420275351096505,-0.0030146191149409943,-0.008105705817064537,0.010860603943461123,0.015387996885988964
0.0603908353808862,0.006795682240883553,-0.0013935574147381912,0.04095584195113687,0.0058912135792484515,0.004688868189060946,0.002615639187541742,0.00758405331755572,0.0025976561370626306,0.007413588384187056,0.004984543975423813,0.0264970710629936,0.03475052231610281,0.004841356573095804,0.0011723829406015268,0.003927650555689776,0.01073825221615594,0.01719940820343141
0.046325245800065175,0.003286262708594797,-0.0035846570304056582,0.04076538558587234,0.0030696186502764964,0.0009651497357009548,0.0008312119225225348,0.005237947311161322,0.0020326651837279546,0.004352201926686637,0.009758454384921306,0.01387893867846951,0.006003058600019544,0.003035395730280182,-0.006261341357655334,-0.011899203176106432,0.006711867954503447,0.008094613022842465
0.039123328547984226,0.004242263740414744,-0.001341242645787052,-0.07624731529735927,-0.03166560833538737,-0.027878026930003016,0.002571081479931406,0.004778613527678938,0.0,0.004196658989773412,0.0,-0.007735700864513008,0.04849246566838425,0.005328762746739546,0.0012998705992185644,-0.00046181655359106474,0.0031614410200299504,-0.0017886462051182953
-0.029802973624961204,0.0,-0.0038176435987642486,0.04851331551679919,0.03962701441380401,0.01681531850903791,0.0,0.0,0.0,0.008179797641343498,-0.003865232286582826,0.005155439972767456,0.019368558891527787,0.00518238080660818,-0.0037545865054964904,0.0,-0.003495986853587686,-0.0072721984999434275
0.055564454378455884,0.005877487867439718,-2.5130416516302512e-05,0.09128239808874701,0.05814922885931263,0.01051503798031958,0.007378443868245729,0.00823755496989579,0.0033706877070392824,0.004141339534577387,0.010093246002894078,0.031196448176184003,0.005262258794806337,0.005784738079229644,0.006387257970407317,-0.0011157903578163713,0.013569143658170276,0.01921638228558764
-0.010179639767908937,0.001414849238290651,0.0,0.0584270864000869,0.04751659525203829,0.01836703093546693,0.004494768132922912,0.007226281384328837,0.005907796694397087,0.0003482920649455384,0.010909854482108034,0.02696545071807709,0.011956556650163942,0.008684042022715941,0.005451300876126441,0.002831915639205733,0.008618608137995521,0.021988079177001463
-0.02915834796887442,-0.002172863334134631,-0.004172235717932934,0.0017662514123687615,0.02570905070997004,0.015376761558058748,0.0017700810373902334,-0.0022965160123861413,-0.00023476427030209783,0.001836803818872402,-0.00605765589382363,-0.0061142729869612935,-0.02285810244397139,0.001700395086223101,1.1419912569492422e-05,-0.0023469842883720666,0.0007814565112804061,-0.004285199383365447
0.05196024001241815,0.004114727172995376,0.00035345411292505267,0.08002974976965656,0.05322490938224243,0.014691374218388408,0.0044077675955212425,0.011605493669227643,0.0068295901831284134,0.003107755259635376,-0.0018824886478209619,0.03913888011042901,0.006051806609612096,0.0037078514852984744,0.003540879562740846,-0.0068688102015259005,0.010165426351285969,0.015042991855125531
-0.020507754716854332,3.6226779301351046e-05,0.002110309677325409,-0.016729351505891565,0.010881377336202912,0.016102450284647605,-0.011201320154182376,-0.0061955847798313935,-0.0008662217295384261,0.005077405753619948,0.014199106672762767,-0.007303503588136407,-0.08845894484165687,-0.0008517253379325046,0.0012221396285904131,0.003032399833587336,0.000730214288821383,0.011258064403060916
0.05357501893077927,0.008112376762833837,0.010046616545983498,0.02269670443784726,0.013895482060572706,0.012852191188789426,0.0035273800443699063,0.006410845344464007,0.004626718724284372,0.00843407773504151,-0.007728820502170338,-0.0060997464755089045,0.028062244326461632,0.003006740592645097,-0.0004268392906251221,-0.01864297761957047,0.007307829639932131,0.004476801920357182
0.051793085142598325,0.00804353363458576,0.003596323702897582,0.0451644263255146,0.006491410974752974,0.0031585095835561607,0.0028088196417818917,0.008154671995566187,0.004003275009901662,0.005233701840429463,-0.0010963599368614269,0.008633809806051293,0.0490088252881172,0.002546517511942513,0.0010384643632626721,-0.006452226760574337,-0.007672592437379833,-0.006944103164848003
-0.030326502339453585,-0.002529886707469278,-0.0009038325555662236,-0.029806289611650567,-0.0026832658802318637,0.003982129650217635,-0.0026542184071074765,-0.008185905379373526,-0.00277827858969227,-0.0012815145492606355,-0.005350855647053334,0.0027793641349256014,0.06283210697714293,0.005542724370395217,-0.000987700200237649,0.017651977389754585,0.0041392515326746536,-0.0020258745233225003
-0.03229738481717221,-0.003367725992096503,-0.0004135635989010691,-0.07023182571985194,-0.021458753931006994,-0.010378107372851005,0.003052411748967599,0.0024064459530553184,-0.00046936401055953616,-0.005584954040124597,0.012241502229221187,0.00700403828427714,0.03142701194864818,0.002439835045707675,-0.0026356841926303896,0.014266524622258593,0.0011837622343435397,-0.003956332347923516
0.07076175574742921,0.0071060813678299655,0.014192999205729704,0.023476168248172124,-0.0017700102717999146,0.0,0.0065878187819730216,0.011000834179744876,0.005660740847743887,0.0036642343926698772,0.016274327046920993,0.014816870341890196,0.04226595861889222,0.008549050647763321,0.002534218958456413,0.003719304265462733,0.012485119220850192,0.025725643291096834
-0.04244391388650967,-0.0037247749881768807,-0.0073927206310168275,-0.017328971002634003,0.007533356252311095,0.010168024335041806,-0.0005665232214804411,-0.007707316213500712,-0.005062533842961209,0.0,-0.002805887648631815,0.0,0.05291683567427475,0.004637140471394474,-0.004170852873846071,0.013397394842668255,0.0,-0.014980480857020036
-0.023265836982975338,-0.0015102979739157396,0.0002502516268412344,-0.007749360385116644,0.004897018442908201,-0.0002776115020356928,-0.009145127262392628,0.0012134946190919056,-0.0019818170658475083,-0.005882082991895934,0.018705464929803767,-0.009080079801160233,-0.13927991443831758,-0.0263478989857166,-0.0015877927946976779,-0.02679663438534384,-0.004267902511203223,-0.001529169416315146
-0.044638560413621395,-0.004091185670369981,-0.005027975202263931,-0.011330803441541762,0.023055672244250376,0.013943380236949505,0.0014353399166307191,0.0020384784488869023,-0.00150166785274374,-0.011750451085598024,0.014179909866352132,0.005072541404649698,0.014956354994169653,0.002738289875613858,0.0006534221738614134,-0.004626241576128293,-0.010868088902606867,-0.0067451630364040865
0.04438045337011979,0.004917180187323614,0.004621401310907139,0.07866114274757625,0.061859871605932294,0.022743652539947767,0.005043354849223558,0.007129534848889313,0.00623426415980306,0.003369818623408909,0.008544250354462902,0.04446347157353678,-0.06655325321064873,-0.0001880224007350224,0.010465493977069565,-0.006473762911573094,0.0055609971836460825,0.010759100110799363
0.041724444871451834,0.003594384553678693,0.0032881440801163114,0.021490307328731018,0.023921904824884467,0.013703937085039133,-0.00027825122603018467,0.003358641726278106,0.0006936272418742383,0.011064224212323538,-0.001428550227771241,0.009291761490219487,0.03731518387687616,0.00327224777612446,0.0007200809309309942,-0.0044945888839535994,-0.008841436389218357,-0.007535725833170581
0.002162123553122716,-0.001931726715620382,-0.003377193787660364,-0.056476810491905505,-0.011253142348823962,-0.008430076279032367,0.0056084602784915285,0.0020255354969091104,0.0,0.001833989579977835,0.005196215915431103,-0.006311615190909135,-0.14517344852401884,-0.013916131088520621,0.0017286278131725548,-0.029854303853979722,-0.0009927284366193939,-0.0062484157481372815
-0.03606954792383583,-0.0025148890788632,0.001650594993734052,-0.033905149781280425,0.02485975815311997,0.015080964406097125,-0.0076169383022689436,-0.017941680594577604,0.0010642090502016907,0.0007884392509367603,-0.00909635362869669,0.0017106537942411855,-0.006763011171551906,0.004696374005806054,-0.0007200533877588371,-0.002661990804451362,-0.004586865259357471,-0.007667263209782768
-0.034449631611653146,-0.005556366231682625,-0.0018399366785568617,0.014575049970762383,0.0024882869759607763,-0.004483480826992077,0.0,-0.005184703070177202,-0.0039579939248371,-0.0002532270110709103,0.010196151412173556,0.004257204687218802,-0.12318551098862297,-0.019295040114933496,0.012930575177790404,0.0020636418686337636,0.0010716480318472452,0.012702738015447773
0.049425731917335534,0.0067028837588361265,0.0003988147591763719,0.08802786070977568,0.05837446530011009,0.015515539185035409,0.004910088723178905,0.00971972097081244,0.00656368519529166,0.003794941669608922,0.005332295390662477,0.04264362368796069,-0.002664243803120595,0.005060299211222846,0.00678661611843761,-0.004549243214061907,0.012309711205691529,0.015949573102216952
0.026002131311905034,0.0,0.0016544729763538558,0.04058084005263056,0.013189229498845186,0.007273401629657106,0.003122460180632372,0.005253460748676606,-0.0003108489761442198,0.0015094956598930378,0.00033067696589818773,0.010206134933342487,0.04073425122051033,0.0027849938246045443,-0.0019446962573941744,0.007250662513282246,-0.004685532184495382,-0.009007100292979714
-0.04706642607003722,-0.010267098535103839,-0.001346576282190715,-0.03816696720159606,0.0,0.007789412373979125,-0.006674494405651137,-0.014701182568349356,-0.0028607052607178087,0.0,-0.0022035134389203543,0.005219884321551081,0.06070203655315113,0.007777583115950505,-0.0036207671892559586,0.019894347769704415,0.005563776294246106,-0.008966693716578555
-0.057879961047510094,-0.007412671630940245,-0.006387708460925735,-0.05446135444176064,-0.09654943347329717,-0.031041970655796707,-0.0028616469223235906,-0.002403863762951766,0.001086531522187791,-0.01524134968215234,0.010884357011751578,-0.00413327430108277,0.015296054017131423,0.0009154056576424145,-0.0019333258173316605,0.008454824721720681,0.0007081634892323941,-0.008380297588308272
-0.05872542590764094,-0.011325238924064302,-0.003914848362027657,-0.005207664609419665,-0.014286858353931696,-0.02020198820181192,0.000891475100644646,-0.009946297970892474,-0.0024122523698420916,-0.008857197902115477,0.009919448817432282,0.004582636050974108,0.03160852350275509,-0.0012179479272886136,-0.004390638341266389,0.008618306212778364,-0.0010807700930814108,-0.008461009996027558
0.03296724950567582,-0.0006801454784037415,-0.003481605696951313,-0.08873081376011996,-0.0875878418715933,-0.025102043924140997,0.003418145377564883,0.0029151924489580006,-0.0029153189077732442,-0.003917675051767451,-0.0018797142720567153,-0.0030674603470029274,0.041418724374811554,0.005086653921778828,0.00040478500525376206,0.0,-0.0010644545835286562,-0.0027907351609959274
-0.046221197842493116,-0.007786850375760986,-0.005759697524777628,-0.08431362643082148,-0.016692180937879716,0.002479993121991311,-0.003476032154971962,-0.0036848145928490253,-0.0009056761922758489,-0.010562509952666438,0.0050575773159758615,0.0,0.015467300894853923,0.0020368498279073536,-0.005679583572461154,0.00881417402812883,-0.0005554862741329582,-0.011066003848907963
-0.025031158236884843,-0.0005312357299624692,-0.007097989151932616,0.03425065660527571,0.0281747431025865,0.0089418325412398,0.0019513958852330298,-0.0035797349117787382,-0.004465402270870927,0.001054697494291888,-0.00851282885708139,-0.004477565209940331,0.01961661811729146,0.004575895883976338,-0.004248824133591585,0.000899947168523743,-0.0019653905154310572,-0.005142192864504687
0.023605765580746046,0.003409195045325312,-0.0008477577914053374,-0.051442032244233306,0.0,-0.008120003450685628,0.0023411844403683287,0.0024519292531507805,-0.00039553011061093307,0.0,-0.004424619710485783,0.0,0.08655287660630656,0.008492992409211387,-0.0019157429181445088,0.020475015526557554,0.004620573523987086,-0.003953650072118398
0.037044143854552056,0.003952739902547045,0.0031288913522074255,0.024853532995722086,0.012325950929715989,0.008593625508792663,0.0028208899668023786,0.0035657461258909464,-0.0011031597113657697,0.00781403157424176,0.0036824701759654833,0.014185671645599862,0.029529280365115592,0.0024436398415260143,0.0006931652207253455,-0.0020778073457084273,-0.011068417419537027,-0.007655952751818962
0.05151877032254832,0.006531690445403165,0.0007148451006555548,0.08236362211603765,0.05720026393751601,0.015558703505200996,0.006958177920911645,0.010063583619893303,0.003533519894833386,-0.0030481419454097733,0.007112847161949802,0.028613084200076532,0.008909412796584339,0.006866873739989652,0.002280660679868626,0.0032456390178276185,0.01317149946294484,0.01775336421428031
0.031948731450786506,0.0011978342740125503,-0.007919927104816775,0.04557353945095031,-0.0007750957276012024,-0.010395128157330404,0.0006669867092048301,0.0022752365932233692,-0.00013899562689600187,0.0029916358320679517,-0.013347895131277604,-0.019056397702994932,-0.007113407246817464,0.0,-0.0029369821653797714,-0.015192716821712781,0.0013400581686250081,-0.0009366178076316168
-0.031686242926213644,-0.0024293828287143427,-0.004422643849805162,-0.0087065918571185,0.011420582338053428,0.013416791835611942,-0.002059608663589663,-0.004108881355206859,-0.003218113271930879,0.002922545998494112,-0.003491368657316452,-0.006434427513471006,-0.15455097545029337,-0.03152970137084322,-0.008657493209605089,-0.023709703651559756,-0.0006170124147789689,-0.001342268606424668
-0.04394247517765997,-0.002239288160929294,-0.0068741951548739865,0.03694890593221593,0.030231194653630732,0.014541371901560013,0.004019254151464458,-0.002081969283540888,-0.0019388125546399584,-0.00023882856553121077,0.0003226777561803729,0.004962342923400536,0.04437292685805595,0.0031294862519197775,-0.0067209430591228785,0.010790852341267526,0.0023526743324401157,-0.016411915476919045
-0.020110060107728298,-0.001733735643043916,0.0006769817504141515,-0.031740468233569755,-0.00460426938685871,-0.002384722504903046,-0.001896169172736844,-0.0010066098159705866,-0.00382494281836389,-0.0008171933522013911,-0.006784985931101263,-0.0038780271296048247,-0.15603190130385447,-0.03610244898459834,-0.008298971347868167,-0.02734306388375228,-0.006111478799809358,-0.002628809428788015
0.054722209923170166,0.010973120447311972,0.008316862073925534,0.019200732427950385,-0.010630620736236092,-0.010703929526232602,0.005554938334584798,0.009446732488341679,0.002996339218635671,0.0026194997819867913,0.014346884382474378,0.02659338206672392,-0.024696042724002373,-0.006595860807546007,-0.003627351370961185,-0.016953427330639273,0.001856140265193917,0.011731973558563716
0.027228479519583255,0.004244740010489888,0.0034974039460200852,0.0658249432478372,0.027375950969655883,0.015112438873274944,0.004144910680724492,0.006315725957259317,0.002056964115062903,0.002517777718317098,0.01287051739591471,0.003296585598460259,0.007649910709577197,0.0046304239532601954,0.0007994530181598998,0.003938875342483347,0.008560950495460708,0.018275055372324378
-0.06963466230553718,-0.015172420739506675,-0.005425738647575613,0.023476161716800985,0.019241310524419655,0.010264552357587997,-0.012290051744296003,-0.020567786173893553,-0.0008002115560409444,-0.001540557696602018,0.007916033767576647,-0.004272787951808989,-0.0273116406711276,0.002518647973483698,0.0008416996270333913,-0.0022717566326662473,-0.004703627183814123,-0.006231126527944136
0.04990016839494453,0.004453808607599235,0.0023703286273675296,0.035403573385460185,0.017549929470784313,0.012323923469508636,0.002763312916249088,0.006587528561584701,0.0018070650215391833,0.0025667289398391213,-0.004498488087474744,-0.010391209278814283,0.031649628638614674,0.004400589087337007,0.001968943350007842,0.001538717068634692,0.010880524066972527,0.0017986661786565383
0.028732907224907768,0.005484361316200689,0.004789869451890071,0.0652449459968509,0.03556350111910572,0.019252446499789737,0.004793395530299498,0.007201267723571311,0.00013435278945823546,0.003231206215821917,0.010196862166064835,-0.0028592473331457654,0.004788643482246813,0.004886110610035215,0.0017178340235121151,0.003835657298315242,0.009621736166056076,0.017338986782838184
-0.04967471959913374,-0.007544555913505056,-0.00262278544110507,-0.08330252182954491,-0.012075412877687318,0.010097905664876321,-0.0018714355333213266,0.0010584104041038663,-0.0013834471046682518,-0.009285604104392532,0.003899942714933897,-0.010741187919066399,0.026262897205406064,0.0008107851575765689,-0.003990741177427319,0.00982626175715229,0.0005102062349338854,-0.010326770739837399
0.04113535968618488,0.0044097063667956505,0.001688795431542127,0.05663735685722585,0.025698801329349246,0.008464055685472526,0.003219263698721567,0.005184445384149118,-0.0003835595081458124,-0.003457869398042465,0.004586225652901853,0.009924187672890212,0.025147004389464652,0.0026973693105383206,0.0,-0.004763496915366313,-0.00998868816797775,-0.009334175307731507
0.06010510622469601,0.005303289101122632,0.0060583220506104886,0.00912803595187261,-0.004461957972418786,-0.003651136343331024,0.010355377538426034,0.010020135841778046,0.0018285628890045461,0.000693242039389315,0.014159053446417397,-0.013669923742510135,0.03947366372563079,0.005902257580618175,-0.0007410829558221137,0.0022708714630144725,0.006960668790796811,0.01699006964199043
0.0491320993633361,0.0021298207672755644,0.0031993200491670995,0.08438328881167366,0.056432306257606056,0.012276365333531637,0.0073233443416562145,0.007191543255064193,0.004660441032414025,0.0,0.011382046727450206,0.02990787787489877,0.003230333314661839,0.004197810510386272,0.007471087993903602,0.006814309897000896,0.01665180563839805,0.01925063867442045
0.03444839462902985,0.0033532999949321012,-0.004716752846965847,-0.026028040171072967,-0.01259034810895224,-0.003403861608903013,0.003560898029314951,0.0018251976867051814,-0.00355060139106099,-0.004917255940698308,0.00382471007142696,0.016627050313043557,-0.03193629324216055,-0.00290965082619124,0.001194701345546824,0.0018042633583440217,0.006060387222051735,0.01899566707344378
0.04592204834354833,0.0050265328868165406,0.0017247694263928801,0.04271386125567896,0.011336882016453175,0.007736048973152973,0.002977403540508442,0.0056469349818811816,0.002412148252811301,0.00986649398261481,-0.008170398908137646,-0.0035604580658781704,0.03320807306474386,0.004262986751964315,-0.0031321810789347736,0.0008824189510108956,0.008557719504671055,0.011176067838790577
0.052068891938655174,0.006290041284195394,0.0018442792071120062,0.08868519307662022,0.05815170354723712,0.021876118208748272,0.003934867711345567,0.007385787261626524,0.006268015335914296,0.004958599538828078,-0.008369114828019868,0.0349702562515468,0.0,0.006108585239937581,0.005009226210163981,-0.004142512251667514,0.010003063044556596,0.013950098900663344
-0.02389609881063191,-0.0002179802281099181,0.0010196923787456078,-0.07475812886878704,-0.013116748665444588,0.004900430457922255,-0.0012067323600243275,0.0003986309716125109,-0.0011229145784559435,0.0011034206126437935,-0.005275988387775697,0.0009186393373448671,0.020704597657583642,0.0025691019104996785,-0.0018442751154135913,0.0004799493280400869,-0.0011003742568608007,-0.0028775993387580995
-0.03216311483823478,-0.0037101259182725776,-0.0059867994210849994,0.008405521940972754,0.027520419854991422,0.01582540185113572,0.0041863925004225755,0.0012363233365557836,-0.0008737203205249922,0.0027612516356347676,-0.004284611824575083,0.0009466526633042275,-0.011390002338364206,0.00445663243234239,0.001443139571883202,0.0029156377739868317,0.0004912982845747334,-0.0036940753378056947
-0.06649518583630509,-0.011426707429536479,-0.0175612364422328,-0.02938928569342361,-0.01519014718843808,-0.017977968234704187,-0.01690287921364286,-0.017791690690197533,0.0016927337854697928,-0.0045468145766776194,0.010146401376185157,-0.003132566144413818,-0.08054006086027667,-0.000436000872250263,0.0008488911630999772,0.007871720416081193,0.00046309699532000076,-0.010754476341888919
0.045088433702357426,0.0020545066014820428,0.0,-0.06896152224542652,-0.06592613275522853,-0.017753026560321357,0.007350172142753934,0.0037971531275229303,-0.000328998985300705,-0.001370911696070072,0.0067293061675628135,-0.0011486043620331679,0.041521432194192597,0.0025134969149406177,-0.0006574364336597892,-0.002810580112482991,-0.006048434187675568,-0.004971526206686512
0.06414135982780783,0.01668537868978582,0.012235446659090382,0.046488283173575444,0.01697230646794372,0.013416861838489717,0.003167365257327023,0.009266222583846519,0.009855874024055774,0.012574286659241896,-0.0039496883227221466,-0.014399218975709699,0.04427501418525123,0.006086630062014384,0.0,-0.008431188612953146,0.007159208943917842,0.004950390658791715
0.03612018401544003,0.0035118905714412512,0.00020245192740338318,0.05968603923873597,0.028569625436587923,-0.0019152875183504536,0.002332333178863316,0.0030040196939566674,0.003393029686215512,0.0018782886597764783,-0.0003661351213764897,0.034816587016345976,-0.15619402209909203,-0.02215547362662964,0.007634037855617527,-0.017751735388371413,0.0027081879722710956,0.0027097310141686887
-0.03323746393615043,-0.002162065149627965,0.002620541016579775,-0.04154500351220743,-0.04670910658238445,-0.024761546394803935,-0.00047321806421392115,0.0008111950168589467,-9.709706118497021e-05,0.0,-0.003625050171707323,0.0028752940706976717,0.039284566787636505,0.0004513228087311494,-0.0003161006454074344,0.01007914994100888,0.001589529356695837,-0.0027498944896834215
-0.08157467208087477,-0.01509034934092528,-0.004614367083943339,-0.021003022904130576,0.0004990831261049711,0.0038139593466569046,-0.012963540069900185,-0.019045351363343267,0.0024390447231297054,-0.004944208808573283,0.003539932627037623,-0.00030845966504750136,0.03781706325973858,-0.0005470813895184626,-0.004518084451331239,0.009972394641811051,-0.0005431916364437636,-0.01209029253055044
0.06986812427329606,0.012827707365532813,0.016114747501148583,0.025656653466356826,-0.00515596831713516,-0.0037311012834792463,0.008385272372446436,0.00828184218075339,0.005854835329443797,0.0016343530495642653,0.008584998427201375,-0.0075985543807584825,0.041984996406687736,0.008018953296347543,0.0039366619099215905,-0.010517463618978746,0.007273205587168769,0.0070435868282415215
0.0066713299679154025,0.0014970452490004104,0.0001700795881733232,-0.08879251205069802,0.012627187037868776,0.021235336717167572,0.0028238441893574666,0.0018191441790268328,0.0006358150313980365,-0.0011871436120987012,-0.005432231783561026,0.0023162469684768123,-0.017775420220070493,-0.0011397738600305795,0.00024142427583602035,0.0034673490892944293,0.0022216888398827084,0.011935450654344378
-0.03687265135903178,-0.0015860903147743714,0.00042494788232698573,-0.0062727065290597095,-0.004108296616682028,-6.827919779878022e-05,-0.0016575675539747044,-0.005887630262877253,-0.0020051266372578995,0.002070081349747622,-0.002073354695066344,0.0010621219019595785,0.05521076012712779,0.003875937123422019,-0.005782571082489466,0.016434792696964805,0.001223993565235115,-0.012316702090231666
0.07509624711185285,0.008641062477553862,0.016784975764405068,0.0277190638116666,-0.0015721106114556223,-0.0015753489711983933,0.009835938431200373,0.009893654307260871,0.005947858283386102,0.0027691853701110472,0.008810214277466798,0.0086113872787823,0.0467006749842692,0.009472438329808347,0.0035758376281664365,-0.0029307017231058247,0.00933327105224931,0.01005493650736583
0.04013983889214702,0.0043238542073003846,0.002403613694152903,0.06841536659066093,0.018456907273588098,0.012904513961467764,0.004138813355072965,0.005629960631846552,0.0009990195216633953,0.0032672446236096443,-0.00520932127277315,0.005549773489355967,0.003194766724451916,0.003745298231802742,0.0010576255764653672,0.002078463271923451,0.009250518343801254,0.013023746014429433
-0.0781417294259511,-0.012446544925983823,-0.006117405499513396,0.013867777680280361,0.01725100758160882,0.011167069863787871,-0.01919511352983916,-0.02852057472521001,-0.005510681037043386,0.004172466414620055,-0.004814811913075732,-0.0014574543440073454,0.006552501882813322,0.0038241356778558598,-0.0005586937224986937,0.00655541845636383,-0.0009886242730021832,-0.0037994801939261885
-0.03486908461044381,-0.001412040125615552,-0.006525414142773902,0.04812996728985242,0.035129878026194605,0.01318009241021643,0.003924361774733996,0.0025825823442059913,0.0007558262317500289,0.007545598589353081,0.0016871328698283186,0.009916494716198532,0.015518602741223731,0.005695498588837805,0.0006572282355474213,-0.0006928936124721652,-0.00421873292074674,-0.006410501134365212
0.05679825031572833,0.006404894029485041,0.00085415964291988,0.059309643220908696,0.037776083993745505,0.013461357265386808,0.0030849121692137953,0.010223500300734706,0.004760486163344541,0.00787075098643222,-0.006187380372719979,0.028459424237351347,0.028151190911272453,0.0034874767650273065,-0.005221268920859937,0.004945797117180058,0.010492502884494862,0.018585428385482328
-0.05264781332331576,-0.005433813553383908,-0.005233937888203739,0.016120035647032956,0.022390375833410626,0.01292175892830415,-0.01992740261388742,-0.021013123907374056,-0.01307929654656608,0.0017751965883422978,-0.0010513183094784974,-0.020582884720790607,-0.07138329220360615,-0.010596998835608738,0.008604182309427688,0.001292678120856633,0.0008590563546881743,-0.0015845642283334183
0.04824165888094208,0.01429162702442282,0.011454224555486087,-0.11753202027782933,-0.0835159655655599,-0.0215473472705547,0.007942960058316108,0.008115169675994223,0.0014506401184377058,-0.005185737008608331,0.0036738982314316673,-0.011081817463099735,0.04367279262510297,0.007000792886195758,-0.002670862638904105,0.001999222510072063,0.0,-0.0015310432726642342
0.03934026453522061,0.002575270831329466,0.0032151848236928967,0.08031235285706648,0.056707415490045376,0.010610368437459012,0.0067729569125400055,0.008966763353359603,0.00291144811053078,0.001500788872245183,0.011131774213507112,0.020661363040892666,0.0,0.004267805096122695,0.005533987629241305,0.00557317082001536,0.0166639966029345,0.024181670451254078
-0.03877581917938799,-0.0021529271187151378,0.0007840334578954843,-0.023540136667043972,0.008391154964045458,0.013607462653815862,-0.015257162893384068,-0.012247825361370656,-0.002171781294568489,-0.0014212744653470477,0.01883953316362287,-0.001295556289094137,0.04661214573071323,0.0004849659667548863,-0.0024288072794917764,0.013884969815256278,-0.00027548604772972195,-0.0067235995084194405
0.04790490745518593,0.008398095972695835,0.011611787644399525,-0.10459926234067274,-0.08685740851023797,-0.024452356661569485,0.0072711653016240396,0.010170053854220767,0.000566487359565759,-0.0054115169634013326,0.003519558021094642,0.0015283478831550983,0.055314932745716854,0.0076646884742301805,0.0,0.009252282592143071,-0.0005368936350031521,-0.0034419408998094606
0.033582577340158154,0.0032983459395558453,0.0005668442377301367,0.0182349134042049,0.01302370010654471,0.015960874348060688,0.002149623263940314,0.003659482253923937,-0.00017428689646750053,0.003640375979489592,-0.00933916278109236,-0.009217150900797996,-0.009193786149074143,0.0003674570564270092,-0.004563495794523777,-0.0010984661264057253,0.005385491626269932,0.0086852479874973
-0.03197289440283177,0.002373380684734251,-0.0016852024050505936,-0.07256386028330249,-0.10029350102849004,-0.037150159249255285,0.0031903047753163074,0.0036612841117921856,0.0,-0.0050124308722213655,-0.0031299607632741325,0.0034166851460614663,0.05036227278618,0.0038386369662570096,-0.004029733161641938,0.01930810595032652,0.005521687362964242,-0.004504877631841375
-0.04290370945380662,-0.0038292024715596332,-0.0032576934304656795,-0.026289210712504438,0.008338824112788475,0.01147383226270542,-0.0003872088237945833,-0.013800597812393602,-0.0018753883755773014,0.000269771409985787,-0.007375216712592989,0.0005313385889428651,0.038269382047250736,0.002954195704380894,-0.0007289225192374338,0.012969764271788045,-9.213954748744655e-05,-0.004464685554022251
0.04892502950457074,0.008427276410696691,0.0006938796337614757,0.04090587252562463,0.012470191170551188,0.007315840465181902,0.0019509629083733666,0.008204579141198737,0.005237303518671615,0.00553673306435771,-0.000355915473092048,0.009524413836156537,0.04721925014010159,0.0049787415455143855,0.0013227830945401647,-0.001543616467859629,-0.00474983572638685,-0.006119519523821976
-0.029080155097178165,-0.004324729539407366,-0.008109242762639064,-0.029230326621947304,0.01670915986486884,0.019757765595331128,-0.0001563404397453044,-0.007929812152236686,-0.005015059930339479,-0.0005375260948331514,-0.0046310408796444505,0.0011626651483156289,0.051206575594212204,0.0066794208508488065,0.00048122303203833485,0.016055744161626043,0.0047216839630937965,-0.001773013101057909
-0.09370412899344956,-0.017587498787519966,-0.006223810743607882,0.00937525584230956,0.0028155770015075646,-0.011501406476129225,-0.02121386616495586,-0.027857600018113497,-0.007292772495242911,-0.0023528135242037464,-0.003566702771611948,0.002578807541424336,0.046745040547040886,0.0016463434926482037,-0.005805301950819926,0.010784104796965604,-0.004283500500052432,-0.01963352777373159
-0.015469970779500061,-0.0004957050314352078,0.0024857523112420767,0.01870507443846164,0.017174733737717017,0.010099295601090677,0.0029493248440097533,0.005862993533629163,0.0016594973360721393,-0.0021292396568064614,0.0076642420191320336,0.00982144085080675,0.03097664254082055,0.003362942098991823,0.0002250433930379776,-0.004982343487887087,-0.009297434079268611,-0.008099140087240025
-0.08655975722281718,-0.016891160598804567,-0.00745224852650108,0.033469349740630545,-0.004232721100951351,-0.023406716197170878,-0.00035845435624910765,-0.012226977587589593,-0.0024533838762101925,-0.008811307127308224,0.0090837250711339,0.00014035684455382532,0.025425059948664324,0.003108096647833172,-0.005872868038654256,0.0052753981900251195,-0.0009786443026175379,-0.020435396295332683
-0.03656030735948657,-0.007078356189700063,-0.002886778601006242,-0.044237888483741473,-0.017237851663273115,-0.008977101351226669,-0.013968380799587406,-0.010275410423396365,0.001967606654521724,-0.011330441768972127,-0.005253123893529666,0.002493760959082608,-0.09035908747364985,-0.013236212329871625,0.005051936057670594,0.0021781820559763927,-0.0008010868302717849,-0.0007024899153987851
0.020124149250191365,0.0017465861733263672,0.0010775472133364445,0.038278773720224216,0.0036324531555675865,-0.008935363545400211,0.0005773939649336825,-0.004006955334745293,-0.008265288436393502,0.0,-0.011945700452768916,-0.012988031227083282,0.015238002906239249,0.002377587619668019,-0.0032149426171988087,-0.0034579833150772217,-0.004077984573243455,-0.007677390467219339
-0.01777521145879183,-6.435025837822007e-05,-0.00021646120645056382,-0.04295114287597362,-0.04431053033503201,-0.014709709002069993,0.0038096275725500884,0.0036196645241951516,-0.0017998724940399185,0.0007474498016792669,0.008788236220281647,0.0018023906075200922,-0.12361675234969982,-0.021629512421029055,-0.007003914355345679,-0.025398639311123947,-0.0014104799939348598,-0.0027574172414836506
-0.04284118068406925,-0.003038618909829198,-0.007694459999325677,0.035432630732798114,0.0215793845599411,0.007982759895960468,0.001878591106784105,0.002093083887055914,-0.002606729818896525,-0.00012065218133688637,0.007915989963229382,0.00934891066725893,0.021506053346873173,0.003959648023595978,0.0012934595504567317,-0.004910812175561161,-0.012534616406777077,-0.009235282171682506
-0.046484546172965095,-0.0059057012812256315,-0.002178560438992525,-0.010437816812211039,0.04030677305841961,0.017887883889167438,0.00135174755575291,-0.0011482552883005737,-0.0046892740841941736,-0.012432730193689068,0.009135109041146661,-0.0045584273122056575,0.022874704718322793,0.004155919078409052,0.0,0.008792782091482054,0.0006595314709241107,-0.010396597820876135
-0.03252270190950954,-0.005777174843855482,-0.000739507188445631,-0.06704650093561763,-0.0117542678040132,-0.00018282417609765024,0.004061451429939916,0.005723015490111278,0.002197730722924048,-0.0015441933687869276,0.013859349498812307,-0.0035135793468291186,0.01429166460727586,0.0030316202281667533,-0.0022585950890229673,-0.0013303914835107317,0.0018084958279109967,-0.007437915836984457
0.001987990894596018,0.0010977682682474389,0.0009117796211413652,-0.08362318863991908,-0.006212032511040468,-0.0008413325898883047,0.0007586738033616799,0.002391422715596069,0.00025743314471120754,0.0016937583427288517,-0.004062355497560617,-0.001146912534182716,0.05527177094251872,0.005440891382505046,0.0002557488374893651,0.013957284894999936,0.005631689176539093,-0.0025579587150195687
0.027582247230189243,0.004495237682757164,0.0009296511903450828,0.06878132915407793,0.013472202109969076,0.003251000335496428,0.0022002887692474777,0.002777741124537962,0.0011815565188476175,0.005283718008118309,-0.002722678741380382,0.014338249065808658,-0.02320216121891456,0.0006116826743262021,0.0010882330797769403,0.0015957559386589031,0.007444830569917712,0.014549519518297777
0.04700882564546974,0.012535601972087827,0.010831931951034962,-0.11533639065322432,-0.0987506441971109,-0.02647959438058284,0.008109954006519086,0.007363343515667326,0.0008375797347633663,-0.005708041396663525,-0.0030042634586944584,-0.005930446593529609,0.05286786296932009,0.00732675920515852,0.0,0.009077885568430961,0.0,-0.006397157880898577
-0.06533783776828392,-0.008639007407985639,-0.0027165901832344294,-0.08236209765823174,-0.08153300963980398,-0.024668473372975588,-0.006133505152674545,-0.00150761656634415,0.0,-0.012493255342804672,0.008885556129806611,-0.007634093369379686,0.012142759390508441,0.002302361556079282,-0.001798660548630288,0.009471857902029509,0.0,-0.011120868120311433
0.037785712817107873,0.002098354245129774,-0.001052969258022539,-0.07733147901485171,-0.03400178009452034,-0.02681868094796807,0.002612746894116397,0.0040539194218257016,-0.0004946460734623027,0.00025451267275639007,0.004343708921076403,-0.0059087780941582116,0.03501332969965084,0.002712063381052186,-0.002548941301773945,-0.00042632314907278,-0.00699799530448291,-0.004022172223902193
-0.09408854599897472,-0.02267400770685893,-0.0054030788648622135,0.028680520207649014,0.001873289960021841,-0.012291073177855119,-0.0116844062809303,-0.019942334900601502,0.001850811178085529,-0.0016351662605661194,0.0034437258100248115,0.0028015363105313826,0.032429366342628815,0.002208281357584825,0.0016344304233045276,0.005728794437291557,-0.0044711245521845905,-0.012085137705208665
-0.023796305680111582,0.001431694596595474,0.0023586242726332547,-0.03853893659398522,-0.0077304230974497646,-0.00587800492219825,-0.006182544256561165,-0.007286557814851823,-0.002448597221238213,0.006660907473683889,-0.0009079284296945052,0.00014470931033129302,0.07713585509816934,0.015880200914669174,-0.0024884412180084378,0.023295597911855107,0.014099497963876457,-0.009087696477205615
0.0588918293731826,0.016500397628066467,0.009535431715477907,0.028834196905264238,0.004547719888070894,-0.00299013861122876,0.004614065344542236,0.01136692899870742,0.00561948357267622,0.005483608271750663,-0.011117959039552231,-0.009759492358463524,0.017922520142159667,-0.0018073415389649994,-0.003801421718819883,-0.0176620473557978,0.0045825364814868225,0.00427244052512793
-0.027021388055074834,0.0005928935924312616,0.001789915030812584,0.031582627976860365,0.021626816535573853,0.010520595926477158,0.001502187225852461,0.0042240615938751525,-0.0006573447652235166,0.00027504388715883537,0.00022048791913759384,-0.0004852159698393071,0.043105022934966104,0.0035038609665171984,-0.0007079239544105876,0.011937590345830735,0.0003050332649028048,-0.005674576918027474
-0.06672760889778205,-0.01098156780153486,-0.004293763449219425,-0.03771015847625129,-0.022762883734648832,-0.013745265388590605,-0.013414320260178398,-0.01649487572262096,-0.005554636094794198,0.004587323996614319,0.0,0.000774824368447285,0.040712871093833716,0.002577387750884574,-0.0021735180536918254,0.012496428954346585,0.0013968253255340264,-0.011026782835603682
-0.06996116269704268,-0.014165757315673124,-0.002580707808054628,-0.0253422915495452,-0.004086820147697789,-0.0015957941817799461,-0.00987388058572104,-0.015919510825326322,-0.0031330310137094503,0.001659559169436527,0.005708629049611466,0.00195538247966644,0.05469299157803807,0.008169472525591118,-0.003728187657855928,0.016440914982071664,0.0006566613589525909,-0.00847331457529231
-0.03255411995079921,-0.0032707824346753784,0.003434600282657991,-0.011520248974605442,-0.010632923625065072,-0.003939690286052017,0.003433916425858676,-0.0007971092042805263,0.0013242519770201389,-0.0006303926486529396,0.012042882809272817,0.01610202201298435,-0.07057535824565699,-0.0028655967664618725,0.0036937425689928887,-0.0011287696354491871,-0.00013836398832128266,0.011079914974152075
0.05987964764275765,0.013997832749503671,0.012191401914696167,-0.059137686841681074,-0.03193284130404632,-0.023646853651161644,0.009210376761587351,0.005997177666079459,0.0007787695633010126,-0.005321671938677881,0.003745891571000273,0.009237839583349693,0.0462062942744512,0.007100726034314787,-0.000868640411324918,-0.00031306369161885895,-0.00518870979424857,-0.005692607851605254
-0.07202727764870046,-0.011538228317618825,-0.008536973428171578,0.002411042114606003,0.009867033229466925,0.01312131173669837,-0.030225385076908313,-0.0331142017516705,-0.009735186110488825,-0.002771841414536891,-0.0048932647620212955,-0.003430946846912522,0.036334464646897324,0.0023189098982201927,-0.0052223776800095646,0.012039467515293311,-0.003988494962130391,-0.017762003602178472
0.06721828831447718,0.013042553490006074,0.012125132815415354,0.02918629514964431,0.006747470131888673,0.005648579003105623,0.003138033936438059,0.00968489940032802,0.004439071682845066,0.006691354301266055,-0.008001097424268553,0.021324902960488345,0.034790726016562586,0.0054562760916808594,0.0005413676350087829,-0.014529687824862067,0.009180901835179394,0.009696323497403458
0.027856347040104427,0.0017428055442426553,0.00412624456300852,-0.10047402939655045,-0.08468621784776527,-0.02921381985377651,0.006615994539355315,0.002868551276947473,-0.0005096506832403806,-0.004517953307260453,0.001399784120718631,-0.00524458698868363,0.054499120216343885,0.006735083107811729,-0.0005393427138487154,0.021928218103773517,0.002794825967128741,-0.007782009636912543
-0.040449535999813296,-0.00443379812635172,0.001834521874747889,-0.02047862597800618,-0.0071004343359590645,-0.015711248414136538,0.004663095388425225,0.003420128440172293,0.004261208888299879,0.0014207182371440803,0.013664925802286156,-0.0049814456656317825,0.020218235117154138,0.00308416679912384,-0.0009995576498827363,-0.002956598275122009,-0.002373843956970468,-0.0035950577982424847
0.027581523747241245,0.001513882102968353,-0.0027607287462611276,0.025454884271428873,-0.020834108782254526,-0.016466155669250408,0.004257603590796077,0.000638377780689071,-0.0009517436038892235,0.00060808520707667,-0.012606261917578203,-0.01665466699549384,-0.08196271300445493,-0.006174827899225883,-0.004701919976708069,-0.01782154683652387,0.0,-0.0013327089850411616
-0.055572224525014806,-0.012094445759813636,-0.0017499831918883371,-0.025825118576119636,0.0009944037939773975,0.006320017995950051,-0.007729602483992217,-0.017060541181154108,-0.0029898015679951247,0.002052925902005705,-0.0021547512732015147,0.007008512693740451,0.04852741514262948,0.002540101209790574,-0.003299132707606851,0.015834680385300223,0.0,-0.01146194626302649
-0.049882311271661935,-0.006905862063565407,-0.012171300315859775,-0.035802967285546244,-0.006666884722050298,-0.007151304285021487,-0.015422256798520842,-0.01520210500646735,-0.001762381530155258,0.0,-0.002489445212902946,0.004633377415468166,-0.07758804148250627,0.0017033764868332655,0.0019446200846934692,0.00834385661840145,0.0012410458893429115,-0.003656640539372591
-0.049686555473542435,-0.0048389873110749665,-0.0019603665951614152,-0.017829775713202194,0.0063516865625499125,0.007650061081387467,-0.010231721960003168,-0.005592925729688263,0.003064688334221192,-0.0003079339168080262,-0.002324475503406482,0.0011963735288808425,-0.11618428233115848,-0.025452995689371285,-0.0019755435128223854,0.001572307073192789,0.002604880515177584,0.009047350544733518
-0.029642155134770417,-0.0003745794896928534,-0.004704702694292095,0.046328672609908916,0.03531652189207089,0.017167270766601628,-0.005591273393119361,-0.006060890632856172,-0.007609182177782736,0.00577575554960309,0.0,-0.00428146776081767,0.04092268749590389,0.003920065108208034,0.0007624726414404298,0.011719955287297844,0.0029406070574562898,-0.0026250520467801935
0.03110128382191907,0.004406016119053421,0.003450574100230604,0.04639483141202097,0.023793675189256458,0.017040327966068483,0.004939817675516288,0.004134791304051798,-0.0012298298087825823,0.003580468470664598,-0.002823808218413967,-0.008641752918493721,9.622096394992126e-05,0.0061024814618324905,-0.0030039640427661466,0.0027642634941820628,0.00844892425376674,0.011905095387187092
-0.07696302597270312,-0.01596483293945966,-0.00998659720932377,0.03198328903877666,0.02299163584158312,0.01104998789642929,-0.01688167127185953,-0.024138464876258314,-0.008453679848674114,-0.0006836237150753272,0.00390903441855815,-0.00526453121924412,0.014267720197151182,0.0058911332793533016,0.0004861384008188843,0.009083143994211774,0.0011341733513751074,-0.009953731211120066
-0.045322736116063814,-0.013282392213084497,-0.0019710853150742193,0.04027915506768452,0.04448600598764587,0.02042706294461092,0.0018883742131455287,-0.0031294334593993654,-0.003926688520529764,-0.010849038824483657,0.007817252351963537,0.0029153318556137784,0.0018505793460499274,0.0032185112675900095,-0.000349960495523019,-0.005631147255239891,-0.007651064386238361,-0.008933190570621294
0.04290668416100165,0.0031749587895943273,-0.0013674786321545836,-0.0475184907729455,0.007503101197051765,0.011802894110387563,0.006087084050802188,0.006396697632203756,-0.00015758231786503738,-0.0029292284847719885,0.005613974694606556,0.008223512990237401,0.03653986333756514,0.0032732837207500583,0.0011934021441508996,0.002045097304444925,0.0030821603178878927,-0.0021061704013861926
-0.01914960017127625,-0.0021755409368990155,-0.004943840488131781,-0.035476460203562675,0.002915188681065997,0.0011922146724363304,0.0008401657099126141,-0.006725483931294825,-0.003920241610695265,-0.006239125367870785,-0.01008078761041748,-0.0007526690646587208,-0.13364520364907517,-0.02198943017712854,-0.0018624584193918706,-0.028046147450595624,-0.0019038221327759243,0.0028270939400214523
0.0379476100233145,0.004596984572283416,0.0026017576261048183,0.07221036962214529,0.02315072683517192,0.01788516718898979,0.0060356544480666035,0.006337554251123414,0.0026317327227620667,-0.0011845101224702717,-0.0025849298280084605,-0.005544644475052474,-0.018130075345627442,0.0019479266784564033,0.004290550361527818,-0.003078313928866413,0.005626639253385389,0.005347998084348243
-0.06138047467030729,-0.008368739050655622,-0.003392787403158357,0.006894222290437766,0.009294209415354776,0.007312307192387451,-0.013314344652510161,-0.017885057007485595,0.002922956954116144,-0.0010089998394336543,-0.009654890925558017,0.0005310133258126288,0.020198494926987207,0.0030790502207530485,-0.0006485616804779015,0.009449557165797338,-0.000551295198918553,-0.0031542542440686563
-0.05501351310959043,-0.011576717652018544,-0.0024407916936251394,-0.010496615441696843,0.0015773738552467588,0.001067097419581333,-0.008263853469516075,-0.012798402067838255,-0.00023037213832810189,-0.007503011035123662,-0.007150824792321578,-0.000833709238349746,-0.09681323517515068,-0.014790937078616572,0.004286458670942937,0.00189746970786924,-0.0026955873735651148,-0.0037169158780792355
-0.0329386668400271,-0.0012672679328121932,0.0013362678208233576,0.0012829779206619736,-0.0010212818001820042,-0.005799076943259153,-0.0023646530762897254,0.0004338504759679186,-0.0024523449481139823,-0.0024211859306482956,0.012612556572734817,0.0003971250022710106,-0.14517318905925983,-0.02432311967413155,0.0017811433779302043,-0.02258889163629179,-0.00043802669368936604,0.0007288074129357669
-0.049032819743976885,-0.003181998964208617,-0.0036247471350151234,0.005024800190680895,0.027500188603984007,0.006493991340956097,-0.00909624114669418,-0.026491919341464103,-0.006055758824876762,0.00338282126616769,-0.004038507759257729,-0.018569631321042637,-0.0017784472233545218,0.007332445073390084,-0.0002879850981794487,-0.0008717539005125765,-0.005266342032117576,-0.006287677858436425
-0.03314005313046708,-0.002352990973554628,-0.0069322259717850285,0.03574669833645843,0.023414303413933513,0.011365941348580485,0.0006579059196909021,0.003336610105156638,-0.004445359295723129,-0.0018357268451475632,0.012173889036029896,0.00487396035049155,0.02108219265651594,0.005835522302575753,0.001201404521561512,0.001543367803834322,-0.004372000511748348,-0.006482119483348231
0.04933882625476599,0.01426825389765806,0.009767625952959382,-0.10305500607347198,-0.08783181435362626,-0.02326996186387674,0.008322992823237195,0.00906095905299489,0.0,-0.00555544150364975,0.003439869723613655,0.0006298150094575611,0.053882392092839446,0.007088107935926897,-0.0022461275798461174,0.008000360067923594,-0.000760922153468768,-0.0036397956268980694
-0.03173475680568554,-0.0039002393523703657,0.000909343025766554,-0.07402432327381442,-0.015577851700369915,0.006490581103917932,0.002392783263018463,0.00020845255829634598,-0.0015253189169880384,-0.010923710949247495,0.003772166111817214,0.006519304601643984,0.020004321062170708,0.0011935587053406482,-0.002770614274353822,0.009860970343274015,0.0021440370981882146,-0.007685223625736287
-0.042771202491228656,-0.004858437293441131,-0.006597010923092207,0.03917924535654454,0.023376475599025975,0.006342359019303796,0.002503329574810207,-0.003510481467675657,-0.001999290100057946,-0.0005038671795340935,0.0031436663123336063,0.00885138679526701,0.02527642148267442,0.0031021418756100767,0.00012973163009360997,-0.0030871638198015743,-0.004732531302802179,-0.008430237316473625
0.048877474994303394,0.005097364302921206,-0.0008494216500355092,0.026478930151827798,-0.0009193712523570853,-0.003821311808828924,0.00632416874847447,0.0041807087340078024,-0.0013503607264434398,0.0018559605549384498,-0.0017552013021919863,-0.005839285531638958,0.051984464494078106,0.004347871041786491,-0.0004164233702139635,0.007777594274971727,-0.003754534117741447,-0.005400270854059308
-0.07101954460471838,-0.011332824260057727,-0.01901651672137026,-0.037921731164923665,-0.004117841035492988,-0.005925970077867899,-0.0202529420210658,-0.02174934544272778,-0.0018450996257508333,-0.0032690298810646996,0.000982686059854807,-0.003386505590753895,-0.0004006071740646795,0.0019488833471382795,0.0012598577259014504,0.0033687111196770746,-0.0008337411075073284,-0.007439554342544813
0.05413360685094143,0.004845139792134064,0.0,0.0708547151036195,0.0495503119561978,0.016566998073584163,0.004509793286480222,0.010268881587402717,0.007031866783569966,-0.0046652651654354145,0.011399265056054864,0.031977131128728034,0.011896775542429504,0.004992347227353195,0.00392792910863067,-0.008799117070410272,0.012922344033174993,0.0192175622629982
0.03591478501206636,0.005563376744697576,-0.00015147967269237044,0.06676734854932705,-0.010788269921556112,-0.00850567077576888,0.0033960627908556735,0.006016349140739863,0.001514401298321146,0.0002048880659905393,0.01167462424232719,0.03253079413878263,-0.07889065687297184,-0.0011915130091838765,0.0011715158681812044,-0.019757424539249217,0.004927739572743569,0.01100252604039502
0.026091331089980692,-0.0024334983799081094,0.001150073556577151,0.06868755251148717,0.04149721916154372,0.014206194007971027,0.0029061873617268474,-0.0029696060944985553,0.0020491238180003527,0.0036694895032875156,-0.00665814298716501,0.026058794228206297,0.003609962499715874,0.003863316484889218,0.003784633996632755,0.000996875634927276,0.007760905260955551,0.01638462307261271
0.06716084552116074,0.007258226082832882,0.005591164457171265,0.04735201663444506,0.0006966508523595239,0.0021162505956171676,0.006219849348602465,0.012509389977851866,0.00807201826061217,0.0044085069085241565,0.016270563079977724,0.03888384348073089,0.03794437026280673,0.005685757249384899,0.002250029499466018,-0.008642534089288174,0.012770201649973665,0.015927235155769603
-0.033669842104432,0.0011252545766992572,-0.0017815303706051242,-0.09290653884495818,-0.11301564770266465,-0.029562233033120756,0.0006905807447494119,0.003392871296695128,-0.003235254562303944,-0.004763947115047127,0.002249142961947104,0.003240381611435923,0.014432422530618326,0.002358815993023291,-0.0017736543280165652,-0.0038826552010103625,-0.0020101682853370427,-0.007050049106383849
0.051075179885284754,0.0036293357895313917,0.0007193387764493306,0.015582866291576455,0.013422778955905452,0.014244140254506528,0.005450690177740349,0.007060157792052589,-0.0008665305712845569,-0.001110155313079078,0.010131997594591251,0.026230215933378268,0.03233999878798565,0.006254372655458106,-0.0006335830631478457,0.003983313645572951,0.005648681381239302,0.021156004220382635
-0.04667270806443736,-0.0015495112041387829,-0.005141141085305977,-0.05448743825454607,-0.06803110710054348,-0.01761518124170291,-0.011574779752248679,-0.0066322596167650355,-0.0018549437013032442,-0.0021558293852728294,0.008580887491943492,0.0,-0.1291710390718168,-0.033237224129395664,-0.00781463021244354,-0.014897772121275759,0.0011904081743177042,0.0033285253383381064
-0.028223007485767233,-0.004750709507860466,0.002491801276352772,-0.07066484066218177,-0.012632223163809152,-0.006825582145945268,-0.003004714053199111,-0.0004283754009266591,-0.002264834444289648,-0.00021219089099650538,-0.005529030429045601,0.006950887821696749,0.03397710406878292,-0.0016014706099304985,-0.004176394024740338,0.01428217254526227,0.004689705334233996,-0.003520860910771223
-0.07972135232442247,-0.02020300157048082,-0.02287651237838686,0.02680601469584651,0.014069230822139327,0.004194437288956895,-0.010774706616250596,-0.023160976415833007,-0.005999275409969863,0.0007995255194015567,0.0033145024635423746,-0.003214293234266554,-0.025239882497594453,0.0016600196160052821,0.0013375562823817059,-0.0011765882365358394,0.0005114142462138497,-0.005040460608798175
0.043980084283009806,0.0042617722081668965,0.004930775452644265,-0.06354311408119974,-0.06255008272954933,-0.02235704636392919,0.00021882980850055438,0.004875597187011536,0.00035413220676835846,0.010851731082014624,-0.005449911306156646,-0.007110997244339319,0.06618373599154113,0.005946835399082206,0.0006214136737423631,0.01023067528440516,0.0008067073654619229,0.00025814617502261
0.05070703056949118,0.004772024913491317,0.002958200895745828,0.06449639576916455,0.03491278490683389,0.01575811124703285,0.0032548199910548896,0.0029147477868398707,0.004011115701710172,0.010212621017746646,0.0008658443805426891,0.01386107000666253,0.033831692512244736,0.004152251164582542,0.0017982933320128563,-0.00402833917312995,-0.007556746018782118,-0.008518879545257374
0.05371112458153877,0.008961863812079987,0.0109923709814921,-0.10813397025774445,-0.06901669390416866,-0.02646639645324136,0.007194070244554032,0.0064235336466741625,0.00023028579210822235,-0.002115420471197984,0.003614204542534588,-0.009357324106390568,0.0394102334503338,0.00341289503712691,0.0,-0.00036141786213068347,-0.007175212337592703,-0.003835433437503699
0.04544220693911773,0.004116232386984102,0.001702747845702231,0.05884950953055377,0.03312218183965684,0.013644979357844313,0.004526193461312772,0.0002337030436352388,0.00538889735855982,0.005860141305319857,-0.010248970112975835,-0.013108142935840335,0.02514472241650551,0.005261750344105818,-0.0014655896332876352,0.0034729994491677287,0.008867275106813495,0.01556307688004624
-0.030745808451057243,-0.0018148084868040266,-0.0017201343887086773,0.03815531853517608,0.02295266918753194,0.010324900482811086,0.0015741379934743128,-0.0011924769111660975,-0.0009218338188540673,-0.000530019273453455,-0.005757341367330903,-0.004601938829665339,0.029806333339005772,0.004319195888626801,0.002328779032278329,-0.002139457077978509,-0.0072767796157852446,-0.0032417271200996453
-0.02889452347467854,-0.003903980564537604,0.0,-0.05232634260946701,-0.011095361592749892,-0.011016866584654754,0.0011420303852549907,0.0020887955655115643,0.0007984923345010942,0.0,-0.004115764163267503,-0.0028462185353078265,0.02039314826497424,0.004067041682100591,-0.0028575477429745814,-0.001468597847056352,0.0017771990430616217,-0.0031959700265499075
-0.03391313783489629,-0.0024787159192604315,-0.010079607712941935,0.02930925410864081,0.02910209358312408,0.01273238282730592,0.004085030833516002,-0.00790242998207957,-0.006448837552092136,0.003045036179288782,-0.0030947999703563323,-0.0015759514075373072,0.042630761860085443,0.004581945459821084,-0.0034852993699688414,0.012484810052640391,0.0007426518068172796,-0.010714977124574407
-0.050138223188183624,-0.013677418559006237,-0.0017858732580267086,0.034705855005059266,0.04504836766471139,0.01444418218234799,-0.003977775917703188,-0.008597357794774793,-0.0036644302167049988,0.000539780161929821,0.007204612867912615,0.004339563420196283,0.0031013056459744566,0.004209868137649849,0.0004903047582700833,-0.004447154815824906,-0.005117156044993493,-0.008926557199032095
0.06306328405725285,0.011313523672613714,0.0,0.05480008270011265,0.016314806098654266,0.006500142728106394,0.004579818407238181,0.009596955717270907,0.011718120808123341,0.007259360337484013,-0.007096390855911393,0.015172613595098033,0.037074199212795,0.004482251522586576,0.0013217856619514336,0.002888032249539675,0.008692349445205498,0.016516318966448534
0.013936003725471493,0.0013415241766695028,0.0033303983316455817,0.02535022695904952,0.017514645838628252,0.010687881394335312,0.002904452638230075,-0.0012896209647675855,0.0,0.007194047434992013,-0.003580879492772175,-0.004602739272265821,0.053168433935572496,0.0034395662461679903,0.001035549320560954,0.012210520197150972,-0.002820549627912529,-0.004711796434931914
-0.03953481033459164,-0.0009093161476871591,0.0006778571002368558,0.005045788522838053,-0.001403420386037902,-0.007684135921908347,0.00026924384684143667,0.0005686317736699863,-0.0012441376452571626,0.0018726310535251182,-0.0034705567995003323,0.0005710458995602711,0.04541353337676444,0.0021076886477872257,-0.0010559174160172174,0.01355811760127586,0.004358767859472202,-0.004391631581739643
0.050260331048495685,0.004400269223035996,-0.00012875491462497306,0.007990100410633444,0.007800595255424876,0.007311653097048829,0.005748445163953274,0.006905145315272914,-0.000728167091030933,0.0018702681101739715,-0.004268154767840102,0.0019558170101152887,0.032768327343366065,0.0026124801903668745,0.0003307477818720326,-0.0009717203602509391,-0.0004930377791812556,0.0005802520108359743
-0.018015736075264705,-0.0037977742907386145,-0.0004107661493244212,0.03394524606313511,0.023523661897475626,0.012033189455940382,0.002157162902231863,0.0037281824878273697,-0.0022072733330301625,-0.002725832557451747,0.0005031833673793705,-0.007847798810695583,0.02532526598915252,0.00417550268583298,-0.0003184286181245854,-0.0019543765906864328,-0.008941653695804639,-0.00675838945651943
-0.039387902962443815,0.002644841817423105,-0.0019007735761240629,-0.09848671199168084,-0.1244429527002698,-0.038327213031593386,-0.0006940216214437055,0.005656598948324571,-0.005284876328965225,-0.00900554591450313,0.0,-0.0007271587794431369,0.041149063031920764,0.005350361451982766,-0.007703160178546441,0.008955223318749329,0.002276390454698836,-0.014462665219695192
0.05141014323015283,0.00922789212275521,0.003559819551110589,0.07642153983100251,0.053635997048603314,0.02094581147532794,0.0062410873217917774,0.004457515219867833,0.004379020716321666,-0.002659094177099942,-0.008496013746187595,0.023175861716565167,-7.956676888466654e-05,0.0038355784006082316,0.004535543139134701,0.0022369208775559718,0.01378617328120013,0.01846322636346881
0.060953886130559964,0.011345480479479756,-0.0008869395641009581,0.03181213971343606,0.00981760583781644,0.0038471711996671404,0.0037979670056368597,0.005602929103465735,0.006248590141858794,0.006572363958604175,-0.007562713294519675,0.009432716177825241,0.03948722444232709,0.0046389562142977216,0.0034426484463228203,0.002621895595993777,0.008304760975758389,0.01557858565459258
0.05091886418479783,0.004883475085185485,0.002983840738893452,0.06229351154171604,0.007150365557849282,0.004255132041861935,0.0038805439678272057,0.0064287904992226695,-1.8340955620138045e-05,0.0028927855072937367,-0.005384387560277401,0.006446678386593885,0.03321230435211609,0.005127359603394958,-0.0009338467457919858,0.0029142563462098356,0.010677922797050333,0.014664943162315591
0.022950608866807602,0.001153694874139168,0.0,-0.016345085715780354,-0.02113072070195746,-0.016444199225101975,0.0012680867187018585,0.0016648979494861544,-0.0007800715814763135,0.00335526945321579,-0.006388344146802396,-0.011417951696442318,-0.024709819772677402,0.0029003369727804407,-0.0013249729977930515,0.0,0.0009647241644060268,-0.0055490882947481085
0.038636803216682135,0.002388992009464897,0.005530279957526042,-0.11016663920825841,-0.09458917282566308,-0.02851669870660437,0.007029731592786078,0.002405388085356002,-0.0007834073381502813,-0.006471055045637646,-0.0026598305527940976,-0.004469963616130394,0.047905999532002745,0.004841550079504945,-0.0024815992411217898,0.009149483345045692,-0.0015016500033935949,-0.009199700310168868
0.040130170777236435,0.004621722164923704,0.002488462329980781,0.06751789586501006,0.02103219463295777,0.015069951525013716,0.003942747123463778,0.00448751369367376,0.0007361368736279432,0.0028876949088468577,-0.0086662668142978,-0.007158118861745234,-0.003759648364353503,0.0030535992137144296,-0.004626715953589821,0.0,0.009305585507118071,0.013955109057948972
-0.0495594020163239,-0.006285511479358825,-0.003226103399718327,-0.011588914200512609,0.005125548678558493,0.0,-0.009702990485423432,-0.004314115585447298,-0.002376951813743797,-0.0022201843848817905,-0.0011750700052442593,-0.007054091315893706,-0.1616109062136775,-0.04174107811225003,-0.004252367067593841,-0.015588897885837108,-0.0038834163315825555,-0.0031584873694094906
0.011672374415364607,0.0010832892562579973,-0.0050545983107410245,-0.11408147530965279,-0.10410507626233455,-0.030993472758395032,0.00019088813026017218,0.0028884718569262323,-0.0019333661235771446,-0.005619757014919048,0.0015496599012514854,-0.0072453982817938896,0.05586144137455574,0.004648926650435962,-0.001716292728066889,0.013033654283757072,0.0034153784179824682,-0.008636669104034433
-0.02882258575817225,-0.001975883343601307,-0.007399957672246436,0.04746448627379595,0.03807317850438443,0.015188894423052664,0.00083189755818098,-0.00046665919854314164,-0.007230876645620717,0.0016567058544631878,-0.005543490935577774,-0.00437853948255208,0.020963050638529237,0.003324307865583843,0.001052268248990049,0.00047508956280597895,-0.005345893811697871,-0.004771168854130259
0.07366420081917534,0.00861540339418987,0.011725464481372632,0.03800859518421695,-0.00316859525797865,-0.0036631647493748035,0.008247016827710965,0.007951114949104008,0.009540628089932963,0.0019154853438225652,-0.007014126858571272,0.007933019782282705,0.043677613244893186,0.00941142857529696,0.0042835253121350485,-0.01050535179877049,0.007767637843923029,0.013749826511141594
-0.04754522687987963,-0.002313152488640969,-0.00626921372919896,0.03487180569035557,0.004497885032119241,0.0,-0.009193509680765925,-0.010545653339045963,-0.005589893926152428,0.006292002064632976,-0.012559777310706326,-0.00960043729253929,0.025685518741687282,0.00498526923397178,-0.0013630126024420685,0.009304813080530414,0.00022204735426711194,-0.004681947858186888
0.0458587707357743,0.0020061363189221677,0.0,0.0007409448166902241,-0.011317431416478604,-0.009003694310773804,0.004192575572972112,0.0040004583039983796,-0.003455649447429551,0.001558089446895001,-0.00650719147605145,-0.008212264563631522,0.03582551696180613,0.004279956027022193,-0.0027525532713875284,-0.0005321237068468806,-0.0013656282126025096,-0.002472731388740518
0.06960926554510653,0.024902318509822236,0.015640484156056643,-0.005654246109741274,0.016048314866484597,0.02772917370117154,0.00574790221097218,0.0016375005096442381,-0.004862756595242885,0.008787711275956128,0.036062595730532505,0.001276316929823076,0.034644221320501274,0.005565326573150281,0.00192010286903027,-0.01518519644255005,0.00678554525065956,0.009636298164224177
-0.017673387933376156,-0.00020274620411872262,0.002121258140152516,0.00836682518117218,0.0037150003628958106,0.007631826900596307,0.0009635050366857793,-0.0021670436982841154,-0.0023083980811371405,0.005733631680946055,-0.006588902681067033,-0.011922249943471921,-0.14068698303823907,-0.02588878414662913,0.005524857274116327,-0.014693458210299413,-0.001315356054002331,0.005687874808259025
0.049553831635505745,0.004333517509583071,-0.0019719285695351607,0.03293668112929651,0.0035197455872491472,0.0023476047286003594,0.0015272283430599423,0.006878107484033938,0.00818048952321847,0.0025611397164493426,-0.0003740264604599524,0.02854757314978227,0.03180716153707555,0.0032759515999769744,-0.0015669056776435879,-0.010414880693517554,0.00947573418779178,0.006339359015864882
0.05690431826075674,0.01561092984726901,0.008775719636726053,0.056451344051359376,-0.004505649107079727,-0.016251432194328484,0.004249124042953979,0.013054432399472684,0.01101560625451582,0.004802274209426168,-0.010779307836915006,-0.010082043583843058,0.0007726712991127083,0.0008198735137625352,-0.0036882538898938013,-0.015930984757266953,0.006550655363905871,0.006378148593222083
-0.028309229215576368,-0.0033912733458904723,0.0029325639270996596,-0.06531699267320971,-0.011674612447998516,0.005324990530261624,-0.0018439873179602593,0.0005209248462194448,-0.001855416098095716,-0.0004926376680114193,-0.005928097225967678,0.0050201140439644805,0.03150658346438128,-0.000436374300546068,-0.00296361346569982,0.010129238336331612,0.003582471102263758,-0.0033133421955185843
-0.01373263351968608,0.0008440167125217909,0.0009680421898830622,-0.0806955856691859,-0.017545624072236775,-0.01401397932326903,-0.0035742094696986425,-0.0020007382077107867,-0.0010826340700758978,0.0025096624529859835,-0.0019600950187751275,-0.005002823568863815,0.020225699487768437,0.00409178582182803,-0.002584586489634967,-0.001488076553737933,-0.0049020761552512485,-0.0026579609668863635
0.07123922223692428,0.021142978104646583,0.014958928794207415,0.010092229109565894,-0.0077168560260620755,-0.012359280664053469,0.010125174658311753,0.006633101911033433,0.0007546706275823611,0.002057478206048317,-0.012451697227207483,-0.016646311184515084,0.04322818233955086,0.006058272020837139,0.0025314087062232407,-0.007166199155152138,0.008235815907609433,0.004957345021865955
-0.04599095965221318,-0.005257612976164328,-0.003341588743436949,0.04072918040101486,0.03630407342326609,0.01796176754417912,-0.0008819201028839829,-0.009039890812973506,-0.00454186426077715,-0.0006003048960073327,0.0053710602497431805,0.009541168539320985,0.021195019602005916,0.0036580724255715113,-0.0008685685949885827,0.0012626787018252797,-0.0016449890659060965,-0.007093777940377119
-0.04724473708159547,-0.0044065530437143625,-0.005067757531006281,0.012196004652215113,0.000534795535757104,-0.005881111427784555,-0.0016312049111750972,-0.0068887122355656884,-0.005885082052765113,-0.0026462994608254732,-0.0054429840414271895,0.0016185780472976713,0.04852467024486604,0.0011400353477856472,-0.0049684703836145394,0.014594486984318413,-0.00013959139171744724,-0.011648618756768625
0.03988128093730979,0.0074529052901671925,0.004356339933239575,0.07493328992575585,0.0552572268502446,0.011376388839083741,0.004387855804140654,0.006870237115727412,0.0011031182092613684,0.003079254512879383,0.011107651576952421,-0.014612795942143,-0.014725997673655023,0.0,0.006329144294837425,-0.002513318057310882,0.009059726601389293,0.013666150823298667
0.02516594475564212,0.002893523677084467,0.0011076700514432236,0.04488453940252001,0.020554784064232418,0.012134930151247395,0.00459663930474182,0.004495044330314846,0.0014662841977014745,-0.011926490595478711,0.008907070560378219,0.009906457697669681,0.021252454515036937,0.0027577090628351088,-0.0007354558277815422,-0.0060753443922308,-0.013143596058028558,-0.01246745274171579
0.06374965909296704,0.014963516653796605,0.011604336696247473,0.035547779210375774,0.013775385208371963,0.007361293041695892,0.003125192894198561,0.008749644656653422,0.01089317110886134,0.0017751579542658693,-0.004009167872521098,0.0014410462384327016,0.041206479614093135,0.004934054053598415,0.004317102001130542,0.0005896046627587764,0.009330817922784623,0.009099383878755168
-0.005194869654900653,0.0021411675518047003,0.0052514600657237245,0.011908888190743832,0.03097605742047861,0.017122107486101514,0.005413746999899376,0.007468600311267342,0.0024172206223637307,-0.008549511192835865,0.016281642969987117,0.01979527557432344,-0.0303779589933696,0.0022481896809634296,0.003929273610080305,0.0030769345506234135,0.0059149573646414605,0.017527005837228354
0.027705543928621793,0.0041814485296753036,0.0021246393540103603,0.05636123286778097,0.024721423508719673,0.014243956935800942,0.0021549260133932684,0.005113993204476257,-0.003904859149475689,-0.007213331558208611,0.003146524996224966,-0.012347635410646741,0.015372300013899897,0.006103889923936574,-0.0005423523042619001,0.0010772240981818252,0.004537261252321052,-0.0032863740618044035
0.03722229164060369,0.0038233054609990223,0.0010466673948352568,0.005736114491761779,0.004212736910452546,0.0032636192244280826,0.004614296351458721,0.0033973910649553714,0.0017742075901044136,0.0,-0.0036651546471187873,-0.0031521300348643405,0.061488780023010794,0.003449482472029004,0.00011175776444606067,0.010859863083173807,0.00063381669907542,-0.0023980357510816896
-0.05897490699774351,-0.009154970935471456,-0.0036866156234538643,0.029650649256455573,-0.0062592065481434055,-0.0174700816087397,0.003638422477127779,-0.005493604852423001,-0.00548411298393676,-0.00625918704936616,0.008727318278551872,-0.003034957246285099,0.04168466652617271,0.0008252744240536467,-0.004363325996261556,0.010649174671529336,0.0008160013341146136,-0.010047401792234498
-0.036318090905283394,-0.0021812074673757654,-0.0034968465014780983,0.01555683622076336,0.03112262870264981,0.009745209014559341,0.0010440909108546488,-0.00920161231623292,-0.004092209339302718,-0.003547554319272132,-0.008974908098842143,-0.007192278895579334,0.010846806708462315,0.004863686886732892,-0.0014770802968590046,-0.002972798633016405,-0.008167271715543557,-0.005981841143339496
0.04260121399698659,0.00495096010732079,-0.0010196972463628884,-0.006580779557843843,0.004076261276624488,0.005678266749641654,0.00226963385047197,0.0056754826436834615,-0.0025403927536657286,0.0011861194637061607,-0.002437696591134982,-0.008260649207037079,0.051599325891235844,0.005948706658803859,0.0007826748386238129,-0.0023924639942506203,-0.003256265483333863,-0.0022363491614528774
0.04866680399534367,0.008279395962174366,0.0023680497138181085,0.07858317615407348,0.052678048909281,0.017080271467767076,0.006351209564109645,0.004373242566246448,0.005758005623069112,-0.0022843509471172085,-0.007198724647022602,0.042166794953142,0.0,0.004681544408999295,0.0072793753643467275,0.0035702422776183688,0.013484001256855147,0.014150101716991603
0.042255845265744274,0.0036123351319266666,0.0016148380040222688,0.03488673960563772,0.022228913722832637,0.0163419221125546,0.0044722047369815795,0.004995691086182201,0.0004842562655391345,0.008794039459603196,-0.005366908567627346,-0.007239918414181897,0.00906096017878321,0.0030745248754925677,0.0,0.0025623642111113516,0.008520003675352815,0.012107667672340172
-0.059782181882490855,-0.010702974243874256,-0.0034875284693341416,0.0019867634521512317,0.007151854973007875,0.00754080753355487,-0.0020650238724477655,-0.012445990685855468,-0.0012461777801349061,0.00019665503223002833,0.00267960947894513,0.005274491349821526,0.03978907845069983,0.0023089834193323446,-0.007073134042874811,0.007482567509469045,0.0006166795504723604,-0.01826524614005191
0.06535749596671511,0.010751976139872513,0.011837798856608987,0.03982697295964901,-0.0012973353109202966,-0.004649754124541238,0.006825850753582583,0.006520629002013496,0.007717611689855272,0.0023982761717479583,-0.007007555483948252,-0.010148888716816585,0.03699662694550341,0.007502690239450714,0.004950688025924004,-0.01289298141382302,0.007874559739942515,0.0024807599426367455
-0.033754879089719296,-0.0038265105051095856,0.0001861561773145465,0.0013388594905644428,0.006007495810836236,0.005310723958568047,0.001100874965486342,0.0012981314225915684,-0.000552287618557742,0.0004698707567818084,-0.0005423555262781032,-0.0016876030444653246,0.039525941273236435,0.002329573527635232,-0.007665594960974328,0.012676867741781247,0.0008769125361228138,-0.010557527306138466
-0.08201669451086811,-0.016366864351142072,-0.004460076620439219,0.00460883703116024,-0.0036768875973523787,-0.012946253830561623,-0.0027498348018465497,-0.020917769462882888,0.0010753649791123442,-0.0018511463839718109,0.007465813904737393,0.0026861304530144026,0.03788899762578262,0.0023511381950383943,-0.005352400581492768,0.008248569773472415,-0.00035233860635661054,-0.018532429550915414
0.05872980465228552,0.007127985041904583,-0.001141063487073415,0.0645542743872165,0.00674301747996083,0.004526558271091066,0.0037960074838189416,0.00925425445784418,0.014054658395493804,0.001926164779184801,-0.008400899068923749,0.024283438621209973,0.03460217512394919,0.003983459820158525,5.928243863278099e-06,0.0,0.009567839958602954,0.016403610568539118
-0.04697166162849237,-0.003402090040087023,-0.0013189144257098754,0.0,-0.036717136506145706,-0.01568845870589792,-0.0009985623955667815,0.0,0.001031759689450502,-0.00030632752844508105,0.006380626441092846,-0.0017114061593563026,-0.16274634613661246,-0.03426992554059787,-0.008553143289889716,-0.02573153322240688,-0.008780115979449093,-0.002563587568282233
0.033826206822429344,0.0020822596261158527,0.0015422810157702466,0.038855040775504536,0.021178271651678415,0.01827573221360376,0.002234593423016933,0.0038884545940808687,0.00014993845598060686,0.001558971435633758,-0.01182030771104329,-0.01294972108501201,-0.009627144542684846,0.0003140171984717346,-0.0005297920471135424,-0.0030123729085709317,0.004450610133022896,0.0012046587447620966
-0.06661916005399392,-0.006818009062220383,-0.0053417772299054495,-0.07245210933937062,-0.04543995839374304,-0.022991249547313578,-0.0037614595764788976,-0.009236596008623737,-0.002519514097777729,-0.013641728797871944,0.006736965727568225,-0.005288113127078856,0.016897873269915663,0.0,-0.00342186303228342,0.00696659561865761,-0.0007963920454978157,-0.008737094942811108
-0.03441395260824658,-0.001156321942724615,-0.0030183305734843686,0.040759110601198606,0.041705530163653866,0.015426350247088693,0.0012674613979834098,-0.0003929770960047382,-0.0011640044010789376,-0.004548909570179844,0.00187322327853939,0.00852885536774383,0.04661013388223201,0.0031882457934653474,-0.0015034088284994187,0.010332986961083227,0.0021363052352435805,-0.009293873815392983
-0.04161572406026001,-0.002923201483080267,-0.005092668694428403,0.018371698219229727,0.02416092350794835,0.010732424245778058,0.0037227476370497083,-0.0027828676917789324,-0.0043236515878656585,-0.0031594684673029354,0.008798596751404437,-0.002672905612396886,0.022240435710460738,0.003369510306723537,0.0022444034396620523,-0.0024552881227654392,-0.0023500582867547765,-0.005029107620280825
0.043138608381702234,0.00421627246273408,0.002958196444176808,0.05027975421146656,0.018307176206881538,0.01131522648982945,0.0047079978761791685,0.0060984464649571375,0.00048708002341474104,-0.000768275870507341,-0.0005546061132353227,-0.004463296829730725,0.04485803426333051,0.0031122113759592257,-7.209474594140559e-05,-0.0013810036970577384,-0.005656979073033178,-0.004174914402493901
0.03798538301342102,0.007936712641418101,-0.0033163951035618555,0.017529786900704072,0.015047151852795917,0.016450440153375524,0.001722071291493226,0.005805943349374117,0.0012834827534980871,0.001737752442957295,-0.007632836339623882,-0.008518530230770307,-0.017860933650502835,-0.0013997360149956256,-0.0012030044553053012,-0.01835324122099487,0.0025961161226663444,0.004027902237235481
0.04553236325760071,0.0024889115345781594,-0.0023589661852059895,0.02565262001070916,-0.006144629470550354,-0.007941743719179637,0.0025759459492013578,0.002408936373776727,-0.0040163910689630985,0.006427513827611831,-0.004776799930728491,-0.008099899742093915,0.04540865424942396,0.002421598998836906,-0.0015107040802870989,-0.00035363785335297673,-0.007661700360874393,-0.004036421498984713
0.07597879849223918,0.010882642646745475,0.013942014281468199,0.017236627990071394,-0.005718228427727567,-0.005459915245609335,0.007300543266823608,0.012049173964029812,0.004951755017635136,0.00227222142420062,0.005143361607595547,0.01652820630960061,0.04429845624528607,0.00450583656301736,0.0015960208066536526,0.0016041300011211993,0.0038716011292592206,0.017720889377304178
-0.07362389151050935,-0.013651076244200106,-0.009457120116511402,0.014028497376666877,0.014602056164829331,0.009965472169261625,-0.03171253763895593,-0.03227437449335812,-0.01186798060573673,0.00042017232567864075,0.012363932050891657,-0.002843417111314677,0.03729716019187724,0.0,0.0,0.011573755518056374,-0.006003702833575759,-0.008871864078107528
-0.08690213360180447,-0.01145640013612581,-0.0047415655452565575,-0.02500669718187684,0.022326346199681487,0.01589185498821738,-0.010976433341576544,-0.023000453317495197,0.001208578838607271,0.000551147714906396,0.003942438093075723,0.0007969308395907622,0.015508963312694676,0.0014791938311152731,-0.004706844827278564,0.005794329859323311,-0.0018982742272659156,-0.018243930465614552
0.05776981229502108,0.012252839493909845,0.012394535047321343,-0.07641556651832579,-0.06381355143074102,-0.020413831770315718,0.007964925235320329,0.008839533996897351,0.0010300801572006803,0.003122145357666573,-0.002030357235868801,-0.002591795025588896,0.06005965229758851,0.005101677865031155,0.0014722650150443197,-0.0007846970911346431,-0.00028542595276725454,-0.0017684054139532144
-0.03762241912388283,-0.0038200169052333387,-0.00460232747717641,0.0214147913399257,0.03781141457740008,0.012809518731467134,0.0012014060367999035,0.0026884427090576356,-0.0008205381525616065,-0.003601697769425686,0.006900088160126042,-0.009639736780828502,0.010414318352239762,0.001155376822027087,0.0011330649799157681,-0.003918287528404215,-0.006899597183443462,-0.009466714231103568
0.04070914959557897,0.005606005506207752,0.0023865124346320672,0.07074567331799887,0.01890163798455488,0.011040307082217819,0.004599910288890332,0.005223329662260052,0.00010376419739317714,-0.0019028761709648189,0.008182625685215158,0.026347257299001503,0.01052934785113434,0.0043049110018219105,0.0006497497298423632,0.004936165403319745,0.010806866073312023,0.020488322598213676
-0.036812513789330086,-0.005951007000519949,-0.0034714890684093454,-0.0408931862535245,-0.007912701994597121,-0.00842810688610704,-0.00806698959171491,-0.006828931934527728,-0.0010820469018536511,0.0020072054354995936,-0.0005315072343160404,-0.004838861736226085,0.0611360557481132,0.013838142741032287,-0.0013053606073200415,0.015357467342466012,0.01315918755896445,-0.010247270139798013
0.026408751332843965,0.0031984556324045565,0.0005159974610828789,0.026346465793604314,-0.014559766785487488,-0.01539858757090615,0.0028263706483012204,0.003104756365692212,0.00010414644403837099,-0.002389626599900723,0.00039687662891302273,0.0020444993323111525,-0.024469638483106564,-0.006003935860211824,-0.0025500188901842586,0.000989411530606519,0.00383139198912954,0.014419046691512075
-0.007869263895750803,-0.00015504900167778786,-0.0036915210809899475,-0.00040095854650335497,-0.012642133848926438,-0.01229047674221985,0.0020668536577615236,0.004629309972578617,-4.714843323591298e-05,-0.010096987938811138,0.017843529808624425,0.012697393037579203,-0.09221848037120042,-0.003848879672332604,0.0016907041003193682,0.00042283412872260747,0.005072102416497918,0.012489961498628896
0.04643195629184591,0.004264143603246859,0.001888232241746388,0.031369438437869976,0.011247938472669018,0.008939279793005073,0.003016384864804469,0.0035445085589858776,0.0003348082514807851,0.007920076331593015,-0.00800180638700815,-0.007629116078466264,0.01794631173638213,0.0009303928520266313,0.0008360533307094827,0.0017390164051133597,0.0075277377603704615,0.0014531325894899527
0.01762376345952229,-0.0017484268477335068,-0.003375733789223883,-0.09458588691607694,-0.04947882775087096,-0.011222876404077134,0.010014440207579358,0.0025235497711331555,0.000528031642772407,0.0005840840795257871,0.007765407164712376,0.017100419091905655,-0.11912164509797347,-0.012549793369689855,-0.0055871106940725695,-0.02745610439499568,-0.003627619685268062,-0.0033578061275728044
-0.026346486206638573,-0.0006713492342473937,-0.005638895939147097,0.00938835016680701,0.02164192345350193,0.008271000912630265,-0.010138894037801282,-0.00421922465616705,-0.0005857430686659322,-0.00018169891949051597,-0.003550482335487069,-0.01963984084491919,-0.13156419907405184,-0.023528185555118333,-0.00302932180375415,-0.004255637237002044,0.0013931269108294285,0.0051941408691988655
0.011775222103898397,-0.0014038555634977748,-0.008974824181166761,-0.11061823200082835,-0.0637698845164847,-0.01964591813387995,0.006173232488921756,0.00036001216991178266,-0.0026896758914555494,-0.004635573472291058,0.016897492967827173,-0.0056853791615214784,-0.07674590458828304,-0.005052364987581659,0.0005215074588444051,-0.009691460628650927,0.0016834134385345359,0.007737886089588586
0.029513018998088076,0.003500018428013164,0.0026376757750810535,0.04846182650600176,0.02443153854951187,0.012902842431834996,0.0029815363323735735,0.0039444660701831395,-0.0017052308993219813,0.002322520034766257,0.0013650643166416554,-0.008101328115655485,0.02473668129625196,0.004951162620482595,-0.005328448104410272,-0.002464797026610913,0.0024943944286934324,-0.0019252484308923123
-0.022277825139296853,-0.003078196622959337,0.0012283309365800025,0.034332552260670474,0.025178046408152598,0.01226902822901867,0.0028051570914322437,0.003949044381923402,0.0023971690566930207,-0.0030286001276746684,0.0018620538300919646,0.011858448363472334,0.02112095075692684,0.003767745536246742,0.0001543659716598374,-0.0022888327585677396,-0.007764995690973773,-0.01034385941067889
-0.02556974563459856,0.0007114590095731302,0.0010997745262182838,-0.02714020769862282,-0.007761302678322877,-0.0083219016183363,-0.0012512224355340012,0.0029001736878959267,0.0015588960741815471,0.001951583039676942,-0.0035906387463301237,-0.002977037512852704,0.053754071448991254,0.004314626746616376,-0.001950377581911589,0.01646400070931676,0.00433883864954497,-0.0017753042876949565
-0.0680685498036935,-0.010612121307782546,-0.002566287863126027,-0.027382218590051015,0.004116168526278438,0.00905036101380743,-0.012567971453273544,-0.01205283426859684,0.0012985565178254197,-0.002254408576825435,0.005713035845266899,-0.003039512352148765,0.033445798374565065,0.001339171853459442,-0.004182690234356865,0.00993953055607632,-0.0017764094917833786,-0.006816738119530735
0.050129255363695245,0.004927753761133164,3.8380032498998455e-05,0.05586501841837408,0.007692226054886347,0.0025439739277625423,0.0009502262781386177,0.00648288846449764,0.005133773226256734,-0.0050740386439139095,0.006199133015850137,0.011272504948579433,0.03784752454845723,0.0031262819906804074,0.0003489324866679342,0.0031302528094926,0.00811894341052195,0.01802907866909928
0.0423355800125356,0.0036300646942813127,0.00011176464052426904,0.059028572204243214,0.05010934901314643,0.007631621732066167,0.005704804080967713,0.005086726667995382,0.0026769387473240453,-0.0007984689877308801,-0.0032662012159155036,0.03259404612257055,-0.14832971937750497,-0.019027066795142225,0.008433469695808169,-0.024467702058653305,-0.011761503050779994,0.00814026968659098
0.027205702822184628,0.005431015471196035,-0.005209588246453001,0.027192494265141857,-0.01208271757171787,-0.01640964407938359,0.00037754898278342946,0.004033848893651692,0.0011300951364774739,0.002047165016962851,-0.013500985691873359,-0.019813844838734447,-0.05076702631483179,-0.008990516838618309,-0.007195695758245019,-0.023392428008115217,0.0,-0.0008730410198163618
-0.013820151976867819,0.004338270643164673,0.0008530029863669896,-0.04109641908624887,-0.006402271877763657,-0.01075648338687282,-0.00017905452092037825,-0.0021250706678297023,-0.0008371034939913671,-0.00038482499226430433,-0.002931877236836595,-0.004315362924273507,0.06559662671463928,0.0053325732611392476,-0.0013359909630324687,0.01607679178476519,0.003647929217460446,-0.006337491919781035
-0.025972094450831113,-0.0024528427636500757,0.00039363311640826937,-0.012932539220213007,0.009578237853794155,0.0045173628989274035,-0.00429454825123033,-0.002739888626192583,0.0007735720483570535,0.0031139143860921714,-0.003511020850981841,-0.011994963882793183,-0.14804897622928115,-0.03178520732052364,-0.003996668672848014,-0.024847043874194067,-0.001936049649992326,-0.0016811817401829465
0.05439174877231211,0.005836517373764544,0.0005688343747587063,0.08779483296852558,0.0509945525947763,0.01334900118437615,0.006319342457904235,0.009748383840608187,0.005662840501568647,0.0041858493635029085,0.012484400430099745,0.03029905744004665,0.01094043553009086,0.0042217428300316585,0.003259355016087906,-0.005970130106476279,0.011182881837909229,0.019168771313742672
-0.04036324122254122,-0.004392556272996867,-0.002091804224494701,0.020103741716556617,0.012673945235105743,0.0013921053396597947,-0.009470409832519186,-0.007054258582259012,-0.01280145686953748,-0.0033246386972461653,-0.003570485364331957,-0.014050788982951853,-0.15686722286229496,-0.0343886796592423,-0.0009484043762254503,-0.0016482204264230706,0.00037395775572592396,0.00843573748228632
-0.037600336476533346,-0.002474239065564426,-0.0015730875505991376,0.002926029943494394,-0.002101366244220067,-0.002393328262068134,-0.010089580750837256,-0.004619166329149831,-0.0017234232988991244,0.003024206292110319,-0.005348402440384553,-0.009486970557659232,-0.15890773875030345,-0.03486320568177791,-0.004016860839587574,-0.021615660246282076,-0.004735925995804104,-0.0013586384311677357
0.04960219538364676,0.012624755154892019,0.011124647609918183,-0.10917419837265852,-0.06980642247546912,-0.027024585504408383,0.007351663583663491,0.007491602417649904,0.0011617916750489802,-0.002987548706917649,0.0019290269951089385,-0.009429186447295701,0.040316410650183626,0.006789792064751859,-0.00026832872585291225,0.0,-0.007244249554425388,-0.0029523854535304234
0.04096555443077391,0.009030893700095539,0.006442111473348233,0.025024872157394275,0.019939587405581622,0.021077164164749595,0.002320569261617182,0.00806486727856302,0.004675632229227383,0.005115462253926199,-0.008171610688085376,-0.012892507238238989,-0.030024278175148272,-0.003381977449572473,0.0,-0.020209953628450843,0.002220955449041214,0.007202755903169683
-0.07766363680681589,-0.01853544282899297,-0.014958438798140681,0.026763732032153636,0.01916562773103317,0.006728963866291455,-0.019581124501598293,-0.024795424601089355,-0.008020561769661528,0.0,-0.002514262908573089,-0.020523210669005566,-0.010789776262379251,0.004034528162419951,0.003133495774179218,0.0,-0.002774179321138035,-0.00461850673326572
0.036474385245597186,0.0029427972642223545,0.0005290747312040831,0.001667321518486742,-0.0032707543462274385,0.0025918576854289366,-0.00026947156858018865,0.0025911027202460838,-0.0014073136744462088,0.0063389823844645105,-0.005482160166818026,-0.004767967203731185,0.03248995664709314,0.002719306779964055,-0.0017189302599097886,-0.0017466284362870773,-0.007002911370106807,-0.004046820948999316
-0.03687882319965957,-0.0013649191021555607,-0.0064015862539191825,0.03452417986600868,0.03010187548699955,0.016263614143586236,0.0029738617338710325,0.003212483521401468,-0.0039579726602297135,-0.0016211436154302096,0.01179259252743413,7.50609754439935e-05,0.018550078809890843,0.004951455302787336,-0.0007721493189407828,-0.0004297100325275264,-0.00718809096614535,-0.003332363007607614
0.0255665140671148,0.0035248288500091887,-0.0009129639732789852,-0.07492567387459502,-0.009125008104639969,-0.011208672812993335,0.003927964725584404,0.002950773890757445,-0.002298966375093323,-0.0018982841617882287,-0.0032772644105916746,-0.002039049993690413,0.07684944450624635,0.007795726403797207,0.0003713455055204757,0.015184513822291437,0.003204974474767073,-0.0008879503496548244
-0.023556443399410085,-0.0010842594731498407,0.004363107354482086,0.048519596456672275,0.028261432429197327,0.009205763783801257,0.004639422585063017,0.0076339436213910235,0.0,-0.009345363869283538,0.009086944322341804,0.005053449400813383,0.02413145549585093,0.006118156882155511,-0.0025770706339384728,-0.0002619956675974701,-0.00808381100259293,-0.010712742018841176
-0.03007834112980164,6.402025449999402e-05,0.003176959487467487,-0.0027165024311171064,0.0074243682642029015,0.007184411895383216,0.0008229043310441365,0.005623676712260655,4.831079346640479e-05,0.0017542841846611185,0.00012491609327469204,-0.002775691759414764,0.04663117649477225,0.005191231938517729,-0.002500791811147811,0.017245491029827,0.004645944700649525,-0.003295410119188852
-0.04315307610329314,-0.0025380622108807974,-0.0022905304298531,0.002938982855888862,0.028572497365218972,0.01602210406391807,-0.0012270233808647528,-0.02301425360231938,-0.0036113037019357788,0.0007914734384481164,-0.0038717869247041105,0.004517165080073862,0.023294255568897013,0.004764762024098784,0.000778597637042501,0.012568372648691479,0.0030325762106217955,-0.00039887958727885184
0.04967447855733506,0.004279506679682983,0.0029628171193551776,0.013596697179630312,-0.013443987832499286,-0.009902217456799195,0.0011100721777935999,0.00444238972500262,-0.005102155136580284,0.003481202499406664,-0.007074335040002959,-0.011407672459277528,0.03546363096615805,0.003661878717638208,-0.001074625977450606,-0.0005320233031331906,-0.001560414590984278,-0.0033624983590129914
0.053132545182274594,0.004577948405787238,0.00028269154704973603,0.08818094457741826,0.055549806886324514,0.017594150497056097,0.004797677235891891,0.009695416292922197,0.004336303817574223,0.0006955935391895986,0.012443592967620017,0.023387738576655555,0.008446630775630804,0.004786112538631943,0.0024950556545496206,-0.005668572721379448,0.012740778236475375,0.01985114158307766
-0.053041479660854506,-0.008911422920764741,-0.002992030937552361,0.021258756978804385,0.0334361038725231,0.017352538323415132,-0.01523468815719819,-0.015158912113251474,-0.008852012421489973,-0.002673254662513599,0.0,-0.005629213462074484,-0.08178817839474246,-0.01336402591928398,0.0009659686406005894,0.002948016636481119,0.003201024816712981,0.0004523630452885341
-0.0795704830651183,-0.010655608599322077,-0.0037363934147742416,0.01011175276583131,0.02217389486880259,0.012594563483986802,-0.010109791690827624,-0.02172362661055438,-0.0022400769220098406,0.0014941427800927972,0.0052562838327617325,-0.0039501113710506104,0.021183894958574704,0.0034869025213976335,0.0009786788875955565,0.009981753467730838,-0.0019595430276768497,-0.005888380247425606
-0.09995857716280415,-0.019870741138316994,-0.025499075928228143,0.014441677117713,0.0023356786494187695,-0.0021535885081864826,-0.009632484933303959,-0.019589538543169388,0.002592250869307482,-0.008566870214783754,0.004491208754419852,-0.0004532232742112373,0.010404869913035058,0.002254696645985247,-0.0009963942628890103,0.004573072094848085,-0.002983461405349199,-0.016062249711393084
0.06839991609329145,0.012354560062756991,0.010997909843819686,0.03816692644002478,0.0075566928981339425,0.0034819313540645114,0.0043982192958710335,0.010231649006175998,0.008508523523557295,0.008607004386118043,-0.005754367949098073,0.017163006563115833,0.04003063257627733,0.004916326481110841,0.0007067154709257212,0.0030683548312891045,0.010423337066882277,0.017108172243452735
0.06680010301199887,0.00713621894721164,0.005909063630168579,0.030779956380728946,-0.002631472886001122,0.0013812995415144246,0.0059460301119622465,0.01240509290616122,0.007763224662644766,0.0022191322300844545,0.016683470117114105,0.02518139598598984,0.04184263182869153,0.007970987830378709,0.004194551432987433,0.0026484857904729877,0.012172194719463842,0.025208836450377553
-0.0642801552468778,-0.009576635487203286,-0.0038660982599535124,0.02053484076708559,0.01857108781714844,0.006582273098903223,-0.013793125440267652,-0.01409247881058152,-0.0022115671612058284,0.0018363718011920375,0.0014694639533365291,0.010186849720289229,-0.10591384091588298,-0.025441062665618967,0.007153628057745345,0.0,-0.0010886358972237754,-0.0022677925498441887
0.054600623517045345,0.015578573802678465,0.012791333069551226,0.004613617935842457,-0.005113492505255761,-0.010214293392741252,0.008121547817098148,0.009464670637008295,0.00254289294371775,0.0005143018865132542,0.003526298903746502,-0.007178489912756477,0.049360892796374435,0.005714080758212232,0.002216182916138437,-0.0008590338339720746,-0.0053712594448403,-0.006222780260877969
-0.04465058701531256,-0.003424271883745462,-0.003374906197796829,0.003441419232602537,0.00408307208550446,0.0005252317307457197,-0.008742645491784674,-0.008004215077405535,-0.001421722585074745,0.0012491552076367707,0.002724445027604398,0.012714469592425094,-0.1606275455328674,-0.030840587522362337,-0.0014059055480840305,-0.013301076555467398,-0.004229205217070275,0.00399728463844462
0.04922936593320027,0.014663227533612324,0.011309112293775014,-0.032427643602834934,-0.014166068103306097,-0.026192263185430453,0.0038460929798392616,0.004726540821922479,0.002150343196335423,0.0006645173812606782,-0.008455017561372638,-0.01314650057486876,0.04220401572110117,0.005641389862028843,-0.00044049823398349956,0.0010441700340423942,0.001722160948834612,0.0055760149447928176
0.04518838189806627,0.006704014882045334,0.0038495956907299875,0.04465723088170825,0.025153867275830903,0.012957421358851707,0.004879481644775952,0.00244872905020856,0.0,0.002440019548677602,-0.0009582797351007731,-0.009562739418892522,0.04705758498649788,0.0034576575204361268,0.0021126150424599283,0.006508194454005242,-0.003240352290842333,-0.004628792212970773
0.050363708687348414,0.005403148603904538,0.0011828533268911084,0.05544997847838897,0.012865681454163926,0.006401521976016749,0.002387505254154708,0.006330055363487907,-0.0010207759468768972,0.006799897577851591,-0.005641643530021154,0.015148822721644554,0.031672776823070695,0.004013607366867133,0.0003174651882410742,0.0024446570270630122,0.009563349599784061,0.001465669653975099
0.06838942909318277,0.01807788034884909,0.014281005574869877,-0.021321594284780837,-0.006616826856928676,-0.010232065592578174,0.009655192467552264,0.010404431340961189,0.002806046124132719,0.0021635889965307665,0.006733314681682859,-0.003809012188404954,0.04126218828607788,0.004800595274904068,0.0,0.0,0.0074860695968087905,0.015798496146686686
0.050860928180003144,0.004931544873624198,0.0013783862286838736,0.070268148278681,0.02991817460046645,0.012771780857552241,0.003317949635459416,0.006776703397092271,0.0017479475021296694,0.005501954625106002,-0.006680756622423683,0.02636955013508766,0.013049611857565641,0.003943125572188494,-0.0013916746810196331,0.00373908081081221,0.011367102983604844,0.016247091370839656
0.06920310753539774,0.022818416644962466,0.016284960982852027,0.030372188900759583,0.018024321718568014,0.014887315008129374,0.004893835778573195,0.007370232379244927,0.009030305612140143,0.011309684203446163,-0.001812372470351754,-0.005244451861018571,0.04598695935416823,0.006694499114244616,0.004619592453217938,-0.008882357135343766,0.00937933082860142,0.011333337942269373
0.06277423436593685,0.01368647690407203,0.0005506586879692673,0.055618452537658174,0.024252988037900235,0.008500254732651678,0.0022568143360835167,0.009986751534794945,0.011358824957162231,0.0029017055284856264,-0.0058757043727167895,0.008057383630240523,0.03735330214429332,0.004338680199420046,0.00038899379676726655,0.0034131779457764098,0.009824108763197425,0.01267084886691236
-0.09064983111934782,-0.016035859904232664,-0.004047235003226823,0.03850495290864666,0.02717532384050301,0.017598300978282088,-0.016181667329480592,-0.026625888000295382,-0.003982222367352326,0.007477101455320465,0.0039368864820255,0.005306396434079606,0.021206452389678738,0.003906255695945126,-0.0004017094955073741,0.010688003961276149,0.0013149346795074792,-0.01282650113537084
0.010222738744095685,-0.0015242748432371686,-0.0006579762702339855,0.04323325600749644,0.023036005388100078,0.010096727372961457,5.5399036935338715e-05,0.003618499057580764,0.00040119583148525605,0.009239425976204607,-0.003126834638001309,0.015576117102874255,0.023187827000111058,0.001723883616117488,-0.001236480056391646,-0.0026412510216659063,-0.007610155299973758,-0.009556923303881956
-0.057010450339361834,-0.006094184412859549,-0.005180106353381502,-0.01337386063039769,-0.007782898860935216,-0.00904148362164885,-0.005594405945394585,-0.013697685430876435,-0.002401424587703067,0.0005909405581995043,-0.0058948640931137455,0.0005089215556769077,0.024626941761437978,0.0031899365644066126,-0.002267734093023073,0.013926278397691193,0.00022827452061377986,-0.005117428984676847
0.04885626262609094,0.004989521888106247,-0.00021584006566325323,0.07633337991141424,0.06448401456228037,0.019791550745268244,0.0028377165804177084,0.009354912232118262,0.005292739745714363,0.0016667217235318145,-0.007350316949564359,0.026823978419143118,-0.03800845131554022,0.0,0.006887735094566079,-0.016901585452053093,0.0,0.013444188840345622
-0.01650554534618882,-0.000291579211098464,0.0027020569482869828,0.014570557854721687,-0.0004494736535985089,-0.0020267823739151284,0.0,0.0004565739211574805,-0.00022937936895720142,0.005333556754004751,-0.005656368475249547,-0.007095145757973961,-0.13887119160055927,-0.02651545798723955,0.0026432688117417158,-0.022940481477483385,-0.0022999957583339486,0.0017024450222917764
0.008436478697530721,-0.002892494654075346,-0.00357812267233301,0.003808803560639384,-0.003541565843355628,0.0035092998470415953,0.002431683674542414,0.0005862454299653362,-0.0026900752381354247,-0.0008157187039663056,-0.008252188362574997,-0.020434365436076248,-0.1808561699188056,-0.024711656174612677,-0.002389936464043619,-0.025769608695905794,-0.0005478648964656171,-0.0028829783713802404
0.023370324067001114,0.00684124469561648,-0.0008697705659241554,-0.0681028653398718,-0.003098755256459378,-0.0069563555178843595,0.005646446215637205,0.006855984028507529,-0.0007959027434482302,0.0028643089364570606,-0.004770464280539258,-0.007823202357278701,0.08330569919466882,0.009337872509943685,0.00030045036071678756,0.019529468680306944,0.007394772230464623,-0.0015128564753162238
-0.040093694629075693,-0.0032065557070624687,-0.0008678363317489017,0.023324123528273285,0.010382467167797466,0.0011527738093060653,-0.008865808260057454,-0.010068138571556699,-0.004743608791910449,0.004710481644229317,0.0,-0.009791323729491723,-0.1844956755941995,-0.043759010819266815,-0.005138758903886297,-0.01595133989976659,-0.0030420344827203905,0.0
-0.07389154873196489,-0.007970496204668533,-0.003938629562566797,-0.018650922135597277,0.009472622654892468,0.008853351114734958,-0.013514321220397276,-0.02038880771985178,0.0010051351807336595,-0.00010350183977565395,-0.0030770702710015644,-0.0025103343466135854,-0.006046365109234704,0.004593648015941546,0.0,0.0071685854319635854,0.0004224859679627777,-0.004081274294195067
0.03809676752216994,0.003269944882867389,0.0008769575507340947,0.0771946912457435,0.03606523638193767,0.018269716118443614,0.0026948544436653796,0.006094595235097665,0.006207966331867959,0.0005662037644297551,-0.01056900579181533,-0.024077903339622096,0.005392836125589201,0.003064749312764104,0.0012086102771358823,-0.010980017255857075,0.002635752256617463,0.004846745100410388
0.07174547888830675,0.016322534309352994,0.010368179076593846,0.056632357809690656,0.02590606199460708,0.01570263847625141,0.006678135401092913,0.015604071654747947,0.01120703631959931,0.007721027906145586,-0.0068060880203004055,0.023116905506758666,0.029008775500113188,0.005698860052248619,-0.003453289227896766,-0.009406887927509468,0.014289361583926583,0.015730824826362066
-0.0739955389964601,-0.016288237362452294,-0.016049471841830167,-0.0028450000441180463,-0.0006602590690280564,0.007124282407755622,-0.01724724501573414,-0.022434773076405953,-0.0019552266010479853,-0.00229345656460194,0.007488625281474075,-0.003334515877610919,-0.0987182077482975,-0.005036514020923071,0.0033029660588722995,-0.002452814623541138,0.0007990122378443374,-0.005874472869372982
0.04648158985869289,0.005385274423115005,0.00011091761438658776,0.06075840782000569,0.050456228859539036,0.019641919362047705,0.005816351204340805,0.007049117846434735,0.0031905520696331956,-0.0009888541411163883,0.008314367898475472,0.03351340298625063,-0.14776948643726742,-0.024288256874502825,0.0017638285070410203,-0.02280682295922491,-0.009257274799722,0.007103422570756475
-0.05186800510304275,-0.006822135865609357,-0.004628130303911166,0.02822365380444031,0.021078825489946156,0.007919228155538735,-0.006208356723687687,-0.0182158682629901,-0.004953379131308942,0.001590208524016745,-0.0032018441342462228,-0.0013095358459997916,0.0390079282607311,0.00400300860298076,-0.005054432695082573,0.010985202482521569,0.0004307714466789328,-0.01725114961860385
-0.04522908444745381,-0.007514485094188543,-0.0016568876260469345,0.026570701545003433,0.0406539053458786,0.022190177868616056,-0.0005268700317204231,-0.007004143316814153,-0.002040961967757326,-0.004349013715043237,0.007330706360587271,0.00941781335057986,-0.048306731732373535,-0.017863148681790408,0.007641098927346383,0.0,-0.0013160257990047924,-0.005849778621425314
-0.031548319321220604,-0.002566126515849488,-0.0020353237010822386,-0.03324695192827761,0.0076934183359028,0.009420776068023278,-0.003907927809798145,-0.004374342222061065,-0.00418948492855896,0.004138482268846178,-0.005874640644066922,-0.0012162052456845425,0.05976470847296526,0.005482497176737592,0.001204244983648326,0.015861802788179405,0.0012482906965659629,-0.004398622919289698
-0.04552422652003827,-0.007820456073449663,-0.0022686755685226855,-0.08352092024701636,-0.09102446237901787,-0.0288516065375835,-0.0041544527405762005,-0.008036006046512155,-0.0011557665663785614,-0.00818706180906524,-0.002554508530070807,0.007776660203997034,0.011571000876583793,-0.0012567024897463504,-0.00126675659131342,0.0076702601665205395,-0.00040945819191613974,-0.00778288189369597
0.013979542967925113,0.002493729003452578,0.003608888321827259,0.0302593275605045,0.008279433443887851,0.009083180668887834,0.005002756120710535,0.004762030480493505,0.0035451829924904327,0.000589680603185177,0.005687301914673871,0.03220544717799429,-0.10685438430189938,-0.00548751072600454,0.0042341765282809685,-0.0005969494900718193,0.006326433835649231,0.009435716745932882
-0.028149814219504018,0.0,-0.0033868060332844243,-0.10261592630387945,-0.1332959052390724,-0.04223781992950144,0.00022746560333419474,0.00490245069039338,-0.003967648444463901,-0.00820265548584622,0.0020656432940124713,0.00172675805502262,0.04188337917352267,0.0045982253273784595,-0.007271749830949864,0.009725933103879791,0.0,-0.003095562377487926
0.01957474813531627,0.0013675170711102216,-0.00870163725992142,0.008171271025645058,0.009461619908689507,0.01922617936607081,-2.001666261859129e-05,0.0024150526438907836,0.0011214013939728972,0.005357111047563762,-0.00886053371309776,-0.014642750485080151,-0.06428553064455053,-0.004867400286075066,0.0012866926960540094,-0.020945864164794162,0.0006007271074056294,-0.0007351168485892276
0.03797277534551802,0.004802655681447004,0.0032144634642218596,0.026771967331099534,0.0068755872442962445,0.0043569654871152925,0.003076184996535399,0.004857581257960411,-0.0004018053587513272,0.010857373889990009,0.0030940450892016805,0.01172130516265069,0.04478024181770764,0.0030337176868502035,-0.0005650194118063018,0.00744560541016963,-0.004003665011436522,-0.007942528295487472
0.08068063723790674,0.014071827644643558,0.01821752152799558,0.03282517210500407,0.00047228658361071616,0.0016238274704493867,0.00920261012014823,0.010772108222771368,0.0054944187465940765,-3.41848042651018e-05,0.013224900881211168,0.034444263604443394,0.03777955232088915,0.006935579893581058,0.0021139152809027404,-0.007585350793100889,0.012043291014228874,0.019095709055809595
0.04100564653224483,0.0033949700835540033,-0.0034916944992745115,-0.07440562948989596,-0.04017170982655537,-0.02311603143726036,0.004634334137555193,0.0032145775205364084,-0.007180287109635368,-0.003736782575108792,0.0012810418135921027,-0.0036386822575950216,0.0489890955445922,0.005759306347466249,-0.002541718443403962,0.004417172861549762,-0.001075628698036657,-0.0012263010016863307
-0.02990668132435009,0.0,0.0030067238681507733,-0.027133599814571436,-0.0031936267457350715,0.00472893278328429,-0.0008063345043219546,0.0038575118382159442,0.000652008475899329,-0.000979480840362222,0.0003108278144717293,0.0033231611335991385,0.0384001850937459,-0.00033398267742339936,-0.0028155682614101254,0.010330997075023425,0.0020205879817878085,-0.0016759078862366027
0.03325713385234335,0.005503623378071981,0.005134315890301081,0.05572387672340417,0.018103673032318513,0.011485615766385196,0.0036928774541483945,0.0051191612398778265,0.001647537235455843,0.009295121370375928,0.0033112341036971265,0.006060377404487348,0.018734146236049114,0.0044500991714297245,-0.0014052069168733804,0.002794643767497367,0.012331843177045316,-0.005227074810876142
0.020878745018306177,0.003804770348910168,-0.0012169181200613727,0.010703275341492641,-0.011861047333649687,-0.01078367377928371,0.0014028799250800146,0.0015764861139478297,0.0003329578507237192,-0.002045874946187022,0.0023260498918700975,-0.012461624324711222,-0.0736084343579093,-0.004983627807481668,0.0015499805352499718,-0.005177998641837224,0.002766640295140174,0.006285757345998455
0.05407181075661559,0.006249808998018895,0.002644660257074336,0.04804154052427119,0.037668175621698954,0.011958020318473057,0.003956519978808812,0.00537452747475405,0.003101282859683702,0.008546328831900186,-0.00793053070686042,0.03128038018494323,0.01863961908642255,0.0018575450492466792,-0.0030443889088087876,0.00413190983406384,0.011919916568154892,0.0188535693449515
-0.027681560353459703,0.0001239623948969969,0.00040914278667395935,0.040789465223535826,0.03158997602881544,0.015141374388963704,0.0031675625858825474,-0.0009954631528920166,-0.003326653803591145,0.008630507896421648,-0.006787966308104609,-0.009163977678739447,0.011308281053103298,0.009024500873063734,-0.0017419001186635948,-0.003148482898555942,8.96671760838905e-05,-0.003247910994938208
-0.03837510676916727,-0.0034418261101341768,-0.0006380278748656498,-0.0690730247165807,-0.10016014267320897,-0.03732003056044188,-0.0006752905464503308,0.004010711919524924,-0.0010238589023788328,-0.017358793185916432,0.004989532384077222,-0.0024628186940043907,0.041426859162062374,0.005874182957378351,-0.006467695617004379,0.014829225917620245,0.005478712318973811,-0.01532422548093379
-0.008472203468963505,0.0031398647075317368,0.0021005055541716655,-0.04354643485163497,-0.0048063570156871745,-0.013349570276835932,0.0005342782010424727,0.0021251538045193963,0.0015170228753997237,0.005601632567762444,-0.0048833362619310474,-0.004182576943514388,0.07212448735010828,0.009062342698732745,-0.00021671698113420255,0.018355093639277984,0.006007914311376997,0.0
0.03492475880898852,0.002645781294456958,0.0015212376699223285,0.035818302651978606,0.03415145795651171,0.02758831730067765,0.004276807738570838,0.005126122830618834,0.0033483471051451315,0.0030492970754830077,-0.003118510308461317,0.04101008679249846,-0.11505400263056834,-0.006573272659999457,0.007756557957040965,-0.013992772562963041,0.0036458056453031957,0.0038115409208384493
0.04121631195247236,0.007637207918451165,0.0017494233410714746,0.07302979854266226,0.027130532431816394,0.012945856712268005,0.0054855165993431005,0.0061316334144578405,0.0017246534375278577,0.0,0.012375384019649206,0.025739962384242684,0.007863519158914723,0.007090908503246229,0.0009435600643366998,0.003942632745607557,0.015123375143048724,0.022878092843214515
0.0535314788227868,0.00614057546317295,0.0,0.06072651018002906,0.009571895268835172,0.0026080844036754803,0.0029833772993601423,0.007042011352217395,0.009154304728802135,0.010327743918755815,-0.010272186291009814,-0.005391493712537546,0.04082676143487901,0.0046719933533945,-0.001348785621342298,0.001044235369061424,0.007845034260675132,0.0038918587962665507
-0.035487027416003535,-0.003247382040236574,-0.005452036570594105,0.013365901709906284,0.03595210789171351,0.021871380393881014,-0.0002906927244711576,0.004096420754296944,0.0025785720268666395,-0.0008587792943130164,0.008313944779532964,-0.0034210461049587553,-0.053090199390195145,0.0016241463409947094,0.004562376731599666,0.0010036789062106693,0.0038107708115713845,-0.00431930796176032
0.02667881191584334,0.0032877498652493712,0.0,0.03989992025675092,0.02500134553385307,0.008406567367433905,0.002011305684391109,0.006224458760140362,0.0003425633105756097,-7.859723126298047e-05,0.005440774095018771,0.026705983308172483,0.015510126228609129,0.004046367221413826,-0.003391453062255225,0.0015793119230322107,0.004803823454919011,-0.01032423396841975
-0.043772588600312246,-0.006327126905022987,-0.005355960934733829,0.042763738678180264,0.02311138697586613,-0.002418000751008637,-0.002846346826042057,-0.01837616104046221,-0.0035737120184400426,0.0025571541452812435,-0.006706731289270009,-0.006938326008054271,0.014046432318930813,0.007206994317844454,0.0007923631741046727,-0.001425942990236869,-0.007496061566617528,-0.007546752262457518
0.007846672995794172,0.0015088331090870612,-0.0003723248493672526,-0.03564967533636814,-0.0017505836199172217,0.002625096577570054,0.0047777654264640965,0.0045863186716343495,-0.0020615046374810567,-0.0010030044493820258,0.003558633586017033,0.007152588041215099,0.021882709653745367,0.0058983296636027785,-0.0005159495695957556,-0.002047650440370773,-0.0061775486512249496,-0.009538615642128385
0.04468726173178049,0.0028257047764683033,0.00834744375023674,-0.11342770279786095,-0.07610098206173062,-0.02073160268847887,0.005636141543721937,0.0031158688395704027,0.0007534940832201047,-0.004685220471737933,0.0026851091367029118,-0.003127491145498237,0.026075281955897273,0.003120053047966866,-0.0006454708030984504,0.00221866741042126,-0.0018569821424343131,-0.002787045146140102
0.04951256488503124,0.004327044605154626,0.0010151121051741653,0.05635429023796746,0.013206465344894065,0.005273948790045455,0.004607697256974971,0.008119623479378892,0.000172747224111439,0.0029085643784585087,0.006599626324234334,0.018895606049577105,0.030600933485041917,0.0035842076055859436,-0.001880622753167824,0.0040187529701612495,0.009384872115258179,0.017890840606409164
0.026740899946521065,0.0035082931534894946,0.0004338914352394606,-0.05080727837074602,-0.00392626573160674,-0.009060705352545413,0.000499685448706937,0.00485563633898522,-0.002701166447945615,0.0023985720713822927,-0.004967291672714737,-0.004112040823610426,0.07569783313217066,0.0056495421783851274,0.0003243941720499483,0.014161549570121055,0.0026404514135895903,-0.007742383078143206
0.052312539561670965,0.004799547923028581,0.0,0.041310252767852426,0.01081745378001072,0.005860358745193722,0.0018611422998204242,0.005565654731910573,-0.0005557016511999396,0.007488975891003937,-0.006630773203328727,0.0135001588700707,0.03351863768162545,0.0051402279571315015,-0.005134500254544098,0.003870854686291695,0.010439318700232052,0.017320757155757177
-0.039100398230989916,-0.0033790513295063997,-0.0037465455298075576,-0.012007374264303249,0.00967051654648953,0.008986590717845262,0.0007502307376164284,0.001633586032285158,-0.0025472634932507602,-0.002727582244323142,0.004797439024971568,0.0016426986298087808,0.027124230771847998,0.0024437789139998773,-0.001988373366840204,0.009506605312217361,-0.0005665348024317057,-0.005538938881366684
-0.03134216049159467,-0.0043450905646555005,0.0027860706265927892,-0.043200301754413827,-0.009348040053618127,-0.00908522197303784,0.0007966453598162671,0.0025999543771909614,-4.092080401517818e-06,0.00014767508830210296,0.006137215493287023,-0.0018004875605288542,0.024076526176233033,0.004541159998810309,-0.0019421927306360308,0.007596397656715518,0.003304683748205294,-0.0034886793664534524
-0.04617013455432,-0.005739439839017933,0.00165423976373859,0.025836668876016305,0.02760916265536517,0.012952908544980477,-0.0010627260502884348,0.0018791630191922642,0.0003602664582040356,-0.0007505870972792821,0.00803838572825864,-0.0100611310266691,0.016660289893176826,0.0036909779101754344,0.0015636484024754156,0.0025345061714335216,-0.0017187466252063775,-0.006717588019572618
0.041228203552535446,0.0035217672174629737,0.003554635760921073,0.05144301565219245,0.027752703354354334,0.01467280827683987,0.003314531580951143,0.004089600013474366,0.002171348747081129,0.011596793069215391,-0.002954290807848477,-0.0030943207567095087,0.03837661466584801,0.0035887269407761067,0.0005214116551851259,-0.004045179588827107,-0.008591380618188505,-0.006062526982829164
0.05548326739056589,0.006554568345115345,0.0020943620046492777,0.05986435723562862,0.0346413539231965,0.008369923582165933,0.006314179598919302,0.009241540889593714,0.004008799499798757,0.0024968119808039375,0.010473996554026857,0.03704798977474832,0.02382037405054607,0.0033817442867868108,0.0005118187178489547,0.005138558537618735,0.012279082765049075,0.018695132190728547
-0.05404278792283282,-0.005957453458007477,-0.005458712798391557,-0.005288268355332348,-0.009770973830526362,-0.015140015711384706,-0.00064469910213988,0.0022496926482060402,0.0005560364780264632,-0.011866708339968468,0.01091975560098028,-0.0014140670597589317,0.01371536045259851,0.0010714274298498998,-0.002028930142678625,-0.0020019130358308285,-0.006574158888972507,-0.008921152727651788
-0.023661470821683538,0.0005666118405184533,0.001515302463991597,-0.028635997835852606,0.008586023329812115,0.014106413814261401,0.004041260437997853,0.005373018807812513,0.0005270506116345781,0.000650704663665877,-0.005876240466434385,-0.0002605953661346972,0.023033403363553487,0.0037817122514430712,-0.0007134368877496764,-0.001272186031764471,-0.009401203042754382,-0.004346441991319016
0.022894527508695094,0.0011643075802198995,0.0,-0.044872803051070685,0.0037933950555183948,0.008852526260401271,0.004258727945787352,0.0024134296965573673,0.0006739892543443671,0.0020715152730458168,-0.00865464289518353,-0.004106513926355439,0.03322097918705997,0.003394915201654353,-0.0013860307739430608,0.0004000065999429514,-0.004942264332705923,-0.002932944853959056
0.051978356739645085,0.006401143882817332,0.0005402634347394458,0.08843348931184737,0.03938375560712966,0.009668893529288694,0.0037833905800254224,0.011035460039857406,0.00515916073960864,0.0023838367272997116,0.011732812031686456,0.02599744734966049,0.011643869304489251,0.0064966467207046505,0.003657101703136491,-0.00581362756285522,0.01172823685930748,0.01683381327566308
0.06883531884453305,0.012664378434781227,0.011754576608174874,0.05921564499947466,0.006229142253962586,-0.008785135707325467,0.004887237469061241,0.012342700488862275,0.012741933193725628,0.008711137655205595,-0.00827377128728917,-0.0014572821778514376,0.045369433516098005,0.006620420529348136,0.005706176304695231,-0.00854195220436346,0.007088435675104469,0.005849717342323674
0.06429384755852285,0.02992084840639642,0.01948080824199528,0.009096850717261401,0.021688800274280946,0.022671524096973678,0.006202589646322885,0.006985109678094845,0.0028354309802841194,0.007138327046169944,-0.00536341121553494,-0.002464190087216061,0.004801797234700094,0.0009413485827179738,-0.002604548485044461,-0.009759187517071189,0.00865387772510241,0.010942602872268559
-0.031603228598834875,-0.002762699834237503,-0.0022371326772568237,-0.05128426163639302,0.01122470155657366,0.015478567793017518,-0.0003460108632959347,0.004668050105834596,0.0005675359915761158,-0.001558767165098072,0.005760437550425362,-0.0005041826522868201,0.010006269808667086,0.001828724817900523,0.0010476736758132166,0.0004340697604978227,-0.006150100657931559,-0.0033115430721712066
-0.039382603660687104,-0.0026736278758689473,-0.004981505432989889,0.0013988035754154363,0.021959613654907416,0.012614145858799242,-0.0012800027103440218,-0.0016110572384777093,0.00043941290312062887,-0.003388212548636552,-0.003016175961424202,-7.994263579961691e-05,0.04416029596056248,0.0027270187068893924,-0.00033552008386749033,0.010123194308336554,0.0006155655679169612,-0.00700656877531388
0.052647710625811125,0.008643727586235312,0.002001621544700543,0.09254129296072271,0.062032855269807154,0.014166966145234609,0.007156810169626188,0.007734596695604902,0.00530983730077839,-1.9757616627381183e-06,0.012589628667893583,0.02829829098284074,0.0002822490216230993,0.00395983976797692,0.0069696558516405245,0.00555598998067334,0.015962747921569504,0.019027737907520714
-0.05957639871914171,-0.010102740063970113,-0.0038744011500501238,0.014005290825841125,0.0027708812158693326,-0.001549722478292737,-0.008784406938266582,-0.009099624467866782,0.0,-0.0018398140074732355,0.0022144321043254074,0.007902222103170299,-0.1106195617944775,-0.025469964511344884,0.008027220191946589,0.0009553066613028403,0.0005318287895232365,0.0
0.014592780017750993,0.003000626884861735,0.0010919092277467083,-0.05542364442183985,-0.0061109043678046465,-0.009614330883891955,-0.0030307856514593234,0.0,-0.001368097902347366,0.0,0.01191280306969571,-0.0045505994308363525,0.06179165204433796,0.002163700670955161,-0.0010852466447584305,0.016559418083750298,0.0019059311612070078,-0.003221343702870902
-0.03631594871370156,-0.002383243690520679,0.0,-0.0069893268846903025,0.0,-0.0035680331254787623,0.0006562450743705982,-0.0029208775638806576,-0.003410077715502061,-0.0009739726747926759,-0.00601731659296115,-0.003973086862861117,-0.16108325718040342,-0.03647212840749234,-0.006874957859388698,-0.023877229329923415,-0.0066747044118225145,-0.0022742465852678695
0.04777972213567005,0.005280135924993502,0.003997010498845062,0.054670445852724556,0.030416560665389482,0.014398891497768311,0.00486979995933268,0.00369446586610421,0.0037612452362633833,0.004452130515757986,-0.0001447868247180551,0.0011086915517340595,0.04691164393871765,0.0034625960640718803,0.002848748378678034,0.0050248479442915,-0.0016623725296861333,-0.006052057566034524
-0.05112949199505792,-0.009523353920032786,-0.0033991893395104796,0.022118118460358247,0.029982319537256236,0.01720353222800577,0.0005701730404057376,-0.023529476874292157,-0.00036362847398537803,-0.009247626109263293,0.006147759924548796,-0.0031933128932946212,0.024626558444042906,0.0038380586986755103,-0.0008897882055766004,0.010538164201304772,0.002356457304273479,-0.006841023215903408
0.07184661538476972,0.009623975644851847,0.011824007652532524,0.029844329455559385,-0.004714212693773883,-0.00540407600582108,0.006011275181825364,0.008291168714046494,0.005035494827766444,0.004950392666647347,-0.009675335295614635,0.014540148322327492,0.04454383069966902,0.007953907293730064,0.005338531319990195,-0.009493528695968789,0.0043846608325911205,0.009558506925679833
0.0474613258654061,0.004817327507464544,0.0009158526995287977,0.07719085476584975,0.03422315863162712,0.011149750408993336,0.0023266880929184506,0.004655222843733358,0.0014402600202860533,0.003949995486116363,-0.008416292339637518,0.026434642552316638,0.002350406664783991,0.0033179774830069397,0.0006636990985134215,-0.0011975953033055448,0.006863422299894194,0.00928687481497431
-0.08042439650997593,-0.01337461789304903,-0.0036759297833163776,0.01581708128676644,0.02174844495016658,0.014320882243990083,-0.010861722498614047,-0.02369697861970266,0.002527184179950883,0.0005756419692980655,0.007083671710011145,-0.0027045078671964953,0.02628647905057401,0.0041342840763899085,-0.0010445880161910838,0.010369011853742442,-0.0007325001713977378,-0.00731845840313769
-0.03398870460551628,-0.0010544044256088306,0.0005654077880263202,-0.07092218705731926,-0.09734731558813833,-0.027526029833996036,0.003391983851802329,0.0006088528914049215,0.0009629166884363704,-0.003803168694495236,-0.005905492745493898,-0.00029423706765014854,-0.0029049288497204817,0.0013156617902334686,-0.0014360419723885812,-8.918730423943909e-05,-0.0033138110245332663,-0.0046009749575627035
0.02373297888660071,0.00435015794845485,-0.003097508639148207,-0.07248274217148135,-0.009982483154605348,-0.010739911735205094,0.0025865923350404246,0.0037943035601603996,-0.001332390682248442,0.0026394867056567955,-0.004553335493329232,-0.004915147154218107,0.08419536626391273,0.00877374080639569,-0.0006951468646535176,0.016766708806148625,0.0037007759545488817,-0.0022326582120265476
-0.02948318057914791,-0.0008188050114429792,-0.002826486023918307,0.00010611635612158669,0.029676595457761606,0.021825551578755018,0.0026132867462675875,-0.002762084585337326,-0.00047865982127431856,0.003643606434018873,-0.006143161521094633,0.016727967915829364,-0.0972833354691375,-0.012229615802911662,0.004499943562235182,0.0017323690981021587,0.005560473940889032,0.00637362605591392
0.07536019931600167,0.010952509684115376,0.012957307676355619,0.03472186686202445,-0.003357581702184561,-0.0021293814694273694,0.007743104197605398,0.008279826808631159,0.005544943619883982,-0.002141271521177039,0.012742292374868654,0.027999056053952746,0.038403508001310774,0.008476179792404285,0.0012750374643600722,-0.012485774498213977,0.010663683366862216,0.01607305155321706
-0.03846268160148662,-0.0014314092659567185,0.0014932092078763924,-0.00163620964382432,0.016631402921118855,0.01315761306011594,0.004454697915810322,-0.0008301504647515289,-0.0029171221811293995,0.004750153114995129,-0.007660430668778491,-0.003817640499433945,0.023797036722763877,0.0027033263487531776,-0.00183084750368405,-0.0038575608332497924,-0.01041865172305455,-0.006476023086726517
-0.0805898885574009,-0.012421874954440299,-0.005129280687025997,-0.022840428944661706,0.0031822360323499428,0.00506200914179376,-0.017979590864271953,-0.02275303882231867,0.00534432231322559,-0.002847539974135684,0.00393708147716024,-0.001714846971139119,-0.007954637039469527,0.002123118733399853,-0.000791683829525828,0.007729276293105148,-0.0031293233996408823,-0.008237548822162183
0.03961622277404511,0.002060438593967968,-0.00010670788300225452,0.006183398232714184,0.010430200042827947,0.015608684920645675,0.001884361828431381,0.004839904630398515,0.00045146409118206494,0.002733974065227145,-0.00857567820384192,-0.012009265104645632,0.0002718848987610474,0.0015483229930159878,-0.003932736559843703,-0.0005238932344391431,0.006681530951278329,0.012215363928090694
-0.024094761864978165,-0.0020575004039081963,0.0023592795264381263,0.025323731049090796,0.01653659405735981,0.008045947650256773,0.006250149606168229,-0.0005912289239561251,-0.0018895239357635256,0.001385513801709926,0.00491306972425154,0.0066370905307590496,-0.13517255152784144,-0.026592651363583773,0.0128099946403989,-0.010853116471440442,0.0008358733632833776,0.006213588173555773
-0.032705655061583766,-0.0019686602908310044,0.0,0.030159682614657624,0.010531151202954177,0.0017793310547530548,0.0,-0.0019827812890644905,-0.004938071559574961,0.004429218588918118,-0.0017418103873740483,-0.006045126443567211,-0.1983036440684363,-0.049611321722681394,-0.0055818346235357134,-0.027586983833081214,-0.01360600552118282,-0.0004165790117895418
-0.05672608478259175,-0.009877542155260655,-0.0015479923071555898,-0.06408174438815561,-0.0019225922416466693,0.013576724187799417,-0.008911939911990978,-0.01818350208735812,0.005173592409103735,-0.0013097396235907388,-0.004580124981478951,-0.0016791232307489241,-0.019676811355029068,0.0031088059824937796,0.0,0.006207118755594367,-0.003167347111853267,-0.008180733469439372
0.0643634690765095,0.012100150985848839,0.010674238422338831,0.05758972494673149,0.012289187398849152,0.005856760836943162,0.003590425597446395,0.011182031523501852,0.012843437319127743,0.010738734077247188,-0.0070417942127066315,0.011279681914906423,0.04512199440384242,0.005716734670158113,0.0025298358583456726,0.0014221423647020118,0.008046200413662294,0.010492839164422008
0.07224224490178507,0.012283858099482237,0.015606921607721709,0.015692775585675924,-0.0024840570938902827,-0.004088971442956369,0.008163745212728599,0.0067102355580462006,0.0037499291748106793,0.002336047787215431,0.006151699188035621,0.01877430611742875,0.048630830234307365,0.003576995063546365,0.0008435752405067983,-0.001551828134735459,-0.002662912256719047,0.004278119182925588
0.027751749253924356,0.0038270569420497287,-0.0037490130349766707,-0.07738092258061792,-0.017768382620835913,-0.015744537578474285,0.0030836072544862263,0.0025374290000665235,-0.0021904045702956835,0.0035697486831380906,-0.007895626598991807,-0.007586606664602247,0.07588837086340237,0.006833175117452797,-0.0002056175615191729,0.015128850967292504,0.0025878851942714807,-0.006533175527826996
0.034577481429324666,0.002033856641971451,-0.005982189294070349,0.06638829435868496,0.013562483164766347,0.009208118564279581,0.002451159262391688,0.005620602236033712,0.0,0.0031278936707862777,-0.004192408528324599,-0.02142488817856522,0.012167490956070708,0.005872857365280484,-0.002868012605580279,-0.013413432288026949,0.003256537075618366,0.0038965227975572975
-0.05664230087535801,-0.007160253194803357,-0.0036883216558455203,0.03916536017256583,0.025712759471509805,0.01067213100311461,-0.0037320868198829705,-0.027946780229369785,-0.008045370442295325,0.0009305134655032009,-0.003761324511857093,-0.006455723038348068,0.013636540166304579,0.004803551725677646,-0.0019237745364123235,-0.0027690377168574113,-0.006438755889313654,-0.0067783675379742975
0.046988121242779415,0.0034467330668436253,-0.00017447242429322995,0.04158806024945247,-0.009011879461179807,-0.01223891458237586,0.0043415688666539245,0.003374797865401324,-0.001787199937228973,0.004383196607053476,-0.0126274946830023,-0.017290379168223312,0.009863152199672218,0.00068281442620997,0.0005470543582518761,0.0009425896879110169,0.005600634976619568,0.014142780467298804
-0.02340228368740037,-0.0010812435122362339,-0.0005610435823438495,0.05151129192004236,0.04119470936655936,0.021763207891175803,-0.007161343769698244,-0.006376007727690259,-0.007127951225891009,0.006428747523917295,-0.003497721793328229,-0.004331087610678495,0.044914608901761174,0.005981314022092466,0.0011005562251326607,0.015061426026523186,0.005071392403851431,-0.002751805512365646
-0.03055094669440839,-0.0018587403020766493,0.0025120100692051423,-0.02121885705645262,0.011140176719935505,0.010657702417251507,0.0010355132397756616,0.005063051029219565,0.0014990274998768008,-0.0026473933684312235,0.005731231237108184,-0.0032393432079825756,0.04299270183017444,0.002927668706732127,-0.0041478723789453555,0.013313413136880333,0.0010742881161757351,-0.00635447699657931
-0.020991938058288775,-0.0023778228940426046,-0.002287369472545805,0.02816427487785916,0.04513986734185901,0.016113630496941898,-0.007817124238030751,-0.009404355822725028,-0.008926547826407002,0.0036388786688804405,-0.00283815034612352,-0.010778658659017665,0.031712841143921006,0.002106440152730506,-0.0003003876982152448,0.01098162423988201,0.0018736380646306146,-0.003517291144551127
0.03861843867042588,0.008544103240915212,0.0008982260548438285,0.020675791642841283,-0.013867311327835868,-0.017486154721332827,0.0018571940538512828,0.004990878657849573,0.0018212598249035808,0.0027273804384853498,-0.012433747459189,-0.01929499803980037,-0.028236653188882292,-0.004631154767346224,-0.005059914606805121,-0.022307290674521987,0.0028939576113105768,0.002283418195617379
0.049162503818341675,0.004312898267961662,0.0018889425268265112,0.08215085732063196,0.06370027667533736,0.010808425096390715,0.0041944901587398975,0.0064900181878199915,0.0036476083649869795,0.003658859930843842,0.010067911021259243,0.027080702971715033,-0.03407246394330342,0.0,0.007566670593287993,-0.016547127524175687,-0.0010570027779650405,0.015826650143913656
-0.04207117532321915,-0.004263481013757107,-0.003051888964455843,0.0031484470684367636,-0.01505155802074925,-0.025179538094746344,-0.0006018305602085052,-0.00557956954930501,0.0007441051161545302,-0.00428826182230448,0.008406933541434012,0.008607735298062908,-0.06508288547313126,-0.007332143402863394,-0.0009667449735197906,-0.005278311269458107,-0.006117258702761359,-0.007273099523752352
-0.04927316381034626,-0.004145650297373071,-0.008306739757784013,0.03950115023922152,0.022632164374889848,0.005772944511642931,0.002405416285147001,-0.00332021020442941,-0.0014989500292040571,-7.221643188954168e-05,0.005503537567128046,0.0069449629977129165,0.02144068053149461,0.004399040861432687,-0.0022243520828037614,-0.005860285596682727,-0.010581647052941378,-0.007639087804169477
-0.01736889521251353,0.0025113320799104665,0.0039248693471971964,0.010213425914237026,0.0023168962261141336,0.003951647592347237,-0.009905593587664137,-0.006750566051926245,-0.001177338610929139,0.003615104539440499,-0.006068130132462914,-0.007139662289479333,-0.10154682793459961,-0.007355277323948739,0.0010315347460104261,-0.00075089429489762,0.0014152368639117148,0.006933158631334729
-0.04463780530567122,-0.010701114110482315,-0.0014123180543972567,-0.049007303114220274,0.008043286077797692,0.018391611547280844,-0.001216436699852513,-0.0036923581178507333,-0.00025330324264912776,-0.0025635515356289313,0.004416226076993398,0.0005285468764707328,0.03020343200000722,0.002752579395339946,-0.001344518064303606,0.009790820938630556,0.001277823097372058,-0.0038100527709568136
