BS_B,BS_G,BS_R,AE_BG,AE_BR,AE_GR,BBS_B,BBS_G,BBS_R,BSF_B,BSF_G,BSF_R,SSA_B,SSA_G,SSA_R,BA_B,BA_G,BA_R
-0.007720678122471215,-5.615422129429606e-05,-0.0018535633790244988,0.001036346180483921,-0.0008520789500087501,0.0018857549858224266,0.006025060301099705,0.002817505544599132,0.0029701388249228798,0.0008300563461776916,0.008948180754441924,-0.001983431375846194,0.02793548692611605,0.005958662765053971,-0.009705148343447288,0.01597981578083663,0.0023741509644731183,-0.011634996508351397
-0.02793463803168321,-0.007696095750239002,-0.0014186915881831128,0.001532963098255832,0.0012970123093460093,-0.0006576295514011289,-0.02730196725421175,-0.00911779941084079,0.000553989675148086,-0.004560633752987788,-0.008306890066601093,-0.0020436916561756982,0.01586395699896011,-0.0020515211959082616,-0.00538660880661754,-0.00601346925391861,-0.021286923214536103,-0.01585652999172582
0.059624482702838544,0.017771795286182942,0.013188137487546006,-0.005218828591722681,0.0035254197518553364,0.005282309751659204,0.009714832463465908,0.007292031614429472,0.003691891456977607,0.011207306432837157,0.0077214041318748195,0.00940552975303586,0.016134237598751756,0.005440262470507563,0.017787569321332214,0.0008962610676019565,0.006745458638701004,0.03769211361497457
-0.014662794192822487,-0.0056173961675459495,-0.004435001091501174,0.007073928196528555,0.001158527538779149,-0.00019606342319161994,0.005144396017325965,0.0005594287272557658,-0.002155085761014545,-0.008403217857368283,-0.0005741752928974053,-0.009516523659289169,-0.002549921959278776,0.0023877978342082174,-0.006695458483364586,0.0,-0.000951844436262152,-0.0069244528392385304
-0.02016613069796487,-0.007664316548240046,-0.0028124621185376883,-0.0017777097017154728,-0.0009915471652153956,-0.0015080729515022178,0.0021062114810395964,-0.0017450732088352535,0.00016999253985587294,-0.008559417411710988,-0.015611327796421855,-0.006205136750878478,0.03240154171560718,-0.001095803932524869,-0.013350103104487039,0.004843572319426654,-0.0056662910564163034,-0.01328045265251488
-0.02538910798540859,-0.008354895754838386,-0.005075174704357152,0.0004907961945485236,-0.00046468019787742254,-0.0011605308890634608,-0.006122109281526854,-0.0044084732122948,-0.0012751048232437362,-0.0026862688296849673,-0.0076196179493443605,0.005600120396880863,0.020110491477876646,0.0,-0.00851189210782991,-0.00044754134348331864,-0.01214268027216096,-0.002644920157268013
-0.003283753568631202,-0.0015274427288870388,-0.0016236897908041997,0.01342722421077941,0.007140578900979635,0.0017154854752771506,0.004080255586258438,0.002775579329043939,0.0022297619603296663,0.0019563479815942857,0.0,0.007182911919625168,-0.06099083705827388,0.0010461627886321303,-0.0021536207887227193,-0.0010106838217750597,0.00010728115234385305,-0.005698491064598025
0.02799862052895784,0.010370758107188021,0.009116900442805982,-0.0034821017854281848,0.009269432882009153,0.008356561493379249,0.005793498417305114,0.005121890085264401,0.0045070455554373,0.01769185828899106,-0.004920703016506909,0.0021937092132248187,-0.10469191899289297,-0.0037491847700076744,0.01743845920738989,-0.01307631330652081,0.004490574839790775,0.019781628143592616
-0.010152171383648066,-0.0048633615401264116,-0.0034823124655061015,0.00672733327554194,0.0012088698738678978,-0.00046416358458357916,0.00375741634484733,0.002049374798323058,0.0018559277775298184,0.0,-0.0057818154490354625,0.007692812110563407,-0.021167486818363702,-0.0002578134067170503,0.00047053983897599443,-0.004254811144062847,0.0,-0.002414928702227967
0.06438183668373362,0.01803428780999193,0.01862886772615647,0.007345308087259527,-0.003180050288269391,0.0,0.008067462826711341,0.010507645209440768,0.00817350943276472,0.008670443978451872,0.008255621520975533,0.0018078466899415656,0.036120395977716456,-0.000584834848025374,0.004255707430311425,-0.006378410599284633,0.01006474475216172,0.0441357409109108
0.037298112390018685,0.012532239302177723,0.007478925993513425,-0.008290956182128134,0.0014356806875468076,0.003720615492718776,0.0065394525070443885,0.007929051331356468,0.0032987348111923045,0.00175214715127817,0.0019371866552935978,-0.001190620806821282,0.037780814223038486,-0.004956758181758323,-0.024581030828942394,-0.0004403289966825562,-0.0018901609492952623,-0.0042706675362108315
-0.0009913790455597722,-0.0023257315321473467,-0.0015468488239898603,0.02384332707327311,0.019696775573531014,0.009410787003753142,0.006837516313296977,0.0021586621829943536,0.0016875500570683825,0.010770240500975959,0.00395123977919522,0.0,0.011708304176351759,0.004669602943345895,-0.010306147976820907,0.007038443599381265,0.0025878636710180165,-0.005345401025419527
-0.024979694360678307,-0.007205159593656209,-0.005765053190971472,0.004428417438911388,0.014590618687618002,0.00801416536054987,-0.02142295690000425,-0.007715469782340992,-0.006108276287038756,0.0014301372097662282,0.0032178643717806904,0.00293556035251919,0.014475012048106339,0.0,-0.004106154383283484,-0.012563895723156396,-0.014762600183271067,-0.011363380343244793
-0.017456852687788828,-0.0045747935191499485,-0.003576094125968782,-0.005070689916916553,-0.002834268192618305,-0.0010887076380304767,0.0024536772273223637,0.0035958315002889967,-0.0013623481934584448,-0.0030665866677448577,-0.004316628366265246,-0.00951574374022289,-0.011374417233583756,0.001462405045843965,0.010397291346439463,-0.004150569932014115,-0.0019511351669633905,-0.0021827307322160525
-0.010088834476395704,-0.0021591365396325954,-0.001893112027705759,-0.003115252634496723,0.00048322662832377735,-0.0006684016192399241,0.004729676902280276,0.00313044403456512,0.0010617978579851174,-0.005129421962927736,0.004591616565674077,0.003806234626245203,0.03594460171186903,0.005004009697652359,-0.009065103367132264,0.015609936795049078,0.0010103172952856396,-0.006324092210106554
-0.01789080954492503,-0.00654437758941908,-0.007568672688277325,-0.00362295402327298,-0.0045914418449874116,-0.001275998067977622,-0.02370376971340204,-0.012634888712421726,0.0008043852450270788,-0.005295196780101377,-0.0007972480702604287,0.001328052007698545,0.0008964941853506268,0.002704066021862227,-0.000890550891185628,0.00046691630190125026,-0.0014782403890772212,-0.007933374106225313
-0.019156699842860187,-0.007006034631273425,-0.002544638716040454,-0.004244000786212089,0.0011275944230856331,-0.002358724689309034,-0.015305425489111579,-0.006214061212786967,-0.009856092839978138,-0.002720869572218228,-0.0022462012364676065,-0.00023058705320044425,-0.0862893726650508,-0.013788950250789167,0.004992104039497758,-0.0006797679620743714,-0.0007131783374938642,-0.006663720026560488
-0.0115105615829829,-0.0009925304187897819,-0.003854047433046678,-0.004054466036858975,0.009621607117913005,0.005782013587907584,0.00809416729710626,0.0022419223529725,-0.0056145725706304075,0.006262992030499175,0.010409396764618332,0.001107330389674297,0.010055713329722842,-0.0001806465820041586,0.021564083609576755,0.010433665405456769,-0.0003003717073326235,-0.009132503509340598
-0.014452663173774586,-0.004225638923294018,-0.0017368419544726355,-0.0012876514307719163,-0.0029403851417483472,0.0016696955024474085,0.005109370420302348,0.0030731943081185884,0.0024296795410915254,-0.002598929431582949,0.0054006594580911305,0.003728217113715532,0.0180532239491078,-0.001569977088312729,-0.006957507217684083,0.01004953912770027,-0.0019371743191119576,-0.010162689717513449
-0.013922826117959777,-0.003392014504582274,-0.003917186979683855,-0.000294768131437278,-0.0005001413728960929,-0.00040399980984671036,-0.0019574466732881265,-0.0025707116129748387,0.0020992339144844238,-0.003965722083344315,-0.0139214411617804,0.0036449875383750456,0.037689837265378036,0.004045553509460968,-0.011423834976405717,0.01860679811624272,0.0011886841804320345,-0.010157429789844097
-0.027813011743606092,-0.008949466845934733,-0.006732136745253335,-0.0018323433154982056,-0.002501710608295405,-0.0017756557503341452,-0.013147902339638558,-0.007767571011616266,-0.0019264059894241092,-0.00805678664181184,-0.0064878965572850375,0.00597570493806011,0.0208246263352466,-0.0017927087548433598,-0.011393865826807341,-0.004284893495091737,-0.02592891678169616,-0.018526937332965565
0.048422862322944904,0.014366750096797531,0.012045481756081352,-0.0076829585663935095,-0.0017675818848947524,0.0,0.004446130779640715,0.0060731022380301515,0.0022974610530743724,0.006966025690589204,0.005331854694624209,0.00221666076230982,-0.006592762719147926,0.006047622140165752,0.015707528388787785,-0.022701862826380703,0.0051814288328883825,0.03688081323083342
-0.011870111948066505,-0.00408689172659351,-0.0019369765137255896,0.007455601530473837,0.0014384184103125876,0.0016246557629871286,0.0077746458339365485,0.008443013536814105,0.0013498195232761003,0.0015388647730513554,0.006949188430839796,0.0027558154675903002,0.014602919748319397,-0.0003169830834177509,-0.015700619754922023,-0.000619188672444549,-0.0023412264504223514,-0.01050123537638006
-0.01151058482997574,-0.0013757242757978046,-0.002085387795038447,-0.005284888539731225,-0.0005832927240867905,-0.004372027512804275,0.001775258493833509,0.002111212199369194,0.00098028095873637,0.001872132576165567,0.007107035203901611,-0.006941050816650603,0.0021549340030422577,0.0008551918254518762,-0.01274760029344942,0.004753162121007271,-0.0003324103454495315,-0.015701433658941114
-0.022605275067459112,-0.00941751957620904,-0.005677264101112702,-0.0018269894121569895,-0.004119353772807905,-0.005100307415979826,-0.026322523003088495,-0.01395896216279889,-0.019261679256223383,0.007208969870964188,-0.0017653240417157075,0.01824040769103782,-0.014287061282237553,-0.0004155536339248782,0.004349787992254974,-0.0029894990859267653,-0.005452221240819108,-0.008397510177356168
-0.020977541446831484,-0.004978565673166776,-0.0038579470295397058,0.0039445868781044485,0.005334202521794159,0.0021637511501118555,-0.015529209699909776,-0.005450258842452934,0.000816497510889903,-0.006599679287299011,-0.012086721240005299,-0.00026415915473127004,0.0036978778699919964,-0.0025036328408205256,0.011926867990950605,0.0077111899237117644,-0.006230656430409586,-0.01472437872361091
-0.014484723877563763,-0.002378649850725939,-0.004130738461547653,-0.0015480181076426764,0.0015975891767333846,0.006037396505482543,0.006661822406436392,-0.0007152771980587689,0.00243531286085863,0.009630733911478702,-0.0007297062253177955,-0.0011945554897749998,0.022614130613983274,-0.0009922696896547904,-0.011645727848191198,0.003282149511918467,-0.03501146959640966,-0.016052757737831505
-0.012869097860747802,0.0002377323910134815,-0.0006538912088214501,0.008380381889458735,0.0,-0.005652459236355635,0.004769102520607897,0.006017367308026763,-0.0003288264506203496,-0.0017554780676843215,0.005259110718140194,-0.0008942592746370918,0.004998697181622379,-0.0030913483516486692,-0.01311138120798588,0.002364136776458151,0.00035950869403202567,-0.009050023240411497
0.031213204489278928,0.011203551700085966,0.011826534157788655,-0.005256168561806326,-0.0016453295165636717,-0.0018797295258572546,0.0032505067799732928,0.0036275336345365106,0.0026034317451494446,-0.008267123720606664,0.007512627450783084,0.0031217947618707776,-0.05613994429049845,0.003140707087210281,0.021396765040841998,-0.021555663397835535,0.005184398484937037,0.02744271482674977
0.0366157297814133,0.011278984902584333,0.004555300713080322,0.0009966045865639455,0.0041159218941303095,0.005062593096371153,0.005772481256803277,0.005566913901418511,-0.0003378682434642241,-0.00040920888302791337,0.00021803903743063268,0.0018481919276726623,0.04013628399218425,-0.0015618017781815563,-0.016255742779367477,0.0025681372085719282,-0.0013834406079300825,-0.004891668951437472
-0.02139974395776657,-0.007341604486272895,-0.0032445503164196974,-0.004324373419930124,-0.0011160887889576003,0.0013188002561117576,0.0036202185525252475,0.0022012727264070974,0.0011072866241977652,-0.005759211742861842,-0.004457558203048158,0.0038304425096634225,0.004849147050272416,-0.003461139688207771,0.0,0.0067495160433345405,-0.002214684854267313,-0.007425080889648161
-0.012169876192498694,-0.00253398784460174,-0.001407943615558004,-0.0012377866159140477,-0.001325701902078592,0.0010241015458584937,0.0033725979468522335,0.0010925194407598849,0.0026470849751018344,-0.008800486759097656,0.004947171869753499,-0.0005250782872894597,0.022412916205767047,0.002401538516454526,-0.012921096788582626,0.010658494527385215,-0.0029057363784175186,-0.008595629773545275
-0.008792734909935533,-0.0018240759485928194,-0.002162970145211788,-0.004377471301268359,-0.002229163757586349,-0.0021853765437621357,0.0036386190005174585,-8.949125845332253e-05,0.002671918639013384,-0.006156715851367396,0.0024062364132645675,0.0010600412333066351,0.034987169310014145,0.0024471510461441183,-0.011071993344742419,0.01904133435351373,0.0029218607917037703,-0.010733181791835397
-0.019818620089352174,-0.006774472728649344,-0.004378659694690135,-0.0030268850095134816,-0.006342662482946778,-0.01007748544056038,0.003622630185804819,0.004710053033995295,-0.003759299769073818,-0.004976313480411031,0.011153858224018503,-0.00920377774193511,-0.0052861975187922985,-0.005286891880638449,-0.022972531242961836,-0.0018669902096711572,-0.0024303630525396407,-0.012557103916932183
-0.013416759743690575,-0.004021054959692708,-0.0026008053077477646,0.0007816189262774743,-0.0015971936593746944,0.00042769325401712216,0.00410440626333522,-0.003514882501477278,0.004102786352285776,-0.00044479895949606826,-0.0003048769522530007,-0.004073012440428753,0.038003923371267664,0.00468607243141101,-0.008447238258746768,0.01943451724660186,0.0063496974876189405,-0.009618238789778341
-0.020100637073474405,-0.005560880252573721,-0.003502607578556019,-0.002617570709378,-0.0008947779174630298,0.0002969184553332273,0.001997184992930406,-0.00461313531526045,-0.0006904287056602387,-0.009729219864998834,-0.021226417988277832,0.002773882337363231,0.0157797142603463,-0.0011125766343682221,-0.01297297774433925,0.005921256079954463,-0.0051596221726665165,-0.016587938246128996
0.04372283914679328,0.012418312417909945,0.007520753600396444,-0.007471469220914662,0.003161415228266243,0.004024182304067848,0.008484891605425673,0.008241532561333734,0.0,0.0024010669553362497,0.0009658375350444936,0.002298793168223702,0.053401722931424006,0.0008924386154864916,-0.013019678050213085,0.006309021151672927,-0.0022771835544547537,-0.004985208667614344
-0.012134570672850823,-0.0033479277184227376,-0.0030000740251064236,0.00037886113897749415,0.0052255040335501615,0.004692157486968631,0.009988813260822012,0.0002497887811877153,0.005958801512387927,0.008790643737327228,0.00730076200827706,-0.0026310879172249052,0.01568891022688482,0.0020309444421729764,0.013843873161019114,0.013827260440344718,-0.0006749303634357136,-0.011769318763540301
0.04275670528399702,0.013576530936905567,0.014873994168341972,-0.012066076976690508,-0.006271437090578873,-0.00920515664207416,0.0052988369526818175,0.00690964959246742,0.004063935588861375,0.00547212361726406,0.005980320819514169,0.005882463263264603,0.007678209136330596,0.002539503628469068,0.010981141206402876,-0.023802936764815565,0.009503737190400936,0.033280636865042096
0.04368832647739436,0.012487390328890968,0.007675460424178769,0.004866765760165903,-0.0008858951303213498,0.0010817266987544428,0.006583622556598518,0.005059846916840609,0.004278484795690283,0.007346170950201745,0.006802972178007324,0.0020914567967756877,-0.04320937559813635,0.011240019088302232,0.037252801547362546,-0.011263293658700891,0.004927484627359683,0.028874119426438125
0.04782765581237097,0.015590161584262319,0.009992802469337918,0.006644519927533767,0.0,0.0024800573438142517,0.004312970240778668,0.005392146887813276,0.003264318387665361,-0.008712254566293319,-0.0020826556776018658,-0.0057991093033071105,-0.006919315656765577,0.01740405506840577,0.029976438173267273,-0.006863189989011506,0.009811344370447535,0.03919374480644064
-0.019061017846208308,-0.0071861562267997925,-0.005644445379475701,-0.002843782925794273,-0.0005812703626487302,0.003932521924091889,0.0016789227231602912,-0.006767424744167216,0.002416544770588696,-0.005639333655725201,-0.021371341396113484,0.004298778829192785,0.00021644621558357125,-0.005819173826948006,0.003866342610825689,0.004147998589476452,-0.003975506582350543,-0.014228243603402649
0.03148393722057464,0.007632686183967703,0.0033201243077007328,-0.000595278664450803,0.0002627767099428799,0.001108979799141045,0.00923267862163117,0.007103692402789139,0.0036959478126746444,-0.006365230252418224,-0.004322912131367699,-0.0023059883450424756,0.01674481701582471,-0.010071170623445046,-0.03085206341039603,9.770109817684506e-05,0.001027168712195849,-0.00016185859518116907
-0.014303640278366994,-0.003820669434018233,-0.003930610776805276,-0.0031553044004319583,-0.0013691234633699018,-0.003023689610417779,0.006068005662362945,0.004016842804769113,0.000655698123676936,0.0003537805624861113,-0.001001781676701381,0.0034630474949896967,0.03220736704298817,-0.0003053407921673545,-0.013893154874106998,0.00762645631352298,-0.0015186654898920798,-0.011062744849794196
-0.01699594794701598,-0.0014309212506970947,-0.005441008468276939,-0.0005508139816748266,0.00032407718042725894,0.004323847119886913,-0.013563555012807918,-0.0017550593896548034,0.0032251477540368766,-0.00675907499032543,-0.009681134680774153,-0.0019305503615342646,0.0006894468978684718,0.0006229111636585894,0.0,0.010555780740527558,0.0005289094648519242,-0.0070764376897197445
0.06090323236355653,0.017565371451129873,0.017742670532414302,0.006107256335371607,-0.001968247153236489,-0.0018555197057879272,0.006144336583692307,0.008681308599568631,0.00439515822831594,-0.0051891949914101695,0.008029904781592453,0.004626306928278342,0.032816009171926945,0.006914276392431885,0.02539354798637966,-0.0066832108434331,0.011673131318576564,0.044394927778428295
-0.01382201525247864,-0.002022892667667476,-0.002975293086231584,0.004443957586563686,-0.0022359234932782116,-0.0003595649775576631,0.0036044348303395043,-0.003022956889357308,0.002492923596886459,-0.00490472488970228,-0.013135654604743422,0.003023465174984845,0.03716851299203706,0.005452173443723089,-0.01114284459522012,0.018873104746191218,0.0031781238262904308,-0.01066160120217638
-0.013906033604856045,-0.0073030724641581285,-0.006023185438359908,0.00021778778642185938,-0.009493361431335653,-0.0029256130627975147,-0.010504505568396669,-0.009850537972042326,-0.0019078142242581332,-0.002884599547826129,-0.0009428131736386702,0.003056307723054098,-0.008254172630633707,0.0002124805680243214,0.009381958876491077,0.013014276342504629,-0.0027989472341192084,-0.010883735561489631
-0.018210654241749724,-0.009905340722347278,-0.004922965726200779,-0.0022286902034145853,-0.004489332108075103,-0.0004956721316110791,-0.01005015863371114,-0.00596491343315122,-0.0013086662551062395,-0.0074277286161311485,-0.0025438444625521463,-0.0010154767797426322,-0.005341450837955741,-0.0008594297850900897,0.010204549548613268,0.015201486333667079,-0.0030913100895289614,-0.011328280343124532
-0.01466669359884871,-0.0027154396943368697,-0.0048123080615980205,-0.007380353677698665,-0.003284888203396466,0.0010734522648479191,0.0045152839048213855,-0.001554614115442354,0.0037460442644615837,0.006528505956647007,0.01066684400842811,-0.0015197379986395148,0.015176862481579881,-0.003303374526262199,0.0044996812327180655,0.012058468114591374,-0.0009154025779101598,-0.010838557711339611
0.019060882288628053,0.002002965212107425,-0.006071134980382783,-0.0013447290771361386,-0.004696550584606983,-0.0013745448572415181,0.00255329299583589,0.0019345366466926811,0.000661395488222111,-0.01006320147425903,-0.014085870331333945,-0.0006633760546038185,0.01290706666026728,-0.006686457627037245,-0.021847461194633412,0.001089614347336422,-0.000838546020105944,-0.002929669846507825
0.06672389445122269,0.019882944926000918,0.01519260750302882,0.003149030690382863,0.0,0.000795624522635629,0.010007354431208903,0.008723614466258096,0.0076755113269437935,0.009068734431672363,0.010949832688029824,0.001192271889386225,0.026536986796240076,0.0078028521114252665,0.009412646342716666,-0.02157557473450622,0.00874891763780127,0.047894328784229834
0.009385999693711285,0.0012828785687918458,0.0015355557671984607,-0.010758905299632738,-0.0007959296159092796,0.0,-0.005267682400251536,-0.00034019402015700084,-0.0015722321177430976,-0.01700573641363614,-0.0088660465005489,-0.006450100216036834,-0.14388919328211566,-0.01131010344508006,-0.00012802476647335933,-0.03179964072123675,-0.0024680979769759522,0.006665059944411522
-0.010757901136339554,-0.0014309514478690183,-0.003970298816424183,-0.001344473730355651,0.008608091619790013,0.013451732806765853,0.002191218280470792,0.0014453400913475981,-0.005032643537663069,-0.0010841214591694368,0.010229173547014222,0.021118940302655903,0.016981020291899504,0.0030174239138468814,-0.009172064938088908,-0.004906490654437325,-0.002769117656725421,-0.004215827664070894
-0.01698112598416492,-0.004411521171778894,-0.003793015231696609,-0.0009421890164599966,-0.0022887474406045483,-0.0006009919128064408,0.0018960836755065583,-0.004341363509997579,-0.0002955170559235296,-0.01054803440184081,-0.0026385609244112948,-0.00320094008894641,-0.001423637985637459,-0.00833832409024739,-0.02321747160982638,0.009285861207121222,-0.0032030960004051723,-0.012108087234350931
-0.01719580992378388,-0.008110970405070559,-0.006150796391976468,-0.0019380303858570116,-0.0028639519800003283,-0.0014792935723904703,-0.02862595693178566,-0.01628504075841032,-0.013009978651983086,0.0010072900314639542,-0.0019226206823249532,0.004293011424865062,-0.017493369838804437,0.0,0.004154726731610415,-0.004775233990946084,-0.009578588356661715,-0.013161274047365945
-0.03979146347067787,-0.016506650153235415,-0.011606895259206102,-0.003960804424982188,-0.0031444038856474764,-0.0015418369543966457,-0.03737896323277396,-0.024023443941627507,-0.021890323459775096,0.008268307947218126,-0.005294249850971391,-0.0031599397669915996,-0.008257775207107129,0.00293667967376215,0.0021460557228822714,-0.006364598924979805,-0.008456281856951166,-0.018149735805696204
-0.0156800671875723,-0.003985365509026255,-0.003063308566086421,-0.0013400825099996734,-0.0023945692097156516,-0.000687221872168811,0.004893529682814696,-0.003097499557962757,0.00177166617409196,-0.00801938935713091,-0.0014477811157447272,-0.001130091664901772,0.008448446834709267,-0.0039516622589446096,-0.007718213247858086,0.010512172509568209,-0.003059526834865679,-0.01099909439805086
-0.003590402372445295,-0.0020055496782690695,-0.0016523303799533173,0.006171303368737101,0.005616098020712957,-0.0010190130215344726,0.005929083961217608,0.003086703896554123,0.0011376906247452013,0.0010977220754496344,0.012248527784013252,-0.01109191031927623,0.00787794949078086,-0.003372563015213539,-0.01783915948165613,0.005280796495798945,0.0005264493135404522,-0.007611941174691179
-0.01049965894185361,0.0004947865674225895,-0.002462764089646226,0.0022229653117673675,-0.0009194612186970854,0.0027270715880065416,0.003191537003413398,0.0029575338386461283,0.0008867929875819685,-0.0032318847062259523,0.008389792606194104,-0.0031988507774617196,0.014302073743032462,-0.0001856731943410023,-0.004406428682483866,0.009372342602743349,0.0001650402812066582,-0.008981513004784798
-0.02325066398304847,-0.005491528170403643,-0.007836326489737306,-0.0008436361170134448,0.0015087973610167986,0.001508125418303334,-0.015561150526006994,-0.004176449270140293,-0.009173297115559285,-0.00901504602100685,-0.0006160802201363571,0.0057622214643982496,0.021170041569902792,0.001877546432273133,-0.003975207295730745,-0.016510825767058066,-0.024008194143225275,0.0008136256247919665
-0.010019170421427017,-0.0020898534161086844,-0.0037370976459486813,0.0012546449150202504,-0.0005349808042904108,-0.0017331432548197713,0.0036736957144392433,0.0035975384465337583,-0.00025139209625893807,8.022120039406814e-05,-0.000393867870291261,0.007737379269912016,-0.07280399397155199,-0.00036835876590187285,0.019471433641291044,-0.005964367675631714,0.0019352231008477327,0.011322724094112474
0.05318071026694486,0.015302581873024104,0.01707532873815552,0.004904963136733946,-0.006243147410363296,-0.0016516152702490048,0.0060076801084273344,0.008573874195468472,0.0052156265392932335,0.00846109518382544,0.00676169828871584,0.007519728364372517,-0.006917711514232089,0.008136903333298428,0.017680184268659284,-0.013914302540329127,0.010998033357873513,0.03932731457814964
0.035352898205585126,0.013344169523504866,0.0073015839208518405,0.00035560568224430504,-0.0013171658952998416,0.00048728829999671193,0.007926694736626666,0.008053062795076584,0.004625990872960889,0.003051439529666891,-0.00015215631170775268,-0.0003966993962569915,0.048293863348922626,-0.004605466341860712,-0.024855746183646783,0.0005259138526422389,-0.0020819561944366784,-0.004733643860934791
0.07009809019954012,0.023456190313241962,0.022639921398593818,0.0017489549376016706,0.0027372759406579616,0.004207933757059223,0.010226473372237307,0.0112376435806864,0.01288241150906762,0.013686622341361027,0.009940817055833943,0.0022224787342062873,0.032651223358788374,0.00826503793335473,0.022890510621076963,-0.002866744818458566,0.011292195067504212,0.04630093420987236
0.05321812561179407,0.015165010871347537,0.014503627293602986,0.004587135573922216,-0.00132594365890138,0.0015516932672830323,0.0072548361121873494,0.005226640872109842,0.0031888372449781445,0.013633117227468404,0.008833763235714689,-0.0005627876148142916,-0.009885862863806306,0.01897587497211052,0.01585217977471581,-0.009722000534146229,0.012313214869604116,0.04164619214926307
0.01065029848765254,0.0022063197160057182,-0.0009033939033138067,-0.016443352501450525,-0.015519349165603099,-0.01443572902905872,0.005649518297366142,0.0005456368291902551,-0.0010887739064066333,-0.005005752066293592,-0.011667540471920996,-0.0028036956050219615,0.013250491357746514,-0.01203659504038607,-0.04165307324591905,0.0038119166936244073,-0.0048313976433691916,-0.017322407207634824
-0.021900892615863456,-0.010019798860110158,-0.003760472760936873,-0.012958142647038765,-0.0017103472795842545,-0.0009632243643646189,-0.018503552205409567,-0.01070687007441467,-0.01128518708518728,0.0006496888312746877,-0.0007520638832699486,-0.0038048160163027026,-0.09399798082294013,-0.017027821172835116,-0.0006280607750921237,0.004287320089365923,-0.0016351568388389632,-0.010000778849525827
-0.01649128731291032,-0.006521306103782944,-0.005848105804719069,0.010785990326438278,-0.002682432833607086,-0.0008127972916385237,-0.02998833101933014,-0.017751542342913984,-0.009366550633679202,-0.00045186411069248573,-0.0015487362405298597,0.006624129872792901,-0.020787925576376817,0.0011389142978323393,0.005883307949398564,0.0005205082446654263,-0.007206564153334042,-0.006149977350248775
-0.008889700329168604,-0.0005534363683777625,-0.0018483328537615674,0.0036545300220964757,0.011145328388176511,0.007963372340700057,0.004440777342127836,0.0010466515747050078,0.0035258143747294336,-0.0015481490416889027,0.0022931021132705006,-0.001862921481340882,0.026565257412037028,0.004132850340009651,0.0059936551405968845,0.016699229830864457,0.0026211295000233546,-0.006718434585151381
-0.01654919048187113,-0.0049363795548172645,-0.004030067223505029,0.012954343191786722,0.002033182333871825,0.002547404682245469,0.005785208240442774,0.008792568256784912,0.002350699266716478,-0.0011224764936415019,0.013910156797434625,-0.0023560200784088965,0.01702433989690731,-0.0021110373100625317,0.001708577779706497,0.01014800087056444,-0.0014271914275907213,-0.011397258325158768
-0.01734338459923431,-0.007410316962534134,-0.0006041171097730802,0.01150370533230937,0.0009665787006252467,0.0007947156629304428,0.005812917890208832,-0.00012407621576790366,-0.004735348071971494,0.0006048307817427584,0.01011345840047371,-0.0017133866589344171,0.02615639327913283,-0.004573001844623977,0.003023662076125852,0.018356645077263065,0.0014621322594765237,-0.012881683651215635
0.05464860120370132,0.015417702709432718,0.015318156013103263,0.004830592333624596,-0.0046568751911116955,-0.0022190480654097565,0.007031999461772076,0.008986169581966552,0.006296106363351205,0.004783792241187608,0.0047403872657455414,0.0013304891166921484,0.026737063900493435,-0.010470170644743745,-0.00595798957593106,-0.025969624217595976,0.008385365867775557,0.03641137475583393
-0.030147317658831805,-0.012527653433085432,-0.008230933520000937,0.00010921334663978973,-0.007092855981692952,-0.009343919950581073,-0.027471053349235136,-0.009588257529219558,-0.01365639285628566,-0.0072645592974714965,-0.004775284051686075,0.0017783224060740766,-0.0004272281430128576,0.0026779015315280745,-0.010435429341683747,-0.020125002543643376,-0.021622814225667152,-0.007414141098516319
-0.014190530875306362,-0.006369988660005861,-0.0034487554582666572,-0.011080545491028193,-0.0038050670696896218,-0.0038176208950384794,0.003172808151061707,-0.0014242655258807177,0.001984500122734052,0.006923589509327631,0.001833795939319319,-0.00717975433969489,-0.004442881747854349,0.0011645372691024755,0.0012492194854019749,0.006506277323263451,-0.002646970676558733,-0.010593176560062124
-0.014957845639018183,-0.009146055656420312,-0.003185971682267275,7.25387663554743e-05,-0.0052041052126874715,0.0005185580261641237,-0.012663714304763717,-0.002099309358978746,0.0048335041606391215,-0.003147036781405276,-0.0006367427722529421,-0.0008595813792995052,0.0012363998923763404,0.001121848706651583,0.005883077004703199,0.005901330051765456,-0.0028535085969851005,-0.00810493501636167
-0.014463113371892256,-0.006809674338987427,-0.00467701368657632,-0.0038121050846425947,0.0007366192337662013,0.0017947467330217814,-0.01907369014163909,-0.01236027543694801,-0.00864711174047274,0.0022226837208945316,0.0023920894379981864,0.006637117414199747,-0.06664232433086822,-0.011983080851973164,0.008530074394642737,0.008259352120619132,-0.00029044076283031155,-0.008617816407801404
0.02490487624477304,0.0061945571177456785,0.004276447984919928,0.002420497585494761,0.004536986326363227,0.002512391621913973,0.01168163535852928,0.005903510761443225,0.0,-0.002136601632929548,-0.0009414590274714249,-0.007918511096513441,-0.006206922162536059,-0.0014731951301048072,-0.00040757322625845153,0.003148483336470297,0.0015856425811116362,0.0032978155579877974
-0.02002553080121991,-0.005583035782208632,-0.005266334945285371,-0.005321601196555206,-0.006160605620771717,-0.003361697562299132,0.002683202817640137,-0.0034444745442248803,8.097348496300998e-05,-0.0010513476183475398,-0.010375964100284197,-0.0033812714409014173,-0.007048728171089437,0.002375803837080667,0.014742230057880267,0.002961403630996004,-0.0034078119804994145,-0.011506981208936895
-0.030111972972433593,-0.011271567092729484,-0.00810725208928956,0.0005353592040892098,-0.005640336222364242,-0.0013476781560734384,-0.03294862479522397,-0.013887574563703133,-0.016318268680720283,0.008234793388419238,0.00031645157887056014,0.01702810535910871,-0.005291303566240398,0.0008973620503175662,0.006659153198311264,-0.0024853607802678497,-0.01686631734002678,-0.016227760785169867
-0.018187829833726025,-0.004981956810364673,-0.004289850408483002,-0.002956051539450378,-0.0006618115641732256,0.0009751689293823298,0.005149481716577577,0.004107887202653457,0.001457868594150253,-0.0017780329497586662,-0.003982533396757762,0.007933717172716745,0.0078000382115333555,0.0010429213033794993,-0.0016706209764426026,0.0029147392791322086,0.002537113900363002,0.002496665396994894
-0.011285319399518606,-0.0063451773900889,-0.005957322315068897,-0.003585192199303158,-0.0037469685526158353,-0.002528400654907308,-0.023065283839203005,-0.00018865693488627337,0.003913879172999995,0.01070501338574942,0.0007226474525538381,0.007274686344569948,-0.014548107612885811,0.00221307680411618,0.003964297431996733,0.004379365036828148,-0.0024224308883468828,-0.006053949429538533
-0.00918724207695738,-1.7579938200377378e-06,-0.004495261925659151,0.0011095655838616817,0.002278849701801188,0.0032297382518816165,0.006965645798470688,0.0035026107576392254,0.002561263764612936,0.008115142986604708,0.01219163158006765,-0.0017404913667184558,0.009291691724274726,0.0020774214598763326,0.016820552174218448,0.011817179303985409,-0.00014379594151775986,-0.009999603536835489
0.04922914960193922,0.018275154541588335,0.01830439621938655,0.00456783776351855,0.0020213662360329394,0.005286477578139959,0.00629311320303183,0.006098577319905204,0.008348068587567821,-0.003830462676899257,0.0,0.0023189621985975203,0.007462228981534736,0.004323671423334024,0.01724173335164201,-0.00749890761690294,0.011663060010057952,0.03469186185859721
-0.00834660174543488,-0.0052372273498177465,-0.0048669783691685465,0.002925064298109789,-0.003023524561640938,-0.0018375101428156815,0.006001804719974964,0.003529369330589701,0.0005069412315696555,-0.003299066361552566,-0.0008103336908243855,-0.0012389583609749386,-0.02915575507174315,0.0051189854644479215,0.024989655914795336,-0.0045740119378918035,0.0027657320183168865,0.015604827062193693
-0.011061877582286042,-0.0030172287992941433,-0.0031752087952944155,0.004027668918358769,-0.002043027578020401,0.0,0.003628516838229785,-3.285155539174303e-05,0.0037673589190052293,-0.0064548753473310265,-0.009643368929622273,0.004088886181437805,-0.007702674081569695,0.002540798019162131,0.01102133517486808,0.003908789802981137,0.0013675158177784245,0.0008410297440606951
-0.01649479202074507,-0.0055580779569215566,-0.004742559954703692,0.002723039269833433,-0.004053879215595579,-0.0012797285414803423,-0.02569786759626667,-0.009652736743524647,-0.012302354868805852,-0.002058945478919693,-0.00013302998636809408,0.002919048094179861,-0.01930462952727801,0.0001591244357195912,0.010823933739912731,0.010521956166786736,-0.0002040898092390372,-0.008688675222962156
-0.015334455918478953,-0.009766819690038816,-0.0056883353108563685,-0.0003121519014936923,-0.008988982913783332,-0.0015483322322470115,-0.010534669365976232,-0.008277347220277655,0.0024972738045019103,-0.00241560705790024,-0.003951881744828352,-0.00413214996656295,-0.004525102785560646,-0.0012070657180619105,0.0056455721640937245,0.011688051782906921,-0.004001587558686386,-0.013815909141490723
-0.028565431231407305,-0.01295197219437437,-0.008348397584200189,-0.0005792107007469785,-0.005687611164783002,-0.006565981436899525,-0.024772247420642032,-0.012533272020033865,-0.021187268804517708,0.011529266949275576,0.003272868775272332,0.0032913363272692613,0.00715290321487,-0.00148534427863064,-0.00843831239195485,-0.01546087176679091,-0.010198811004558628,-0.010256400235254926
-0.006508496493047318,-0.0005164373837534445,-0.00035945501099062167,-0.00449519715574092,0.006787949105534963,0.006633626774517916,0.0008252441445470224,0.0006382362765121394,-0.0009837247379618596,-0.005746348144918956,-0.0022844195271605095,-0.007416600457971047,-0.03653026749198131,-0.001552467090943603,-0.017161929669732418,-0.012902064001696033,-0.0019111359652427256,-0.004823739533429891
-0.01669762869253605,-0.0024739025826809283,-0.006253067190776891,0.008364777813312099,0.010428257235912364,0.002960428140904742,-0.010705144596326249,-0.00676338440892822,-0.0015000178651132941,-0.003268908299693744,-0.006186640518554686,-0.0023331480178770112,0.03663432892842196,0.0033791575619185788,-0.0024191478311668116,0.01493263856709817,0.001771825261589455,-0.006361714151253629
-0.010393910454918826,-0.005235621223585727,-0.005019235977210105,-0.008574285764115496,-0.0053717294219736,-0.0011957203480860098,-0.009769864391503066,-0.012458140543028965,0.0014521214030312594,-0.0012844034447449498,-0.0022063189090930505,-0.003647464387200215,-0.04036127576183093,-0.002147101204741957,0.01348369614967522,0.012275988047536214,0.0,-0.006975792433666264
-0.02707081145266673,-0.01352729214769347,-0.008663559835004941,-0.0009608513178221862,-0.00153777833896975,-0.0033995781834983514,-0.035830184572793196,-0.016302774074913057,-0.015712375817138375,0.002701261096021782,-0.004271627516438918,0.0028280903859927717,-0.042699148259736704,0.0017226448698027038,0.004701594636144062,-0.003584218898400531,-0.016025757787394044,-0.01603932365272187
-0.021224017109051977,-0.005595803173019233,-0.003687718594434909,0.007122163714633176,-0.0014747295885524073,-0.006803283176720383,0.0039404394500701725,0.00038991367789829596,0.0022181241360772347,-0.0059480497321666775,-0.004189772207377261,0.010455404683101393,-0.006038913880534257,-0.005375279601802077,-0.026394851632529564,-0.00026173105116113497,-0.0006963814577205951,-0.011049810747997213
-0.029159961675750145,-0.011021383417708256,-0.0070604634037210465,-0.00012204679024387816,0.0018241499680915348,-0.0037207269068247335,-0.027100359450839842,-0.019390884347497195,-0.015142603004640742,-0.004723602380966686,0.0,0.0012761294369850373,0.003995717000605262,0.0035485422158609797,0.010779765762592623,-0.0003637292277738152,-0.0062991548027465484,-0.012110896137251678
-0.02154139189162641,-0.007831068247439382,-0.005344437004673254,-0.006461641407057331,-0.0014497734689021909,-0.0027752687977245167,0.0022869550351784632,0.0006228655312960905,0.0010083257044272741,-0.01028501284009833,-0.007670956547966438,0.006401641975829217,-0.0024976690516448166,-0.007627631306172824,-0.025766586641979682,0.004391756606030116,-0.0048925829622466785,-0.01536061708778011
-0.03215892916563559,-0.01004539206007664,-0.00975654324666765,0.0017367733456641443,-0.0038712027812611146,-0.0037659301642704542,-0.0258589555613816,-0.011868121229836342,-0.014219025597946505,0.009912859599580695,0.004802932218148079,0.011396119167957384,0.007079691580057185,0.0006453821756891162,-0.0022899706339668253,-0.01136500977522151,-0.01944514109326201,-0.014264138149866323
0.027890198921231138,0.007720470574995255,0.0037352513573793264,-0.0061916578412734725,-0.0005541912621668072,0.0006126136910816598,0.004571338947746407,0.0037896459682458844,0.0004557776816371561,0.014407515577766268,0.0029809422478655947,0.004027212409428589,-0.10560016605875254,-0.005317160902815125,0.015900772134970348,-0.01631244254064211,0.0035761976105327113,0.02352175559278947
-0.00466944808636461,0.00023214079642248168,-0.0026208339444105224,0.0007027044383503318,0.001081503399463672,0.0014224451496323027,0.007428861434516245,0.004085720289746846,0.0028661519189598053,0.005479721824948028,0.009818182695739306,-0.0019904462443733916,-0.03703253095550996,0.0013561696071843197,0.020505422584211043,-0.0007040730129353174,-0.00020985451300226034,0.0018343614177475818
-0.01254958697633469,-0.002768149739711265,-0.0005728670359653458,-0.002195408028577681,0.003629231952584963,0.008693277525981459,0.0056219957586333144,0.000862051361784899,-0.0014845223402957157,0.00771066626505141,0.013369399402153382,-0.00035397766528634295,0.012596865987534107,-0.006016566861784064,0.007407280844731659,0.01544356186557464,0.000654478139891788,-0.008686754057667292
-0.013888556999041754,-0.003811920324070567,-0.002691218422802392,0.0011228611000100655,-0.0005588044000942063,-0.0004178556461178262,-0.006057193606618932,-0.0025687285482519973,-0.006703913657607736,0.012600513957642098,0.0014607104386679787,-0.0036516559460734624,0.021149786576795927,0.0,-0.007862360333467218,-0.0059121948530358286,-0.005945642447593471,0.005740741719429791
-0.02051755158652917,-0.007955898349344327,0.0,0.0007638585756571473,-0.0003880567072923269,0.00033600659805156315,0.004311417060673697,-0.003688438128252664,-0.017771838043260775,0.0,0.0011545851600218574,-0.001779261382132713,0.01054715068358324,-0.0050074600672063,-0.005074699124730923,0.005405292749852918,-0.02479526775153173,-0.021806306351763782
0.03617766619841384,0.00969678445927346,0.002321018760315864,-0.0019315711122353013,0.0017035772477424803,-0.0009707746797545914,0.006714929443741032,0.005296385558447814,0.00015960217645129282,0.0025631230687197296,-0.0004972828911982336,0.006254431998223767,-0.009424657698121716,0.010402038128762399,0.014583138375133965,-0.01082871143207819,0.001094272694310679,0.002022585396908569
-0.022975934271437976,-0.005806541134682756,-0.0035199504770857394,-0.0040924311849190416,-0.004407162348933984,-0.005341193859344176,-0.028546494986712096,-0.003935746424643741,0.0006962960883841645,-0.014704531174096617,-0.020228239136625515,0.00035740141785425833,-0.006315585786467584,-0.0019531753918244077,-0.006646513026683912,0.0005038748122881734,-0.003089266724470329,-0.013061877367462615
-0.024562441715221317,-0.007919738392371012,-0.008597009219489892,0.0004934667696275588,-0.0006970248928137888,0.0008806061647278671,-0.030333876266796844,-0.018845312979119035,-0.007324131306887084,-0.002137554940374785,-0.0044458992812984295,0.002197704300886475,0.025309471768850098,0.0036851018161314273,-0.005731366681424837,0.008218400821300468,-0.0003531573357711538,-0.009275613081309989
0.025699933115173917,0.008439725242102488,0.0005803554966343105,-0.0007897671801688964,-0.005126173030256195,-0.0051578164952249435,0.003224739072498242,0.005208915822623634,5.924115275713639e-05,-0.009373842840339063,-0.010700736058994886,-0.002886446984141436,0.006589722920970718,-0.00909731315844349,-0.024807922976355614,-0.0023782905115975733,-0.0026301777342598396,-0.00769993005091571
0.044340726146359075,0.014713311925624079,0.007550667880880651,-0.0022788566285626604,0.002009799048647628,0.002379343150112937,0.00766049292068681,0.007549206579508132,0.001150876370408914,0.0031653820744540146,0.002830623104515208,0.004894830209846169,0.050591400088608476,-0.0011829415527544781,-0.019265052563371427,0.003461746932652109,-0.0024052241191836244,-0.004589299904294908
-0.018709164474496817,-0.009808695958665,-0.005128784208975012,0.006847396784681099,-0.0017352997950677857,-0.003409036147050322,-0.02194019234656967,-0.016316010880449327,-0.009032543846344906,0.0027938872960451655,-0.002418196181466709,-0.004210479129265962,-0.0598028413209072,-0.004380920781797516,0.0016198508923788225,0.003446134369716852,-0.005163284579740615,-0.005408914253641844
0.039118536526929565,0.012016724541072433,0.00936877890932498,-0.000344038058565651,0.0017149636388168808,0.0029965978855779956,0.008646110148946513,0.0073288101553054315,0.005194290816714296,0.004181539322815741,0.0026274489121947153,0.0021428053524925254,0.01514701596562865,-0.009708350618585581,-0.04002991355459448,-0.003438724946717376,0.00401118222923597,0.011832933051498566
-0.013487546745919765,-0.0055963562026411905,0.0,0.009810097511677888,0.012978252972618077,0.008402489512712514,-0.013979669393078672,-0.0028805642037682223,-0.0028892231428302353,-0.003905221660743602,0.005270289768542381,-0.0007528706258039191,0.02591688522501114,-0.003676951965796883,0.011200740248601333,0.018471739611794196,0.0016185300381312611,-0.00743124983647029
-0.007240120229894097,-0.0010934177656160967,-0.0025631139899558396,-0.0012129243412487916,0.0,-0.0022329039352328513,0.005955602955456975,0.0004510478824273846,0.002783080331502487,0.0011220195152317903,0.005156612982524104,-0.0015417752121317319,0.030247619554039092,0.006461857028079139,-0.008799593958942668,0.01646417011366019,0.0026237622980450222,-0.010923829738790608
0.06388714325934748,0.019028351888604023,0.019989076019354478,0.006337903944990031,0.004272320138328956,0.0033450810673898834,0.010260835864878023,0.008285121842558692,0.005768091009259091,0.005102619227256459,0.006232805685623853,0.007641931782690279,0.03219833608385917,0.007916641026013247,0.01441476731310534,-0.005721569110337028,0.011499621983048556,0.04134951979161869
-0.012667271337304184,-0.001122915833917102,-0.0032293831613291503,-0.0046948816412048285,-0.00593788687371463,-0.0019547798134175003,0.007123111717433063,0.0059916035346528895,0.0017068439876265673,0.003438199033342769,0.003059770899766456,-0.0024440826462982404,-0.005940400924820855,0.003859101412752761,0.00783183444017295,0.0025783387749140373,-0.0010729536289586412,-0.005399134575939996
-0.02672465808964019,-0.011217790396041842,-0.010694167031954126,-0.009451012720038012,0.0006723621660163719,0.007567776132479372,-0.028897953007903106,-0.016593077748485993,-0.019655120918603407,0.003068746930349863,0.0032791051517231263,-0.006747528604198727,0.0054748295425789545,0.00033037819064807224,0.010162047924521416,-0.004906206950425718,-0.018124847017083393,-0.01527768667459807
-0.026399303850915257,-0.004305657901303957,-0.006061707451150242,0.0008092641794933346,-0.006331196501902949,-0.005336472101471263,-0.008466264791922584,-0.007807709971094703,0.001848938680608824,-0.007261289559629899,-0.01947952864535853,0.0006524311363935242,-0.0032120068087623313,-0.0026354261071004567,0.0007313994633406107,0.008681107737314772,-0.005338497378066963,-0.016671794613758742
-0.01736797441974391,-0.0023467717548948165,-0.0015902975010506201,-0.0016838462374004857,0.0009402387326987126,-0.0009721583217046075,0.007186643432012491,0.0004391996476772185,0.0008362556264250161,-0.0028015636855432467,-0.012063829736349695,0.004317901301983128,0.04808285571676039,0.004439698204298685,-0.010849386556596704,0.019601904212918134,-0.0012022694506013077,-0.009545180815155742
-0.024648316776510325,-0.009400100801050113,-0.008501176295748852,0.0075418787126213475,0.0016011778385810194,-0.0011133281797802948,-0.04580862314438705,-0.02380282994546535,-0.019105039606566756,-0.0033239322156610805,-0.00197762840269287,-0.003222015985488671,0.005818776148256368,0.003752420232914827,-0.0027716241215647113,-0.009362386110447748,-0.014312071892013903,-0.014995594010020263
-0.007715033659640096,-0.0023177409478784394,-0.0037118242616300703,0.0024863665607522682,-0.0014262408877959323,-0.0029516079740173535,0.003739959689434708,0.0024486721968498895,0.00015652130155435745,-0.00351094715693581,-0.0016000710993753146,-0.002299286831721942,-0.08560718763490242,-0.005958063325918317,0.015431353455358926,-0.0024902299636433626,-0.0010303023971910538,0.00588489842740382
0.06490018337953819,0.019414079229831616,0.021992357279185547,0.010404747162774947,-0.0009719227402881272,-0.0021409122316505625,0.010306067788245558,0.010545059566879655,0.00905653013240002,-0.0018680133524547522,0.0,0.00487928778241425,0.040891307652003835,0.008210048692248166,0.023650105271003363,-0.006391875015014611,0.01130693519017276,0.04725456756124077
-0.011926046844453166,-0.0034765501332333164,-0.0022964399139578607,0.0065396206795668215,-0.002963016318206995,0.0007531731184445674,0.004610361900894994,0.0027330832800667357,0.0030164429517059877,0.001038972158785765,0.008442789009449204,0.0014458967846151694,-0.0020076313821150928,-0.0004446119289150994,-0.01599902948642279,5.3327269203398254e-05,-0.00015623116849029518,-0.010023182044119127
-0.01917627794009382,-0.005206414711190648,-0.00402680514087458,-0.0003527064154293066,-0.0017165060640003016,0.0005954310584911944,0.00582247072120655,0.006687429140153529,0.000798696932597521,-0.0061515326940395545,-0.0005796056601738265,-0.007459623059215074,0.006815934148741526,-0.001381077619244564,-0.0018184236592439962,-0.0019590261463019467,-0.0015602347819397597,-0.005839217073337552
-0.029494418355042417,-0.01219740039038805,-0.008540545374608114,-0.003962402433683548,-0.003502643091020466,-0.005146121385134235,-0.024270069244929103,-0.010054794813115851,-0.0161887039387703,0.004618614379954958,-0.004965760999340084,-0.003110364685667115,-0.0004065119984199317,-0.002047630421389139,-0.007628264525738885,-0.017515324533272338,-0.016706873793909692,-0.011499562222431342
-0.01393681162527269,-0.0061559897810067946,-0.002612299428056112,0.005176743720797233,-0.0008158234214162813,-0.001839081972979529,-0.02229468103718982,-0.013124689654381912,-0.009415085046483274,0.0011048619047457548,-0.003390359921244073,0.0017733537403550456,-0.047668869775689356,-0.0023154095966676216,0.010635837104730919,0.013180561698647501,-0.0009855058511930557,-0.008884393999412182
0.03188529966969793,0.008873265246256574,0.003723664294303576,-0.0007844353723164179,0.0020196702730659994,0.001133650951158351,0.004169104752657344,0.007066128794438967,0.00036515378978726847,-0.007621481108624018,-0.0060223922467938845,0.0009739976341081566,0.0076557456901675406,-0.012772972088374981,-0.03278003598621362,-0.0011250554280780804,-0.001364595315649001,-0.006320604239824461
-0.014327468284581275,-0.004682589104655317,-0.002107430005041456,-0.003993928277738837,-0.0005564783363337105,0.004402380724134821,-0.007335565910622703,-0.00275345922554332,0.0028255894094053884,-0.004133523560114413,0.0016515450450772437,-0.004573713742502357,0.010265371327731327,0.0006484264007971976,-0.011730271060367132,0.014389454078839847,0.002974526737994275,-0.013992346811282842
-0.018845792862232376,-0.008065980186325556,-0.004561804780557732,-0.0029275224717311365,-0.002401994442382144,-0.004169390818523978,-0.00993441584125293,-0.005155055675602606,-0.013419939886786827,0.00817608373448262,0.001956419793911599,-0.0027215022728924905,0.02105726237356919,0.00127059438969367,-0.004952456646933106,-0.012899983364411194,-0.014024048097222243,-0.002578813140500638
-0.013469009344100426,-0.006229617617188732,-0.003677510148218084,0.0043714474642873565,-0.004162998000837038,-0.003504747992527427,0.003987945887894366,-0.0015629685531382688,0.003986110309204111,-0.0025543954512333216,-0.015683046157362896,0.009922928551329218,-0.0034537273313276764,0.0,0.011117927921963616,0.0030086254180343515,0.0010402846186852444,0.0
0.05940788995016142,0.01712441453870706,0.015314548653301702,-0.006179550865179035,0.001296270934816933,0.003162435120013749,0.008279482168893912,0.007205262019380386,0.0021413874944611615,0.00830089371775975,0.0026822801335105967,0.004870780314203882,0.014970705491940045,0.0050199886500164005,0.01984418710594954,-0.001051508746831369,0.0076066701814930734,0.03611822978787069
-0.008844098934663733,-0.003160101804965085,-0.00242282034774229,-0.002452412355590027,-0.0037690649173247603,-0.002561640663593621,0.005770127126740408,-0.005301238427067962,0.004799719397501052,0.0064413733731443976,-0.0016979268737995058,-0.0023071391098626742,-0.015584528658363276,0.002498077474888535,0.01929040527950359,0.008270641208626646,-0.0009711085484913765,-0.008906681652928582
-0.023013490468705176,-0.007257271773020563,-0.0032402559528746182,-0.0035499737043870835,-0.00345421464344008,-0.0006846624841052267,0.0035423194956620864,0.002736634333751677,0.0021625311288963034,-0.0067624677578554185,-0.006781763135024259,-0.0007370861262680008,0.00623667942438529,-0.004571887798785103,0.005613442466846561,0.0056931586323736875,-0.0033977429366085035,0.0009277888468765608
-0.02520932750075057,-0.012913998582913151,-0.008478194026134322,0.002035605572499963,0.0011526994651126833,-0.003972394863666558,-0.0212733994498949,-0.010995862203006924,-0.022308207606339493,-0.010350493078884984,0.007049492971085531,-0.00551331423850348,0.007927264797470492,-0.0011771498598071733,-0.006322548207954209,-0.01652883125309893,-0.01616855366679204,-0.006437899040410339
-0.03448340729904102,-0.009573870228424665,-0.010503470505280641,-0.005025182173653096,-0.0026981449539826645,-0.0035602957935572366,-0.03313303102391102,-0.01277494341682483,-0.0018968970659593806,-0.005021192512821694,-0.007003456017892772,-0.00316749190126708,0.006667402696218688,-0.00359705184956697,-0.007112192849602504,-0.01666795049387837,-0.023152889316190667,-0.014313244530437252
-0.023985297957706576,-0.0038406884331701483,-0.00901653367050898,0.0012212495656102878,-0.000697775000747836,0.0003394267549029931,-0.026612833609426165,-0.01142543450487669,0.0011181401544441538,-0.007468951212714748,-0.0116203226807805,-0.0033128097814735602,0.003826904434695257,-0.0005022465908296351,0.0004070020210493331,0.01409723050007372,0.000743236206126726,-0.013407677090428005
-0.018957043105239633,-0.005574511964090359,-0.00401550293743987,0.000511608431162193,-0.0017183037494215919,0.0005638740255269521,0.0028475453541379632,0.0019395684286332977,0.0007368536844119982,-0.0034080065290872734,-0.0032039070445933258,-0.0020883038708723487,-0.006167241496306876,0.00639751946337053,0.022267463375548167,0.0013656341901992005,0.001725822508475161,0.00560892885503394
-0.017049936788405367,-0.002407111060882085,-0.0028495515767328426,0.0035633309803307137,-0.0026904254750522902,-0.003011664031557053,-0.005461875900870647,-0.0061318224409236954,-0.003743880631531376,0.007021532212754704,0.008180623406313132,0.006081098432286252,0.023818459489828348,-0.002960552889135793,-0.0076609883634776565,-0.0061290379738719305,-0.01764982481185559,-0.007496958478180632
0.036002291187953,0.010365747039730698,0.0063734028808951826,-0.0036252007352652704,0.00045264393862357906,0.0033626962523041195,0.0072161211245269806,0.006340912030787871,0.0007606958331951513,-0.005301532195275165,-0.002335346965652952,0.004428744878209651,0.029899885294954395,-0.00548442376770692,-0.02326474954105419,0.0008389479607951061,-0.0009434829232545743,-0.002703621055684627
-0.010794281785538264,-0.00683551339511391,-0.0037152836693259005,-0.004284210121868248,0.015307709890273432,0.008155249094382732,-0.01220566564689405,-0.005657289026742644,-0.01669428238954148,0.0005668532302201033,0.0008567039725857995,0.0012551495588340933,0.00260788511191401,0.0031860794518176767,0.00834185403422622,0.001826001108490979,-0.0025666904545056453,-0.005417990152070548
-0.006253637761326975,-0.0019421804508755278,0.0,0.016357098641193776,0.008779853285807139,-0.0013561250610447486,0.006096612693742966,0.002931452360394415,0.0020605928395464497,0.011855199042841961,0.009714262831090201,-0.009021256393559845,0.009067781671638837,0.002582094744599784,-0.013153023200235096,0.002192378105160221,0.0016295977121869004,-0.006627586777570124
0.057471206356657714,0.01882502414274838,0.014776632583437971,-0.0062963404572927446,0.002862132476357444,0.0018397092475355605,0.008220846757472524,0.008276838785163701,0.00503798966511748,0.007247214362476584,0.008820149514367208,0.0038688683496533607,0.01728212018802254,0.006231861341473753,0.023051067938580583,0.001455003814358459,0.006750593146789348,0.03859372330253913
0.060299177379377095,0.017862863082747652,0.006310955786396602,0.003177190834560156,0.0017326853797868058,0.003853161205358527,0.009008684118467005,0.007808535571064404,9.631045995029827e-05,0.002958971235296134,0.0019262651691939836,0.003540713490488057,0.01855623716921749,0.012537873387926186,0.02225467670855806,0.004297502446947509,0.004480630447211738,0.028111287754398973
-0.009946042827051327,-0.004401705762389076,-0.002995120119996833,0.0006272493055653392,0.0020913874679424327,0.008967609951644749,0.003770499924972975,0.003618435181747018,-0.0010534269467207598,-0.0005596735192267021,0.0028371432796084374,-0.005027091239532866,-0.07721867505853407,0.000494343584229162,0.014282298185049381,-0.007835016661966863,-0.001129582475992798,0.003083747029647907
-0.01773964905242492,-0.005819902205093407,-0.004415340040800642,-0.0049246371810676825,-0.0017995174579412555,0.0015354320833219956,0.0026783828025283766,0.0030569946232680946,0.0014935500093752724,-0.0055456897413540705,0.0008674429280763743,-0.004088708428268904,0.003462782946141795,-0.0053669466994595225,-0.00595052870856032,0.00020816226908348557,-0.0024502336887486913,-0.011363160936050588
-0.003847911115138674,-0.0033581180639469057,-0.0013900835798568662,0.0179648387809361,0.009736298921059155,-0.0020358996514474093,0.002809572235342074,0.0,0.0030638772113377385,0.006071568622262869,0.003951257854314073,-0.005602525359087144,0.00917442979741505,0.004658422081647158,0.005967142777080761,0.012268961393295445,0.0015054883482981788,-0.005631775657929702
-0.02101701204292043,-0.00689046593059555,-0.004444085844189974,-0.006177459469717564,-0.0016545735570945412,-0.0019080721237248147,0.0040775027195319126,0.0016706239506406896,0.0018925243645957356,-0.0018079799086309595,-0.004356200084574755,0.007134222430074379,0.0005576071942959183,-0.000794922474179686,-0.02628632908100037,-0.001207666926608119,-0.0005291061467182644,-0.010413020911610046
0.049220385810132286,0.0161462602828898,0.011146719372555326,-0.0020672700074266183,0.0024550465263619967,0.0043899694772610715,0.009920001648033803,0.00922473401228996,0.002456314907851423,0.00431297331481576,0.004831924493776152,0.006134150874495417,0.05781872099067183,0.003292002413761344,-0.01423456258794287,0.006127400475605636,-0.003096160383195135,-0.0043539691072024544
0.028056053224118492,0.00978526411582885,0.003915959739995607,-0.003252400438400701,-0.005081834506451242,-0.005223210149645858,0.007269187469339656,0.006525135403228256,0.0013969758796866798,-0.004419590997360585,-0.00615900221492506,-0.000786406844658592,0.011119480840891326,-0.01238728398067526,-0.025055163805645476,-0.0012186629737705682,0.002468194336489992,-0.00268363408422345
-0.014107008932921558,-0.0031818278587632466,-0.002812706498534436,0.0012759594535213094,0.0011406350815542491,0.0022490721462823673,0.005006533289914846,0.006205000749459964,0.0008151904415033092,-0.005772962807956727,-0.014153011669849195,0.006532057664246377,0.03904930454805371,0.0005962252417207476,-0.013956778504119235,0.006172724801128677,-0.001739882106920305,-0.008956743628168819
0.04862800400431406,0.013982735663410732,0.005007941551083946,0.0032712812260367497,0.004907214686983162,0.006238697133859083,0.007255054571006132,0.007392390682039475,0.001720030722491515,0.0069200876806900955,0.0005485970155056265,0.0,0.0051234239142554806,0.013806487077350865,0.010849238861596751,0.003536133221217573,0.0028984283206669134,0.009787670942467797
-0.01904063996871523,-0.006039757478445634,-0.005875091844782726,0.004554159043463646,0.0030437290813617487,0.003230734232123837,-0.020529703360100827,-0.0076999701495170155,-0.0019036962624077566,-0.0019147510706653437,-0.004345381340680203,0.006608927159984136,0.016289437811499878,-0.0018473039073590622,-0.003423898056196704,-0.002070334215454914,-0.012557626582602092,-0.0005241837046257303
-0.029301468047803984,-0.014753841250814527,-0.010515345504311938,0.0035317990239977465,-0.0052732007223511065,0.0,-0.04343331885028955,-0.021529825339862925,-0.015643247549364764,-0.0037413904032670654,0.0008796676196186809,0.004008709325601679,-0.01749031261766011,0.0013021043743946903,0.0056718773081097995,-0.00556777024848934,-0.010751835074577777,-0.015499624950818858
-0.013579424459230117,-0.005716287025219743,-0.003329417713165772,-0.003963256297805283,-0.004101588865743262,-0.003250985042986035,0.004238933574059149,0.0004402530635609294,0.0033269990465273824,-0.0016261707796661122,-0.007543566167551733,0.01116891621761822,-0.0016000095725407573,0.0009561077954680003,0.006237660198599018,0.0028263719652523735,0.0,-0.004811300077526377
-0.017678777069862477,-0.006222749156884509,-0.004549280531126667,-0.004694985288359204,0.006785063539092762,0.0040736918471202775,0.004371348895082397,0.0018795201139989487,0.0,-0.002065974264678694,3.16703993733488e-05,-0.003929306203089077,0.00991189357945858,0.0009831334178850271,0.012368882787303005,0.009628856379048253,-0.002626919735570324,-0.01133087211975358
-0.011398726836713894,-0.0017094889831267797,-0.0023314426750906565,0.003844957540117111,-0.002995719017866097,-0.002546147298200963,-0.012050322100004313,-0.0023275027628697938,0.0019464099326164752,-0.003385298761865746,0.000849443544562238,-0.0006799994400576224,0.04119159107391395,0.0032073413870267378,-0.007867986428260337,0.021192696277218648,0.003046333313807946,-0.008240832300067526
-0.012574566108698702,-0.0044165289103853655,-0.0029449449221172967,-0.002163468821539445,-0.001341131623881485,0.0,0.0040976895533426354,0.0005103920392118716,0.003639976857819428,-0.00660543435536924,-0.005965259071122091,0.006673358526168949,-0.012719072093371404,0.008509705226311413,0.02557371802387575,0.0046488254806252224,0.0027757212589201337,0.00615422169619596
-0.012911945165619507,-0.003338675307328788,-0.0039036660439532088,-0.003035346648719984,-0.002851131663602692,0.0005606613913839467,0.0056426138174250195,0.0031982870614562535,0.0021943024198934663,0.00026723403719220546,-0.00042974604987927205,-0.0041145397382334106,-0.002959577200583312,0.005472935587360886,0.016807698352220915,0.0011045132656855368,-0.00025820442719017955,-0.001516568659255629
-0.01606665262108109,-0.005185032303042915,-0.007377943253813027,-0.00231355001697232,0.001894835892427709,-0.0011849286603481323,-0.023210726563533627,-0.003755721640396425,0.0020050245858408036,-0.009254997390923688,-0.0072071665657519966,0.004805884960869385,-0.03173772853234381,0.0,0.009847491769350796,-0.004088986583194932,-0.003894509023224982,-0.00910839487554592
-0.013001283030234984,-0.00501772875501161,-0.0040346466825340425,0.005144560989362769,-0.005663392018080579,-0.003974928403525443,0.004517144950517249,0.000176572444150631,0.00152374914385736,-0.00021252207885310502,-0.00757965306815709,-0.0046207235258290775,0.0046624719916434085,0.0006962686661326611,0.016250947916636786,0.003372082088765495,-0.001108705922744054,-0.0012479130910284172
-0.020190601512356226,-0.005689359689272147,-0.004478581347246924,-0.0030009954681537152,-0.003258801251635813,0.0008007416068964885,0.0032216099629806963,0.0034177421446134927,0.0004147153932206857,-0.006347968887520589,-0.004349219753875522,-0.005284415458118174,0.010085981838287836,-0.0005261112367804644,-0.0006418538029585337,0.0006915490650162865,-0.001812098822067196,-0.005287877429015847
0.04568180031385972,0.014624596383775201,0.01447534405786087,-0.00966890242036866,0.006451755663069095,0.008584894429737666,0.006847773140561233,0.007899371809618702,0.004216301669932743,0.0027740741500993367,0.002281672861920927,0.0056397020217695696,-0.00461439758821767,0.01179578035592232,0.017026111204696808,-0.010944038753514955,0.009042498602374993,0.03624528788595541
0.04414742744711188,0.014154960989100275,0.008139395727753587,0.005137731082826921,-0.0032787024094400805,-0.007341004873712852,0.004279005380381126,0.00376117473050828,0.002458834044298684,-0.005887116092339609,-0.002835105501397338,0.0028765921231555325,0.02885259332000657,-0.0055498517470430955,-0.009050111366491632,-0.02742897430275429,0.007428182929046393,0.030513270781865325
-0.013222187358751311,-0.003307782576378398,-0.002546956373225775,-0.001675010484819015,-0.0007850802698850013,0.012458209139265881,0.001348167476093908,-0.0004945537530676003,0.002143691078055801,0.0010363638852415812,0.003731981969155023,-0.001808859015327215,-0.10402654876458609,-0.015563580242152045,0.017979602863358705,-0.003950975265350643,-0.0016283719810815623,0.001017168503547508
-0.02133547144607879,-0.00796858092033183,-0.005548647106382485,-0.0009523400621603507,-0.0013138511002299385,0.001710288348958878,0.0016268233705673916,-0.005820412677584355,-0.000447772188203145,-0.00687874782807152,-0.018614812824761906,-0.0031330167759236784,-0.0002523476092777145,-0.0051519018410864665,-0.006483697343355406,0.004408936935189789,-0.0038576333373532465,-0.016686768735329066
-0.020722336118154282,-0.0033104323448432727,-0.005794778160781431,-0.005649917726865004,0.0007876775991786451,0.0045463245765304,-0.016715435727224063,-0.004623911677009087,0.0008586659023473923,-0.00690522836710048,-0.008231982991388236,-0.0032458410434425366,0.019618752023593422,-0.0031808084905425053,-0.01567938208942605,0.004142121404838449,-0.04011192728913375,-0.02275927675722131
-0.019772558765878752,-0.007539875462170944,-0.004363975389011015,0.002508462577924056,0.0037779240818791226,0.004647681763577171,-0.031944367805372416,-0.012276451760428393,0.0008363463403996314,-0.0008854653312342503,-0.0026289466779221794,0.0011888534847494434,0.0214802918508529,5.905801571662234e-05,-0.009662556297929044,0.00486361134084403,-0.0017508434034191108,-0.013546821913803311
0.02940606217729358,0.009588881187624047,0.00710104878744553,-0.006416425892644724,0.001511031972025707,0.0016676372103315875,0.0025866440312466506,0.0033466731503425193,0.0018859762527419228,0.0014637381956815333,-0.000882958371554695,0.0059878305160789855,-0.03200436993540715,-0.002812168232825539,-0.0031655460765141895,-0.02369082054826744,0.003319367209325594,0.025507848422540016
-0.01206919889982502,-0.0017457056192244891,-0.001306298270540807,0.0010890362326522387,0.0008803796926676663,0.0009838021854711994,-0.010336609247952435,-0.00111015406157687,0.0019245452557611982,-0.00559593909386111,-0.0016848230055905196,0.0003847745175759394,0.03519949526527236,0.006424705815026961,-0.009863037519163466,0.02151509044508581,0.005783871262492695,-0.008121737098515807
-0.015008999101051456,-0.0024749497030264567,-0.004535259524464177,-0.005678304332052472,-0.001829216165222494,-0.001795077238989228,0.005431828349821417,-0.0037297897734580774,0.0017283577287309133,-0.0034069184903260034,-0.00818529444983933,-0.003081406549023715,0.004842052623473391,0.001284632116085145,0.014925152026647024,0.005977095087909273,-0.005478377464462054,-0.014834860006428686
-0.02267772908672113,-0.005408283679230197,-0.004422690651367227,-0.0030983640958410167,-0.002010035632852961,-0.0011046161041228903,0.0036071949530583,0.005574446875659848,0.0006428631644798083,-0.006594458695260844,-0.006857664496755271,-0.008392088687137313,0.007466286094302092,-0.0011032845135696338,0.007105021937433142,-0.0007161241574912161,-0.00036596632634029795,-0.00162423392211479
-0.012487395570531698,-0.0061004914218497795,-0.0030150671269783317,-0.008450224579192278,-0.005448515345344426,-0.002804614456331318,0.00416912129631079,0.0,0.0037586693938148653,-0.001962024263746353,-0.0020040729537028606,-0.0011464086583231144,-0.033659359228272664,-0.00033060510337814283,0.011552438452429143,0.0020431098739777083,-0.0007151190034661518,-0.008496757777485528
-0.008680080878660902,-0.0035352430672695384,-0.00173031531024352,0.0019221667051634436,-0.0008570538295446855,-0.0003217007904241419,0.005941988135848731,0.009084495554646263,0.001648281040636017,-0.004658628607649092,0.0023272029237368895,-0.0024410665913733656,0.04400551140714059,0.004687016052195969,-0.011090267621787686,0.011462577752971666,-0.0007766628945372056,-0.00817715270485856
-0.02121724434135516,-0.006158687705040912,-0.004167943613431382,0.0,-0.005242062824932848,-0.00321961990945704,-0.022163516799656845,-0.010308438322965865,-0.010439760923273388,-0.00639340047879587,0.0007628908563658833,0.0006137350953190699,-3.0143607567651306e-05,0.0011195588080873933,0.013782079765198258,-0.0011363575146446409,-0.003372123161391233,-0.007273221057974635
-0.014470736977986258,-0.008518563598391123,-0.004923024345192973,-0.004189929351488104,-0.0023831539519867046,0.0007378997753953293,0.0045785702227297735,0.0007899176119571255,0.005100365639885806,0.007808167690447236,0.008988521798652603,-0.0013052359218523857,-0.009350926633767414,0.0028304325087970743,0.004315133669299761,0.009149686831563102,-0.0013482685635504037,-0.011028968375769837
0.011395799200307352,0.0046133646658039484,-0.005801686579028809,-6.292975047055632e-05,-0.004318007281091875,-0.0036727507409608654,0.006916935566455385,0.00919081156376658,0.0005761267019387002,-0.0024752325535224457,-0.000960578889465753,-0.001078077208890651,0.009995764911521062,0.0006951697147909828,0.005495433934920014,0.002512949089890741,0.0013050093433038521,0.001436840035453281
0.009239280522088238,0.004651600054626112,0.002884532413117993,-0.0027314772821394177,0.001729115966499109,0.0013834266954294743,0.006596708428986295,0.006374753385883615,-0.00029837262454683383,-0.0035712547874980375,-0.002509403714621805,-0.003174665448464804,0.0030586127105487622,0.0017494094733004515,-0.011297503915366115,0.0024235756095728343,0.002172422634629963,0.0009407639002266821
0.01221750894610519,0.003035331715813224,0.0030230054168549256,-0.016225364376631725,-0.00484440980984031,-0.001399055968896659,0.0011371053687816532,0.0,-0.00040709056795531384,-0.015386948979891499,-0.013338372942913925,-0.007400211923324792,-0.15268922406841537,-0.017889245075861992,0.011044229608183367,-0.032435327355128524,-0.003708179851491042,0.008158524346271678
0.03170124066932174,0.009121529586469002,0.0026379309991367726,-0.007705004838945496,-0.005479978403118357,-0.004522096132202704,0.004651423920661713,0.005993653537924615,0.0007206771289003079,-0.00787548388739467,-0.008035447583411041,-0.0002882303701345779,0.01422018875552208,-0.007910241032760239,-0.02745691131805079,-0.0022256617871735792,-0.001871752300492148,-0.005253205359900792
-0.031173062638243584,-0.012246145199392223,-0.012456624450336655,0.011312810463719979,-0.00585275244046245,-0.010737518282631283,-0.03742804572957384,-0.016190773371991155,-0.02189195438266494,0.009808068874378614,-0.0033431109731200392,0.002747522633754161,0.003919025349215832,-0.005069980220687229,-0.007702884358301857,-0.015741849150560015,-0.022519343274823297,-0.014197240616032142
0.054630782555396364,0.01942195721200087,0.018425620735172257,0.0016143244769812992,0.003518341270833808,0.00623510733621697,0.004814354679600836,0.005304881041881082,0.011449255205547163,-0.005959601324268332,0.0028288961232154517,-0.004138326676196199,0.019529061995147434,0.006549049293171276,0.020984609498521344,-0.0072695244932633706,0.011718255285330463,0.034542661685353554
-0.017988653039974167,-0.006643647686913771,-0.002809617186044164,0.0035878949088067533,0.0007665222133170022,0.0011832568331721768,0.0027321549480813397,-0.0027609088037719156,0.0,-0.008637051517638588,-0.02146263475538864,0.0024486928424543,0.033677778801059086,-0.0014283921003989323,-0.012376210972412222,0.005256158710196847,-0.006199130924246955,-0.012795521259783775
0.05550722443029931,0.016504738590570216,0.007206328574001787,0.00570948057707763,0.0021883827173511776,0.005791990599664478,0.007065947779019246,0.007731900849257834,0.0020782664379969005,0.005988825568193911,0.005495589763252508,0.004311847101173207,0.0011885103374865075,0.015708209180295904,0.025795776931212957,-0.0022106322234971237,0.005189579595820819,0.03199400943111788
-0.026624533084827744,-0.01242559768847989,-0.007925068152229889,0.010747954647115109,-0.004890192693331957,0.004537603946783201,-0.025067066513742388,-0.01182628181342671,-0.0182112794443782,0.0074355318332606475,-0.0022737504235798983,-0.01151076980708468,-0.0049330578415695756,-0.00012036552075359784,0.005610056125952355,-0.01692191998968434,-0.011798657445457876,-0.009644921890774732
-0.01714332126577773,-0.0038865030312200477,-0.002248055185890413,-0.005757910021896288,0.0028617416459945635,-0.0047777403426342135,-0.013389261880197432,-0.0029804608577317063,0.0020451874628035697,-0.008734262123634684,-0.0002809282312955711,-0.0013404637221354418,-0.0031267312775481236,-0.004887690256376251,-0.014995484691146536,0.008522376391366491,-0.001260819543469463,-0.01683588760403809
-0.008813134532997443,0.0007021659101337589,-0.0028811145598925717,-0.0010409399421713638,0.0030156671337213973,0.006481619743669545,0.004669370289885843,0.002682096852441649,0.003545484176294965,0.008163637878778383,0.01030780631250379,-0.00046275497561894014,0.009275780087905692,0.0028416341906297173,0.019048407755030798,0.013394010734761284,-0.00016777076358349334,-0.009211437491703167
-0.017749958431716364,-0.006256185956130616,-0.0035921618130919297,-0.0014351987066951652,-0.002354895674058289,0.0020563469651587504,0.0022836345467611725,0.003553453824043005,0.00046287889313668213,-0.009574334957859422,-0.00906193941741664,-0.0001253076399994866,0.005121580576852403,-0.0015811348046407723,-0.000536851805460132,-0.0007333582481873383,-0.0001637952997876299,-0.0013108464875593306
-0.015768539253562402,-0.00689357767031095,-0.008151146458593182,-0.01170414341784931,0.004680978290598325,0.008018614673096858,-0.02102322252005223,-0.016075356387468993,-0.012647133412744831,0.0,-0.0030822676466564294,0.0017035298448619164,-0.009501304164843955,0.0010315685645947736,0.002923066252280784,0.003187188608697917,-0.0036157536538021923,-0.005298171453518324
-0.011463878120735157,-0.005181620562097505,-0.0019146787903881527,0.0015105216276433083,-0.0016211602327535028,-0.0026969470859343676,0.0035113957712912605,0.0010641392760135087,-0.009259395262660444,-0.004294824533388786,0.0003790042558620541,0.007653362493065702,-0.07318032457297108,-0.00209690100873702,0.01654364266056608,0.000989956403240153,-0.0005503188321691551,-0.008098591827866264
-0.00787052327997101,-0.0019554511510119447,0.002162160196842753,0.00980763820233268,0.012355806280116774,0.0077048331899534275,0.008417238507749454,0.002856775628787506,0.005028827470885149,0.007022961997125796,0.01398918765248575,0.0,0.018634713272863698,0.000251106667637414,0.014853169509063291,0.016614253643703083,0.00015759362785232529,-0.009307742467523611
-0.029889132953658033,-0.00983580686579595,-0.007854675943508208,-0.009494190182765375,0.0006813662031074885,0.007239461022441579,-0.023235050079483847,-0.011678985495277992,-0.01619913155519759,-0.006158658284263578,0.008418203061277033,-0.0033547096866316083,0.01266883337464724,-0.0009201735162193288,-0.010710444704962489,-0.02051993923360949,-0.017314553899349477,-0.012213598802322728
0.01618825776047766,0.003977364335597586,0.0,-0.005045501345636291,-0.0032105866491197255,0.0015246599286175026,-0.00037874889130662945,0.0027602814422572294,0.0012504622545138515,-0.011553899748667643,-0.00335131934037766,-0.0016278458769213866,-0.13666852785145173,-0.006182912350597711,0.010866172064449049,-0.01814499584647965,0.001116439973605342,0.006186339980819439
0.01773301292506101,0.006710486782963054,0.006361803905244517,0.005271298719196235,0.015619805952340797,0.014574737715983629,0.0023732581574181654,0.0023357516305173463,0.0013809391329749933,-0.004828207528316189,-0.007449522444497289,0.0020422804283585505,-0.013748138273970386,0.0037648343476004795,-0.020252515474598748,-0.007395698341954333,0.006717350818526647,0.013545438497803777
-0.008801227435812398,-0.003272006256449145,-0.0028019829407756928,0.013952621945364818,0.00914773939932266,0.001357944995817172,0.006269023679972502,0.003383412177152927,0.00040553735182545357,-0.0011892528596425813,0.014923229271846946,-0.006634252183224676,-0.0014871036903817676,-0.004716519658283776,-0.014198793938387478,0.0047558015702841286,-0.0015592743280605098,-0.008004402234552824
-0.017144475691437996,-0.005335446350481643,-0.0025356943490775696,-0.00190686569501914,-0.0023555064525136254,-0.0015725997251311477,0.0033003458559761356,0.0036713920892862215,0.000342733671497385,-0.005171449583272265,-0.006290546227346342,-0.005008276715402989,-0.002252740979043821,0.0022337688055549315,0.01554763677800693,-0.00020866359381951688,-0.0005771936107629716,0.0
-0.010419640027300772,-0.004501904120420743,-0.003900041969013143,0.006011823522243488,-0.0007320242464306045,-0.00044025824111823807,0.004551146738858405,0.003857840600395307,0.0017389208353066363,-0.00702165561945929,-0.009718204702229715,0.009603014154981115,-0.02135511996192411,0.0015763964180350307,0.01308031617172068,-0.002312896577226888,0.0027190753851851083,0.005674864229154426
-0.030969875010909878,-0.011002507105213688,-0.008059205518819381,0.004012139339224797,0.003419531973699419,-0.0029599640705291006,-0.032845099830071285,-0.016564946606239563,-0.014055964940918486,-0.0002439616108884008,-0.002166371582507507,-0.0034223005062053056,0.0043547368172107215,0.000537679118580332,0.00798820717780057,0.0004979092098350898,-0.012262490515187048,-0.009139839163538388
-0.014392425522930508,-0.006175154027570997,-0.001954953969483264,-0.010035216270969012,0.0031111732823657515,0.0014257216852448333,-0.010505607146969527,-0.004153372350883769,-0.0005805851947589922,-0.005554134670391879,0.0003673152863032445,-0.0016484526865358526,-0.07273093257136352,-0.014426334916161567,0.011189205314264736,-0.0018957954061678602,-0.0026847848613603337,-0.004780410165590998
-0.008652869272824973,-0.0027488908333908506,-0.003247975911859418,-0.00040393009507039187,-0.0023936173784493368,-0.0045749772679796194,0.0021839552606928822,0.0011621216754545336,-0.0004142360398906208,-0.006398369751943569,-0.0028634021779211693,-0.0053216979624563735,-0.11646356814736039,-0.01805811915579982,0.011583916887155437,-0.007989501322472597,-0.002107509446283447,0.002602828970798887
-0.024006711779025403,-0.005726615129614536,-0.0038985236475028297,-0.00396261502203463,0.0021808241572995155,0.003986203955931962,-0.010870900379384443,-0.005606088140577304,-0.01197000139105655,0.00015000562960313212,0.004961565146145778,0.012604039194267197,0.008787292011767688,0.0011159540369650445,-0.009430932566677383,-0.021759313339484426,-0.011161550531820245,-0.008160723694948038
-0.023074238853279916,-0.013243264584911646,-0.009406340758833679,-0.0019081947175251042,-0.003326464083800311,-0.003453921743229424,-0.03574933899783445,-0.01879258492754678,-0.018175561387376957,0.007606116500350079,-0.005359413344001569,0.0016765256232818598,-0.02200280056593697,0.0019803563839219875,0.005639990058669829,-0.003504462293635808,-0.009332271543886616,-0.01373965946584646
-0.031641436398375876,-0.014777562527949676,-0.010978597585288498,-0.0014921262467964087,-0.0012499998321775217,-0.0029936081377983288,-0.03518534575811143,-0.018165178030904557,-0.021465103819203957,0.006295105283115051,-0.006644749050151872,0.001451852751866914,0.0,0.0001427883807673645,0.002508295985883295,-0.005613934779533222,-0.021906924824028152,-0.012375653395145042
-0.011345486761104572,-0.00788453148975594,-0.0035358050341999796,0.00033210474092356973,-0.008531316301084448,-0.002852769482055361,-0.00747222264708222,-0.006490795566533096,-0.011990501830857684,0.0036681564636771007,0.002578277558491949,0.0005801479227424013,-0.014124823967056476,0.0018800130920220105,0.0158669006726962,0.010693810383040965,-0.0011978561801885125,-0.008775691786616288
0.05894519085942962,0.02260917216785642,0.01460047347151447,-0.005576544629755455,0.0021232898315624647,0.003037872932612335,0.007676686955717559,0.007770352016453122,0.005570139063122131,0.007687882414965876,0.010452522003540887,0.0049911599791862635,0.019289701373463062,-0.0021686369682469733,-0.018299670221352628,-0.013420455773603337,0.0076987560850876845,0.02651035803793453
-0.0023991347546868796,-0.0038033366531831933,-0.002971480661010084,0.0015951364125964735,0.010555551458298625,0.00358548946918924,0.007160451679366533,-0.0018414459666885854,-0.002112504940373795,0.003243901803880318,0.0030800314320118334,0.005456135073712572,-0.019768767186632445,0.00014776334874269016,0.010132879413214127,0.009550759232788556,0.0,-0.006758279094236312
0.003674703562644116,0.0010458375918106508,0.0013321745648688394,-0.005056950135819732,-0.0006408348725594137,-0.0005645110753500644,0.0016871404154935024,0.0015716521559097484,-0.0011213369990563879,-0.013561653929519689,-0.005375021610089296,-0.00891806284742262,-0.0914893971895373,-0.002939924344307101,-0.011047111419456938,-0.012970411737966215,-0.0023645835528567916,-0.0011792018101985102
0.03389480811241758,0.009412324665707258,0.004364401650459787,-0.006570699560864539,0.002122805684237001,0.0001907271106507817,0.0031528256364110247,0.007960777460143125,-0.0012612037097578927,-0.006191105975282795,-0.0042248073645145805,0.0016912305484594584,0.025721381001182785,-0.007452658230554314,-0.026420261565822844,-0.0007432085206391145,-0.00222941507586208,-0.004225186925819503
-0.019329378390434936,-0.008922266403356437,-0.006518384542850036,-0.005015303289823706,0.0,-0.00118711648126996,-0.01753757300959702,-0.009844431721150052,-0.017729706665368015,0.002373966317431053,-0.0020676663857617785,-0.011009462447609327,-0.079231640150131,-0.013544874594413281,0.0016865959276958047,0.01106059501241459,-0.0010715788959404725,-0.00872132841432996
-0.023179774572486985,-0.006714847505049225,-0.004731834964349599,-0.004905763640398486,0.0004988351817254813,-0.002156720296328819,0.0029662636961269155,0.0020147768891243985,8.334044869418239e-05,-0.0035452733330510913,0.0006503768934662756,-0.0035273342238265346,-0.0024347320857977476,0.0027285218727278087,0.002279085946382586,-0.0007587927594097753,-0.0010222269149498494,-0.0069798365243869745
-0.02868598655616389,-0.011399684762933932,-0.005752645681178923,-0.009305739717301123,0.0034398928736447494,0.0014017120772098456,-0.019844349781017533,-0.008948740917607731,-0.021007781762109327,0.0072506493834176835,0.0026090837830295417,-0.005326220138560926,0.015194613711286154,-0.0025403453712426736,-0.0032075032353421832,-0.014201905615955383,-0.011661764421787079,-0.007962462192377576
0.03885065322310927,0.01279417885812987,0.007508743467192191,-0.0037469101354572513,0.0018618563071339787,0.004721257267825436,0.007504481962540653,0.007774762987704423,0.0013300761829538308,0.0026802960805639812,0.006630060139626996,0.003908806072935039,0.04433065002610588,0.0,-0.019656605550809354,0.0006530829540846777,-0.002706985929518432,-0.0037037769035772744
-0.01785973912214562,-0.005340374571580926,-0.0032311996113789775,0.00144116593536402,0.00528330001662809,0.0019323880543655528,0.005717949918551535,0.0028602668436983995,0.001567458165300679,-0.0008329883601704588,-0.0016229109952537234,-0.004309273227579562,0.026256865524234802,0.001191341945841361,-0.0025491698373189746,0.009989535773705132,-0.0023238281089938482,-0.009105408449294215
-0.025660864357150343,-0.007989603075693697,-0.004644054568122328,-0.0018383065195902578,-0.0027896449358664225,-0.001376965404665742,-0.019030108764873103,-0.010475246931929116,0.0012139403652370552,-0.00786452496723673,-0.016055252531237473,0.000673994155887973,0.001347536913403842,-0.0017439442792624386,0.0054431872602985504,0.006825856111681394,-0.006230704829080661,-0.015736224761089185
-0.023254621860567745,-0.010140957237421238,-0.00480953649252575,0.0005344522251664186,0.0019353198545427757,0.005981069365049645,-0.016316791949149007,-0.006839408958570558,-0.004205350456426948,-0.004447399951877811,-0.007003981981477516,-0.0011631725106447243,0.016858761142549854,-0.0023012850620585416,-0.012153074125353321,-0.008570857609114732,-0.0251832798790697,-0.01894973756489482
-0.02256180396591645,-0.01469125493081285,-0.009042002288081849,0.001188801130356497,-0.0029710286183312826,-0.00485766881591899,-0.0402311056369254,-0.021406553233051243,-0.016676053833630036,0.004826324351125344,-0.006131601409125836,0.00748221191060559,-0.036087719142204315,0.0010454091263651087,0.0029450744017145147,-0.005889157954311044,-0.014359331038889355,-0.019326467264668246
0.012628620635090003,0.005147426421853141,0.00681221595859321,0.0004433944985979261,0.0083230915574339,0.008418166808417876,0.0017713311924448488,0.000687845688120811,0.0030293416017013637,-0.008466963453769455,-0.011417494388702655,-0.005376282852837825,0.00888193309345813,-0.003712736543728979,-0.025980302145747067,-0.007121062851046779,0.004711246529663443,0.0052968149720236815
-0.026126173813649338,-0.00829740449377026,-0.008837130170047718,-0.0069954169673394516,0.0,0.0,-0.01332683367198964,-0.00559512753810598,-0.015946121365064885,0.012711280858667549,0.0006630695489830182,-0.0050975741802398306,0.020527718406181988,0.0006059833725971231,-0.010087284229534144,-0.01063272000078547,-0.008922542098658283,-0.006069529028133361
-0.015602389211906778,-0.0049047684709777615,-0.0033130672717178906,0.0005924937140921223,-0.006241013783677122,-0.00255504182381993,-0.010943091087574755,-0.001187962538128479,0.0019811517731644183,-0.008963117893337957,-0.000931095455610626,0.003934654436488899,-0.014000344116460487,0.008222705400502092,0.024317466857108682,0.0022349408789005404,0.002181362141661494,0.0030862152691515203
0.0570081465930713,0.017511027784601754,0.01808748508313533,0.009240870612194151,-0.002553751924815262,-0.0011425808272572976,0.00915122085930386,0.008774648545386012,0.007339866476275247,-0.008248092109385438,-0.005568536281268824,-0.0011899361398119764,0.03431753987812084,-0.003993326526265345,0.008731990856849687,-0.008737328007537517,0.009046155100873548,0.039132470571396155
-0.013900511151789226,-0.006138059568592362,-0.0029838491062862235,0.005635548293071774,-0.003434330924772031,0.0032778226692959625,-0.009403061572968203,-0.00343041580408425,0.0031234368023039657,0.002312643514640449,0.005800012912737446,-0.005758390504341091,0.012063329579934673,-0.0023900439216990375,-0.001539558542573308,0.013704313034310002,0.000674197229078507,-0.009606232880440817
0.028641270508538662,0.010764040246252807,0.010657200108631224,0.0034121178134822057,0.00705351956736906,0.00790880118559826,0.0020752534877204894,0.0022073150127934755,0.0037836707317082524,-0.0070387913945796,-0.004880569094294074,0.0035538351781597296,0.007344019431296577,0.003675025696455416,-0.022762401315137064,-0.018536913845505036,0.006667683570540523,0.026739582414021662
0.04229830632689099,0.012213255039418293,0.007188310242405176,-0.006788227631729187,0.002191428186305563,0.0045636838398500894,0.00696182922317704,0.007338855634517037,0.001783129327203259,-0.0009867973065487044,-0.00045151654056190167,0.003295353016968415,0.05482164798273041,0.0005232175208262643,-0.01510641153262513,0.005953620996520981,-0.001834867952298971,-0.0032687050421957436
-0.017048308374456672,-0.004060462478618584,-0.0034002314091884952,-0.010636704343200345,0.003050598880522895,0.0027453744748343317,-0.019083207471184815,-0.004264350959483651,-0.0018267767750157556,-0.004428111255134501,-0.001592612456257506,0.0007036461268394056,-0.007532851210979675,-0.00022249305230553624,0.013337544096976201,0.011806750194701064,-0.003641724394278009,-0.010318953296615266
-0.0308468349867629,-0.012262214117651719,-0.010947258302616425,-0.001490537974125877,-0.003165559781751422,-0.001374249434080304,-0.04145872552399807,-0.02195498015184741,-0.016868684848822382,0.0017641096538692988,0.0008261553797198989,-0.005887436287175077,-0.004148148096908413,0.003184777763169231,0.005808904498171617,-0.004155457583214329,-0.008359963752950417,-0.016149064874261626
0.011022291253829877,0.000495096780580937,-0.0038887589883551408,-0.0035514761971288697,-0.004722984966118237,-0.0005579005310666884,0.004206360839561551,0.008515459410511642,0.000829826323257534,-0.009847054330006584,-0.00712647923349909,-0.001513009936084988,0.013119736308609601,-0.009366346329129433,-0.015275916633892269,-0.00018920523155271162,0.0004903915198261619,-0.003008838181306636
0.032906546756019846,0.009984132403603548,0.002256414475763349,0.007082570820422906,-0.000277004771813707,0.0010699328972217782,0.004512380872238609,0.007194818383408905,0.0010870139073619024,-0.0043948341420932385,-0.0066271838682871904,-0.000459274431435164,0.028618608137238294,-0.007417098060494826,-0.027382451863538475,-0.0015242103322820185,-0.0019437310891382946,-0.00557363092787079
-0.011168200088330863,-0.00367567075725828,-0.001842148552442519,0.00513823005693195,0.0007304374388187165,0.00035885082648463894,0.005541009616442976,0.0005838632483126851,0.004067268399262558,-0.005688364181102391,-0.008196827553050335,0.0071467014124896545,-0.017408100541125796,0.006861215341143851,0.019394887441772733,0.0029751388776005985,0.00242830294399647,0.005087400945996854
-0.012017113403927446,-0.001571378381254185,-0.0033661250238027404,-0.004122568522251817,-0.005247409234957447,-0.0010769886283761413,0.0030839274567617913,0.0025396014437397106,0.0023030031097621296,-0.0032040760129323667,0.002985736751008635,-0.004373049352783103,0.005932988869688102,0.0015952846777453546,0.008269154169655527,0.009119519582577581,-0.00330325047809163,-0.012566600869231821
-0.0194436881703775,-0.006393278790794746,-0.004335479388532146,-0.007425998506656978,-0.0003776200173020332,0.0029181930451817055,0.003939144394948751,0.0028106156770606374,-0.00031798047924099367,-0.0021781353995831963,-0.002389024023196558,-0.007205759018316296,0.003832679562362056,-0.005419650713402391,-0.0254909187793501,0.002284224541875874,-0.0029975899181999416,-0.012471451043606752
0.03430208431904513,0.011330824659445743,0.00953509162298966,-0.0011855263542024403,0.0018198628920732683,0.0032132145544223113,0.00897805835563342,0.008159076032199472,0.003133048191368151,-0.0025547660522804165,-0.0028909774944712845,0.00154804882164921,0.02799626790744674,-0.009176181563722144,-0.03378889162707878,0.000224082328612059,-0.0002910487318076513,-0.0015642011874558437
-0.011688543074915373,-0.00154004083158808,-0.0017695906200307417,0.006618783710858934,-0.0016231596776088294,-0.005611933584397059,0.002167242749579219,0.0019644740826267612,0.0012629087811797252,-0.002348690778468501,0.002335720051115781,-0.002939129635191332,0.012655323597183592,-0.0025739356105825965,-0.012900694217433561,0.009271884776306609,-0.031742244750783855,-0.020883547268642028
-0.0049313798699821935,-0.0062522824382339505,-0.0068258630067690226,0.021217732447216923,-0.000524176872392,-0.0008383385464913058,-0.005821244482793008,-0.009495602626952435,0.004363044395203537,0.002102439010516292,0.0026655011905429233,-0.0035202660111760143,0.003289892316071255,0.0012431136272883715,0.004882860016173929,0.01486267827469051,-0.0016689716872982487,-0.010682282723996708
-0.02076211421998163,-0.002525095123289155,-0.005554905051751114,-0.0037169791218224332,-0.001132652384735934,0.0,-0.025940095375489965,-0.0025288316074040655,-0.010243106347816963,-0.004850796964834646,-0.012514392883184289,-0.0038500614487790587,0.0013178426766427898,-0.0016891844047521713,-0.010662561991709252,0.0029580769556476743,-0.003833158278776684,-0.010524581329301994
0.031392614737209744,0.009055016202563826,0.005555228591880789,-0.004047033230166374,0.004811105448627795,0.002476979456902094,0.006978458953280426,0.005942818310245184,0.001962981213343978,-0.006056255733964661,0.00029233238449140754,-0.004862405862873877,0.008227471381046387,0.0005733733807539817,-0.00023188672055641794,-0.013106322917199372,0.0017384659480953828,0.0025569912016864746
-0.018017669812083168,-0.007499752813731209,-0.003072318779751399,-0.0025865825769752432,-0.0003254297790708681,0.003144466043914589,-0.015282686355757264,-0.0024806327113730924,0.004882106664369973,-0.0074980838056424234,0.002851511889847516,0.0009553030404208366,0.001139790133195417,3.541255716592822e-05,-0.008396117310622769,0.004128347727965965,0.000557591778902528,-0.015478259492006874
-0.008103867250757273,-0.001589052414794913,-0.001201791212617391,-0.0037548915565732673,0.0009405468412827493,0.0022102225269856157,0.005482129777420744,-0.0005880780154781858,0.001926086827727886,0.0024949427944805144,0.004394157928976349,0.0006289569476338784,0.024379523646820157,0.0020606119060998197,-0.011009885176247413,0.011761162946994152,-0.0020183775332446585,-0.014824501104257825
-0.010128731163902215,0.0006109669681603928,-0.0014005707325511411,0.009554562370766503,-0.0042234543364540285,-0.001237808734577654,0.004725490332831307,-0.0005616624178095899,0.006674197860773534,0.0014066974042481716,0.0034519852799156443,0.0,0.005946388569344914,0.0012834874328561553,-0.0006206963301163686,0.010595345801173073,0.0003557210671635752,-0.007722518285772646
-0.00847244641380451,-0.00016430367479056097,-0.001013728349531902,-0.00422730205260127,-0.0005467899358829451,0.001971712542970118,0.006812273787306817,0.0007606601948250549,0.0047712627596421045,0.0024697961823467963,0.005692132928608762,0.0032087691577054487,0.01944572391395733,0.001998042431289706,-0.0068608395001113175,0.012071893634227298,0.001116595936690225,-0.007439786172906367
-0.03133173661583464,-0.0127275359376752,-0.008933720233178566,-0.00029715168525606695,-0.002088236449493467,0.00013046899872166595,-0.029435358298488548,-0.01598049571030002,-0.016146193718315882,0.009106854722172054,-0.0035238929989548423,-0.004965068342228615,-0.006270044710121838,0.0019011431437866524,0.00756717511765581,-0.00436389761832416,-0.019262191820156437,-0.014205902053930602
-0.030030278493120732,-0.012509179166909053,-0.009447992925611251,-0.0013273415634725513,-0.007908905690215406,-0.012829390157750987,-0.023579988721036685,-0.010747722830078955,-0.019239642691809392,0.00784638829994599,-0.0011481853232738442,-0.00024585789047318454,0.005584578920701718,-0.004346555471139452,-0.010449562661003638,-0.013026885025878008,-0.015000581517719188,-0.00774451598503495
-0.020996693631046285,-0.007714084276302079,-0.004053444842149924,-0.004989398481961878,-0.0032468391179955435,-0.006342351621984368,0.0023763553373555954,-0.0014675881669771705,0.0016269821650572605,0.008002232881542632,0.010645875987823754,-0.0014635647357090088,-0.0016767921982876995,-0.005035700442733264,-0.013108284048155536,0.005713054033273823,-0.0018195107000086377,-0.016682273100231675
-0.013370564129348507,-0.00442391406391592,-0.003750675924727582,-0.0008419958427922866,-0.001812805371639089,-0.00028338133983107065,0.004641418210306772,0.00018599253740045061,0.0020922332612594223,-0.0043784945482795035,0.000528103565859696,0.004242305895279265,-0.007582025306139494,0.005419300384177104,0.017641382848277064,0.005077818051354335,0.003331554079801373,0.004067575452359482
0.04665742524121857,0.01453386933655594,0.018029682675970257,-0.012974001335781055,-0.004542256462053176,-0.010393503973694729,0.004847595828627383,0.006876721505288506,0.006055354982552332,0.010276905348373055,0.006139090159365795,0.0038548921865993913,-0.014251295804300693,0.0,0.010351043587647735,-0.015616612152043999,0.008537790002457166,0.03597193788714935
-0.02097980806593311,-0.008522571408113008,-0.004588845516850398,0.001682297066834929,-0.006116387174644611,-0.0026510327794797193,-0.033101601489156404,-0.009969373008067023,-0.018313960213679273,-0.011904871178294224,-0.009263261017964625,-0.002598272757578405,-0.02055648289553133,-0.0009039011385722142,0.009063196407640207,0.009272205791406665,-0.0027826353396207693,-0.012010484190921433
-0.023984259029260886,-0.009114358318281604,-0.008596720906021765,0.008977631284483383,0.0030132634187001344,0.0005737957919877966,-0.04466981258421944,-0.021463590069799473,-0.015324264746409029,-0.004343494699927241,-0.0006682442856432557,0.006819269079404106,0.0008490662570799226,0.004582466630197828,-0.005704129245610805,-0.008126580647663818,-0.013882094448229031,-0.01445216441462735
0.04946573111386872,0.01674372898239325,0.016909788501971862,0.007756409414427102,9.235023744316205e-05,0.0023088612699710817,0.005237281337877387,0.0078184490695768,0.004748178603372198,-0.007256910301845855,0.006631742011995612,-0.0037368414355690507,-0.0073756017300912954,0.01726531298125796,0.02265250312438362,-0.014063330337863758,0.01588215794927977,0.041143419202391646
-0.03241036243220127,-0.012012510817323645,-0.010906208615610468,0.0034807377370651505,-0.0016685265464258393,0.003207456133545926,-0.027544794385674684,-0.017713424587853823,-0.0033002777388882357,-0.005842186673329625,-0.011775024322760546,-0.0056836073757946595,-0.002391972023489949,-0.006906034675541163,-0.014057189573089194,-0.03768554627317919,-0.024764170401611618,-0.017025539558928354
-0.013912752594269552,-0.00468338702386078,-0.0020489367298090772,0.0008809789052965553,-0.0008778834464784311,0.0019991426248716477,0.007272748995430342,0.0025077091478785825,0.003686822174988477,0.007002784154450665,0.004584581831303132,-0.0011196995194619104,0.007787914505186816,0.0053969179624980745,0.02496944358027058,0.0069708878670117136,0.0007901548880266895,0.0015946121583730669
-0.011633407325292161,-0.0007690157184998212,-0.002872394440743074,-0.0029783712303461745,-0.0034571861449879033,0.0,0.0030204625196229924,-0.0020249394693701234,0.0002552214331887645,-0.007591024927013692,0.0029778436920289554,-0.005048187764785364,-0.00403661028203495,0.0029934618471864883,0.004170875897522214,0.008920069125107927,-0.0028840659939124665,-0.011495134657665558
-0.016339927813936506,-0.005486418665671945,-0.005057198213701808,-0.0058858691126197436,-0.0005303166286019848,0.0006327003393637841,0.004666474238562423,0.004586138276671093,0.0009287406737672718,-0.007694637307815967,-0.006190639842410805,0.0018560308140640437,0.016224849903539982,-0.003922412569993794,-0.024896808229449757,-0.002319355207331484,-0.0011421051569765828,-0.004456264588800392
-0.016661575291511414,-0.00523685527713774,-0.003760927938391357,-0.005026794179805993,-0.0010687796966658049,-0.001069826207616774,0.003359472412854706,-0.003039884910197575,0.0021290916595393407,-0.005669238302438191,-0.0049531453915663696,0.0056482316130898585,-0.0031643557469850938,-0.007600278558905659,-0.00819697334271067,0.0047167246929296575,-0.003675382951269361,-0.013918138898342668
-0.019682878243462952,-0.006839102194556732,-0.004185204876529806,-0.000772137463057116,-0.000598079928750831,0.0016983045175191361,-0.015728306812042205,-0.002617564990367816,-0.0074726271665283344,-0.005511643505145866,-0.0003462828867657126,0.0002727502310587585,-0.003576029075230297,-0.0006476220020737255,-0.011242293802264162,0.0029355123722253334,0.0019651466986688178,-0.013122293685056255
0.0027301687052820765,0.0016731530212671102,0.0018743241991677742,-0.00702546664488702,0.007124810442900342,0.010029296065223434,0.0018147822154666409,0.0021794107505934573,-0.0003717010021626206,-0.013143749773363056,-0.0073317233954472765,-0.0008609457783979185,-0.0530937782939002,-0.001724832349905098,-0.004510225499589146,-0.01409094211467246,0.0023106786149563394,0.010956544179171274
-0.02570131653746618,-0.008374713670912205,-0.00781713224241463,-0.0016686975941050649,0.0015108018388455926,0.0,-0.007569632458378403,-0.004179699663246697,-0.005331098308378717,-0.000917008882529643,-0.0028485607176516473,0.00452605541605847,0.01334905064686484,-0.0041784774677207604,-0.006995665801109416,-0.02477816200327956,-0.02333294032998262,0.0026394511833067735
-0.0076103217203956994,-0.0030531147064769715,-0.0022394660631118884,-0.0018530429476546152,0.0002904664092812225,-0.00026144043988829006,0.004837060074883957,0.002025898680382794,0.002130058923816223,0.0029401331467382233,-0.0016262169851371652,0.0030655352007635567,-0.029711903135721213,0.0045405733788068245,0.02303485926726477,-0.0026105153783984305,0.0023356422129580277,0.011965608441287044
-0.0320016191880279,-0.012033333673641778,-0.010874948350858232,0.0013238536493242893,-0.003343939148056847,-0.0005225429949615228,-0.019608746994769288,-0.01178210651107065,-0.01565464882302313,-0.006584235214085852,-0.005219375672206633,-0.00338970737592428,0.009687592275642105,-0.0015155397434710842,-0.008493660534505672,-0.025030185445661882,-0.01994202763914991,-0.007223205052241832
-0.01714515696958423,-0.0046499226344730825,-0.004157304698055225,-0.0034647230922470328,-0.0002699874130762865,0.0016007421540971893,0.003759907189939729,-0.0016741265116392403,0.00036244092951005915,0.0013010418338474648,-0.0003547074348397432,0.0017576532573208045,0.01414037728874891,-0.0005618381870745699,-0.013061720688596965,0.007653250612639863,-0.01616941699315945,-0.015395708135019448
0.05403482391346059,0.015572453944294271,0.011823167975043488,-0.008420696722939044,0.0007648749577160416,-0.0020507211419964998,0.006399976335982317,0.007309093617371654,0.005368020158147153,0.009230989235354816,0.0063479268624429454,0.004037523336590211,0.023980980374329035,0.0014974562325153161,-0.005952996261066561,-0.02623764798113546,0.007765131288669187,0.03399923275903846
-0.019410724095258236,-0.00421956444703673,-0.003926736715429616,0.010875590976021629,-0.00048326462360070776,0.002081214103774511,0.004943339217674429,0.0029400941660844633,0.0028023746699183697,-0.00173855697268053,-0.00014744414365466002,-0.0005643623646424741,0.004517193239434017,-0.004171725023528317,-0.00022137487585319207,0.006079979861714981,-0.0008893465277518871,-0.005870254382894964
0.03712291505787066,0.012178052563215667,0.004220325452942213,-0.0023001399017622535,0.0024111657265492707,0.0027759053436764458,0.0050425400607204685,0.00706155865622805,-0.0002597029856934434,-0.00016713888547477353,0.0020448733817036444,0.0020777498698884163,0.04459237983319845,-0.0005939603576831723,-0.015578671426009211,0.0076204222479151155,-0.003006380765814619,-0.009423989945223685
-0.018229879499534373,-0.004564958060131165,-0.006157724390915479,-0.0010358147817356585,0.007484871614761488,0.004616671177179636,-0.03297872385011977,-0.012610412585721195,-0.0003095268248886698,-0.007110910497244732,-0.00626169181418759,-0.0013414907357546027,0.02915133985397488,0.003390321694391275,-0.004059482040939923,0.01098430590102279,-0.0006918115134330207,-0.006336067260181835
-0.012433905753562853,-0.0007495350150520045,-0.0018675909982115305,0.0007552312883500012,-0.002112163956819508,0.00022977242097667563,0.008158915886518996,0.00796453392071871,0.0026455626612062366,-0.0012647372267957785,-0.0018597434150719524,0.001687721950357371,0.026189806430164747,0.0026468867124385116,-0.012164252396359402,0.019062863621047473,0.0006274557234786701,-0.011001812630897521
-0.013392470830261521,-0.0033211752230142065,-0.003395892414371008,-0.002266283324656348,0.0036776767092615023,0.0015719207793505592,0.0028797152361235826,0.0015978425431472888,0.0015162638547321862,-0.005470551116693268,0.0018021258114396107,0.0005533797362418976,-0.004646606489239846,0.0037133865493658453,0.015427034094708608,-0.0013411418405237293,0.0005555214219343976,0.007734345519609379
0.026722013235442772,0.010019071201436882,0.005022571188508442,-0.0050319657761181726,0.0021117853021929917,0.0006182554336910515,0.010846047500305848,0.008351476343815264,0.0017259377973043908,3.517880135719038e-05,0.003448877340295875,-0.004102144531486771,0.0243657918288919,-0.003512015083139833,-0.019456816440753026,0.004335664554483075,0.0027489975798673217,0.0013682411949564183
-0.012120053990827934,0.0,-0.0009066557033116133,-0.0009458725306500151,0.0014328667309556132,-0.0002507191537990861,0.008659307096715195,0.006528561969963032,0.0032574517866301206,-0.0038027676413717156,0.0032522157823013606,-0.0011086161538849516,0.04782575932031163,0.0056279128387111115,-0.008825260988655303,0.023758796153391708,0.0018752418712626982,-0.006693703014047175
-0.018785541576813915,-0.005628672245159526,-0.002837706043021392,0.002774653266418096,0.007697302306852681,0.008371385180573268,-0.011078758019284584,-0.004102893152350235,-0.005075247270144799,0.004425611425055841,0.004958624481842104,0.02173752580730281,0.02284795730698316,0.0,0.008389920482365587,-0.0010092209187957325,-0.015329455382570455,-0.010912923407830268
-0.01068066231389535,-0.004052511687938606,-0.005265432482226185,-0.002703495517675864,0.01309733892087363,0.006349055495884221,-0.023662950514385522,-0.0067348150892987,-0.010856682150418816,-0.001332821646745876,-0.0007148578451528357,0.004557771033349443,0.0013061621792199696,0.00319813309010243,0.009768427199051133,0.013652469026313157,0.006541643915010648,-0.011442518115825265
0.022584555018357818,0.007329934776322985,0.0026963646805838876,0.0008653911642965542,-0.0033623128625499482,-0.006868953879162732,0.003967396443124777,0.0060741341114099075,-0.0013670615412476736,-0.009742944105819627,-0.00829914606333687,0.00044682376991149393,0.005685160420830752,-0.012039009630634402,-0.02510305268246863,-0.002067786081974059,-0.0011842443908419288,-0.005028858229326239
0.04323622201390427,0.013790984811910613,0.008403247857057617,-0.004835513812539137,0.0010297869676669878,0.0030719994013815957,0.00682123043225135,0.007349777255922269,0.0032571303701267903,0.0016091132718179706,0.0052731262705024646,0.003546632569677313,0.04673124532729368,-0.0010137962407661596,-0.01921617901460556,0.0006005986428147751,-0.0009352545715506916,-0.004169717565904285
-0.022338981167779746,-0.008102580310559635,-0.005211197513540646,-0.002544759811586039,-0.004125296946194914,-0.001022171231752284,0.0035073572039634095,0.0007144729847631528,0.0013350240400701176,-0.008514996287315639,-0.013490832620819817,-0.007111000663107653,0.0060724555193766554,0.00039785671796401,0.004633928034679861,0.006538134715659802,-0.0017115546258716402,-0.006614914463400019
0.059140328440450675,0.02416115389366764,0.014181537120835527,-0.0009335875251077125,0.0011689824978334447,0.002583619893854095,0.010581632452512486,0.008558446637543623,0.007613308042872745,0.007547671940747772,0.009359662770680347,0.0038812361266237307,0.022415101886156946,-0.0018985568902777973,-0.017358217296341835,-0.013710340622138656,0.010983783033348737,0.030675262232869482
-0.01996292109540795,-0.008900739180272448,-0.006402355826479756,-0.0008636681469185859,-0.0025169831062641207,-0.005550187130352923,-0.01420510615316991,-0.0090090608704832,-0.0017466436371092846,0.008923270974632339,-0.004679085341625964,-0.006571925675232676,0.016983983800164228,-0.0020089220563845184,-0.008744544305342076,-0.013973173051990225,-0.03051406429966556,-0.016457445399610554
-0.020928214204801843,-0.0038386866240286096,-0.005427230367629389,-0.004788981890651317,-0.003976008930419092,-0.0004446636476130368,-0.016676357948504604,-0.0016207309269699324,0.0028397328479777663,-0.009951046835736844,0.003309367535008798,0.0018011183565476833,0.004677334492278038,0.0017257071247765157,0.0008485761239533254,0.006227305873802863,-0.0022556970267247293,-0.007495444841682186
0.05818333190533672,0.014672006619867261,0.015457342066724552,-0.00823530022309955,-0.004746393409210746,-0.0065273008707438665,0.00772518649263592,0.008200462629686774,0.006955353334333898,0.006641173873649363,0.000265579132214143,0.0033153292983583273,0.018657246733714803,0.00524305608811527,0.02011888798629722,-0.007601252779968349,0.010201617694901534,0.0382028335092916
-0.01911275057570011,-0.004776962844137797,-0.005360149952363979,0.0011249361920694393,-0.003068175697494674,-0.001145693664549392,0.0039075932672890945,-0.003334089497718649,0.0006686569804127916,-0.0016928881497679698,-0.013332987120852294,-0.00251351649009839,-0.0064377773895848665,0.0029332401283509737,0.013444333936342227,0.002648598618101342,-0.001420023642766958,-0.01309691964858261
-0.019908617855219735,-0.008493373958715312,-0.005395330728129946,-0.00042329082435144187,-0.00020872738871476073,0.0005789060916841498,0.002061269636775013,-0.00467293486262532,0.001402836231505734,-0.005946158935303454,-0.012630334355840194,0.0026660253626976846,0.02266561414196214,-0.0018560199114944452,-0.011448174096776812,0.005805272821268224,-0.005440659401548269,-0.014335188572331334
0.059180738061744925,0.015761735152860237,0.014358538018181728,0.002594697928916087,-0.0022506657321599934,-0.000794104181045536,0.008144730192431237,0.00912436931751996,0.005454257445846742,0.011679883280010062,0.009417991565568724,0.002825627258636519,0.027116716990258954,-0.002463992301692147,-0.01224272744321694,-0.02525808634535437,0.010128577667322235,0.042349168763494344
0.031088653099004406,0.012610631180827557,0.0023694787925046795,0.005304435563390593,0.004378703813185501,0.0008527791306856632,0.01231497651491557,0.008441572011070386,0.0014299244626008126,-0.000676407119131657,-0.004251767625718521,-4.5690755976826316e-05,0.0178512724917128,0.0032835620631501646,0.004051017135563654,0.00640458610842054,0.002782417200936156,0.0029363957429228843
-0.009338077358332746,-0.0005424448330509808,-0.001377167724221249,-0.002810228724765344,-0.0002830542964930413,0.00041049458389630405,0.00609163201133947,-0.0008191084086107116,0.0027192524237131767,0.0032171593464147266,0.0034905114728116357,-0.0011890786031598893,0.01911020328590463,0.0033734175037455007,-0.012047541272117586,0.013338963024182535,0.002694958182807414,-0.0199412905006359
-0.011485987140070307,-0.0066242423101757035,-0.005408210814904682,0.0,-0.0018411413922226395,-0.0035795297780622177,-0.014528646360922694,-0.016349574679694077,-0.001301517553198725,-0.0002388502421264512,-7.635117019002441e-05,-0.005416337988819732,0.0002114513802991427,0.001741632429101725,0.008310669323480275,0.0024413144521111996,-0.0023617962973357365,-0.004690971918499744
-0.021533512662658235,-0.003676869168234932,-0.005874968080860268,0.0022932466411171816,-0.0023306850223509907,0.005944087440239245,-0.011405369692252969,-0.005430087445594821,0.002026102913491287,-0.0027615329499814283,-0.013916916710272174,0.003244213959960715,0.010564113972118056,-0.0009442174648833613,-0.012944371331476535,0.012502759655228091,-0.014059980637595912,-0.01789111289161186
-0.011606400012439122,-0.0041546515494818945,-0.0025558504507948022,0.0018263066325259645,-0.0002608854803431957,0.007513402085125865,-0.015679381575432333,-0.012873781571863316,0.0009521928791353066,-0.003563034020400453,-0.003575106699731475,0.0014857104541578245,-0.013139650753666432,0.0018206990144450346,0.007596310092530893,0.011267330480848567,-0.0040742310820758585,-0.005670654815414608
-0.024841034227512947,-0.006740659324138062,-0.01178401217266848,0.007843031169736659,-0.0007442742216188649,-0.0013970282057235081,-0.029636901798624615,-0.01529740538761381,-0.0005633359096976111,-0.008656284696850498,-0.015088333029200294,0.004013611200124813,0.0,-0.0033445347832534965,-0.002378134612755791,-0.0031753151049890415,-0.006265618084372983,-0.009594286744605066
-0.011123607355069048,-0.002881659291594788,-0.002097923511373242,-0.0008550000267015728,0.0006851402817733881,-0.0006539956398275414,0.006943193290095617,0.002917978752104006,-0.0010546675160308663,-2.7868098341076037e-06,0.0004348663919295164,-0.007148369381210919,0.03447665070549366,0.0055832258113336026,-0.00956116217326754,0.017000291901721438,0.003520836877212554,-0.010288773832303824
-0.017481307359152366,-0.0038532064387710734,-0.002309776587013639,0.0038983278775204344,-0.0029600373007151112,0.0016045879986863118,0.0010686195609927716,-0.005143552523645352,-0.002203800275761929,-0.008223801607990792,-0.0040917895687619995,0.0009536121840051802,0.014220316460138714,-0.0013065931471424764,-0.014876254115726377,0.008183992736561072,-0.004116393603534133,-0.015881816704402932
0.029221274603349518,0.008247385399129482,0.0005357851444128869,-0.0004157223849157345,-0.0066259293008055446,-0.012976077556191153,0.006077558779199603,0.006059223095332621,0.0013171818720546,-0.0038151686068726813,-0.004126915363310678,0.0001496454202228381,0.021632851976279135,-0.0030564908839633385,-0.00015148423334455235,0.001330649890073179,-0.0012143725681667968,-0.0070553598322157934
-0.021092696422552237,-0.008937217449513247,-0.007358955945723492,0.004079740997779348,-0.0035897708838023264,-0.0016878901453708586,-0.019101634542728035,-0.01354331706598582,-0.0087673032770459,0.0058883869367461405,-0.0011704794897567034,-0.007372927643399815,-0.001367736268985223,0.0018257710602667377,0.006392951964332187,0.002761188636792751,-0.0031719224489547785,-0.010341929312662757
-0.01578249408523662,-0.003209582511105065,-0.002598782531957093,0.004837016834965954,0.0025327112620494425,-0.0019629678590894345,0.0039641299802422566,0.003049796319775561,0.0,0.0013062521785081381,-0.0026624549850200736,0.010595427176846708,-0.061122914667615644,0.0025760224003944492,0.011430843547254236,-0.0048797302891967565,0.0007678709761179683,0.003638889201551296
0.032860007438893876,0.010878221993499053,0.00392901587631195,-0.0041151646643981625,0.002167583075896868,0.003573851125036651,0.005021354597913002,0.006140000716141188,-0.00045221644007091707,-0.0016904809168641706,-0.00013581359249183,0.0017786729006387303,0.03909880608506617,-0.005090586627627966,-0.01973952018697582,-0.0010326487453631284,-0.0018398047536115581,-0.005231000002289488
-0.009291127444881407,-0.0007383454730389953,-0.003709817527414769,0.001866652171808461,0.00459550460150215,0.004538474778631856,0.005964509747717376,0.0023679574751510205,-0.0027428084767244414,0.00582798716150713,0.008747329775182,0.0022872528858199613,0.022639545172746186,-0.0034138348369057592,0.0109461889530007,0.013096026341996577,-0.000637869044664327,-0.009122316650737677
-0.02147823531403339,-0.006852438189608463,-0.004776321414154348,-0.004346164926839783,-0.0016833733021790695,-0.0012087864662888813,0.002725257323434677,0.0019481938909246739,-0.0014997976544380092,-0.006164363299578388,-0.005160236639640487,-0.007782172728820008,-0.011382935625317472,0.00056169311078368,0.0020452066251487556,-0.005689217833468377,-0.002278866246816783,-0.005836270354040246
-0.00942977679341467,0.0007324891266755849,0.00028939806576560895,-0.002913272976189351,-0.0035477226209138456,-0.0009061041988314118,0.004496469339373133,-0.005795821130560065,0.005611902692725954,0.0036036316536438504,-0.017396147903934935,0.0,0.0029878234256595637,0.002027362154601934,-0.009381842260668554,0.012118287051092068,-0.000207447767749458,-0.01088696274046658
-0.012818744508219623,-0.0013635324817931514,-0.0021989036155072145,-0.003658603097845236,-0.003458332780478361,-0.0025599050286469653,-0.011897124160044759,-0.0023620545070022355,0.0018959507828189897,-0.007918662758735713,0.0026208176023682283,-0.00535747723728042,-0.0014799921710982099,0.0036551895249594666,-0.0051386440257268386,0.00796975253514452,-0.0026095563305055633,-0.008061986840086757
-0.00716354855295996,-0.0023007857840437952,-0.0032843817671119016,0.004328133727702208,0.0012802827553747426,-0.0006765707760177694,0.002312736178785122,0.0019013643490791178,0.0012922888325051886,0.0032624068429821075,-0.006794384386261981,0.011538528063642032,-0.06085860444102287,-0.0007197176375609674,0.015703583593910768,-0.002916992918701997,-0.0006494432533817589,0.004019468177347149
-0.010292501838251441,-0.002858941269287728,-0.0021241770960909135,0.0038528627727553054,-0.004060652705235825,-0.00030024501543872266,-0.012805125476494856,-0.012408760546270747,0.0003208685664860619,-0.002360913278609046,0.0019859596861439223,0.00453584333357686,-0.059868479778613225,-0.0011049448572249515,0.0056191122533844244,0.010712061002577312,-0.001316926522509609,-0.008693426137627983
-0.027994434387184807,-0.010106673110078465,-0.006342318721223444,0.0012207449737262446,0.00626152978630638,0.012737020832322327,-0.02454915003728659,-0.010359338259970171,-0.012785482258890599,0.010019333209938532,-0.0027136088636861176,-0.0014874444507308102,0.005095174642516925,0.0008792136300299053,0.010752708909323718,0.00011981035658250047,-0.015309041440954931,-0.015408245889802386
-0.03259911091117738,-0.010496259971079705,-0.007890146019930985,-0.005392858338265436,0.0022895676674094564,-0.0016244537134555994,-0.023143701114006134,-0.013557264121499575,-0.023948135242417436,0.00333036675320566,0.0007993802157075516,-0.013826136280051337,0.013800236999788754,-0.0035377307329585318,-0.014119019499205748,-0.021926183236374932,-0.01877369690558457,-0.010611924280521406
0.05858739663424088,0.018344962303853837,0.016122979790962673,-0.001907904083310395,-0.002122727624603342,-0.0024577402419720855,0.006185331998276132,0.007926985350899942,0.006079463883711914,0.007416282141131461,0.0035930949904465145,0.0021289144490804607,0.015565804254909242,0.003263547298116084,0.001408040991743951,-0.020758059659896785,0.010193412871711967,0.03696517017602055
-0.01566795752869865,-0.004625941214963916,-0.003717296301147167,-0.004105207538210436,-0.002028938498093027,-0.0005208680242818817,0.0033296720094921363,-0.0008555305301036321,0.0035413357075390513,0.0017488609733367889,0.005749657370198483,-0.006654402709564687,0.02314778157460657,-0.00107730088301341,-0.010320276348983108,0.016917903288755625,0.0011929772984357113,-0.019451814086566644
-0.01135198094073732,-0.002238918341074081,-0.0014016005151749893,0.010195006921953565,0.010469334121826405,0.007306725509194274,-0.011058565593206053,0.0002541478862491328,0.0027702741131536445,-0.005955737187766744,0.0031227628865899406,-0.000649586992038057,0.02986267754560863,0.00466605904724045,0.0010370497333987967,0.02027664260066892,0.003628472171849689,-0.0067604986063773895
-0.021960171758649092,-0.008243293272867826,-0.00496675471150805,-0.0028281412636126926,-0.0016973596088109798,0.0011785969550410372,0.0038369720859022186,-0.0010717861517066472,0.0005961398562628801,-0.006459349483543528,-0.014327036318455442,0.0064147448076848365,0.004794113838499491,-0.0002847211555738469,0.002854730883270856,0.0060230895130386295,-0.0017364176969108553,-0.007432899657675594
-0.01698625065451886,-0.005232964023234967,-0.005820163636330177,-0.009745892204170362,-0.0014041268691126077,-0.0015858644775647158,-0.007308758075027873,-0.0017286797129314518,-0.015163995295684117,0.008787871438821862,0.0,-0.003215026032564639,0.024152564948451305,-0.001888028928281712,-0.009616508533597393,-0.013860898378393084,-0.010145294591674767,-0.0025978860806172427
0.07269252777031006,0.0226198125640413,0.02404756594110928,0.0047370458770354396,0.003347445210497542,0.003311092274638354,0.006961726728075785,0.009032240034741696,0.012095850295655103,0.010901611958526236,0.008856887315190966,0.007408521209709568,0.03440509534275909,0.009196798169390097,0.0212776390796626,-0.0030232981319491246,0.010947235557038134,0.04774594773893687
-0.007942859073443663,-0.001028816755356344,-0.002029022101811641,0.005235776823178551,-0.0020451260612259037,0.001372831229562262,0.005057800657245411,0.0028611025392105477,0.0012940966464253846,-0.001802826876679757,0.0051664220505390724,-0.003947099248266931,-0.028766051976051817,0.00020004651982148707,0.00874679111593108,-0.0005578520409814399,-0.0015464013692256715,-0.010961070069462071
-0.012677211415373498,-0.004563717041483051,-0.008972267435774343,0.010399353167804758,0.004688178503315517,-0.0018904843201110314,-0.03832271741535944,-0.00676702915597568,0.0018936373532789019,-0.0014490601900590718,0.004712258300069021,-0.005252997252616058,0.004639577245715825,0.006891818142963972,-0.002026554308596347,-0.0021928795218864434,-0.007842501591173202,-0.012339329271910844
-0.011075536959454338,-0.005853167171379546,0.004476912998010584,0.0023200385116809515,0.004596689151286356,0.004277664928664616,0.00438413777112992,-0.0014790966205540652,0.004594410907954941,0.006251760872209377,0.007137273760701199,0.004447934882760013,0.023437093968243086,0.0007723975592999932,-0.006682262722975953,0.00932115301358487,-0.0037276536493820738,-0.018379579339836742
0.023617314291992455,0.00817687956131198,0.003679320413998439,-0.0009392145296517948,0.0024772466104775737,0.001460575895070851,0.005738143848057608,0.003639771513241814,-0.0001740296405357923,-0.010215054460818138,-0.008481282960841734,0.0047329899361660726,-0.0020668775565295095,0.010761552514270628,0.009158533991032744,-0.00040964969458827426,0.003245927962489591,-0.0022482895165990696
0.01965979619975327,0.004208072057210077,0.0006375921282909978,0.001955925976307229,0.0,-7.879523123571342e-05,0.011680537842797751,0.009218950897464315,0.002450738729083177,-0.0009166027126209711,0.004647905155930568,-0.006297451673342362,0.03103249371653785,-0.0005884062919008083,-0.016395076494662226,0.004091946570946853,0.0010148944316279386,-0.0057883203911763825
-0.011871922584513727,-0.002204525177456074,-0.003164987817716748,0.00323730781736817,-0.0003531130855481487,-5.094084390019918e-05,0.002353097929874314,0.002378419861347275,0.0013393772782513283,-0.0036553964385536513,-0.007837604451177458,0.006951262047502288,-0.040388811808645654,0.00505020114001609,0.020013275524447864,-0.004245585892027602,0.001866449018361542,0.008917436473300906
-0.008807237598871365,-0.0031675376870459442,-0.0022794073430145957,0.0010324978635163724,0.004025817323842111,0.00113423185885149,0.0041706449898145865,0.0013117401261322074,-0.0009672952338836094,0.000419100946054615,-0.000820908393623745,0.0006096451303787367,-0.04614202020435559,0.0007542013418436937,0.004598332225470698,-0.005844122653423947,0.00015413722292706596,0.00014709143948762882
-0.02540634363339287,-0.008313667339454916,-0.004329915744628693,-0.0057869773352492715,-0.0028681511816982044,-0.0004267194929142297,0.004581725345087563,0.0017083522072510384,0.0012525562411988445,-0.007140573962437714,-0.003790990606230907,-0.003549754011564707,0.006785782835856741,0.00016751098438588197,0.017894294079549268,-0.001394851531319775,-0.0004378527660461051,-0.0007404653981270687
0.04645636030132865,0.015008559996039431,0.008923635315741483,-0.007899612683006709,0.0035778823232010884,0.00419587250628004,0.007107508658925701,0.007878912762964981,0.0007356580679704828,0.002864697670895578,0.0023067570606421567,0.0019447684147838767,0.05262973654038335,0.0004980864247678339,-0.020210600560471133,0.0019735848091605892,-0.0031429305036819815,-0.010152318922731066
0.05445824925635346,0.015127588221855661,0.018367149485624294,0.0019129483658025847,0.0044248636652936026,0.004546841711778107,0.006162003532350794,0.006401821580261847,0.005177368520252761,-0.0039417536597712655,0.002997153517478536,0.007245434476809915,-0.0006165868616997615,0.013659214253532101,0.021309399603399424,-0.01661986179923287,0.01445264207512655,0.04302993130778804
-0.011978795704979292,-0.0006544187922781449,-0.004615004685907784,-0.006099182501728354,-0.0005327316754405074,0.0007446354094300034,0.006174791716968211,0.0,0.002176142905661176,0.004931930673096274,0.010112068015161745,0.004210210516514894,-0.006884794609072273,9.463083611423284e-05,0.020290540977216772,0.008578910277576016,-0.0024051356827370575,-0.008210172853084816
-0.0175022317459699,-0.004589588227988008,-0.004258255764112049,-0.007067212591543673,-0.0049621165602982235,-0.0021493590882479077,0.005165555692666393,-0.0018778276571998623,0.0018001865704332135,-0.0009707782995393607,-0.0027009063155338064,0.0011455028561560105,-0.005699307374871929,0.003402153894868727,0.012988017092454092,0.001177822331291304,-0.0008234542513859838,-0.009918686744285404
0.029497039925129424,0.010814203957314548,0.01101745778497295,-0.011451700328248203,0.0038562830728163535,0.007617022624841738,0.0049500442220505566,0.006373978452233193,0.0029100524100515238,0.004736997782652912,-0.00034550062517103294,-0.006963364300786111,-0.03727316394435569,0.0070542246719498556,0.008412877615952642,-0.01755628635639202,0.007290926638000881,0.02385531034312898
-0.01968154968839748,-0.005983598658131466,-0.004458850670520982,-0.0013170448339647192,-0.0005958415742217191,-0.00027450444115649763,0.002930697424248549,-0.0041214721171253755,-0.00067726459306233,-0.0032194454634353977,-0.002669041041058554,-0.0002487899915927028,0.010898679660199351,2.800755238982835e-05,0.01746530190629337,0.011594862964257269,-0.004547203946833893,-0.014184820822406862
-0.01578761057813651,-0.004754516150091954,-0.004188492445944218,-0.004754566648486848,-0.001704900733568997,0.0015681062499735365,0.0034177597494713502,0.0016649029144499962,0.000656945843146614,-0.00622348281299931,0.0045808983011093865,-0.0017916410995866465,0.008844333243246015,-0.0041088169985645535,-0.006160266773225413,0.011126213834692712,-0.0019742207515172,-0.01139019221448228
-0.006500033710602716,-0.0021200998537673496,0.002534035123555382,-0.018345394948020045,-0.001216174026754669,-0.0016469554255301795,-0.002595182470407617,-0.00085845810912483,-0.0033049823923877314,-0.016739057420469265,-0.013461951371258775,-0.010314816927080675,-0.1045622676238596,-0.006155236583402675,0.009964063411906272,-0.034592828471735865,-0.002862029614997788,0.011246346511768174
-0.019740298371518576,-0.0074395637267076755,-0.006430727443909637,-0.0004954776601367729,-0.0028552502436629476,-0.0005904629953586603,-0.022392353768041006,-0.013562463657957881,-0.0071670822997293715,-0.00876801621102449,-0.0073348410745165,-0.004967253616233142,-0.003412402568535441,-0.0032471293834419913,-0.015290926390497119,-0.0029067800071785176,-0.007257481504398753,-0.013367190661194711
-0.011385336972385954,-0.0011046804160413247,-0.0033701114020269216,0.005323473485388684,-0.0004546534119169375,0.0013175897903767002,-0.0071280055132101235,-0.002205120845491243,0.0007039793351496735,-0.0032444001889449974,0.0007383360671917647,-0.00036950330069033854,0.045991473310442434,0.005682408282372215,-0.010384739135355276,0.026400123873995936,0.008590877196600736,-0.005544630629417416
0.00849956143331706,0.0051005967006849,0.0006921191568347879,-0.0005393460314373936,-0.0018640206754470608,-0.007612356169143792,0.003425327112610114,0.004838755009486191,0.0004922914316087354,-0.005948710932883195,-0.006554469470439964,0.0014623932749201032,0.005168407441910906,-0.008809022068230584,-0.025205847880188155,0.0030393062423424164,0.001745176458722821,-0.0131305233933524
0.0697225802959888,0.018546432053768144,0.0214788283165188,0.0025080443525108704,0.0015985363402680462,0.004485607165577755,0.007813485395598244,0.010662126893406803,0.007797895567054001,0.00891428422970737,0.009079838558381534,0.006916944880086579,0.0325332214746311,0.008734733402281897,0.021521328098838343,-0.006482684234300255,0.009729195032535644,0.042671436279798636
-0.0003779449789566729,-0.00015649814578332194,-0.0014229596976618841,0.023969368759887383,0.015833986349936036,-0.0026704269528885186,-0.004675261681458363,0.0017042190800070926,0.00048126436816609957,0.0028605065883888074,0.005479107855965208,-0.010622657732277878,0.013317461021999558,0.005606370557620267,0.005872438004508589,0.012233526477672986,-0.0010495284374219531,-0.0077137905373121235
-0.010022211896829532,-0.0005981590957319772,-0.0015303311585740031,-0.002694708183617533,-0.0003124461620798486,0.001030208634243365,0.005924389648915276,-0.00212512282264016,0.0033855759000570003,0.004750076537945346,0.001981321219632815,0.004335751662087369,0.020859965693241958,0.003835006975355958,-0.010528995687003117,0.016820086421458637,0.0027782071242503314,-0.019437342369244222
-0.019727261069269978,-0.006211811793388399,-0.004444679206586021,-0.005230624337399586,-0.00164024671544354,0.0007818481566177163,0.003443069559295288,0.004632186036191617,0.0015926200760048212,-0.003470970980212887,0.003889902176102724,-0.003005706905695207,0.0034955961920020494,-0.0054147621070064714,-0.006737352619155267,0.0044292743328904665,-0.0023682844311889812,-0.009725731869225915
-0.010030600788191566,-0.0029519341707383634,-0.0035420726498087457,-0.0030285346040001488,0.0010526493784742182,0.0009946136495698858,0.0021973814899635055,0.0017699561243777965,-0.0010422688123856252,-0.002162591477717894,-0.0029094203157492924,0.002961957888132176,-0.07308624967496868,-0.0008417381293040567,0.003979256161095035,-0.006942412420875233,0.0002809852932589472,0.003103106153981114
-0.018091864056455097,-0.008916941581014144,-0.005874369705857017,-0.0036233062709823097,-0.005000981492596794,-0.0005783919974398432,0.007485257142958528,-0.005442880566180406,0.0014100884198670412,0.009523668364773176,0.0004744129638970988,0.0007320202974712342,0.008411659459867275,0.0006141489198977914,0.009092279621746484,0.00692791720420004,-0.003563424859763371,-0.012267248526084393
-0.012371023922634512,-0.007867475168161192,-0.0056445410915793226,-0.005062017675054031,-0.0038544086188594382,-0.0014688831458178127,0.004136437108607389,-0.007506479598967348,-0.00761891596194523,0.006191826629545096,0.006840346319963014,0.0031832316275328103,-0.03330143601787932,-0.0007416709810295942,0.015034789266169617,0.006419734991683314,-0.0006747923346108057,-0.007013586353720833
-0.015975895577856843,-0.004181080510694551,-0.003812904775655715,-0.004054950338802271,-0.003597556084531434,0.002437526353084381,0.0023357003899179434,0.002161644363484051,0.0008905616662127942,-0.005324572178637734,0.00841225622481888,-0.004447306560952208,0.0029203875825213727,-0.0005979500329610548,0.0056306177150499,0.007792772070727448,-0.003109194390066271,-0.012384001382265152
-0.00975843942552452,-0.0020159727113444087,-0.0028245803193615066,0.005580067378984337,0.008117067122028573,0.002316595603491782,-0.010191515695216188,-0.0018001963581009992,-0.008902531266236349,-0.0014118693823452935,-0.0021439548622815938,-0.003630714030216547,0.04230264882249537,0.007827250682644714,-0.009283232159441027,0.021042064693874752,0.006421511271699916,-0.007104433588252572
-0.026334101192064533,-0.009684191514994776,-0.0061211000266320655,-0.004460621446166455,-0.002736594324104656,-0.0005010557303597483,0.000557147505544839,0.0,-0.0011374325813461046,-0.011571885157813714,-0.018230243843017673,-0.0023317266917167157,-0.0032461763846367516,-0.007854740815180804,-0.02438258168759002,-0.0023355907391208347,-0.007923448734111445,-0.019700861080038656
-0.0071288877634725425,0.00035144015074088447,-0.0030465148270902233,-0.0024370961560438134,0.0027675317407404977,0.002973231242394038,0.005314596196102913,0.0001764393923797433,0.004455893235366789,0.004080531050741503,0.0015024937032725848,-0.001771687130955772,0.012074643339940377,0.005066707168636444,-0.013407588742486045,0.012642410199713844,0.005153580653823899,-0.01330365995422167
-0.01653628807328762,-0.004657465388039229,-0.004015105615573453,0.0,1.8936367979498317e-07,-0.0001150035362757934,0.0023278111135408516,-0.0031712628365191194,0.0015427856656986421,-0.0033963188566319023,-0.012825597881288266,0.0030264736950911843,0.038739101767638756,0.0023256886300085733,-0.011207852069772537,0.01966967524354801,0.0008230040818505367,-0.010306689049358346
-0.019924072469995887,-0.007838955592037379,-0.0015255695955076248,-0.0006507388935072389,-0.0013483184637210805,-0.0032398356224468765,0.003828735265105114,-0.0024910663129705662,0.0012294861403685992,0.014592787469505387,0.0037349648703020625,0.004727680656884455,0.01930252500350909,0.0036422837939257117,-0.006833185366690362,-0.0009078124247747258,-0.008423530948659188,-0.006257404511605264
-0.0205395166417828,-0.007394311015854602,-0.005401070821172288,-0.0016292793721096488,0.0007985438651468807,0.002186559671353318,-0.00406164112700213,-0.0050092216085719675,0.0006342687450888546,-0.0032747522536068704,-0.015687380915724476,-0.0007351486964690958,0.008988546569919643,-0.002007557380576806,0.00898016493173384,0.007875859823969739,-0.005709720187105092,-0.017573192215731143
0.054867797538471146,0.015513433719755578,0.01933936184069594,0.0006812798405927636,0.005410412686886795,0.006641602564477199,0.005274863788768156,0.007512489381242682,0.006755114837034661,0.0013990930581472647,0.00686348312531874,0.0021996763326873436,-0.002243530755350865,0.015969719529790486,0.016364354086693,-0.018359519000603564,0.012350773747640278,0.04090961180929331
-0.01530017216904781,-0.004397296039761504,-0.0019466760071152193,0.0012090427327385279,-0.0003649654687312697,-0.0011719993989837542,0.006298297041990217,0.005119289756122602,0.0016670728952689934,-0.0022012853696155824,0.011748954253273478,-0.006995271233375316,0.023981907065973963,-0.0023678076606191926,-0.011208232735653101,0.01258437944223687,-0.0017675083348077756,-0.009932892651345098
-0.026816240771855102,-0.011186173290865752,-0.010284833946862172,-0.010942375620189362,-0.003636735076133661,-0.0017380006739985676,-0.032432010405506646,-0.003057235661787045,0.0014774068846637898,-0.005879857512437776,-0.000967121002383446,-0.0022353887583950963,0.0032504557737205635,0.001704973547207409,0.0010869945920049002,0.005072142445098171,-0.004173965409395933,-0.011610346411072822
-0.0058871937543284155,-0.0007364971859594442,-0.0030912936362337416,0.005927457728454852,0.0011808366325353667,-0.0019202320403892978,0.0041364029492840255,0.0033057315888213325,0.0008070979110371164,-0.003093817279462228,0.0003642306490478326,-0.0027572113578844394,-0.10311823218875438,-0.006216473357322651,-0.002729599506392273,0.0003674056897771036,0.0,-0.006904192662781333
-0.0193210634704601,-0.008393463872027955,-0.003585643242642584,-0.0031383416206956973,-0.007395213098319403,-0.00047075042392403496,0.00507884430344909,-0.005673904610574293,0.004948532330031325,0.0065274070023303024,0.0008080738751283091,-0.001722167419959162,0.005022831866833164,0.0025337520553564436,0.009212064471445581,0.009101509268963888,-0.004023906029590052,-0.010200378277357315
-0.008296712799512749,-0.0032069413263414235,-0.003728876037113878,-0.0006638429600977079,-0.002844672555746388,-0.0019963275012948437,0.0026083641713784307,0.002350058419558826,0.00042153499216888334,-0.00582448216557501,-0.0035432477450336414,-0.0014170031898040221,-0.10659877224876985,-0.0013141606626393982,0.009768103809491701,-0.010044481500699958,-0.0011550065384734968,-0.00033728988200373844
-0.01128792257139265,-0.003374776482309427,0.0,-0.006468594776845401,-0.0034545836345262434,-0.00938176178906844,0.0005626946538732156,0.0033797242151996096,0.0012036565043883026,-0.005896232424194758,-0.00273313525574785,-0.00625893359592644,-0.13312164304373378,-0.024803033948022746,0.006548810158079403,-0.014448337645290722,-0.0010551635946926556,0.008362699681779245
0.033317463734118674,0.011318129138833222,0.008792134682889656,-0.00411395897264064,0.0015692924667292598,-0.000446618221865171,0.004968531880026837,0.0048016914069026195,-0.0007952752877025624,0.02321093022912233,-0.000567696402352069,0.007103960417427838,-0.08791721200760126,0.0063647474953755535,0.02184042170751552,-0.012160921901024045,0.004813175944239258,0.020025334008507256
0.02473174209260064,0.004679898106944904,0.0034391259891601374,-0.016377483198889667,-0.0038256016563758617,-0.0010268522432146862,0.0023077980631708737,0.0024958653928689807,-0.0010365037507284506,-0.007318509062907262,-0.012956995128624508,0.0016396624506771484,0.019954441230246152,-0.006495605045401189,-0.03948108601275315,-0.009666985761740403,0.0022555868646464516,0.006575086533954867
0.06359053229250741,0.019147279605631073,0.015148491461808477,0.0072819368010580005,-0.004953341066353362,-0.0076433450784931115,0.007687507313468041,0.009086071292426452,0.006751292952390218,0.01531949444332797,0.008266691228278172,-0.0028844783146264393,0.03684950207525378,0.005976231449355668,0.01652437173721382,0.0013288820957075695,0.006644949421466694,0.03591098330449585
-0.025773810156641482,-0.012831739981556536,-0.013401050954214198,0.0031652470021677217,-0.0007380721905466999,-0.0009402200079893911,-0.033338218865152675,-0.017629149980195737,-0.015100253855651738,-0.004290843647871003,-0.00783966862606318,0.0007560274890762268,-0.010450945110436333,0.0,0.007380478982141594,-0.0067355123628323995,-0.016532911321058257,-0.014474446284822862
-0.008204302714660695,-0.008220831136687217,-0.003708461267266552,0.0005135060334519969,0.00324900904662264,-0.00242172357062437,-0.006057766969361485,-0.0010678454453490816,-0.0016974495656692293,0.0016083039806143392,9.84888773237597e-06,0.0032024170109915657,-0.0038018227213142373,0.003909444839802975,0.00474552201135784,0.013114207725988997,-0.002327557019931473,-0.010490847199493336
0.05959320745742706,0.023473490761463177,0.015466812559366286,-0.002780387607243057,0.0003406218761947785,0.0025387407504879277,0.01144219345728546,0.008020852723584,0.006943273579856593,0.009170303613767536,0.00851077697258481,0.004860712630787511,0.020369183654986307,-0.0032105448221515023,-0.0204287728329336,-0.013499466855112212,0.009510780865802858,0.03091414442547588
-0.009184919147290587,0.001200092228482351,-0.004276940130870031,-0.00036757721403100565,0.0004460677732852978,0.0007224516384583212,0.006472625774906898,0.003543581337963653,0.0008376130988088696,0.01013226550877312,0.011696467670480229,0.0010695443383190253,0.006680722111178224,0.0011686199859807995,0.011273714971789878,0.009711973147756205,-0.000481121030700851,-0.009079743559866522
-0.014407833837545934,-0.005469065824902808,-0.004002396528673694,-0.01145800383096246,-0.0007330261415974011,-0.005258242626273844,-0.00610273510482281,-0.010093187711552374,-0.010337338410012893,-0.0009082633194935914,-0.002781923157611154,-0.0008382853159771272,-0.08098052144010044,-0.013863539702761087,0.013024147278518377,0.005055807776491727,0.0005946723714316798,-0.007067880573967705
0.055197886159823094,0.015855374327165706,0.007019427311701912,0.003928238535984637,0.0012516484450999295,0.0031973440259218232,0.005680785058699573,0.0038161965168237335,-0.00029736690582853146,0.007905910000268794,0.0027850946457685898,0.005354016569777926,-0.005696687622787267,0.01426025885505961,0.0271331948518636,-0.001792850713037225,0.005121595766972488,0.029307072851865817
0.05400588551712513,0.017389254508135464,0.013154557257427363,0.0047052662321922486,-0.000775208672733442,-0.005491248649098495,0.0076878782755793185,0.007860726596992988,0.006659770139115233,-0.004773802949101353,0.006489621096533992,0.0008154623364775226,0.027487403010334185,-0.007057434194982833,-0.0026284273567514383,-0.023861714658647466,0.008474051081443976,0.03554837973277862
0.052926339558780774,0.016233380869405543,0.015550998609273121,0.00997286864407422,-0.0069401662096951295,-0.012228215955645117,0.007276861860023518,0.006734259310228804,0.007729786801703815,0.003367926593591922,0.0035618266393506455,0.0008177233323998401,0.004164080796887524,0.014918977980101602,0.0389802083497005,-0.013166998902768949,0.014338162697155725,0.04680593113508341
-0.014098548145934862,-0.006984300897229215,-0.0013429901943288105,0.006235207317260212,0.0019209677191385853,0.0006948285069044411,-0.001958580129488328,-0.0036830129469804618,-0.005023568796542149,-0.0013337360952173124,-0.0009616811685270591,-0.0011100158733463898,-0.08562397170657707,-0.01520862205390748,0.009524669402002361,0.008332269519190746,-0.0005079233635390394,-0.006100796688317825
0.03706809594824609,0.011659036277039642,0.005870938667562394,0.0004578540880677307,-0.0009504455709742351,0.0017719531857893853,0.00871901719483807,0.007813608839240201,0.0031958827295383648,-0.006095829854694072,0.00019256309298633687,0.0013828212671055224,0.03895889313084607,-0.004426043031070363,-0.023578527853273204,-0.0003583327921086658,-0.0016676920702189564,-0.005334101947154765
-0.01414358835886355,-0.004275939510106425,-0.0018361178092408004,0.009110195559163243,0.0022882124537818285,0.001987863152227356,0.0060239187518168775,0.0068577144657241415,0.0015919100915781864,-0.004160609902027289,0.007128750562864247,-0.003572424625698018,0.033464981019344156,0.0018140299831951039,-0.012602683761576503,0.01175752140845927,-0.0014575761396677881,-0.00893619179672233
-0.01748739964694943,-0.0016806708360677654,-0.0007309962718344786,-0.002351665803236339,-0.0026710554013001163,-0.002075927241725726,-0.012602575086851699,-0.0005292229791530873,0.0016327203220266498,-0.007811711853355492,-0.014541893406445214,-0.0031419154634342414,-0.0030758845729807324,-0.004590934483225637,-0.013816094930534237,0.006399254471518618,-0.003278934799822233,-0.011291867014791568
-0.009275278586422474,-0.001363745718708026,-0.0028933997226089653,-0.001198430715765676,-0.0009621349346719544,-0.0029566665092228294,0.0026616889312728502,0.00225078788879838,-0.002658308140688703,-0.00279204453992069,-0.005357265788440387,0.0030817674675763535,-0.09924977890758764,-0.003824536755663695,0.014919466887181595,-0.014435389313568584,-0.0011111899124803056,0.005966573676932901
-0.017575969603296437,-0.010396133715907637,-0.00792005387284654,-0.014229999403454817,-0.003660664144537225,-0.0020840948703870197,-0.014969315149271158,-0.012481785078080758,-0.0036060267247342054,-0.005844789194886638,0.0,0.01169096040125584,-0.08393225056417475,-0.014008569909759846,0.0006360418821729669,0.009131138299867897,-0.0018467149968546877,-0.009998196335440968
0.018364185849331343,0.00530539037815279,-0.001697319215770514,-7.384297275236203e-05,-0.016285231929149418,-0.016819296325806286,0.004721730183882236,0.004290034163562361,-0.0005062713077764211,-0.0017086019368154142,-0.0006953632088870084,0.0016698082812011575,-0.01171861379348494,-0.006889428840181104,-0.0036145572356017317,-0.015885239370677134,-0.0026459959010581573,-0.007707045744395277
0.006895707052466645,0.0,0.0007255073304761786,-0.01475115779483293,-0.002995249060493524,0.0009242393126605452,-0.0031707747042888728,-0.0009274220817946749,0.0,-0.02268213407826756,-0.008968446117480483,0.005169356941788203,-0.14007297294819165,-0.010224265420659987,0.012826779096461868,-0.031568257991692314,-0.002371062486621681,0.01023878620895402
-0.012989538420583101,-0.0052608379699691015,-0.0005392029747264767,-0.002211013158781381,0.003949060816011174,0.0005850959251739769,0.004198232538484277,0.0027090450237186683,0.002402172896980113,-0.006491912380966645,0.0010654877459352803,-0.0071387689395858754,-0.00012654639585106927,0.0039489335443952745,0.005946754084508579,0.00263508603151692,-0.00018909062526518394,-0.0033399297199984586
-0.029685489921313372,-0.013534633639471412,-0.011825303779650341,-0.009043167028251281,-0.0006990948636270015,-0.0019109885156712184,-0.037928473042908854,-0.022626906192425526,-0.021692406512109994,0.0009117562027943072,-0.002874775149440325,-0.002814376444871587,-0.01073154503305019,-0.000753009115893759,0.004423748060724375,0.00036536259453755324,-0.0076858868138153505,-0.011156342562571392
0.044313166398892455,0.014194276124884952,0.007908132890761206,-0.0009773695089176449,0.0014595426926274308,0.004465831913203883,0.007166243021300416,0.007428103897560221,-0.000535193759054777,0.001969890025158846,0.004139302269496962,0.007173589187402088,0.04790251677409051,0.0,-0.016543246805564092,-0.00010419745669752751,-0.0019287375901464463,-0.004478968947912165
-0.01258759439624994,-0.0005317627323202383,-0.0015724135262891244,-0.005264590926706774,-0.0019310833004836949,0.000721488192707812,0.002283820913193483,-0.0024240796602937355,0.0033232133672522588,-0.009871108244076117,0.002842521992989871,-0.0017871452161142673,0.005542806187903067,-0.0012837663264611355,-0.01925138374331814,0.0104021566889124,0.0007992917937081778,-0.010621246273461116
-0.017088457645487002,-0.004308674165253535,-0.006152200998959711,0.00243178589407288,-0.0028700179072163926,0.002806914882642153,-0.012242437354161476,-0.00536772541153074,-0.00847253156213638,-0.0035909032837147473,-0.009503150670970748,-0.00027643030121426483,-0.0054590465809679686,0.0012381713815426529,0.014629937849392463,0.011954630983881373,-0.0014448314786544168,-0.009294090804699319
-0.01345528040111841,-0.0093809114228517,-0.006704719782162251,-0.007589255163487204,-0.004943755235930297,-0.0028379170348899665,-0.024112683695965136,-0.01650416070342649,-0.012308203792974082,-0.0017374180270556584,0.0,-0.004833332853470959,-0.01879829868020549,-0.000151154162608367,0.0007648594136944646,0.0010001869805842572,-0.005728038474854779,-0.005522183689530752
0.020681902187766575,0.004794482133817366,0.0019969262229686553,-0.004190309542313966,0.0008757967272226197,0.002529903151894333,0.005970093876805054,0.002621680919956847,-0.0001978746250750895,-0.0030868392286916156,0.004892232360278402,-0.00369703890962367,0.0008677711745035219,-0.0001953051449324013,-0.026285593045444335,0.0005194675837035141,0.0015370714917227937,-0.0018967326012875006
0.0720204442719816,0.021523365474912987,0.020581336432030542,0.002590223363933263,0.0032966489811724706,0.0005889351751627527,0.009747933129789896,0.009843665395386716,0.005068176899014458,0.011246515173264407,0.00921401329357128,0.006170399615926848,0.03747526421566321,0.01048981983233224,0.02061189763967963,0.0031933945078128465,0.010080700577124296,0.04739880323778334
0.033629818389562485,0.010054248711774034,0.0026509426940911694,-0.0017182758049090145,-0.003924472675991337,-0.0011724752381588332,0.004029127528997984,0.00650658367076862,-0.0003883871902883357,-0.006976256398144299,-0.006830164648209213,-0.0010813532060842813,0.023868284589361667,-0.008237503013991374,-0.02623685302762046,-0.0019313696114386808,-0.0007997079018073242,-0.005193784381827691
0.06257560462120262,0.01719289344065434,0.018952549202995956,0.009300566734324939,-0.0033968903443150756,-0.00403739084174191,0.010316372307783003,0.011556755725592054,0.011562378373980666,0.0084586220702623,0.006403774833727687,-0.0011679256037707179,0.026052761142963416,0.006243719527021042,0.033383122833289466,-0.01030908049918402,0.015127000656004887,0.04545783675782622
-0.024774338387389915,-0.01224720257169731,-0.009975563644025213,-0.004682115436003709,0.0011524545490980429,-6.556162469724291e-05,-0.03538497688422233,-0.016395337096680646,-0.018101526174441704,0.000519361375328271,-0.007221295701213649,-0.0039351933817242364,-0.01676113096910978,-0.0015127012759678332,0.007163702237129754,-0.0004947646246139317,-0.0054814569774331,-0.010284035568429217
-0.023730196451814428,-0.008596928090869389,-0.009143623792878149,-0.0018610890316337427,-0.004643574704116749,-0.003649656210545941,-0.03213201605992319,-0.013748960639318108,0.0008524328859124108,-0.009780855949502171,-0.0020052076493651586,-0.0012590350424109404,0.0009947821630065916,0.0,-0.0032487791654786423,-0.0019556552176076287,-0.006511043830011704,-0.01169783235952239
-0.021844924923973212,-0.011756044120914333,-0.008103678417332507,-0.0013321670472359866,0.0,-0.0024831094614991335,-0.017730276284267613,-0.00499899259173007,-0.019703992026674423,-0.0007190047240523503,-0.0031868273754737993,-0.004111430367771492,-0.017661355080478676,0.003359700487924307,-0.0011181006593414939,-0.0024636292050363266,-0.006147133878511704,-0.015796522103466798
0.03404850936675499,0.010547413138804407,0.003668013476790905,-0.002245105625446703,-0.0026517710710481806,0.0,0.0051441985528479315,0.0060367747730988635,-0.00018715755754843458,-0.0008802349454513564,-0.0016933334563629498,0.0005730026651344853,0.04828039521955616,-0.0028422173971987216,-0.018078481406032607,0.002411402466875906,-0.0029791160360867607,-0.005534153054767496
-0.01612093316959565,-0.0068933595254660265,-0.002362035433307552,-0.0015046983585666322,-0.0015695358389266408,-0.00703098035609564,-0.004995997868916795,-0.0004456605816232811,0.001786051471843196,-0.004345115859317193,0.0002059986131316414,-0.0031264553471488502,-0.11615609678957194,-0.0229377077727487,0.016182206347003552,-0.004657561190957525,-0.001776996981116085,0.0028081558504652326
-0.017518259923570614,-0.005935802572585136,-0.003794061377358864,-0.0042697121077168824,-0.0023803014670067944,-0.005793166191483497,-0.0007235327569728147,-0.0005551011519001979,0.001260143957291988,-0.0031483907579535906,-0.0008351131229861281,-0.00302033517120658,-0.1313464469910033,-0.024055894292152394,0.006136800003126503,-0.00827571129543114,-0.0030442033658754563,-0.005304794592384504
-0.027199123223913463,-0.011690379653464497,-0.007416239725669629,-0.005916559842448363,0.01044205954525057,0.011959025253543011,-0.027811928561413898,-0.016982590580046867,-0.01420942771354243,-0.0033197822309470474,0.0036549753702011852,-0.0010620098619497159,-0.009171304373875706,-0.0017466421935118585,0.005449545458113779,-0.00474153250088787,-0.016027886549387586,-0.012190732090224546
-0.018757925625804434,-0.005937053699254521,-0.0040910681372213,-0.002173259674397095,-0.0032157975872877517,-0.00025017440830464653,0.0021733527232456126,0.00406415604440562,0.0004173205596357472,-0.003413337878343524,-0.006963264492631177,-0.0022994968525265366,0.004202405710062397,-0.004456953998196016,-0.019151851609177407,-0.0022803126954173856,-0.000989094122864881,-0.010351524564843964
-0.022777302846147547,-0.0071174217719004946,-0.004583130686232341,-0.006264962106626637,-0.003170196583468942,-0.007146781002341873,0.0027323715601613938,-0.0004169112868093368,0.001678374233076802,-0.004011610953103777,-0.0032521270172001034,0.0045072909818472656,-0.0026548628427653822,-0.006334713642725998,-0.02724011790482619,0.0014109017345870793,-0.001767353204123282,-0.013364442406301538
-0.01438409982955812,-0.0065300637863796905,-0.005825924662754221,0.00010337861776916663,-0.0019093743702717836,-0.000966252479472546,0.004179729901105404,0.0030741001381691282,-5.026063114008937e-05,-0.0007626079779625437,-0.007916426881384737,-0.0023306281551163173,0.002257723684793707,-0.00048597736023301097,-0.022192577433073617,-0.0013823202693610986,0.0003701769199232409,-0.0024626466679451287
-0.010098373411412807,-0.0002413266761413818,-0.003758297687309704,-0.004506679531017035,-0.004961496124466719,-0.0002354681513570645,0.006969461962090869,0.004831614729772817,0.0016723326693749777,0.004579128256418632,0.008774243855915475,-0.002970559559520233,-0.012334360581961894,-7.946040886364013e-05,0.003651986971797935,0.006578084882078529,-0.002969738485793345,-0.011893466282396504
0.07168511264141034,0.02289282590980669,0.021503924765922545,0.007211940406373988,0.0,0.00365089391313332,0.011012931327555311,0.009923031689081445,0.008998113061179326,0.0060514888210968535,0.004611230529100667,0.003665722591807117,0.038017909757155126,0.009487707276397394,0.025661772645369958,-0.0149986127572456,0.01535388013082107,0.054653819111020935
-0.016476454752312977,-0.003745597715056991,-0.0014507088493517957,0.009715892588029457,-0.0035785305322317447,-0.0031231758774490923,-0.005497203260641001,-0.004603101638979426,0.0004677590715375191,9.094113316578495e-05,-0.01659205735451921,0.004150241538431785,-0.0012520073443387549,0.0009596795914446967,0.010081426259243952,0.007395688405317941,-0.002401911150994117,-0.010813665722475677
-0.007069640152099109,0.0007863829666642111,-0.0009301263553902911,-0.0020246435554849463,-0.0010482461474904507,0.002205678036316805,0.006248262495355336,0.003003318701437029,0.0014074666370078397,-0.0027273265041639645,0.00914849178656382,-0.004078361149296022,0.012513559231327099,-0.0027704670132117117,-0.0062537691384487535,0.010477497823522525,-0.001747250715031461,-0.009223759868035471
-0.016884446866970118,-0.008295874964864884,-0.006955722754279182,0.004760571145122026,0.005326448166441874,0.006378492576548842,-0.025599655398944095,-0.012751958051854102,-0.010306587966578486,-0.007865839894106713,-0.0005847138854041676,0.01380811152425222,-0.015277271665208163,-0.00014929991615356914,0.006147927806451541,0.001569548631091694,-0.011918861155822514,-0.011565919642764821
0.039495752987976904,0.013972282229174238,0.007166948315299615,-0.004145213498224656,0.0030656213481509626,0.0033085861109501337,0.006932156359318691,0.008180940467868188,0.0004735843687403601,0.0011807982205038505,0.002254959664160672,0.0026294505808797555,0.044848854291187,-0.0001328779384229481,-0.01763408224834539,-0.0008622686831838566,-0.00223552490548677,-0.0066033899077868885
-0.013563691494653538,-0.005677645731898993,-0.006010546403567366,-0.001913038666146449,-0.004421314828272647,-0.0015805676862809723,0.005095914122547026,0.005435672942963688,0.0,-0.001012390984111786,-0.007245528329775259,-0.001818291249792518,0.0049886575063090325,-0.0005063759473513857,-0.004558419966888783,-0.0014376711284898138,0.0,-0.0016755260085352108
-0.020139700363206378,-0.00525037571860921,-0.006380723580816241,-0.0020803499591269797,0.007250906923230167,0.00661368190090203,-0.010352215315030727,-0.011889032259780783,-0.016733680423625566,0.007844139196069163,0.0016516487757844592,0.009876310727041458,0.016194225083010695,-0.0018389452105805918,0.009975300458918406,-0.006989153945111531,-0.014678419406763713,-0.012280235951303078
-0.005216583831666992,0.001923226196215197,-0.00039054261236275394,0.0006306919080159112,0.00023580046630928962,-2.497135343901556e-05,0.004150547496181773,0.003194465185917189,0.0001075920431046098,-0.0061191159836038655,-0.0037060350429989745,0.010772943310803218,-0.044726981272479906,0.003709858333878639,0.01265522284300306,-0.0060498242910690374,0.0015616677649792276,0.005811496747449615
-0.015543208342355879,-0.008496288206238413,-0.006698857296606419,-0.009040609074147143,-0.005585886622009777,0.0,-0.01562129443155465,-0.013786717596088054,-0.011373305688972626,0.00047222060865280115,-0.005263531805946528,0.002226052747906119,-0.03947349249745229,-0.003992727282370117,0.015055376134745982,0.0006036205043701001,-0.0010068529958476376,-0.0032919205855896083
-0.008655807973078472,-0.0016424795286215817,-0.0034561503188084135,0.002993270347087961,4.834049243674541e-06,0.0005692724459320747,0.005210813469907414,0.00046225267568362116,0.0027622155939804453,-0.0010404247589295603,0.0004996381569249657,-9.899112781292634e-05,0.03826542429409033,0.00768233726279242,-0.009871014974588574,0.016782389577146582,0.0066885365133553835,-0.010050460619144767
-0.01952718173339602,-0.004813275000067995,-0.0022110329941052794,-0.0037324022853203382,-0.002335979598636856,0.0013003765720374539,0.005902653532043506,0.0035380889209558988,0.0029635421085234476,-0.005487319201772958,-0.0026453989161027065,0.0014434996186892762,-0.003818227898171228,0.006012818465149033,0.017053956118811314,0.0031432671464435543,0.0019340230286716818,0.00449631777453709
-0.0018976155827013911,0.0028087795160889823,0.0014830298223320675,-0.0015378874610520897,0.0032816673473839053,0.0015441732245179422,0.006189143861487404,0.001754105126686866,-0.0005519858084278015,-0.007829539374637678,-0.004695803419244755,-0.001040948683017802,-0.050510942434408186,0.00356029466521873,-0.003499531342268549,-0.010934048404435329,-0.00019958504115669096,-0.0006468619797189781
0.02812033835350961,0.009400883862672542,0.002989911048642578,0.0048011334363304995,-0.004735225553754075,-0.0022826460655940416,0.00666232256453051,0.004945640783925455,0.002761094565007798,0.010280284348131795,-0.0011352872537093257,-0.0005812558039089875,-0.05191102155518944,0.006998971408875041,0.012395974117658791,-0.01454246858573781,0.0012007686218816983,0.013355393991550904
-0.02180210983151096,-0.007976046783172994,-0.005129213809581661,-0.0021573166192107836,-0.00493139249594492,-0.001387304673268581,-0.011720626622256789,-0.019303678562780677,-0.005762617792113443,-0.006758838980409691,-0.013428929149649327,0.0021278612311389266,0.014998722044469484,-0.000500175990252551,-0.007875494499625497,0.00929321519690402,-0.0045657621917399764,-0.010050796550585453
0.01644948400628855,0.00034339730292054456,-0.005214009325190162,-0.0009329850579621508,-0.006614981161156394,-0.004386808842911332,0.003925289738190542,0.0028212140434267447,-0.00044771654392633916,-0.005935390970697084,-0.013705088437596121,0.0,0.006188604077638409,-0.004518634633295661,-0.015459965458738206,0.001213136761561542,-0.0006786593699898583,-0.003390565597361759
0.05429027964483073,0.0219278037594164,0.012619988476255069,-0.0017922359297580948,0.002084585295164208,-8.368537349760158e-05,0.007394272110778367,0.008154256506568942,0.005897559911850146,0.007071230637730429,0.0033862459513118994,0.0033462167655094284,0.018005770076411364,-0.003003874771753494,-0.01684176401045184,-0.012219293826230056,0.007591210981018267,0.028031092987182607
-0.02093721810580494,-0.010767431454757741,-0.0071992486133308255,0.0062062566362134355,-0.0033076889111348113,-0.003527372739836733,-0.03143350201057448,-0.021375365072488474,-0.015637896711407463,-0.0002912399927747341,-0.0020577142972143243,-0.0066812391155118295,-0.061245610134101944,-0.0062095311924847355,0.004669155167298149,0.003270023567516991,-0.0029133519177214316,-0.007098694080841933
0.03398408384880764,0.011471246523836132,0.011115394647208225,0.006861418495639923,0.01265587865143056,0.013387718157997587,0.006757488715286521,0.004320099124037175,0.00395393955982089,0.013746165517564001,0.000593750210405381,0.008964754122702846,-0.00815771303402966,0.00803880456834303,-0.004298554409930587,-0.0076451312447467805,0.008524650753625025,0.028910669180595594
-0.013334858523363885,-0.006174880835543842,-0.0008875824077312778,0.005716767748577082,0.012785601022151337,0.007539625416139778,0.010485073647189681,-0.00554884906217196,0.0,0.006079387631240851,-6.173427197516915e-05,-0.0007910177654054662,0.011301461424992523,0.001487344085580085,0.0164022940926262,0.008557976964366738,-0.0015883950112150907,-0.012137054949348608
0.06579607765823464,0.01868971421307677,0.022290317581769883,0.011174160882942253,-0.0012495885378339818,0.0015228491806440246,0.00984145424062679,0.01073680549826695,0.010069818755491549,0.015286747646002501,0.006679685574666339,-0.0016230133403620942,0.03903525010745637,0.00015379462050206166,0.018208005897408792,-0.00016211849246088972,0.008284820641370328,0.042472677750297255
0.04282616396911307,0.01385249373491755,0.008062031619729655,-0.004083764535283588,0.002420306115644086,0.005048533558026141,0.007846626204176988,0.006528293271936768,0.0005193581814179422,0.0015213872519421216,0.002627217358589996,0.006087492970260664,0.0379112532456166,-0.0019360558450799764,-0.017650113504271973,0.00040440822943108853,-0.0006746237547949354,-0.0031659409174558534
0.056959293618234645,0.01748507251339951,0.017086498310087746,0.0067695345099924985,-5.2238297739412495e-05,0.002533283733443919,0.008120165497647928,0.005817900978489054,0.009000854770327301,-0.006062879636642669,-0.002030819624336544,0.003280276691629247,0.031011722967805397,0.008045205517595019,0.0007261475731773608,-0.02140531979786266,0.009840758314112557,0.04972224120856911
0.06565359710272857,0.01889331984600396,0.016908681014175635,-0.007930299169121986,0.005176332798687775,0.0028888689928131734,0.00834038249353492,0.00875952106133536,0.0031155445979002072,0.009306794997307079,0.0014453015672988615,0.0034109543664417215,0.033718237125750485,0.00496882280375564,0.010200615344032177,0.002208223250481416,0.008939640990397403,0.03918709830710168
-0.0034636727297896234,-0.002552298836607771,-0.002306950040027215,0.015176751707012864,0.011887898562040056,9.689069046005105e-05,0.007746549771465878,0.002479705678175553,0.005894730947575709,0.017903720070440787,0.010970926108047794,-0.00941186307632323,0.013037981377755345,0.006282129256626476,0.008636358633926464,0.011286706763223197,0.0018569034613386574,-0.004195056511508921
-0.009763177477997174,-0.0004176141688779133,-0.004537694300318665,0.009533204148330079,0.006039526375328527,0.0023107914446702875,0.00794601213121799,0.0016137274258908958,0.005183265760224664,0.0034613247864244685,0.013811261930211467,-0.0013365016581635648,0.023232489839833108,-0.001046711229226539,0.00465524522894088,0.010412582601134755,0.0,-0.009754499039704434
-0.0195247144262935,-0.009840392076175253,-0.00789631454768474,-0.0035884791390580514,0.0,-0.00044788963215016265,-0.023385027166721563,-0.015875645923783988,-0.01036382909527991,0.0002737640083720561,0.0009604093760066851,0.011473367707477533,-0.07179919895218803,-0.01309881794727061,0.001973885291647312,0.003896810995991947,-0.0031566946611388583,-0.013080046980302518
0.049522550109010466,0.01961397885255228,0.012597310822662239,0.0020526848653884436,0.0004824738670348312,0.00022483637956370657,0.008148903356548842,0.007967101679298687,0.00651863056699686,-0.009069040452360243,0.00011919285187207719,0.002161908865198502,0.024225703887483335,-0.00024903125145005374,-0.024866899166052,-0.019164842993706528,0.009531742695847813,0.036586105178969014
-0.010432209811403696,-0.010275744901558297,-0.004561192570098315,-0.007990836750235538,-0.004547111490761797,-0.002211918382965208,0.003916342918377963,-0.0027740942394979045,0.0023096641566336135,0.005519404845126937,0.002658766974302034,-0.0013880995660965755,-0.01509169925845996,0.0005538795410336912,0.0014568189193551922,0.006607037026459281,-0.001493387768734758,-0.011778293659855117
0.028994296371651376,0.008303291383703764,0.0,-0.0061616112955340625,-0.007047167920905637,-0.008386078768809983,0.0044139929065124634,0.006991096455137942,0.000921205660847214,-0.004844667434903472,-0.006148709744234228,0.0008725484495997661,0.01455512226540563,-0.011382786638060844,0.000527489026385662,0.0007957454316204896,-0.0010675283494408464,-0.007401466484179473
0.018150143413597372,0.003997792509917341,0.0033514495467735217,-0.006309281839911046,0.006537467384593571,0.007606310262323064,0.004601479019445596,0.005004101648847901,0.0010509589535824693,-0.007123594162125885,-0.0021484922334197615,-0.00017896204315599732,-0.014836286732387764,0.002589612249826618,-0.0013615208905445487,-0.0064186994277559,0.00017974238153941317,-0.0015273502245779554
-0.014178870689239212,-0.004143601325329468,-0.004342218851609887,0.0023206160524168553,-0.0010211003149564195,-0.0011076230330482459,-0.009709958365701122,-0.002421888376549163,0.0010014447845397762,-0.006777754052358391,0.001593352722181636,-0.0026853905379287616,-0.010820903513388345,0.0018019151042747445,0.011932573602509529,0.014028757570743273,-0.004152914953409571,-0.010405815105563963
-0.0183045941766036,-0.011015308619290742,-0.005134855382447073,-0.007858381007419889,-0.0019062614405759215,0.0022281593329287024,-0.0171972886951112,-0.0029853288564791122,0.0037989916410981033,-0.004065331433639962,0.0027829888227334856,-0.00395738450304542,-0.0085354273692393,0.0011000808476518346,0.014428072956584995,0.012226624782049906,-0.002404506275768399,-0.010931528319714175
-0.004081732605902599,0.0056045590312824856,0.0006243884418615654,-0.0018847703414048077,-0.0008919091700513144,-0.00024430802870255524,0.00371110146022466,0.004198502077410445,-0.0019356153040092949,0.009161600441600597,-0.0011669702042202289,0.0041613279689432,-0.09119009015551319,-0.00045925610662695765,0.013932533863837896,-0.007034346714742764,0.002333729278376242,0.010426778644849713
-0.029315354556051883,-0.012809458896899438,-0.00924692781849689,0.005547983040396123,-0.0015984853445736194,-0.002967706934441664,-0.022686673225747585,-0.023382469901028935,-0.017866503745765032,-0.0028798697698114092,-0.006020741062108982,-0.006191972196356531,-0.009408697865344097,-0.0003683500301843868,0.0008911763227023872,-0.002320888399259292,-0.010282089830806716,-0.016175312868596997
-0.014006562659306823,-0.005332271874528248,-0.003666948513350285,-0.003423231855371443,-0.0009529670976107331,0.0008425301374018513,-0.0009989567628288785,-0.0034986628731723396,-0.002927981026097082,-0.0008546833813486446,0.0011643044410587075,0.0017588556063495232,0.03881331232073917,0.00996673336264297,-0.007355921806890316,0.01931931148147781,0.0067812809088315515,-0.011917992434552674
-0.031399909549925796,-0.008001830636543524,-0.006627032743456315,-0.010999371238292173,0.0,0.0,-0.0043773865140429614,-0.004747247353386638,0.0,-0.010979739737071788,-0.008144760583187168,-0.0007171341988777341,-0.044136731068166436,-0.006600438339077249,-0.016291158474520992,-0.06267933812791157,-0.03949957351569562,-0.02112781799407243
-0.03093350085779146,-0.008649725720768062,-0.008410017793426127,-0.000832705508581222,0.007809040602893991,0.0011157724112773122,-0.028494300292779183,-0.009484580810182351,0.0,-0.004669888815123675,-0.0037903249436166517,-0.004878736210581275,-0.007562617717961136,-0.004874237327220008,-0.012256248148282651,-0.021919284419551505,-0.022909412735517713,-0.015237533691564581
0.034956637002372684,0.010248388122080914,0.012021492577194747,-0.012831436168483104,0.00677759835226469,0.008042088727324566,0.0016944263657058202,0.004406588221288147,0.002065915639506514,-0.008904840966232381,0.0007638329306449906,0.009776207697392616,0.0007405558965640756,0.010273990412229863,0.00291525178930194,-0.018002205304028567,0.007119633399964371,0.03140211008794354
-0.011872207533316387,-0.005092652938103764,-0.0037867819505968034,0.0,-0.0031474460023289564,-0.0006043257661251529,0.004158276105472658,0.002481669863786419,-0.0008134475061501673,-0.0031150210140275057,-0.007672043627605964,-0.005691220290150048,-0.07868130826325605,-0.000691298326578239,0.014873964458858873,-0.009909170828139071,-0.0017635029543266734,0.0019419527931494873
-0.01737360941126924,-0.006257851038504329,-0.0028431795608080505,-0.0009140652984445602,-0.0016038665121070668,0.00020634653903935584,0.004936962462913691,0.002740872769019354,0.0021465790720138263,-0.005299046458952605,-0.0001743748188504621,-0.004815084210063144,-0.0031511441624991637,0.006185555961157577,0.017839265258069392,0.002989661887918476,0.0024970130218824513,0.003166901789194899
-0.005792711230809008,-0.003720280866531063,-0.003426176867292038,-0.000786084202956865,-0.0006736705166449816,-0.0025723037963930042,-0.015593484862338776,0.0,0.003971842106706307,0.0022125385905316973,0.0037560008650795993,0.0020862316576880312,-0.005455030211804208,0.0033676077534513333,0.009852490279020678,0.005732155247876362,-0.0021763932320489534,-0.004500272686468455
-0.008690785748577463,-0.0026428310469586653,-0.003206407190025948,0.004568864326975454,0.008729201237917346,0.00661401746184982,0.007151774615399945,0.0005112392842007209,0.002495514318038448,0.004857053703594891,0.011465275665900198,-0.001870675194599772,0.009499437809547382,0.005393129441475471,0.020920652802646,0.012666923622231194,-0.000714399856760524,-0.009523602466278994
-0.009129813170831676,-0.00015827708770258374,-0.002613460081657137,0.0036741240954504834,0.008672242650567982,0.00495233181078214,0.005367314236915712,0.002431700399455143,0.0015255249477661766,0.008591972815785791,0.011575478001214435,0.0012046113687132077,0.011796628838236912,0.0023676530890941513,0.011843095798553003,0.01250303766334982,-0.001978721379853785,-0.00964585867585617
0.04434428759428044,0.01598773923754213,0.00767817946336668,0.004862199551952259,0.0,0.0,0.00745852785727056,0.0061001698104142,0.0014245533171395248,0.009967439161019383,0.006933311917487822,0.0,-0.03881312769001344,0.011411414122822225,0.04094098009419795,-0.004284256970538447,0.004353009557050613,0.02476985101956003
-0.013839074530282944,-0.0054207742856911,-0.0025620841852923223,-0.004292890477259652,-0.0012948482518288513,0.0015633995257442177,-0.004000623192726949,-0.00229288803573573,0.0,-0.012513106635468459,-0.0051915234399334455,-0.003257792744684203,0.013697592644541363,0.0006745948466337936,-0.014131942352895235,0.00879832897427147,-0.0013340625407517238,-0.01460124029620509
0.031979478277824123,0.009853366246150267,0.0037306405457935643,0.00031033404992264875,-0.001159725149367541,-0.0015716370384628899,0.0058945738918226125,0.006047147355335726,0.0015809948506419547,-0.0017789377815420045,-0.0009101657293298369,0.0027109595970235714,0.043811638608464,-0.003395055367754803,-0.01753700223263192,0.0027091522895868908,-0.0018336251741822146,-0.003293390150856376
0.03893011250244004,0.011472683015213644,0.00493802371918077,-0.0031633624648411862,0.003716704663935653,0.002986219264028405,0.0026209971045244485,0.007165229089983522,0.0010345300386268275,-0.003187243913691082,-0.001235251147763842,0.008467068962028158,0.03738311802424769,-0.00277220137721625,-0.01590542831648212,0.0018663783986174977,-3.8584178384781246e-05,-0.0021957217639488463
0.033770433919964836,0.009861543679946558,0.0037105129453157432,0.0028576347748453593,0.005594648926785759,0.0011969519209063186,0.007440890835190342,0.008746017768340322,0.00041169923695980276,-0.0028898609552153024,-0.0014853463016300727,0.005584923985541308,0.026136426967291477,-0.006495562189368124,-0.023049078700460572,0.0018892981142730543,0.0,-0.0031862937091601123
0.06383985904020276,0.01870652995180279,0.01632450986376783,0.009787705260087338,0.0,-0.0017869905546222169,0.008824702526092399,0.010217128776594636,0.008265881771742355,0.007727350799785986,0.007877387693569937,0.0023900200182191116,0.010589817502419186,0.013967530040092303,0.03188767500099056,-0.012706977420567275,0.017509108868577577,0.04791020188968881
-0.005017412239227374,0.0021387492197206593,0.0012454427359064116,-0.0009228523388260795,0.007516047273777981,0.004114818428771666,0.005141681368944995,0.0030789383190249274,-0.001568837573761765,-0.005016355758662212,-0.0008476105918382442,-0.003482334487647826,-0.028164310309019804,0.0014217800318473079,0.0021773332475768644,-0.006789513621409892,0.0,0.0028793993104357443
0.04685128994748524,0.015871503330312602,0.007935957289109176,0.0005720714215908234,0.0012806802011187779,0.0034077994935983688,0.007057108123534127,0.0075906236151691035,0.003793405943761159,0.0022897049871292326,0.0061391610987955115,0.002377694542757999,0.03698078657861273,-0.004413861315367824,-0.021542734728689172,0.0003168984157452204,-0.003989242275413521,-0.005712005565917597
-0.023786755777341944,-0.00664634580862256,-0.00452371619354244,-0.0037480941139223286,-0.006127624409590855,-0.007552605816080287,-0.0277759552736613,-0.012498490461279597,-0.007764996221186933,-0.004688299788894347,-0.0035525728530541663,0.00452406604284598,0.000813760632330615,-0.002881284407580051,-0.0009230246252490864,-0.0014953215619465396,-0.006305450389694588,-0.010296191470928556
-0.0032964182011526667,-0.0019844174456921087,-0.002254800989695123,0.005683248799339523,0.006361436805267417,-0.0017085250325186417,0.0022998090370876896,-0.00655298979672035,-0.0033451872384746644,0.0035426859165518455,0.0008032376178104493,-0.0069581519926960695,-0.020672240367802422,0.0007047729724770571,0.004377315689088318,0.010727239670467997,0.0009873648300995112,-0.004997566548656834
0.06214186061600592,0.01808522481843171,0.014768429185895122,0.002023989198854975,-0.0021913178387779966,0.0,0.008777067715857895,0.007571467702732906,0.005163177910482511,0.009311275854721579,0.010841613124670298,0.0014398387598998808,0.020596521933516614,0.005023879517979667,0.01108966236832586,-0.02294420717376358,0.008879099964358945,0.047435668012312276
-0.013862259991138546,-0.0014023696730898127,-0.002201099545235849,-0.0034262711059874942,-0.0034031665085021354,-0.0033998761054316834,-0.0028359802779495454,-0.0007080732536351085,-0.004984761062655833,-0.0075054085778143275,0.0013131185309118608,-0.0007693495246996067,0.0019439206412892064,-0.0005216052074385461,-0.005541704074320298,0.005320949135924503,-0.00026898769289913997,-0.010541706521899397
0.04541289784689526,0.012765198990756049,0.007694979433176354,0.00360686154592281,0.0023760782855871015,0.003365541177787852,0.007568901671561418,0.006714338779655164,0.0034174462913462325,-0.008157462926388727,-0.0008446421494732767,0.0009473458352389287,0.029287534385543806,0.005343643679960108,0.01857075399024099,-0.001235223058212172,0.003536405571423362,0.028929142555713744
-0.022981126416168313,-0.0072822928587194255,-0.0051445364806183575,0.0,-0.000357557824971879,-0.0011136951444922288,-0.026727593666831723,-0.0218014884655768,-0.009832068365808123,-0.00629678995199778,-0.0021529708208096027,-0.004106343852727522,0.003558463841015966,-0.0014053315734459924,0.013221673164835327,0.004811054216687667,-0.0033823298749521085,-0.005866020580030787
-0.0051462180869458595,0.0003084701927183835,-0.0023428962829482158,-0.003024176820069698,-0.0009559319428829239,0.0016673739895076978,0.005753646067787389,0.002980724401193144,0.0027756536874334412,0.008312194326881052,0.010068588312711466,-0.0035284615184883595,0.023323076135571337,0.0033418205359459006,-0.006241164205568434,0.014266891727905863,0.0,-0.007450916819250836
-0.02410882207564674,-0.007573352111886359,-0.0056805612416509785,-0.001848478626927081,-0.001244942217581257,-0.0014836572258854186,-0.01477867850319321,-0.00843926296880285,-0.0035457553124543513,-0.004672198879437981,-0.0017227067448125487,0.005305812971890068,0.02469639409222153,0.0013215951747056445,-0.006202414757053737,0.002932298486815941,-0.025160656799237825,-0.013685281875305016
-0.01953739230196838,-0.003986149136606967,-0.002433917258150492,-0.00019414492452133686,0.0,-0.000744229631498536,-0.008514734498219203,-0.011789739875092183,-0.0033177232617152734,-0.002034264980084971,-0.006042506520338892,0.0007860829861170069,0.024262263561023054,0.000601897082568981,-0.013860699650961601,0.008923213588692764,-0.005586700654855442,-0.005604286112401484
0.03186346386578857,0.010341688760150874,0.002298212249394703,-0.0027619839226022034,-0.0033887339514288247,-0.0001340585416536886,0.0037596812091220217,0.0071723504720462026,0.0003057245067315292,-0.007798494436814532,-0.005958626099251385,-0.0005610896896657714,0.014925091446086912,-0.010843928772856067,-0.0312790595478534,-0.0016917218904971931,-0.0025043991057561517,-0.006651819518921912
-0.017476905374771104,-0.005993919140773584,-0.001177292994308884,0.0032719767543597654,0.0117112741191754,0.008333711864775209,-0.009130060040741437,-0.006090119955241288,0.0,-0.0015914650420918073,-0.001918465749515541,-0.005200398405389359,0.024038690407792985,0.003233208488848253,0.0,0.009232273274164619,-0.01779259035551875,-0.014147974270674213
-0.017653425700071022,-0.004291035485803748,-0.0027810497318229528,-0.004691476844388888,-0.0029674761829774545,0.0,0.004922339532601581,0.0019038155608726692,0.003025380648517438,-0.0014892590501532535,0.0032674424918021955,0.0019856839153527695,0.009733597029796856,0.0013611525676124096,0.005811681609731773,0.011930466808368147,-0.0026820762658336297,-0.012518262910372457
-0.00459918581571316,-0.0027679235521681036,-0.0023348958704115384,0.02790482393118889,0.015476832755121146,0.00545054524264883,0.006109910345730438,0.0012020801361038867,0.0008548524775506046,5.501514271495711e-05,0.003604844735812504,-0.008783273221199183,0.014149359700873507,0.003308547298163755,-0.011340126907748943,0.00483389163768191,0.0024945813090958453,-0.005470114183061051
-0.023232641622258077,-0.008146485079110833,-0.005896670255124897,-0.0002205142242302861,0.0009093039615496712,-0.001109962860410541,-0.025557132011495922,-0.009763260767746747,-0.006109417712949907,-0.010639109685388051,-0.005536569117774476,-0.006459633924038814,0.008250286558584136,-0.0027553532154302464,-0.009086110476992067,-0.011734336385179966,-0.011481508445383964,0.004343241152931693
-0.02255561275162164,-0.00649912377153789,-0.004210598032353036,0.004988723767918509,-0.0024691743527952186,-0.0024414373298784473,0.001133859911989881,0.0005840015499000773,0.0008585774112424775,-0.010788504748865486,-0.018582670719886306,-0.0013018543679538138,0.002506291526319457,-0.0026479893717845458,-0.0015842185314198266,8.340982406442901e-05,-0.0017665035105394519,-0.005270969889722227
-0.01450813970164932,0.0011459798375134402,-0.0023421932639998357,-0.0013062973279247849,0.0027720495056196563,0.00045445856934424577,-0.001030009747116503,-0.0008919520751295294,-0.008622821535836827,0.008109231153969502,0.010161382899179772,0.005309296037115841,0.015772875691740726,0.0004488127639873191,-0.010000906541003673,-0.007532392348596848,-0.007039487005098865,0.002492296779056071
-0.027802510297772177,-0.014541711539357727,-0.010188675476136893,-0.000887089645148713,-0.001974769503641909,-0.0016413391784317393,-0.03683369096499781,-0.010724256616246788,-0.01402879878955916,0.0,0.0,0.004212224085608168,-0.01579713809416733,-0.0029390391891753144,0.008447394335424166,-0.008195412220345403,-0.010894112301095693,-0.01445119551556226
-0.008950106551086454,-0.0006518669379244775,-0.001866809779836196,-0.000542867277961001,-0.0003834042625758546,0.0029320553092695304,0.004506787143165429,-0.0010536392790799188,0.00017665160842972533,5.0998333060866954e-05,0.002439312309750618,0.00346232377194398,0.03673074797420687,0.006528735121225427,-0.010044639491129308,0.018991823650809963,0.007245157848139901,-0.009932986165782719
-0.033720423623391685,-0.013865727198768111,-0.009471028303650247,-0.005363110629635181,0.0004432329645904218,-0.0009654408226997313,-0.01760577099279479,-0.011040090893869389,-0.016007513147049478,-0.0008400595317666472,0.0008076203565248568,-0.004208453058560142,-0.0036035337893209297,0.004557380642953706,0.004023180962633763,-0.019437325475677225,-0.012598091577896051,-0.010132668190833916
-0.006647582468210425,-0.0012837202545786855,-0.0023204833979086977,-0.004557106906782983,0.01201551720373256,0.0027457397276492066,0.004972525979951916,0.004533812819579344,0.002633104489547884,0.008386394935407401,0.009542660513475286,-0.004087147576619224,0.0069530231562573135,0.00417548169658071,0.0058793768243386915,0.00617493038143657,-0.000519046448004912,-0.008212776883375413
-0.018039903954637778,-0.006248904715755215,-0.006765088883117501,-0.001074473967391727,-0.005745809047123916,-0.003427828875836987,-0.021958185397387687,-0.01372656173443644,-0.010511115657001132,-0.002806112086595715,-0.0023317477885667053,-0.005117947197939702,0.003544733640057572,0.004170866026020337,0.010238321416414871,-3.677495531973587e-05,-0.005660559555468295,-0.006621564834158017
-0.010630103049141587,-0.003373835076537183,-0.0030685500499468663,-0.001185792668511404,-0.001375717518138822,-0.0023978841824511647,0.00017429918030055651,0.00019452559056079297,0.0,-0.004026965448491577,-0.00412866832215102,0.002345956354883299,-0.12659532883392902,-0.023187592511305435,0.010566480509591785,-0.01445379055473338,-0.0003018233308823494,0.002387419008460484
-0.025165419523982564,-0.007053930096918371,-0.004941795128235034,0.0,0.003955717518430378,0.004950080800450846,-0.01852888426952904,-0.007796047951387491,-0.00877496586015342,-0.008331726749347103,-0.011179491559056953,-0.004367984205447808,0.005021635874905168,-0.004644521490332382,-0.012721486581172106,-0.02466067883967514,-0.010596410569187547,-0.002559600682840918
-0.00979216775773246,-0.0029152889181673575,-0.003151627525434896,-0.006885482008834332,-0.0009025972471115825,-0.003934013192175582,0.0007890796285422165,-0.0012009890917272505,-0.0017276545732988846,-0.007049067917900404,-0.004350360791690671,-0.006207050062527714,-0.12115851005207627,-0.019093232494421193,0.008057560980353404,-0.011840426908959121,-0.0017049398754239741,0.005897251333115305
-0.013662408575713452,-0.003706015078656103,-0.0038310869175869704,0.0011514093705145717,0.00779200685007875,0.00627055754473913,-0.004123109147596759,-0.007677666457291261,-0.009902928572637134,-0.0018552054527550899,-0.007974006512699633,-0.004025444106278079,-0.0072113787894608015,0.002957977653834128,0.013416180777861404,0.005405637350610829,-0.0010183465618458147,-0.010944962537595387
-0.026888171091053382,-0.008117449753300178,-0.008310665462985752,0.0,0.004511108229201922,-0.0007329507604267605,-0.030658134747290497,-0.006804035193037293,-0.0066171494352559364,-0.01299644275236447,-0.004215339238855745,0.003317403388893533,0.01799432568497135,-0.0036391215576772125,-0.01190713089570467,-0.0123337235392477,-0.023564880371967675,-0.016954124518909874
-0.009173354434728397,-0.0028132922955489237,-0.0013038320859819093,-0.00104855305950719,-0.0016020901647627365,0.001262510481582,0.007341532122441174,0.009352246911753499,0.002520502768798192,0.003868996923166328,0.005286066610101995,0.0027762415961379966,0.03735415084491525,0.003723640519218116,-0.012917267002116062,0.0091498879694893,-0.000528113507044257,-0.010262216869350589
-0.020669382449122413,-0.006240198290363482,-0.0038206325363462556,-0.002201573071243953,-0.00404870904244281,-0.000621195192985377,0.0034339694893254485,0.002026835590555798,0.002301012594332871,-0.005375320001285158,-0.004902149679332616,-0.00520574917345676,0.007731417093438178,0.0037515177493669034,0.015311483861597806,0.0028470239570555483,-0.0009990578910001543,-0.0003256994233620525
0.05034666959469175,0.015161822391246749,0.016316039096238796,-0.004769107298531535,0.002061867366988295,0.0022454950310301265,0.0048523276333262925,0.006859357277135229,0.003971932085425927,0.009292910852928108,0.005866997237652076,0.008430079569197215,-0.007495518755496169,0.003622471024657486,0.006930184965921023,-0.015383956867240286,0.010747281839755969,0.03917573980619919
-0.01881145528637051,-0.006970807782489021,-0.004971058968086058,-0.0017915126007320252,0.002063927716032425,0.0018230581964539506,0.004309514183251505,0.00331401798390435,-0.0015737514946528417,-0.009563403313470479,-0.0006244275629268428,0.0023051212818591834,-0.0009329140598273983,0.0040677626035491325,0.0031701905809970446,-0.001305553438743018,-0.00012151995198511623,0.0
-0.013931285319886466,-0.0036439207786131936,-0.0026142816169970194,-0.0023128198370409485,-0.001149397072637101,0.00043513750925536237,0.004681343723160775,-0.003101969361663265,0.0019883022024270464,-0.007459067260568866,0.0005798958035361921,0.0028709669304106487,0.005973475487272502,-0.004680636156124128,-0.0066109744575864,0.011048047767200643,-0.0035711697704452995,-0.01275088393392779
-0.014012628350119197,-0.0031432306232925668,-0.0020129040040692283,-0.0026755760940375996,-0.0027451611500253345,-0.00018125094975708305,0.0041906264216267225,-0.002138286623163846,0.002910747957138776,-0.0006281908620442215,0.003936729573839022,0.0021116472860882394,0.009269335877333884,-0.0038653992277776954,-0.005454214570050526,0.012174818108296525,-0.0019060365384329697,-0.01141815097325472
-0.014460708398248392,-0.006405366831513427,-0.001608335185792476,-0.003691993773009335,-0.0014769233167919611,-0.0027972513667841267,-0.006092170996868988,-0.004337786363684739,0.0019628332930967996,-0.002336583695055211,0.00219676196226432,0.0,-0.08928642746375162,-0.017935667947867027,0.012398526242490701,0.0010076569112729638,-0.00138306188378775,-0.008561470570698532
-0.01766414128324469,-0.006027066767103575,-0.0017978143740592994,0.007718014659647557,-0.0005216570903353328,-0.0020133848717867773,0.0,-0.0012013809805177357,-0.0006532231374539126,-0.007681439100793984,-0.003219938478259763,0.0053919871939268876,0.003309350365997537,-0.004396745793859392,-0.009277656412563257,-0.033292368437897464,-0.013743371363849058,-0.002728752040274174
-0.014061785292407432,-0.004407605111067947,-0.00493579871188902,-0.0024503721860320684,-0.00035750949262737086,0.000700162966418104,0.0049181125740640165,-0.004615341051407036,-0.000644712606506695,-0.0037978884137647917,-0.01793257754053671,-0.007187691374014806,0.03744301723577091,0.002915915409091422,-0.012092364628386308,0.01632669720923422,0.0007586020229512514,-0.011737359941434803
-0.01803629988701968,-0.006355266211102635,-0.004124572598103836,0.010905093030292329,0.008140669059541328,0.004886350799768137,0.0032835298214750437,0.0026822681340297164,-1.9616834524389036e-05,-0.007555145905759566,0.0029828664709871987,-0.0016727891389896896,0.007909994753192106,-0.003096764046355308,0.008163522648324898,0.008041351447623097,-0.0032074098141553764,-0.01143579930118882
-0.004518215686696252,-0.00463210049374116,-0.002722146028618383,0.008174466571253406,-0.005552282349367908,-0.0019449188894867279,0.007579924837639372,-0.001750316106528276,-0.0029597692791799913,0.008035495095735016,0.00923064754150286,0.002018006133702582,-0.010335267477538554,0.0030201183556906363,0.008836339749629234,0.01185450589798862,0.0004926022270093742,-0.009916015888043899
0.04289966383413476,0.014452427037723013,0.007495619185660486,-0.0031074679541246244,0.0019867535302924297,0.003956292231630362,0.007283389537558143,0.0067308854610527505,0.0010486663283123228,0.003359554167883161,0.0020744149655563043,0.0034737014570633963,0.0477643674025135,7.236575087955613e-05,-0.017497931256033508,0.0012725079081813628,-0.001452837859308786,-0.0043740310206042965
-0.025932447437277704,-0.007845788353214998,-0.00849327265574526,-0.006091482814570184,0.003854999654580617,0.004418389454034058,-0.02389762945996161,-0.007632958267568216,-0.010202633984873881,-0.007294907595901427,0.0090523358116991,0.0030005911356365844,0.0028875282263195728,-0.0030506127463843812,-0.0005665884708857148,-0.004024032154135995,-0.018095859102791604,-0.01534276992359497
0.039144688689067265,0.01378732707267353,0.006547807863307891,-0.0064578270406146585,0.0025230154250574376,0.0039409886134837546,0.007905188136102184,0.00707127587090561,0.0003130597076015796,0.0009925770815904277,0.0004516352959019064,0.008722477740663937,0.04163345009525631,-0.002596916281090615,-0.016877482533752635,0.00023697441978000233,-0.0017085155612270094,-0.0041270314882235065
-0.0156995084739895,-0.004556096898188811,-0.003180949397778843,-0.0021209012856690974,0.0015163990889008,0.002702196027451496,0.00657120179120874,0.0009240282457719182,0.0020104300283023133,-0.0048367336209137685,-0.010278844783488403,0.004996329870342991,0.04541845223846419,0.004676737054052357,-0.009590227094845749,0.021896481245439726,0.0018779603003052957,-0.010558388655949213
-0.02390519388133591,-0.010525392377668837,-0.006271525011344816,-0.007046427857201849,-0.0035671221718362647,-0.0015872966931671831,0.002944746855649942,-0.006350682258420836,-0.0043049102279307154,-0.001807077270787857,0.003630875416445193,-0.0001257568975868557,-0.0008743588825664666,0.002503023570822809,-0.002159785901428847,0.005951401529982593,-0.0010301453328574314,-0.013018072103882353
-0.031645180777735774,-0.013459456355988851,-0.007699725734430603,-0.006904644699213738,0.002493471907192012,0.001668138753634093,-0.03347716837227222,-0.014142575325859871,-0.01855722413244067,0.006597617336758156,-0.004580373414136456,-0.0032638000479303848,-0.0056260553209937616,0.00028734019749996514,0.006617497906372932,-0.005339766304106399,-0.018533081510812646,-0.015698754682613447
-0.007761854897332167,-0.004010191263600268,-0.0015142116811632357,0.0018729294914329056,-0.0033054652964515413,-0.004950893560849033,-0.012422775565640823,-0.0028520816602194484,0.005457069298265682,0.01104971202756394,0.0057065358309529345,-0.003518771975725297,-0.0039103340879659805,0.0032843693966706565,0.011193690857057303,0.008813838192043191,-0.001624194751608307,-0.009112582125325118
-0.008835036425238517,-0.0004643477514757891,-0.002359878268367186,0.003270761815434258,-0.0006580277358194819,0.0009209542358859672,0.0053158044600029606,-0.0011421260300127137,0.003371965976937956,3.353293565313047e-05,0.0007100513393272627,0.0006328412490056682,0.03509868993082878,0.004162927896232609,-0.009729805388065641,0.01918309276040176,0.003478685622805453,-0.010602900106851922
-0.011569646283590846,-0.0015522326821125745,-0.003611027386707988,0.0018929815342236447,0.0018591802406460222,0.0012159324027157812,-0.011946626688207292,-0.0015197502757924824,0.002668858960202139,-0.005819943490284577,-0.0006036726276858704,-0.004642947191346139,0.039304294004978195,0.0043391360436317705,-0.011363373154477812,0.02162872493101328,0.0051654631895419875,-0.007595154537669992
-0.015866052834234007,-0.010478104281277807,-0.006498585072458534,-0.019961408108719957,-0.0067111485633561405,-0.004179074448590276,-0.01239857350470261,-0.0033408586036187855,0.003276947342188703,-0.003168265259826005,-0.0007995383919504277,-0.004056483147138985,-0.007883413551094433,-0.0014969771387686017,0.0028265462870956685,0.009386847460173767,-0.004420851362391628,-0.00913197645038688
-0.026345791755060986,-0.011716443296898648,-0.008049030029839801,0.0003728228689990757,0.016118372762881965,0.009707844465254791,-0.021661146610097087,-0.009028039214891296,-0.010556951325143128,-0.004813141121384576,0.0017471960113421147,0.0015489970224749604,0.0017852544786850924,0.003422611109950392,0.008704869773861423,-0.0037208680483929004,-0.011572348185475857,-0.0128115479777524
0.04931926915255,0.01319802913340641,0.015658364921523702,-0.015169519371755225,-0.008196019850142426,-0.01071371098801163,0.005419774041816425,0.008230457041240551,0.006483862746657755,0.0022962507872079105,0.004339055040513259,0.0016554955668644199,0.03001167131559506,-0.0005867389121535647,-0.0006118872082495805,-0.01722825857324538,0.008326018177535846,0.03592045179922401
-0.02807771233944487,-0.007284467477468298,-0.005229967821002237,0.003716957249660306,0.0028533132391724324,0.003166316514563772,-0.020790380620446757,-0.008267971880629561,-0.010325071063096665,0.0149932583188627,-0.002265081629499727,-0.0032874428051566772,0.009513591208476564,0.0009598944691381851,0.010242409938535067,-0.007410368090600733,-0.013309184437420797,-0.013814539258516237
0.050276743976956986,0.014863169483087788,0.01473323350748783,-0.009163431370646031,0.004380687154114036,0.008904827315689402,0.006684243114271396,0.007589835808783788,0.007884212870044168,-0.006988967891315862,0.004120233408568446,0.010819702167496083,0.01281464403386832,0.013386491621387492,0.022926009759457605,-0.005467431682683446,0.012552081327894135,0.04119424893397439
-0.006535627380111068,-0.004088766044912988,-0.003659602389247847,0.0010833812375033206,0.002276494434772011,-0.0017601255790998557,-0.016653892186315186,-0.004239647975089649,0.003928018751715142,0.009755013142688973,7.448159951778013e-05,0.0014760495761825115,-0.0062393008464335,0.004265189252787087,0.009483198563205055,0.005008218862695632,0.001037461438646274,-0.010838131068563215
0.059228141712340664,0.01499315031309556,0.00774802681656573,0.0025521417370960387,-0.0004979912850415725,0.0037151634689186522,0.0076985941668880255,0.005413599714268336,0.0026771194063025076,0.007510411575649616,0.010070745893094387,0.0017344193811799234,0.03642206340841051,0.0009674192452647312,-0.01563908807834665,0.012800301274144355,0.0011874696167902515,-0.01892567172118212
-0.01229524134344589,-0.0014921297576063937,-0.003291748675388459,-0.0018860537137688584,-0.001436711547410427,0.00012841487490455468,0.004058200623721517,0.00156829149067255,0.00112103696586768,-0.008449806246248952,0.008258094252857827,-0.003797061508532769,0.016589540047821583,-0.0007833757900171663,-0.0029868174683253335,0.007644243137470305,-0.003360794471779335,-0.011148285010800183
-0.00831756660283152,-0.005880946258693931,-0.003303201183394767,-0.005791253685321257,-0.001549598067871439,0.0016352533719328935,0.004127843135701409,-0.00056904513025835,0.004775139216151631,0.005980320057280208,0.010276668364469865,-0.0029240136624413588,-0.018059692893020233,0.001346609176405348,0.01956435774173454,0.008344989420146042,-0.0005068667508312811,-0.0062952286960449595
-0.03657372018035167,-0.014889862730677432,-0.008644714246574522,-0.004136134803655021,0.0061151571353648074,0.0011452637576941707,-0.025649360963345035,-0.01655653997324996,-0.014200272570663667,-0.005983304134386682,-0.004206230066286962,-0.00036541741615327676,0.0027389279258049574,0.002319169624660625,0.008602839436466659,-0.026202884975224355,-0.01510281383801675,-0.01218245970368853
-0.02019805889151858,-0.006412934717712022,-0.004492807658274508,-0.00969989618045585,-0.0047051033580918005,-0.007111864151043311,0.0030592402731601945,0.00486589914314368,-0.001420153748663415,-0.004210865604436211,0.0030687766930587736,-0.00685806736780947,0.00169582939298564,-0.003003911629289403,-0.0244775660487851,0.0007598105217106044,-0.0037364536418132647,-0.010909693858164995
0.04252201125891285,0.012888236723905475,0.008629332196163797,-0.00784310234411807,0.001526944738916333,0.00023038056296741384,0.008371371673975742,0.007696174507343876,0.0036743297641524783,0.004181890279260618,0.004856386333174069,0.003111837470628019,0.043140605855182354,-0.0001425121154157185,-0.022682560190451933,0.0005023435184055777,-0.0016757512394285107,-0.00458989741855792
0.023473192059565835,0.005746076041072352,0.0027579988524804107,-0.00487052230493435,0.004650021167684093,0.007403065860421776,0.00861659634622478,0.0054690553990745456,0.001781626046700677,-0.003169494826663826,-0.003143356934696858,0.008431662243502601,0.00016995295531757926,0.007549382810581471,0.001912698957972816,-0.003213151133144933,0.0018208881324052386,-0.00020714964818777104
-0.02366443439203119,-0.007445937515527645,-0.003950315028365787,-0.0022776119442212304,-0.003363005686651989,-0.0020508083766012926,0.0014749972098775132,0.00016244736767116524,0.0003860542136080278,-0.006101063945957163,-0.01459157705946091,-0.0024484862002138613,0.004485760879762494,-0.004601369272010646,-0.00181494774448043,0.00429964483902265,-0.0029406923330924668,-0.006940635601568768
-0.004304078341243836,-0.0006495808012813018,-0.0036681675301864862,0.000922428288662982,-0.0006702138515453847,0.0003880489469110107,0.001375599790243595,0.001950634756878852,0.00039287336775153253,-0.011769336890040795,-0.010474242861008632,0.0021923076196028626,0.0011352256751685852,0.0038245660750921553,0.010541258268749434,0.0008735146210021637,0.0023172239736126716,0.0017574413968482472
-0.007959381585912107,-0.00018337746079130139,-0.003007699538395549,0.004276159581812195,0.006824636395097622,0.003350591641948114,0.003598556522819911,0.0,-0.012592698447564879,-0.0008306425363014075,-0.000579515268198606,-0.0033298026042858134,0.034041661868441195,0.0049828172341036085,-0.007165782961038117,0.016410868277180732,0.0016938929639360642,-0.011284469220478398
0.02644405706455453,0.0057075002021701625,0.008084363484684038,-0.013783037188268338,0.0007898041433921839,0.0011426140489553648,0.003690787945620876,0.0021092547345347564,0.001216942002655836,-0.0014705454355688795,-0.012864462248987702,0.001986858530982503,0.012189290810520911,-0.007358274625854373,-0.04326674355482484,-0.013937023857268136,0.0050097441928500155,0.015490603095675244
0.02423275277390163,0.0067897830124162084,0.0061399622088349395,-0.004582522939825867,0.0026902908549621455,0.0010350027729035818,0.0011505675222511344,0.00192936714338304,0.0018376597104126553,-0.008461283852410927,0.006456992797585114,0.009456472084208113,-0.008279240179552456,-0.00470367502844659,-0.030205606279598368,-0.013933069553449568,0.0014571833241885555,0.008298039253661684
0.027323283403103305,0.008321593528652025,0.0038023468906485496,-0.0056260250357173915,0.0029179785902627444,0.002522767461062705,0.005547606628840324,0.007577488463886713,0.001383231226706999,0.0003753661412207418,-0.002007364807434611,0.0,-0.012788365022866486,0.008620472951618361,0.011803875957655722,-0.0022271761699548306,0.002515490240772331,0.004727063076143907
-0.013959868640473752,-0.003912585047810575,-0.0029831459140078095,0.006532527347606861,0.003999941087850785,0.004968707468774058,0.008333275888862039,0.0038285578663480543,0.0048973709819133664,0.0064155144289347816,0.01272191363659058,-0.002226012494258901,0.01084583350835805,0.002446233421501997,0.019832396577796414,0.010306982700227365,-0.00015425284959029272,-0.011095848934379399
-0.013544793272905193,-0.002710804339306707,-0.002737075078840132,-0.004091951469821596,-0.003002467223098018,-0.005112815666081167,0.004146081927312384,-0.0014552811106450763,0.0008780423343391708,0.0021892699275555807,0.0011222302685554672,-0.00713597410749752,0.01873977342826087,-0.0004286695763826115,-0.010814918260213758,0.012078563968479812,-0.029497303052159234,-0.02242887796116884
-0.01710056819516627,-0.00820924994888659,-0.005248207183482258,-0.012859662821901199,-0.006414830044092378,-0.0010878056259778827,-0.013111014467503117,-0.0056776887981252735,0.003414093052275718,-0.008879240383411254,-0.001156610483806732,-0.0006041669206415817,-0.004826659086879245,0.0011004190815919054,0.0010510381396795032,0.013095271379622339,-0.0029303407424247194,-0.009358451258812461
-0.01681101797751657,-0.005435668062959486,-0.003554020300577462,-0.0005644988340214624,-0.0036230315703120425,-0.002617709991348953,0.004062985492700482,-0.0010436340091799791,0.0022392916300532253,-0.004634145456917382,-0.00948115905525748,0.003561880588333492,-0.002575575838770226,0.007169394738585934,0.025857629502890587,0.003986851369504552,0.002150173178894913,0.003920265127328363
-0.020843985290418657,-0.006752912263601696,-0.007786361452383363,-0.007052501220493487,-0.002336323631902917,0.0011454319145305526,-0.008078574591268291,-0.010443522103977731,0.0014481021377616928,-0.005930184878871839,-0.01591142321921928,-0.0071615908899762765,0.013140570124291973,0.0009808859161864957,-0.012065544037952724,0.012819800135989951,0.0008145962610425549,-0.014191348125250067
0.03255697780407489,0.010637864942460233,0.005375625221466335,-0.003026511584344789,0.0004194960094206621,0.0013999102288767072,0.005718254930755507,0.005325722762123895,-0.0004404630454155313,0.005424554675525179,0.003012172985871571,0.007041010081058324,-0.037911384027030946,0.003130256514911056,0.021522670437876767,-0.0017329928075383728,0.004444734744928107,0.018205323329469336
0.03378574496025846,0.007794262538459861,0.0036981361249935315,-0.0040787867361374444,0.0,-0.0021967893437133826,0.006677785358914044,0.005467213050468571,0.0014324785352430509,-0.00069106269465891,0.006478820855614322,-0.005561358447563367,0.024103997667937783,0.00010027390807455139,-0.016365494923356514,0.004470220480040552,0.003429739258995113,0.0005461223857088915
0.05598293169854614,0.018551450242360348,0.014024554100664626,0.005956633455689905,0.0018038707764144312,0.005927948377993615,0.0063030405343011036,0.007217131598417496,0.00508284221547873,-0.006066102272832517,-0.006342881019414279,0.005728010904415777,0.03656870794378297,0.006945316280074277,0.024577099780762942,0.0019016961826733851,0.004623766481579384,0.036294837703048116
-0.013152598215801925,-0.009279177734900028,-0.004852196480213354,-0.0030430973857695403,0.0018697791511028878,0.0,-0.02622484552808296,-0.018417579014326977,-0.014506274661116762,0.00496398754132094,-0.0012540849204495813,-8.539496173356976e-05,-0.00782077944629113,0.0012539128510806739,0.009223878844961444,-0.0017703694509738684,-0.004623982618459546,-0.004282569267782491
-0.007968561839215387,-0.0031935647839987764,-0.0024905998271031807,0.007908569622446768,0.004315706709792954,0.0015731636462863515,0.0045383868331588815,-0.0018015447935557402,0.004429662500483015,0.000610930378992876,0.0003472447854018568,0.010089106755684576,-0.003212227703278853,0.0041752773617931,-0.022663120742695983,0.004641150421763446,-0.0020565279449707347,-0.010495141467267922
-0.015102752904589888,-0.007274832378201332,-0.004898722052032412,0.00289028738530684,0.0011660642377754207,0.009435229519114614,-0.019377506947744032,-0.018022493136016886,-0.009969703927116378,0.0028499677854244717,0.0015730556037599867,0.00038515504400349305,-0.02151994701630642,0.0,0.005534486464607245,-0.00019735477214258238,-0.007705014006670585,-0.0064732205799925835
0.053465363368598494,0.014766455262525924,0.014616836610791753,0.003184914619335052,-0.005687249789192586,-0.004469148325893716,0.0067840917853809945,0.008730768404074057,0.004074860281085808,0.006756445887605655,0.007709852108431526,0.00300559217389351,0.004042839489073357,0.011783839109969135,0.025451546287497743,-0.01331192388845821,0.012981189860739536,0.03880437091264485
-0.01302319682723196,-0.004249884201376553,-0.0012902585682700372,-0.0009230736085564264,-0.0002791774649193682,-0.0005239707141283992,0.005798546158840905,0.005333326995561149,0.002098109174431174,-0.00357634528438918,0.007645314668548132,-0.0027330640251987124,0.030505388974414193,0.0017009064419035624,-0.008607963001219875,0.011710138965835283,-0.0004155748390248535,-0.008292849601990972
0.06019387945649121,0.01821135603744995,0.014941196977182485,-0.0021379727044404558,0.0017760457698417732,-0.0011463597487363674,0.0045696381551711095,0.00862149297435133,0.005160145572430354,0.008333524813984887,0.005846243531441228,0.004002611312360569,0.02464976354764731,0.00030702992661985046,0.001119952676641961,-0.01967263908559045,0.007490967025312353,0.041647817471994225
0.04941787445956146,0.015803324785208024,0.006661033624834635,-0.004398295873730516,-0.002175890455713548,-0.0009169896290395031,0.006849514672062604,0.007664530270080092,0.0030611874641604062,0.008705958409374773,0.0035309696620157245,0.0,-0.017458649171871236,0.018081875007421106,0.034275884707662026,-0.008329233118001354,0.008734241892323967,0.034791039035152516
-0.016510864269620142,-0.004268772618277793,-0.004603970832277587,-0.0019977776318881764,0.0019497519740296271,-4.859828697318786e-05,0.006777141648010421,0.005567574252628448,0.0003756092509364798,-0.0011263947290849035,0.0013839424684147182,0.0016294754979447761,0.002182756878604075,0.004979871225637148,0.008455391544562919,0.0018232595561567813,0.0010612637761358802,0.009340242701715209
0.010690834629451277,0.0,-0.0021560846713063594,0.01102375883772924,0.006432806343082977,0.007988893125632347,0.0026056526958817446,0.0037321568378005585,0.0008462459091009377,-0.0041948344801018955,-0.0008521930725588086,-0.002497929047294104,-0.1213485817367293,-0.01252742036032037,0.01166012702312971,-0.021153066705620907,0.0004050080229223093,0.010230726998208914
-0.013839127893508158,-0.0008952313551066853,-0.003095190699156019,-0.004012534974844989,-0.0054809033472016195,-0.0013127651997397716,0.0020964726356622865,-0.0024817766169868694,0.002317780246929184,-0.007827196153528233,0.00486512366612805,-0.004464388725759034,0.008959794308857816,-0.00506727740072615,0.00041205099042004563,0.011827475143448016,-0.0031637911741335604,-0.0127088536074563
-0.01096194068948279,-0.0018450576537357398,-0.001814737994697691,-0.0024840339708446257,-0.002966050767941778,-0.00070935242374816,-0.00402930182730706,-0.0010200328015071924,0.0026029836866960803,-0.008192700787061163,0.0018585051342933842,-0.0004544967601548288,0.017395453940434718,0.0008572565714638433,-0.005477085121115487,0.006210922627529036,-0.004425234299095177,-0.010961666837256686
0.038619850586866,0.01101343003049592,0.009641765644021864,-0.0008140090253805744,0.0,0.0021646925638575017,0.007233879658109516,0.006465260009835284,0.003731151581241726,-0.0011238517744317656,-0.004362785206587987,-0.0012392043391931938,0.025111072456918085,-0.007930661086245962,-0.04292844034844728,-0.0031862645065128706,0.0034149963553652954,0.01532698050366263
-0.013640233319144476,-0.008269310148687063,-0.0053333196102048255,0.0,-0.0036922646689129196,-0.0032319402557545694,-0.01497639870437547,-0.00470931618678956,-0.00398251118372152,0.0021147434182263425,0.0015257924059440763,-0.0022162053592755864,-0.0058989146096278386,0.0033778170330858387,0.00667199806884684,0.005154389204024691,0.0004508420562588434,-0.009698627937802642
-0.008927368205771296,-0.0008313937828555348,-0.004026532739157618,0.006039906682894644,0.008288449294005431,0.0028980798083325632,-0.00029844728794931443,8.46525264308165e-05,0.0031873892393456506,-0.00448190873884504,0.0029224986387084047,-0.002727948443867523,0.02996905016157499,0.0049070939602600715,-0.004427095059647353,0.019571278367397305,0.003268764798268626,-0.007507473857230128
0.016312087072805778,0.008467639933408749,-0.0002164360375075133,0.0008836854063160882,0.0017705680156353063,0.0011050414653017827,0.011774341685722906,0.009207195976490352,0.00021403805223836505,-0.005403875519974404,-0.0023577379535289844,0.00720213771869051,0.0008913468098098105,-0.00033257688972704747,0.005907530888347915,0.004780915423635207,0.00331353126764196,0.007908959073539917
-0.007214813957443803,-0.005634199410192308,-0.0025579837659334284,-0.0017690677763221524,-0.005627752730448513,-0.0016004028494851284,0.005153039144181111,0.0013153686373230445,0.004873432370626287,0.0037140353948189493,0.005720035871052652,-0.0014383140271239639,-0.0117793774751984,0.001893289778928695,0.005576445400854118,0.007768273174418857,-0.0012518599870998662,-0.009293881592108286
-0.030913078890506037,-0.011555946246807574,-0.009768678532429033,0.0011215170538648432,-0.004092161881497798,-0.0024562461694493305,-0.02117088377550273,-0.009340514723663058,-0.015788520732562986,0.005143490912868979,-0.005425587903873867,-0.010827669344992128,0.0070941457625273005,-0.002598955972158487,-0.009287961006932594,-0.015695320301729397,-0.012230772586352667,-0.009322906180507462
-0.020133530544375368,-0.007897317527365364,-0.006245264755601045,-0.003820270921607292,0.009558638610505871,0.006971713400592756,0.0038337002523371726,-0.005750641063115986,0.00020249108883939993,-0.006386370217654355,-0.01331004372486988,0.0006304003699379901,0.004421150125485595,-0.0004368333612067957,0.01868978056339487,0.005839894090570555,-0.004099025798636285,-0.012276651189018935
0.0648567866665131,0.01741911321698137,0.01574168418025033,0.0019455448923877657,0.005163149807907918,0.001939432554335704,0.010466333502586201,0.009467886322708167,0.0025521766348017157,0.011133027157948588,0.0021643236554774923,0.005415840141631454,0.03105792477383966,0.009372618508303817,0.0217185291514795,0.0003693701601461243,0.00800862308205231,0.04151433579034222
-0.013682149263824678,-0.0058212000247385215,-0.00164956445841047,-0.012630486321718617,-0.011349209580676348,-0.010109660989175099,0.004022886178293815,0.004068484362932604,-0.0006409122186282536,-0.005918914384484167,0.0012087767456920682,-0.0013629408182524,0.0019365593042913038,-0.007335352453277719,-0.02287169840519984,0.004364235583186214,-0.004239269397009225,-0.012747261901548596
-0.015600832165820873,-0.005697963130574409,-0.003468957422620675,0.010707323956681761,-0.00012102175547869878,-0.00452811342708139,-0.013662710128495898,-0.005435444740969717,-0.0038169300503363176,0.009679226450279299,-0.0012052746922534177,0.0036244629444563657,0.012729215804479305,-0.005059789860012145,-0.007228645998591399,-0.008287762476472255,-0.022068817682013697,-0.0052142516012555346
0.06970884238309427,0.022219926971730957,0.02377354060282801,0.007120721535152593,0.000596609044786052,0.0038706136653853733,0.008062339728724352,0.011461094463770475,0.008812169988357215,0.008859697006827583,0.009268499622004494,0.005520768868060545,0.03815831549488539,0.009892182727176508,0.016954623096773768,0.0017478138831248345,0.01001803028550417,0.04537334787356467
-0.009349625850418729,-0.0013706528895105268,-0.0005083736887972092,0.0023837506851915142,0.0016981442029209684,-0.0007220027054046165,0.0020823463182881256,0.0024707853917685916,-0.00175576579557777,-0.006195804538378389,-0.0047917907204085815,0.0007259374464446991,-0.10409507181084411,-0.00389035138036103,0.0077891349086778435,-0.008545723027205902,-0.00019255446640155266,0.005965959080428476
0.06561154388274287,0.018955254761230382,0.01453152571619012,-0.003101720068773625,0.00254355713976947,0.003208281295167061,0.008614400623336082,0.007593840161333244,0.002768081011962066,0.006437372671947962,0.0,0.006057192554239987,0.02922600043875618,0.00957703020693397,0.01714813831577449,0.00022450718968714526,0.007542633926147834,0.03862828454881634
-0.012599600776323197,-0.0030374735703473294,-0.005148712225639463,-0.006085795508391462,-0.0006717558739278197,0.0018103984173689284,0.004576537120180665,0.004761153518989459,0.0008509426404982714,-0.0035089743477768453,-0.010239355338477366,0.005566660877521035,0.008002730449777595,-0.005460521334956064,-0.02634970789858611,-0.0017387822124912246,0.0009333026859751876,-0.004263760911918685
-0.01930461536472158,-0.006826991025881629,-0.005838890952615645,0.002801529374675807,-0.0002248863107622011,0.0004383198924521986,0.003217833598584093,0.0022851994811400114,-0.0002803681584013485,-0.010715621886890254,-0.017203028610108514,0.000672879644255662,0.01579890136376772,0.001325147484771751,-0.02230064091489883,0.0002688725977361591,-0.0036654646100417313,-0.015385926797211645
0.05851766896393268,0.016705390103454,0.01401003021745831,0.003014461357812399,-0.0016239179537159425,0.0008779911584433069,0.005034344113883603,0.005873069452093185,0.00361897734466328,0.005614370958723699,0.004944470493759582,0.0015899178043408129,-0.00046321547365983244,0.008057603900023424,0.017635092382810472,-0.022399244845070693,0.005855729597041358,0.038903792844413976
-0.016610849727344862,-0.004504463570594166,-0.0023743092981762725,-0.002472787080135174,0.001766774473260184,0.001080826937043668,0.00252666991321026,0.001049273377925614,0.002271107921409816,-0.010676744972156786,-0.008049496904840334,0.006850353099008417,-0.017299646463878382,0.007401988654480269,0.0206014873645822,-0.002261084208985392,0.001754410501040397,0.005657028909572974
0.040888515149816354,0.016965067280631095,0.008540222437213262,-0.005455458860023838,0.0026716206998960612,0.0022256026931743163,0.006427361687413483,0.0062680012118992556,0.0028803445071910357,0.0069007206939630155,0.008531824876678537,0.003077353246869686,0.03911869366996798,-0.0020581906363744923,-0.017049041957760726,-0.005664826460632724,-0.0016192018632252298,-0.0054061952323054135
0.05832334519344468,0.019704237666908753,0.01925756978720141,0.013605386044375611,4.406995218185165e-05,-0.0020444228248348265,0.007758337477558026,0.010837278410808535,0.010209681577108514,-0.0016333732168948456,0.00568932591892927,-0.0016125679196790728,0.012407639158359993,0.01762382321217176,0.042777902283185204,-0.011698680713924436,0.013327206519878803,0.05046299476201033
-0.018912351130450696,-0.0024993840804596015,-0.004418694392569663,0.007193134829872651,-0.0016542906733167365,0.0009714919255182078,0.0032358614840811055,-0.0035562323013954068,0.002466366439991041,-0.007280393549265074,-0.009726860932541815,0.002916449114252786,0.020377020959988147,-0.0038625476330533745,-0.0018480108400663906,0.007785370739225076,-0.0034633321044415196,-0.014220762987773314
-0.0073418802735053575,-0.003615672675586489,-0.0031626467361846743,0.0020838114523994964,-0.0002512705043330205,-0.0002707317694593386,0.004543996163179636,0.0026701094090708605,0.00045944274886124944,0.0024090393640041822,-0.0020763291128473595,-0.0023660328032808825,-0.06594022279756039,-0.0003631901595196346,0.015020435561361348,-0.0032342673781430072,0.0,0.004715635654024185
-0.014501309243708885,-0.0037083254066029164,-0.0027547316776718104,-0.006062227874541085,0.004534000270293411,0.0029563932269648045,0.00553654608829873,0.001406725857791481,0.0048615080498610385,0.00451738799392689,0.0057682704720545186,0.007433760055369229,0.010026813451935124,0.002226726942978752,0.00022002650699966695,0.005704468719690411,-0.0010265380883454907,-0.009765717384393587
-0.03959397969666269,-0.011756889430310351,-0.007991661083521602,-0.010547589902297608,-0.002204356227597168,-0.0009749077444360071,-0.018543998585651134,-0.008241664014014381,-0.0008334734045134366,-0.007232685796980579,-0.00914949322684866,-0.004151562546912399,-0.03935836346989731,-0.010428161222504126,-0.020029619183160752,-0.06314973975979557,-0.04205823074700575,-0.023028539951240656
0.06536843566301338,0.018613737433938102,0.0176740561811515,0.005336519253586966,-0.0034576988546454954,-0.0011265286527165285,0.007585568978297877,0.009177375934691723,0.009086583519660655,0.012148271488858739,0.009486888031260715,0.0039530200572716265,0.03146123697740983,-0.00992697699333323,0.00576492273156152,-0.003464346344358395,0.014143186989248208,0.045193969349687085
-0.009506804856110967,-0.0010943604582356748,-0.0018193735563659063,-0.00011952035855388697,-0.0012791311826993719,-0.0046986762681195185,0.00558785737448387,0.0037967374057878167,0.0014165158738952085,-0.0012101493941889827,0.0067524168586839284,-0.005132048551765132,0.02735800225726766,0.005501418581481071,-0.009038932947590995,0.015561842852943167,0.002004866566902982,-0.010199370804949558
-0.015175232614436842,-0.01067304972556207,-0.006044477758073061,-0.00409878019962513,0.014742483156671376,0.01530552192976071,-0.027500920626876146,-0.016091817935842363,-0.012873088443624007,0.0,-0.002249768457661548,0.0030982644899606514,-0.02947402570360197,-0.0005109169527969093,0.008001036380562073,0.00445623908663006,-0.004187379511888832,-0.011016708482208551
0.05023387716644829,0.014684436312293716,0.003360691967485817,-0.004503094807712797,0.001521988766693026,0.0007161736752975303,0.00784715836708358,0.00765277060778865,0.0008123878747814188,0.004384662059051529,0.004840130844039735,0.0049623837687626324,-0.009762669091712034,0.017145893842530846,0.025899263424817635,-0.005838345005336736,0.0060384355317128074,0.033809659346466986
-0.014177533933750817,-0.002787762404375385,-0.003633901094475516,0.005748894384294616,-0.00020345616529808357,-0.0008719564095356055,0.004774988926205945,-0.0016523947087437366,0.002407039510205886,0.008221817710613824,0.002587147073317767,-0.0031367872754709913,0.02033032225153386,-0.002331216247680386,-0.012774224275492144,0.012681752166073982,-0.030843805001335697,-0.0207352561492919
-0.01767578291118833,-0.002627373924938336,-0.00399066120111959,-0.005362333873047251,-0.00216825266426165,0.0010862936394589228,0.00546639257273908,-0.00441824024745912,0.0023380071040254267,-0.007855402736512392,0.0021961853264482805,-0.00036768225030627135,0.003512014228959524,-0.0003076842768574196,-0.0005824574965690927,0.006104745972709653,-0.003712260290998601,-0.013524328279923094
-0.012776824083627765,-0.002050420240898934,-0.0027755428099530883,-0.003318759704640362,-0.002862447062441932,-0.0037787614758078374,-0.005449675952478279,-0.0017861303739205275,0.0,-0.005656250197326317,0.004808075871677494,-0.006417161937437839,0.010141828612382109,-0.00014423698071132395,-0.013319035353961874,0.011221674519855788,0.000846237850690798,-0.01390462871549368
0.038643583654615996,0.01590926883773168,0.006898475394610649,0.009584784935569949,-0.0025841379318409497,0.00043483540791695884,0.008493467550373337,0.003566160161496389,0.0022282739056969335,-0.007262658060528582,-0.014560015461808207,-0.005713920960768332,0.03822031948275626,-0.0022940931799301807,-0.02180744399186065,-0.006656109944424875,0.00653130587745386,0.026577179035687973
-0.017983138907928558,-0.01068450525908365,-0.006929912038987204,-0.009944547186344329,-0.006752750987844959,-0.0016743632959873205,-0.014360362025801397,-0.0070428998357977245,-0.004637355582688381,-0.0014561149810480315,-0.0022093613728531806,0.0022911631568669757,-0.005542205387939636,-0.00042444045805736016,0.010445473320048436,0.01117328938923568,-0.003806930202809127,-0.01036625807542109
0.03344638001404029,0.008117035693359366,0.00333722070322706,-9.498998117837697e-05,0.00034958207047311045,0.0018673777696267683,0.009926003131991752,0.007683716850736099,0.003834729486048625,-0.004973607763813446,-0.003714068204976669,-0.001333275774192063,0.02260085925912293,-0.008012167895012832,-0.028612118486378717,-0.000268917544629784,0.0005431106360110209,-0.0012687029872912384
-0.013858209650963457,-0.0013857525191678028,-0.0027435098677055215,0.005190278712742207,-8.050737299701433e-05,0.0016423793671393467,-0.010538126164738159,-0.003128333715955036,0.0036169751387208704,-0.005174514332780424,-0.0024009563577023704,0.0010755682613409457,0.016211427179769002,-0.0008981646435691887,-0.0019467389776913336,0.012575189184379793,0.003806740237032389,-0.006612723009846611
0.04516866857197323,0.011910021741696761,0.01260120918662062,-0.013592747864282904,-0.0010454423847595033,-0.002891671537740542,0.004909383133785353,0.007835272912998618,0.00247919426351373,-0.008976318056294903,0.006941092060173473,0.009986367936834011,-0.007340127611688739,0.01086221874069133,0.015045353815889837,-0.0165467579374614,0.009624406030107193,0.034408663260994815
-0.022080855730039404,-0.010171170741089931,-0.007998608556587922,-0.0007905186389530186,-0.00552213284560716,-0.0023304812690845716,-0.043028675821836095,-0.0231921424092292,-0.013466170482632699,-0.0038133788969066007,-0.0015880940665159854,-0.008758429036625711,-0.019295270173242583,-0.00021301914784734873,0.005625487189739736,-0.006090569304569691,-0.010170084194045957,-0.012861976291075744
0.061722742183852326,0.02101634963158677,0.012342187442326536,0.004143635043545924,0.004085098683535669,0.00480517788392594,0.008320382535035436,0.009014199868494428,0.004697044865306949,-0.007743917808699152,0.006560826732708007,0.01180540760479035,0.04132250298291856,0.010379222212054761,0.019418445794626215,0.004454738426072234,0.005683230982546272,0.03968021103418168
-0.022106943935190467,-0.006622845363184708,-0.004867239694630122,-0.00569667496128153,-0.002202914633068179,-0.0005928848785248361,0.0027785755591139254,0.0025756822118644454,0.0010173855134316984,-0.007464693602154774,0.001874281845208996,-0.001317298455378816,-0.00036413551009324414,-0.004864690483907807,-0.017523103269955882,0.002391245882747998,-0.0017051720913826241,-0.010804677701880205
-0.01731765044754327,-0.006150262084582809,-0.005052774971619701,-0.0055306264930647265,-0.005964354948575603,-0.002407896593508386,0.006952598567262118,-0.002211040968941826,0.0013793481227109842,-0.007207508424373845,-0.005934201883004248,0.0009049494610531845,-0.005071443721821901,0.0013613397871693916,0.015571619813114411,0.0013502639361718876,0.0,0.0009110768870710245
-0.013488984560778735,-0.004011074996458954,-0.0037008308729068753,-0.0011727431964684539,-0.002476776142812805,-0.001632088771374521,0.00589184862970716,0.00072395920799249,0.0022530135588134364,-0.005749996381191379,-0.0008451759470059045,0.0004634321468184346,0.04405019085219118,0.004610876221332754,-0.00901242977816555,0.023092633734149468,0.004249304425631257,-0.00884086407994713
0.03294332697752498,0.009219333937201904,0.0037918659936726925,-0.0019194760745228781,0.00014013218188080713,7.851955638642983e-05,0.00770225209280296,0.006548385277734046,0.0015097658814374726,-0.008516371325859345,-0.005359047946711105,0.0007334407547583694,0.019613034203619012,-0.009448200108074817,-0.029039422879674773,0.0,-0.00015324376400370054,-0.0034005685039099516
-0.01200748775469966,-0.0007016318622618926,-0.001586166539791551,-0.001646479101193748,0.0011951633317628695,0.0008859422394427584,0.007331548071624117,0.0061198113339333325,0.003348012966042937,-0.002596591222222541,0.0,0.0020223683032309088,0.04889057599746192,0.006682376073295799,-0.00866584086023085,0.022174881620278752,0.001021101993660163,-0.007727087665477805
0.06557069597900116,0.02050168457632576,0.021605302360123986,0.007964018770863224,0.0,-0.001197403713405053,0.00843378390000452,0.009358763091897987,0.008668754754535083,0.009730874146533137,0.007775064096420595,0.0057098192015327094,0.02461449688059741,0.007526021517837769,0.01509295452535428,-0.019554012890986922,0.013182091786575499,0.044483581988179255
-0.011789632391371542,-0.003747525815496248,-0.0027946389566942485,-0.0017679053789552257,-0.0033472433504450967,-0.003328344208176067,0.0031292207204638347,0.002166666145577531,0.0019408809718086731,-0.004446714601479675,-0.004452654679213509,0.005136027182800567,-0.05230238153943202,0.004438728404275683,0.020691232053542716,-0.0037522566845647897,0.0009676743043688942,0.005218675120869237
-0.02211930173114348,-0.01185451040139402,-0.008392081930529345,-0.006060970134843484,-0.00270537412627165,6.605478764369847e-05,-0.017146259851084943,-0.0215800488724493,-0.014989915197843696,0.000195113987641787,-0.003899579176464919,-0.005786530984308494,-0.021257214734323904,-0.0035820066622627507,0.0045429369723449485,0.0022054243751210363,-0.005483344176064082,-0.009349335005454207
-0.0188318876447392,-0.006244400909585499,-0.003545774042557275,-0.005651827491369454,-0.0033634356100075767,-0.0007561901815192903,0.0034812360270399137,0.003245670840930729,0.0014701293323035785,-0.0018638985259099691,0.0018159522097665156,0.004941501678337725,0.005237213201013406,-0.002825645029315729,0.0012652763085131838,0.002279935031715304,-0.0020107133017954054,-0.010175890625132605
-0.019593094152235983,-0.004974076032517385,-0.004941728731919898,-0.002251706818854863,-0.002592558899371676,-0.00252952311076788,0.0020543096855123017,-0.0023215147431914006,0.0021727427832683287,-0.0014619374500339424,-0.01824602090876428,0.005789768196682548,0.005839405311402282,0.0036330699495108064,0.0022586281011123467,0.005117086608874208,-0.005465877287680197,-0.017889105315028006
-0.008379916787261545,-0.002253594037612921,-0.003918056616776994,0.0013962509385175037,0.00023293341273299633,-0.00047494136424879415,0.002831036110808169,0.003777689060744659,-0.0015728991194337686,0.003124344156562411,-0.003596824413375694,-0.00136458062852143,-0.07894971353357826,-0.0018666998422803135,0.01648389476396657,-0.008758421197981885,0.001434065115942963,0.01325034314769978
-0.014265322984019582,-0.008097470514344353,-0.005794447905434933,-0.0017422186860652376,-0.0008742855642046135,-0.0009816977106178856,-0.006738019817873045,-0.0027212293548965717,-0.010197001156544793,-0.005603122121621138,-0.00266560339557485,-0.00856877992602271,-0.004660961072581293,0.0029858673813047487,0.009291889078976361,0.01262747618661589,-0.0024912869356079133,-0.009775239645749632
-0.008358980435077374,0.0004888477550468007,-0.0015160139443442708,-0.0049301456424516955,-0.0004173731554181129,-0.004322705218380916,0.007607510034883583,0.002610590107181754,0.003306468668014144,0.011745096986338062,0.015466662861499543,-0.0007242291776484363,-0.0006585894686873975,-0.0037480090996909656,-0.016012640217274332,0.009906820027564791,0.0,-0.015082055843055258
-0.026346792487617416,-0.014310129221077,-0.009452526232408992,-0.004030614028581542,-0.005387218871941805,-0.00599954546310203,-0.049251002169642955,-0.024464667530296066,-0.015328647191895181,-0.0055773493961599075,-0.004064784198062919,-0.004778304820711052,-0.013575683226063857,0.0009803072857943274,-0.0051975013564679136,-0.00667476584314116,-0.012865200306753801,-0.017090758972128278
-0.02094500409103715,-0.010171217737991926,-0.0055367396661955,-0.00021078803686802618,0.0077123157526111635,0.011465802230239198,-0.028688038045694926,-0.014442393501287145,-0.00994117587374275,-0.0029434014202705757,-0.002893120307519592,0.003564638273321197,-0.06381778001292435,-0.00988686854974734,0.0008001290870902994,0.003749569564873028,-0.005821060452035357,-0.010577280482312323
0.028630260480071078,0.012374115847863892,0.005141950380941292,-0.002836294913225763,0.0049475222875222154,0.0016403701393522096,0.010835435820177541,0.005367886579368447,0.00036337183992670287,-0.0036137584980050017,-0.006389801049320368,-0.012736378975465102,0.005364161967639421,0.0004679779319199275,0.003809135377530517,0.004025159472878539,0.0026956701916740484,0.00480743430046697
-0.011863245113008285,-0.0011164116396050327,-0.005048657010661614,0.002290634630182128,-0.001260969693205171,0.001660561327655356,0.005508983952840359,-0.00026222264366496865,0.003156781133907561,0.006135970783336569,0.009406062585780127,-0.0023547712980859247,-0.010445207661781739,0.0010233549393223558,0.016592602011582944,0.01009940053924472,-0.0003402721684295883,-0.005512878338480364
-0.017938942090906178,-0.007689011241511443,-0.005591267718831147,-0.0011537675195713562,-0.0014829410586927943,0.0,-0.011629497759184005,-0.017059041721081136,-0.012570797893649868,0.008840895231843964,-0.0025605933304794874,0.0008652365688777878,0.0020381346885216594,-0.0012999090600019979,-0.010104094320959829,0.0014116013336875194,-0.015361473754744805,-0.015025418942215665
-0.022184237562575093,-0.0116143375544973,-0.0061528880553282,-0.009639740758175381,-0.006746608359559084,-0.0016299082259361058,-0.008258078837533623,-0.005537022342363581,0.0027647766930634686,-0.005692183793454689,-0.0056975640504170165,-0.0023644788122538247,-0.0026612876118085075,-0.002234581113004431,0.009189439230694207,0.010030015542477202,-0.0029508139960878923,-0.012288844671200533
0.04968628926325356,0.01436589437808457,0.0065266442477994015,0.004437611004674705,0.00046652464293122774,0.0006996284041266425,0.006526833600964446,0.006808691954139336,0.0037849193969692416,0.011547562315883605,0.004759386019097266,-0.002543853702383533,-0.020632870540690136,0.014937967054879462,0.032738035818017264,-0.00409233856294756,0.005614566858028696,0.030790985148552302
-0.017269411154397313,-0.004039310091325221,-0.004659677769632345,0.0037190178638821193,-0.0047312227932409445,-0.0024101605870485553,0.0028060837329016873,-0.0041563954556341634,0.003082787796530431,0.0072266518645762255,-0.02344014870353717,0.0022664594295738793,0.004611812451149402,0.0003329212111871741,0.005568466181975418,0.004997500760009337,-0.003211976404795377,-0.015235941647743487
-0.014523911143451487,-0.0034163216862635815,-0.0016066845394048532,-0.01801612302390917,-0.01407973491181029,-0.011494112903401145,0.004874504023801526,0.003424973748445561,0.0,-0.009566328052116003,-0.0020793689365072917,0.0,0.0018435969962662196,-0.010085617402975993,-0.024674022463533625,0.004476127776727407,-0.003107740688850903,-0.011479326949591293
-0.0059150561940843,-0.004151219063257601,-0.005940347035399367,0.010497818787984616,-0.004979417968310298,0.0020032519663861653,-0.010856503338291254,-0.0006605550831818076,0.004802620471783282,0.009852113843613628,0.005510352690168573,-0.0035822394048024924,-0.0019742331799668922,0.0003819716894750712,0.004664915889754164,0.011475433374181802,0.0,-0.003067420065882249
-0.023962992658021275,-0.006136071573566266,-0.006278623799292377,0.006082210848657519,-0.0008962840226110442,0.0015091593677908487,-0.02211079619803552,-0.008682020155071885,-0.00904228130081728,-0.002967568596152306,-0.00684828141733215,0.004270736580383397,0.008411999021265432,-0.002822015775551983,-0.008272580542175246,-0.004614672082516939,-0.009200517467713857,-0.00664210397162221
-0.009677216219644808,6.64536354521172e-05,-0.0035181933746103638,0.007266192194758894,0.0,0.001663263528022961,0.006125853611773112,0.001057240521248461,0.003853067810855823,0.0034910080763776324,0.00668509205673043,-0.0012364632609502839,0.030488921472274864,0.002729409553158211,6.06092796826957e-05,0.017359900523378,0.0026645456124851663,-0.009168560358277372
0.05741549098920808,0.017157239091809134,0.008860650070102696,0.001989838346546205,0.0021791141507783653,-0.0009705133970145325,0.008815115120277208,0.008001589794944796,-0.0002670002425413508,0.005261521229361502,0.007323957228473473,0.005058888162952609,-0.001663938976306693,0.014636348459628452,0.018955467360771427,-0.0022820029025364054,0.0065547570409432415,0.033641501430379334
0.05081926308144844,0.018812279513338477,0.01540404388192905,-0.006882211790079437,0.0028758974585839613,0.004128856126648978,0.007579438554364408,0.007496619343824918,0.006255170184553559,0.011546591024967514,0.013492004742602525,0.006855314837309225,-0.007992031327523358,0.0024831157546414853,-0.006176406732052486,-0.02222826039075661,0.004835913937253424,0.03538764228024174
-0.014493681781475433,-0.0053359663133441615,-0.0025292394300888603,-0.004232535030476485,-0.0026879633578067294,0.0,0.0060036055647853005,0.0,0.0017646913026890649,-0.006264737613824209,-0.006269971511343908,0.0033602999338029566,-0.014475080901940163,0.007924211127577354,0.025590729247223335,0.0023028188375023933,0.001961657239093007,0.005948389883746445
0.05659957241725018,0.01961580673482163,0.01949369892054607,-0.00355664139696409,-0.0010966104105983637,0.0,0.007141056575741575,0.007236707542650562,0.0065191653655174596,0.010131714825140022,0.010088173451158427,0.0013344342906709207,0.0036443774975881502,0.001718954859164155,0.015430019978704778,-0.015527995360688608,0.01059423031740272,0.04403371043906015
0.06065131690481398,0.01875648003757478,0.018037231684844526,0.00705987377994606,-0.002703307345598159,-0.0011401222539998322,0.0064998326954934064,0.008535979264277382,0.008597626977780963,0.01155350641464311,0.011525121965454332,0.0017008489518207824,0.008832049042839659,0.0031710618591102436,0.00866166776897464,-0.019186629958033507,0.01196409909626196,0.04484039230513037
-0.014947970214491563,-0.0032333852368552985,-0.0019936583844685344,-0.0013237986946709973,0.0007027655653560376,0.001301899191737578,0.007261697273295419,0.0024315638570444765,0.002198573642895031,-0.0009610625357217332,-0.014499334655162155,0.0011213717935402907,0.041418808101035896,0.0033627512442540174,-0.01379995643777423,0.02466286890465672,0.0021203798055077095,-0.01229255393243376
0.03377024766074173,0.009207006508900493,0.0018928647887916216,-0.0008773768347760528,-0.004770480005836775,-0.0003604242745937971,0.007526807476932402,0.007069786512099011,0.00048347720512699943,-0.004476691274123704,-0.004840722202672745,-0.0011988136075258623,0.019529639268235668,-0.010149507617351936,-0.029808863840406184,0.0,-0.001213829554142507,-0.005736709102416845
0.050426398574131,0.013239165495943618,0.006472099978919207,0.00341969529281391,0.002396470626446439,0.001689584477499926,0.008260117681685459,0.006068692251054528,0.000606566420886297,0.006429362280184534,0.0022349467957551625,0.0040035486749286295,-0.01477577494008972,0.012811188412750587,0.033013748540673044,-0.007311380932851221,0.006635606135283088,0.03333065114520681
-0.008903639349504876,0.00017145639159186582,-0.0008353607039475717,-0.002453807845109786,-0.0009299739719943996,0.0020471446077205573,0.004959887645574451,-0.0008637724637732581,0.0013323628029375226,-0.00658176969172579,0.0056295096967275415,-0.003817868674760893,0.01642298793697527,-0.001353506476327692,-0.005143188802046188,0.009418006657721412,-0.0030507946702701804,-0.008855639562482694
-0.02240888104117993,-0.008320082503066173,-0.007155731767320082,-0.00029302619285747136,0.0006621628094853583,0.0003053097575454466,-0.020320365688243566,-0.008149820596888716,-0.002890945930563644,-0.0061815590867906915,-0.0028415961496230492,0.004168779532428559,0.015929675034144317,-0.004061270120736735,-0.008095976434273733,-0.00602321823995601,-0.01299706852343302,-0.011046648444926824
-0.01248517824633262,-0.0023844424977397453,-0.001614942275029454,-0.0019679268611509193,-0.0005001781716018921,-0.004438136104280321,0.007001178181763009,0.006609902864356495,0.0016759998059513326,-0.004510374438003885,0.0020686723338358163,0.0028373235974166354,0.038217672311937914,0.002461386510705777,-0.01236491543287058,0.010663761897522382,-0.0002046428956837712,-0.009287579331004384
0.02943564630313908,0.010911251175836405,0.009368200940432994,-0.0007266755660179655,-0.003638601136213662,-0.0017936147127569537,0.004381966285442748,0.005088859971596708,0.002094324666172805,-0.002189150062314221,-0.003944360335857404,-0.0018904560413559957,-0.06785826609790085,0.00621267736740081,0.010902769614636784,-0.023353677148978808,0.005741388693301948,0.02132103232158857
-0.009257924715574068,-0.00010833499706516478,-0.005162563782277275,0.0015943965090329147,0.0,0.0012100828936686605,0.007237436976896152,0.0003809277996703895,0.00541042537318624,0.008903379716165635,0.011458854474237492,-0.003265989996955209,-0.0043641597697111605,0.004733615553534453,0.01912727681643568,0.009964830479026259,-0.0010666138954583818,-0.011143802881957696
0.034193629372831866,0.010337500295899336,0.0049250005120368085,-0.002781312690808777,0.000345027249713858,-0.0013750454085940812,0.005937334087769179,0.0065548858420492635,0.00025642718656419,-0.0032456289301845825,-0.008402018168525404,0.0009288459774072032,0.026764813683865043,-0.007902769564492861,-0.025142701321072217,-0.0006162630445818101,-0.0015803443470051267,-0.004826332381734799
0.04877374359377475,0.013199633008191498,0.010272413791780677,0.007889111772306404,-0.0013147085763970607,0.0004227082952737941,0.005120894586810268,0.005722853372378697,0.0047926951880404006,-0.0011687002949643463,0.004885877006161359,-0.008442867206219704,-0.005339628143212135,0.01914063305035751,0.0315876868216982,-0.01334781168029419,0.010168732144910812,0.03596387568319792
-0.0032026284778930905,-0.0030130901484440834,-0.00049274009164761,0.018528754165096997,0.015514581083549606,0.0073714381446790935,0.006605978390347439,0.0013700298715118115,0.002306280776650202,0.0015806857462328351,0.007903031058151237,0.006082352281697656,0.016574442705711387,0.007895969952195808,-0.0005917641630230531,0.010640091303903613,0.0,-0.00798434521809327
-0.02342554427878323,-0.006900058834566884,-0.005898422512920738,-0.004413708479197928,0.003821046016519452,0.009079878069226784,-0.01330222756214833,-0.007468912006266348,-0.013561272505521051,-0.00874802183479969,-0.005713086126925384,-0.001316444432910589,0.014950303056742349,-0.002190725451787007,-0.006728259450191192,-0.02393409086244863,-0.015099898864925642,-0.008826147763782918
0.02510235227086047,0.007039431529328842,-0.0006817645623516177,0.001360898694932936,-0.017282574367804553,-0.02031963262227568,0.0045335861712239725,0.004858205565331907,0.0,-0.0022116620006717726,-0.001464188288754648,0.001942079715136761,-0.022252393580532413,-0.007742567075649714,0.004729738632585732,-0.014505780225256155,-0.0010813992784547341,0.005670780229468347
0.04289296333682065,0.0140848649270263,0.008757661156682696,-0.006372066882080847,0.001826895521873339,0.004013180942682788,0.007185512709983503,0.007610884633544252,0.00213496220690915,0.002653465321640307,0.0015006453039178068,0.002770656241419879,0.046367087040933806,-0.0015371665632947205,-0.020628564217071085,0.00031766722021958524,-0.0016966258174476582,-0.004829202387835491
0.046977401805459736,0.013379121874494478,0.008684293305601212,0.0023518615624709086,-0.0005953669520228122,0.0015524640786965774,0.006110717702715892,0.006320638091362848,0.0018276949409828935,-0.008039368177685432,-0.005429434276933671,-0.0008078789800074192,0.026901373700481884,-0.002734231979876014,-0.012308092338037369,-0.030157851271523924,0.007194954402270068,0.031120891645293372
-0.005859085835351276,-0.002654278324413558,-0.003935649643106244,-0.004306145306603898,-0.003239812912467682,0.00043130742421639494,0.004464605359812492,0.006015276225578944,0.0009021036463698049,-3.1226638369932066e-05,-0.005792493822888576,0.003788986261236836,0.004189125090381479,-0.0047607455594298135,-0.022519335678928946,-0.0003657046501906189,-0.0008606977983851445,-0.007488441954180455
0.05038266266629984,0.014608165641361082,0.006320024752490978,0.0038969629805335805,0.0,0.002723742728667834,0.006960009336535236,0.007928798059256259,0.0015046349926448699,0.010683217868573666,0.004375411843894402,-0.0047686834667504336,-0.014267707190362192,0.015555330320126235,0.02698671401817413,-0.0031421915839132835,0.005956216378972825,0.03016249703179738
-0.007748312525872239,-0.003212827795196711,-0.003753907505052755,-0.0014253521697102348,-0.0011635521471639473,-0.004906340067588074,0.001593696795714285,0.001630453463021154,0.0,-0.004926388743787023,-0.004492397578220932,-0.00044859834235325005,-0.1228979311387119,-0.01998435428322523,0.006529044364344245,-0.01080741277083264,-0.0004356544444440178,0.0011795312632362775
0.06379947882998402,0.01993669220906497,0.021214846596279854,0.009096716980893448,0.0003516088659585561,-0.00100758382987302,0.009374633204432456,0.01083182443113587,0.008109864862244333,-0.00798853352619284,0.0025674655466711733,0.0030562117722598386,0.03750151738041814,0.002849095103654653,0.01654374905458214,-0.010027441273826697,0.01244322439236426,0.04694472601119143
-0.014741234631359254,-0.004582560163913987,-0.002965228844452844,0.0011999714311387597,-0.0022475673536386746,0.0,0.005522742737077768,0.0012538660528823194,0.002369736209430274,-0.00674796919161509,-0.01112896540160269,0.002696099741261099,0.05112842057513119,0.004989211003261326,-0.011235167171483653,0.020844750355165906,0.002767516159480349,-0.009451156828038654
0.043044589499285614,0.014485174895970739,0.011061175838029623,0.0063708828334842005,0.006224722896180116,0.00965172665749468,0.002916360594461516,0.005985495904591354,0.0021936317661276406,-0.006787493770374107,-0.00018586445119389626,0.0027246968245240133,-0.005829429900568048,0.01671254154073282,0.016627575044321937,-0.008245205278044421,0.00729936411458938,0.03293653753914884
0.010348386753680893,0.0,-0.0008219713281210632,-0.017005330110278057,-0.015030972400171323,-0.01321175646252703,0.004419086218681513,0.002888247127351923,-0.0006573450850316085,-0.004261384821738355,-0.015143424811110858,-0.0014331965343111351,0.014308422585226386,-0.011458639117362704,-0.040840439677917346,0.0014229423879992854,-0.0041745614153620965,-0.016819532133757475
-0.012751998090259831,-0.0021333447440078515,-0.002320688649981103,0.0007301174590887982,-0.0005510783303388742,0.0008738389970123089,0.003491280211685684,-0.0023707525764826835,0.0010607013551287392,-0.0067444619377480045,5.938871400994536e-06,-0.0056270886133110406,0.03203810869998538,0.0043551756545902025,-0.010363162907861042,0.010283074173686206,0.0009114936084916526,-0.009292998432702437
0.020430843633517333,0.005484952519934174,0.00523164111320778,0.0031843596431635718,0.006968912703323609,0.003353310352305704,0.006625255281270114,0.003953064832030627,0.0014560603099841724,-0.0021348300070143404,0.006779272506919484,-0.0028888809639449078,0.01230097822633396,-0.0008261313512068945,-0.018107903299420552,0.003336506562102066,0.002449771519106337,-0.0005987214248873579
-0.013231381738185234,-0.005141418612631725,-0.0050506581079029925,0.00827245883678467,-0.007011567385666531,-0.0021010159637622453,-0.02204072713073371,-0.011218068746949255,0.0017414223897023323,-0.007013710390483258,-0.0018791319714264777,-0.003726716555376637,-0.004894940914892557,0.0022677306542001866,0.0031672324718461918,0.01359891317036137,0.001386727127252673,-0.00999794449689062
0.013149734448914034,0.0031798098501960616,-0.0014487337571730274,-0.012583429009349287,-0.004179603382383109,-0.0012574310621539068,0.0009702931222232081,0.0009736199549547994,-0.001899124131009273,-0.011613773300043519,-0.011130835638953994,-0.003433860199233266,-0.155691883632729,-0.020260917399916003,0.01241595920307561,-0.0324020056391949,-0.003714458851880406,0.008107264034836414
-0.021577343062858027,-0.006953230528771858,-0.005015205958672108,0.005953129649505431,-0.0017148549112674803,0.0010966324606483115,0.004151111740521055,-0.004725442915696455,0.003249622151693521,-0.005453494735129726,-0.009764594466506385,0.0030290690162933834,0.005222573683561788,-0.00042224401256700224,0.013853361481236788,0.005778365430596875,-0.004847764170194301,-0.014872686622383158
0.0021251642894184407,0.003081070231133633,0.0029235652889989757,-0.010719177202091817,-0.0011257547100893058,0.0,-0.002914459441840501,0.0019719513597321794,-0.0015379917835087792,-0.017553355308931828,-0.0033057550980995624,0.0,-0.11939880289869657,0.0,0.015538332851737781,-0.030831815641947702,0.0,0.015744417972159364
0.060693192565956344,0.017743116509127382,0.016663729259056147,-0.00019228475111002398,-0.00256463633699809,-0.0007595071409187207,0.007809321424662661,0.00829144530605608,0.006938222127182057,0.009000553435440536,0.005440487416934816,0.001410108853430053,0.02444830424534295,-0.008649879865128933,-0.0008035286193903768,-0.016631627327062505,0.009900812894702033,0.03887220421044285
-0.023207156660207617,-0.008309071351017622,-0.007217817830092569,-0.00105792527674724,-0.0046244707754699394,-0.0028223728589389626,-0.023367515753560646,-0.009411331316753754,-0.00473528387474434,0.0009492953841345017,0.0016239923483445963,0.0,0.01218198077173122,-0.0018418625822040297,-0.0082783531940245,-0.001729108556709932,-0.017677894959024217,-0.013826788325296935
-0.01265454318588735,-0.005005929216853589,-0.002278722903851583,0.0005038076407038201,-0.0015382718980252866,-0.006155274159688731,-0.0014475822347549635,-0.0021873898226572905,-0.002053671862471504,-0.004552588357682399,0.0018758839164062554,-0.0017415825085527917,-0.09285596843767295,-0.012001077651482726,0.007921026231507401,0.001472861954627997,-0.001313394439226055,-0.00772793722009002
0.050828233134168635,0.013693644449061316,0.007764874324407463,0.0019186906046307684,-0.0026580411558167713,-0.006002241627436444,0.006985196780204606,0.007548427230989521,0.0003600000005708611,-0.002239678855819672,0.002079309729161929,0.000753458057673815,0.0397481398905565,-0.001105279256011384,-0.01631485270003213,0.007162655780205545,-0.0028017446704787716,-0.004519346790639145
-0.015384366156171373,-0.004827916793810059,-0.002411783520833714,-0.0022790108442969875,-0.0015189309286322964,0.0010306636193479347,-0.011847421064532425,-0.003997711504695976,-0.00017251488238249953,-0.008312802161504543,-0.002023866244637819,-0.0036679912636151187,0.0013267510579694007,-0.004759133350402216,-0.018622737691666235,0.008405535629408076,-0.004953450026717688,-0.01174426410908426
-0.03380923591598483,-0.00836803051766093,-0.004928616165672833,-0.006535453969565708,-0.004353408394665375,-0.0016215625918598127,-0.004761506035794273,-0.004406464888435481,-0.0010792767854594808,-0.004410274499976274,-0.007039855247180541,-0.003986706521122586,-0.03651662346321385,-0.00807311943605921,-0.014846051903766705,-0.05989375320032777,-0.03602231077423102,-0.021022692647057195
-0.009202402730561289,-0.0033481172145489566,-0.002201811837414557,0.006427991493346112,0.00878985931205728,0.004954678089612823,0.008501037131820233,0.003163325222291411,0.003800773830571406,0.005719289779078639,0.01261775967365078,-0.0035511207047813757,0.009556161868135236,0.0020922367263016897,0.0194924117896269,0.01216106730955685,-0.0009643502362302498,-0.009646375932968729
-0.007349714537536468,-0.0029921415559501334,-0.002103002911652981,0.0033733073320492725,-0.0012690753665264057,-0.002658544195910229,-0.01239429099045111,-0.003492236495169519,0.005695218925430279,0.013820801917686183,0.006628028149013923,0.009442874379150505,-0.006025492425454491,0.0008408004655913822,0.005776822203181515,0.004772577435770212,-0.0003626956588617977,-0.004666133107418565
0.01186562597170171,0.004329789774032771,0.002580373847166285,0.005505185085513168,-0.0011737871348263239,0.0,0.0,0.0010381047451637482,0.0,-0.01414520655967962,-0.008555663581835531,-0.0033027333913874146,-0.13949508237303085,-0.007338450331138224,0.019045250750876076,-0.03081315551682138,0.0,0.015724126464938953
0.000907687357566395,-0.0016471587372485187,-0.0005518980948531667,0.01633064846401333,0.0180656831221669,0.005693399193273734,-0.009762819353406038,-0.015311702756946724,0.00512896270924224,0.014404936455035086,0.0054823756944760126,-0.006308862635286289,0.014837029461474744,0.005427020460518912,-0.0007983515236228049,0.006534988319737366,-0.0006050058848042526,-0.008172256147177079
-0.01395298076179262,-0.005912629310317072,-0.003799155484240033,0.0024133782106196097,0.006932904935030405,0.007181978112511868,-0.014971397036355668,-0.011879876713461086,-0.008246798476999332,0.004433109519711317,0.0056987350888118415,0.000691141779133728,-0.0017973984740126763,0.003924051747212102,0.014063710215484087,0.009916827937493777,-0.0011234655879357736,-0.008508833742431785
-0.009465042580198283,-0.000817641154957344,-0.002580689775446154,-0.006434340061581801,0.005325013929820649,-8.390219574425983e-05,0.006300849356935535,0.004299861710602682,0.002156672748586217,0.009787102697542542,0.014205679972698386,-0.006201477004578939,0.007354992536328141,0.0021332675313521436,-0.00013255598504804364,0.007531453353919971,-0.0023825020185669617,-0.010006517466723187
-0.001665361127560811,0.0015793803658091755,-0.0010683633549222948,0.008162506404981375,0.0007246860437647302,0.0015595221038309148,0.006849206971058487,0.003445266836278461,0.0026733367370314733,-0.005929955947092197,0.004504943535926906,-0.0027155467450220945,-0.031027343801572394,0.003908962697601125,0.021380983183998222,0.0017039758253750944,0.0018434256852095407,0.006285715577762373
-0.01291756810479473,-0.004782350880875082,-0.0022810982990612476,-0.001778113456773128,-0.002704457852665306,0.00017090021068885987,0.007169908172209734,0.002356385033366188,0.0014036527339167271,-1.224387456904037e-05,-0.0032989047583196706,0.002313674797300084,0.04271546800139812,0.007148859537233183,-0.01053068507904491,0.017467910412961977,0.0015672949035639588,-0.008484092121834319
-0.0036374537067214046,0.0015315528615109202,0.0,0.01401493131086039,0.015513852020100362,0.0022731554825544727,0.003412813198515278,0.0034142027228775177,0.0020699613707474934,0.004180503541119201,0.010997190900764479,-0.006835008707031906,0.013002698591566284,0.003934954609164,-0.0038813343053725777,0.010042398779261358,0.0006019298971656557,-0.008028514086244581
0.020028381824986587,0.00414369747672434,0.0034251583547685147,-0.014195253840311993,-0.0008593424360399699,-0.0009253910004429865,0.005423567834036839,0.0021077376750534,-0.00040117575575986325,-0.006355502624112079,-0.013920938876262511,-0.001429779109828336,0.02978507341189629,-0.0027559882065535954,-0.03404202751726366,-0.010271324688756838,0.002581982078788871,0.007069286410310346
-0.024321012096510608,-0.010344147794809517,-0.005073426861716925,-0.00912027489769364,-0.004832723492449003,-0.000474051828995589,-0.021029418810229638,-0.005342583408907065,-0.006463634577842663,-0.0015408200926601764,-0.0036435542149843634,0.0007206758428189834,0.001996670301295642,-0.003083869521675557,0.00760965151052193,0.004979895711375519,0.0002042435655435509,-0.010600853745010685
0.03054544867905269,0.007196280954613496,0.004910260695876155,-0.01150203747676959,-0.0032406073722805145,-0.00245337802944749,0.0068506786850530185,0.0061334954206011955,0.0018481435445496122,-0.006338952357741711,-0.009256696909539513,-0.0010352869661702285,0.020711218024482166,-0.006797884327973089,-0.03282987995001095,-0.0007594933228294511,0.0024792296740082996,-0.0007855314980457079
-0.009436975110303406,0.0017900530305457688,-0.0014409891196500153,-0.0003585894182335213,-0.001044721068039413,-0.0015892881867250995,0.0033821994232430285,0.0016806993744954487,-0.002151760003755263,0.005551123817440282,-0.001283752084802128,0.004846942601499488,-0.09528141401631156,-0.004145706799117714,0.013725148216031689,-0.012503132537219049,0.0003346675338113444,0.007254989363139272
-0.009367970104635479,-0.0021032509857613845,-0.0027362980108829238,-0.005334295398895773,-0.0033488839938569047,-0.0005215597407070317,0.004532087269453006,0.003212041376113865,0.002149154661891398,-0.0008241453963163133,0.005321618075420793,-0.004075624034734544,0.0016584142859062748,0.0008656315970520471,0.003670261259835193,0.007721345834838011,-0.002653597388668213,-0.012021291072375064
-0.01276921931483464,-0.0036849155281519002,0.0004864031174371716,0.006979361521401479,-0.00041138356880745,-0.00192324728292223,-0.0020376751427858106,-0.00359035492632647,-0.0004667779644345117,-0.0012861829582122475,0.0007440930407756713,-1.8462617885992774e-06,-0.0939391254047468,-0.015828546635667625,0.01464664653318431,-0.0013172434911994705,-0.00039522921327578357,-0.004987125236413564
0.026575100266729147,0.005927302107530033,0.004639689249685591,-0.007825371191138368,0.0007256264413579289,-0.00013549969070285198,0.00706037422157456,0.0065295958645690275,0.002095344888780757,-0.004015681534361429,-0.007455306128334858,-0.0025727893107901955,0.015406644921359904,-0.007889048952592525,-0.03380549395231546,-0.00023820982688123581,0.0006300277521064404,-0.00032400370017867525
-0.029988641049006316,-0.008954203008435874,-0.008180828243522663,-0.009101676188439144,0.0043320609108152604,0.013516396250035213,-0.026959252014338773,-0.015836733633772467,-0.020413902885238516,0.006096618192023955,0.0016354627821317926,0.0033786528621665693,0.0074152208468657626,-0.0016164316091719845,0.011159891936365098,-0.001583694728306367,-0.017480888534825153,-0.015048347963225378
-0.008963714400626634,-0.0034652033116484996,0.005300816813594377,0.013140473321607768,0.01012816399502074,0.0046942492019324215,0.0006542114487194102,-0.0029023783789119246,0.004523985430771813,0.005170403618181481,0.008393060268109612,0.0034319329289891095,0.025876604257566233,-0.0029023574483646817,0.007360181401241963,0.018232912223342165,7.063295292544711e-05,-0.01064176848136729
-0.020304294585634163,-0.009980389704791945,-0.005368083888916545,0.0022908911139884053,0.009800285772018772,0.011938935943878463,-0.023294998134830887,-0.012680422656014,-0.01339433250886581,0.0,-0.000816060284599791,-0.002031883744335901,-0.06333742915949224,-0.0008197578455730839,0.005236875526028715,0.002112058834027877,-0.010677897891815852,-0.006604932525178797
0.05874721900771063,0.02310305746283688,0.014506740525640171,-0.002218217120485617,0.0,0.0013103386355320535,0.010394066416159961,0.008826415183549345,0.006112583621596003,0.006595455855645176,0.009117556128510874,0.003016568011885186,0.022244923123212565,-0.0029798516638877,-0.01819110612682092,-0.014134908064414075,0.00874021432798059,0.03115017152080296
0.04448477538688859,0.013349873911385163,0.008491910782567936,-0.006667897224010675,0.0021192706176503644,0.004227372774665787,0.0073147135206546214,0.007612667991626376,0.00254575256992185,0.0016518820833479782,0.0033141467108426764,0.004020626508449773,0.04293854118811761,-0.0028125727587914955,-0.02209332587983989,0.0012025266531034437,-0.0027221597992659044,-0.004598683975234885
-0.013231628106091794,-0.002738797004886858,-0.002011460108700603,-0.00023011908368925332,0.0005092074654996389,0.0013881359367133095,0.0063343635245375314,0.0018437710542507843,0.002594874774720745,-0.002698334348540364,0.0067413106052433575,-0.0007748011618407626,0.018969051796086017,-0.0012860003780256098,-0.012338086241211306,0.010564921003201833,-0.0016034363306661134,-0.008352844351719806
0.03252058778060678,0.008486920872011774,0.0035880418423085434,-0.0002989347510449608,-0.0003113022130441799,-0.00015869471383107186,0.008599546667312807,0.006676651481517407,0.003031493443739971,-0.007386420064523626,-0.004825425599674897,-0.0016326590091949758,0.02036898082412891,-0.009902100596968454,-0.03240838647629257,0.0005722249612483329,0.0,-0.0018155889463014122
-0.010123601376804441,-0.001355123500602116,-0.0025454354819004167,-0.0009417802846260279,0.0,-0.0007419908679523784,0.007207290171961549,0.002428690031966172,0.0018010100473533246,0.0,0.0034177192230078254,-0.0007041917645777407,0.034756534750472905,0.005714153077095539,-0.007866538666049791,0.01893973115059413,0.003161151933963913,-0.01068401727786402
-0.012805596369889028,-0.0013443197809172268,-0.004957291064778457,-0.006459121334730365,-0.0027502530127935447,0.0026768913849508735,0.006388766592995135,0.003951745714638859,-0.0064951138591124264,0.006903882301306642,0.010895131211061174,0.0005524032082979904,0.010942431077825344,0.0016758139819075667,0.008964983589962046,0.007729964039938523,-0.0021660260152956477,-0.009825771281470316
-0.021267780317025527,-0.006208238165066762,-0.004354471042684583,-0.003585001111918708,-0.001557950470765562,-0.0008365408027826213,-0.01656053548708189,-0.008400574040737189,-0.006479918386154269,0.013002948673213917,0.0008896076083898879,0.010245686299375159,0.00034286804498315053,-0.0001552841330875509,0.001963126617194131,-0.0008636653685497861,-0.019337542766960206,-0.014122683123959257
-0.017698928285634616,-0.0028871232774138984,-0.005023381995449148,-0.001718933133308872,-0.006833846584341679,-0.0010571309982825782,0.004243853265814855,-0.0045003094120132075,0.004992831835845797,0.00021821754632275414,0.004400211866258648,-0.0027679908136516137,-0.0033256495007129945,0.004182631119338548,0.014869935108478515,0.012390891858405003,-0.0020987921416656327,-0.011851943603799655
-0.017217957761695168,-0.001971638453351147,-0.0005385520643124679,0.0016156694188535735,0.0011950014640788188,-0.000788714624423459,0.001536431508068805,0.001301735807188382,-0.002236774364760758,0.0062242849870978115,-0.00031110351784638233,0.0025558514707604927,-0.10607151709821162,-0.005569092670301294,0.008144725643570315,-0.009722365735169842,0.0005095066604454012,0.007818447780622226
0.04289138830665206,0.013497103279427448,0.00828633736520329,0.0009809156381340007,-0.003919138106218222,-0.002696485734359085,0.004524941694505826,0.005192103478392604,0.0006855584115657751,0.0002415170654121892,-0.004570798423420012,-0.0009802303664427582,0.02262721660377301,-0.007682322920634232,-0.019463539675775986,-0.03441561902412206,0.006393817369915884,0.02719689457450742
-0.016717755977790072,-0.007871920058591926,-0.00771006067276276,-0.004979584799418986,-0.006216116842101641,-0.0051027621287301084,-0.03922660150734817,-0.015307402400075557,-0.00012384294116580782,-0.008537351019116584,-0.0017455326871171684,-0.00898255700724328,0.0,0.0,-0.008351890676841266,-0.0023414677680007262,-0.009112527662796816,-0.015039432742291442
0.027177639921073873,0.010222903928586059,0.010011033629997793,-0.01467778090880776,-0.009794457445057676,-0.015700843692577876,0.002748662803753436,0.003907271478448312,0.0017841892923124323,-0.01198125281104438,-0.0005185614753475092,-0.0014191652455597895,-0.027379043970357786,-0.004985542454218861,0.007139511682802874,-0.017051605229165562,0.0075637250790382094,0.02268595546915579
0.045947280930451195,0.013710795756927447,0.007019631547991424,-0.0012788257174301246,0.0005873862755440744,0.004260224972135997,0.006512937203503646,0.00877458939888528,0.003912332885924409,0.0023935723559834077,0.0005101700157023097,-0.004028390456948276,0.05658147281715525,0.002929292923864981,-0.015804848971600054,0.00819731474228131,-0.0026415548066640055,-0.008394472930298519
-0.008962910205419564,-0.003685703944898382,-0.0029301454923148815,-0.0002928439442535905,0.004283398961193857,0.0004139421176300583,0.006079361162908219,-0.00033965273443291885,0.003135592081457603,-0.006979751097053268,-0.01581805045419508,0.00468525379433394,-0.00122713967274032,0.0030484350315621634,0.00444751850919348,0.0042555238925143,0.0006733531100440895,-0.012538574539186408
-0.02035280652964554,-0.007365282399265152,-0.004485336443255632,-0.008355910764037343,-0.004073817440932438,-0.004430715673998106,0.0005751555486473787,0.004093752128538643,-0.0015168941833875065,-0.00583064397038218,0.00790422970207146,-0.008498327375767696,-0.0015166235843544497,-0.004090756305889863,-0.020599261898460137,-0.0009924959837546033,-0.0029900935385606046,-0.013402351095861631
0.00817558878899715,0.0028713659193994015,0.0038929129608111642,-0.017850756953675672,-0.0045035627693219326,-0.001853990336623044,0.0015862323976628375,-0.0004901521710916509,-0.0017058364285015958,-0.009044000721421095,-0.0208145131088168,-0.01148935297929008,-0.004982783032958381,-0.008372405405346145,-0.05035761567759872,-0.01442501903414119,0.003933839772875561,0.010756863816031331
-0.017233716795810847,-0.006037184955565976,-0.004223015665271411,0.0029760927245182233,0.0038830377364277094,0.0013988187165421947,0.003764876471531458,0.0016851224669493247,0.0013351979076584265,-0.0008526474209000021,-0.0035841348026011124,-0.004336550117372361,0.001857158288025476,0.002268517619979699,0.014881763928830137,-0.0025020906749212393,-0.0009236738314248392,-0.006866409859425752
0.0030518706452236965,-0.0001802528025453251,-0.0004770622566816164,0.019748297583346803,0.010633213539974297,-0.0005951997289324394,0.008323597206323603,0.005677233809150875,0.00380285397663105,0.004389360688941576,0.002263698927437608,-0.00533349302603755,-0.021147462490394217,0.003955341741071596,0.0048613311195208906,0.001172614200910351,0.0005599725625098747,-0.0020869441914151132
-0.001957202039582092,0.0008266353281196952,-0.003607447286524553,-0.0017037819674174748,0.007961858888420995,0.005026655131306548,0.005986473593373756,0.0035583966808372526,0.0035947190106397253,0.002622986500308311,0.006796486310931544,-0.0036836390266465,-0.03148478614525933,0.0012959533999122217,0.020431814509652396,-0.0013760889327789566,0.0005059134677346614,0.00136927875530987
0.06567003682785545,0.019759660379130628,0.020093908795886944,0.005897582738599896,-0.00473835195731041,-0.0025154343138051355,0.00919974589822699,0.011305927676096951,0.01020092321456043,0.009827090978569802,0.007494871556115874,0.0014427545705539288,0.02054678662459569,0.0041457512974424505,0.02365261013101435,-0.006168297837285546,0.012409768069326815,0.04407684737095699
-0.014546746335151056,-0.004278252876843842,-0.0033005339202036507,0.00930261079855941,0.003859595363064754,-0.00044643310528176273,0.004039697336582074,0.0019729886648666333,0.0005398282258593458,-0.007035702506912555,-0.014304105077777456,0.01274102944869675,0.007234923970212409,-0.00537799254519398,-0.0192795930571963,0.001243379688869047,0.002493826510021292,-0.008340835823224112
0.030984259015505482,0.008818361158284107,0.007991944178061462,-0.007590407549102261,0.010978465916359193,0.012059456948675584,0.0029619714565340726,0.004158123688984647,0.001422761753743009,-0.006635181163568316,-0.003154334114938683,-0.0011774214878470185,0.0036877359908658314,0.010860243659868646,0.002282324040657848,-0.010586844414987218,0.009318709514497049,0.030598271622199677
-0.027387748752082452,-0.008760420082407417,-0.0033379315334547575,-0.007005743294416902,-0.0023614107825988507,0.0013031504995301454,0.004224380111698447,0.001838108149465613,0.0021623782274486163,-0.005639632113207559,-0.004084108887350507,0.0011173702913471763,0.00646079487943547,-0.0006660007558560812,0.007776850882290446,0.0011885514057662398,-0.0003085994909062075,-0.0018021140290527954
-0.013301522488875199,-0.001679504838471937,-0.0030458909372683344,-0.002065150514838477,0.00451238846857965,0.0024109123803677857,-0.0137821540384869,-0.0073314690465878535,0.0033124448493102943,-0.006395519351938367,0.0032775359072492556,0.002528451591324733,-0.003199078532731094,0.00307129975861391,0.010288229914478838,0.011626809158495425,-0.0016833252557433046,-0.00855447567720106
0.0029832060972683687,0.0,0.0025011580783983753,0.02127668937466789,0.026389069809742476,0.011640401049244789,0.010054497228604053,-0.0014417095747771829,0.00975105255959546,0.014770821221769618,0.007098554876769614,0.007075071611061075,0.019364223161176926,0.010432072220453283,0.008719707830277958,0.014368872257538053,0.003483393578096578,-0.00769578747373445
0.046857368891974095,0.013468316213022361,0.014152588010756256,-0.0014205145965334777,0.00514579544181814,0.005385118632444723,0.005646061514846738,0.005921658859367932,0.0025051064732700347,-0.0037871237987508566,0.0005174538139944924,0.002475020653272795,-0.004321867895671686,0.012836370242287828,0.019824425978220227,-0.014768324366242848,0.012111369774584565,0.038754188328364594
-0.021392354046643025,-0.00967929882235736,-0.005870168116040283,0.0016557714873427715,-0.0012550838777997723,-0.001156738878598221,0.0008514518346241228,-0.0068561737882410845,-0.001037416694907345,-0.009545983055002937,-0.024704286173435598,0.0014937051825261024,0.012938280246230834,-0.0046444710254174605,-0.010155942285252942,0.0069326158837741845,-0.007035994093676632,-0.01807409805500143
0.08989237259049716,0.021695170743915464,0.008761105309311424,0.009255542614934279,-0.0009647974901913275,0.0011686819137711364,0.008178327779615788,0.006197228968739287,0.0019227323198610872,0.006625038771916954,0.011662837914781845,0.0005317528662262723,0.029874497351798347,0.0,-0.01366766268995985,-0.011845895212541048,-0.014286235501450893,-0.020749005758639777
-0.020905949563687735,-0.008799651258251115,-0.0050546903829489995,0.0008302666147234695,-0.005364134920883446,-0.009975630655791127,-0.006955461933306115,-0.0011088707589983601,-0.003712746149951885,-0.008060671127394637,-0.0014857916781872134,-0.0031830609206573088,-0.11668046787607002,-0.019735441325909212,0.003054377377481956,0.006700701057733568,-0.0018014400861074687,-0.00661498343218983
-0.011375377529792178,-0.009746110628090679,-0.003883800109498909,-0.0040865968722163136,-0.002647912487555115,-0.002645527324644145,0.0032419267121240204,0.0003390987681324461,0.004427012429452269,-0.0023357124996439883,0.0007978710895194373,-0.0065946464583630845,-0.028257420499735803,0.0002694314784229397,0.006679715989917285,0.004946223192334351,-0.003283197527889843,-0.01042515433996856
-0.013133039244470904,-0.002874636220588438,-0.0014931982888166141,-0.002064697893871818,-0.0017504065522060267,0.0036063344078090284,0.005066637611744059,0.0019380711668927266,0.006089265709785224,0.008944616097759537,0.014157524376419503,-0.0005844206105013113,0.017319621498721977,0.0017300399979485646,0.006537443622472218,0.016434231004578373,0.0004105409472206343,-0.006908357509025187
0.014864551269876368,0.007488062087259607,0.005473450034543081,-0.009802630426344794,0.005345073899826714,0.008553583077457879,0.0031971624114419477,0.004174449465566371,0.00022252982967510364,-0.0072019411098907,-0.003392067188727697,0.00718576035107859,-0.05237813747588477,-0.0005636934234195523,-0.011934539779042583,-0.016244226903177065,0.005768231847299627,0.013445556197295462
0.05994739975930249,0.01792476325972244,0.015613169334089587,-0.007233812358793778,0.0016065593035017353,-0.0013732862834995008,0.008035338936384768,0.008053011271698975,0.007267343020481192,0.010693506064792227,0.006959443630202371,0.002436707714725676,0.023974886740198847,0.0030128510425017577,0.009501213417061963,-0.02095253650963997,0.007655552906205266,0.04376578433283726
-0.02028959961319843,-0.005661855085617297,-0.002785853892292055,0.0041745579316488516,0.0020296401272953185,0.0024945323129930276,0.005975705305070938,0.006980640477684411,0.00301211568943955,0.004985265248551753,0.009610153074093087,-0.0019248732274356071,0.014360865153104549,-0.002116989326209282,0.007043133427160028,0.008214321601420455,0.0003887177111450462,-0.0007564128744306162
-0.00954840314424817,-0.0015940045125440985,0.002186768921762758,0.007333333403297499,0.01277358300366995,0.005713594132012687,0.0060928693570133,0.00219370525979508,0.004084004653890207,0.007302308155847647,0.014995218217791538,0.007060462997213063,0.022345096401609876,0.00015858237478942692,0.012148403486048537,0.017037756360704433,-0.0017129941236431838,-0.009537916516527592
-0.0013777681756084257,-0.0006948720004556229,-7.801493852860717e-05,0.017350254655877063,0.017109067629422298,0.008363565002377905,0.008065638398742945,0.004703491990388435,0.0032796668548666637,0.009987666347010676,0.006467045779228162,0.007441720301080491,0.014874928058360899,0.006966465879071866,-0.004830040030817437,0.005096489792447802,0.00042136519870802057,-0.007611091481043122
-0.015792300529709077,-0.0019131846192815996,-0.0030309529231476264,0.002275176903661919,-0.00043549878676652594,-0.0004014383539913711,0.003850145598258756,-0.0033471020598186347,0.0024997907090602706,-0.008549567001325,-0.016870110194801564,-7.566993651384986e-05,0.017147857420053186,-0.0011413989669516354,-0.005573156828162692,0.008428959648481098,-0.0034588938292505348,-0.015037334818571464
-0.034458942907390655,-0.01065451835420043,-0.007564697820760283,0.004926813790872529,0.007499194900033812,-0.0002458138833510208,-0.018019269123179714,-0.007153201124654583,-0.013903113953587844,-0.01082151751911966,-0.003492627184632618,-0.005795933364132734,0.007653019155414205,-0.0027887511273255784,0.012234684182826796,-0.019352583424518354,-0.014604687735345713,-0.008379118030029026
-0.029201801691922404,-0.006458650324839911,-0.004400832775235402,-0.0038212634376379507,-0.0026699648142569426,-0.0006327042782259828,-0.012495161496709302,-0.004189695445545607,0.0007704827715824691,-0.002780580385946282,0.0006033872205649108,-0.006023808942981118,-0.014159005797215228,-0.002860367436248157,-0.015605331932020296,-0.011157009185753004,-0.030009239023088,-0.016566351770784637
0.01799005700689075,0.0018971431815879558,0.0,-0.002856480397084263,-0.0012196314083342933,-0.0017588207875883033,0.004260006754064358,0.00212079205447386,0.00030424211767952745,-0.005033814689564934,-0.005333062438935116,-0.002782436572207114,-0.13263656074212482,-0.018344666952525734,0.008668185425609945,-0.020237839161671746,-0.0014091174227937385,0.008412401335666564
0.029981011811459676,0.007351813944128269,-0.0019874869770489852,0.004260155196428746,-0.002206358002619732,-0.00047902492057716944,0.001443563919791188,0.003928060116155007,-0.0011434034111730497,0.003978778733973522,0.0023655918844964546,-0.0015298758371687382,-0.13586788942655084,-0.015595160450282721,0.01265518132407825,-0.01829425078149917,0.0003956961627579805,0.019111107705617483
-0.02897897199813516,-0.01036601942584826,-0.00789198491851483,0.007085012999864023,-0.0018981837926466709,0.004593830207900232,-0.021886519094424083,-0.0106381072980742,-0.014086370072614313,-0.0001912798484963946,-0.012050952913050679,0.007265545466623236,0.011395951058324276,-0.007954683504787449,-0.013174158745140618,-0.023504583101738204,-0.01605239077148978,-0.013104871720217487
-0.02979281763622005,-0.010198258758469548,-0.009201532788391094,-0.0010756939217085384,-0.00761999118111876,-0.009196032395455016,-0.023112807782472034,-0.011651507177342339,-0.016132731620961672,-0.011062206912404655,0.005975151554460488,0.002999121137222064,0.0021092964679747745,0.0,-0.010830568130743744,-0.019173814547066913,-0.01404575565506602,-0.007916427282336713
-0.026704265161602767,-0.01324375954943824,-0.0076906782251286,-0.0015658225010729376,-0.0036442154716822806,-0.0020964353067629846,-0.0294118037804748,-0.01598330549382587,-0.01673745557606366,0.0020952140296362377,-0.005759865169069971,0.0026119773266913373,-0.0582796281053742,-0.00784210970532011,0.008206973440676618,-0.0017533119404524015,-0.014888773826043328,-0.019116086965441953
0.005731582266031364,0.002701674434931163,-0.0004309825042292355,6.184088374755691e-05,0.0011375070003876101,0.0005030830510375895,0.006369783163457146,0.003886778723862674,0.0008880829610746957,-0.00543285015179896,-0.00577224674441145,-0.00717529884650971,-0.06388893486710241,0.0019233111076303257,0.02195029688474339,-0.009397044915203335,0.0015594582098250758,0.013172152349607807
-0.009510877062153282,-2.1010358337549016e-05,-0.001989853605210776,0.000221259587371183,-0.0009032273864154782,0.0012887812994402691,0.004228951105229201,-0.0002898029422229834,0.002567644602514933,-0.005656425390599938,0.006361139406674126,-0.004613623459275564,0.03044321150491664,0.003897139246006615,-0.011703932528681595,0.016728655411820312,0.0035884083191870917,-0.011654231615421895
0.0336677382450308,0.009296376643855726,0.004114643820918101,0.0006149010492228292,-0.0006857608107137173,0.001771172291161086,0.009025073436921216,0.007616130597425525,0.0032200655061724918,-0.0038039667467611826,-0.004959990640116404,-0.0014540342914847928,0.020801602762825194,-0.00971347524069361,-0.03056096971294982,-0.0008140421553227629,-0.0003628833974350696,-0.00382281514138387
-0.016626165468475125,-0.004832826928462258,-0.004398185295853366,0.010963341289645042,0.008390077240814519,0.0031158999015331386,0.0034665744990805937,0.0006081011098779391,-0.0003971577763962988,-0.006692835868256121,0.0016248037755345751,-0.0025526577798629926,0.011520959297043554,0.00021801028485474944,0.013299018905867252,0.008409481904926575,-0.0030937751679922898,-0.010651115287960384
-0.016733114895337412,-0.0032150203590800507,-0.0028845659796352878,-0.0034407873605279944,-0.002086959875144957,0.004688133264134177,-0.005477102207782309,-0.006180407591509417,0.0030430850382075847,-0.006354521921701861,-0.014663403608838943,0.001563892626303173,-0.003447128345906905,-0.00020010317742525304,0.0145484211016994,0.006796089887006079,-0.004944196018659662,-0.011758364219577454
0.03952080463851077,0.01260046698553015,0.00956671154209492,-0.003639047256193443,0.006016900853589267,0.003259494091729462,0.006657536708952321,0.0063745514006591205,0.0014785812150799856,-0.010363615482610665,0.006617928171421339,0.012704969147796947,-0.020589135534163357,-0.004918077374908869,0.01052987876364107,-0.0022698070747729474,0.004539133113884746,0.026177217022654645
-0.006817117054505362,-0.0018850090784922565,-0.0037554039234335922,0.0006172358029496135,0.004351159184985741,0.0016906420469280526,0.005787428303736496,0.0017517031833483036,0.0030202361999434203,0.007366143283249143,0.00931164825670658,0.0031740577054101375,-0.01751659905209137,0.0007693090381357786,0.016782763546178175,0.00908021145515745,0.0,0.0017063010117839492
0.057196426407839944,0.021760697480721836,0.01343245438522344,5.618856084795486e-05,0.0,0.002134390115121258,0.010175472741900464,0.008831417462159253,0.0066030873367685155,0.0071745896607990555,0.00981996143160924,0.004605061990075264,0.022014749121655425,-0.0034577660563891678,-0.023375877907904092,-0.016487763163380686,0.009739575754434262,0.02925852346909788
-0.007411250690628337,-0.006567749623394196,-0.005472934044232129,-0.0017926206323233868,0.01625606428288601,0.008725118456444832,-0.009582299781845948,-0.01983100521845357,-0.01480485309755938,0.00967745062255816,0.0,0.0034114210688257402,0.0,0.0006160440718702617,0.007006370305066757,0.007375980184017719,0.0015499151163426564,-0.008428069484391336
-0.01654835083189894,-0.006387136802610156,-0.0038198748543544496,0.005319098952733797,-0.00200837022519529,-0.0020573364660456724,0.0038886835187876027,0.0022672317620777696,0.0023255499260311954,-0.003332540459292708,-0.003618344804167165,0.002355791572677175,-0.0004653629209310828,-0.0021293303010806166,-0.009928300903281475,0.0005246136517194967,-0.0004327335499960681,-0.009844415270251906
-0.021584252486790623,-0.007455548852297682,-0.004968344623298489,-0.003283286565592557,-0.0018852092410978458,-0.0005763399282477095,0.0030612290641579285,-0.004090643698454689,0.001201941116611063,-0.0035639947971986712,-0.013855368548402355,0.0028735415271970415,0.0045488946838047285,-0.0011511587969897771,0.00718418553194695,0.002803591347996342,0.0,-0.0035150407724295826
-0.009052572928561025,-0.004083558148642365,-0.0008300223383236206,-0.0009584185697836856,0.008173424310791965,0.002544293892322183,0.008194143156001614,0.0002585819193079934,0.004765292024724862,0.0008886400748050694,0.004001813752543341,-0.0025052669277674106,0.005286534661372915,0.004399938799520532,0.006547609712098875,0.010718418510430167,0.0006944420084081222,-0.005657640180434395
-0.01941772155480312,-0.008232785816629562,-0.005865601229741354,-0.007464317802843763,-0.0025135412229442874,-0.0018840323355318377,-0.021415979569652008,-0.007284801944590373,0.0011183147447812658,-0.006825679873748513,0.0022393168651545755,0.0005427284766965786,0.003369690535508351,0.002238825165866005,0.010034940436138954,0.004396350196557516,-0.001613696027042184,-0.00824919968509244
0.04254902998735133,0.013346081720947485,0.005848293746970977,-0.0004953444941269095,0.0024212351905296423,0.004411542350586391,0.006703614186620843,0.008420876940191663,0.0007035216914840272,0.0,-0.0010321029222691998,0.008761750725272643,0.03207278009828555,-0.00312666054999287,-0.015189262845476614,0.004166802362079825,-0.000798274888725343,-0.007258432132788109
-0.00722633326955529,-0.0003803504225342594,-0.0037260842954345034,0.006435075462791543,0.005309293174896118,0.0020641878915275374,0.005931152683874357,0.0014751216790784099,0.003924476570734114,0.002526669937955099,0.010573277692805652,-0.00020898135369252127,0.025563128921086035,0.003164635561229153,-0.003267417760970338,0.014089604361096863,0.001891799919892471,-0.01397069097071807
-0.024447110150033684,-0.007783670200313843,-0.005723563817891066,-0.0023679373318298705,-0.006121590635917657,-8.350048723721048e-05,-0.003314385463493892,-0.007175997500360882,-0.0022886448090265916,-0.010623671202634013,-0.02685253290919743,0.002142207685183731,-0.0012502931363562778,-0.004417467878985055,-0.018520974183955444,0.0018570746167798206,-0.007917188999825239,-0.016665370991059067
-0.01991365412133497,-0.005135455127736692,-0.004355235841438449,-0.006044408746685344,-0.0033309676548643335,0.0004265898175978783,0.005464412490910865,0.0022223728169982727,0.001670613899962743,-0.0023448373619285464,-0.0021405477531600504,-0.003521105710880137,0.006741915107188627,0.002690873625732802,0.012050983673965844,0.00018266280472252808,0.00016183974272914803,-0.0001214871770753509
-0.015050080437605539,-0.004156959470730474,-0.002244826942492374,0.004258864948699415,0.0007701236708068098,-0.0051437028866290315,0.005486534764217363,0.004955140889096373,-0.0013658332462489695,0.009992514266064153,0.02038103195580425,-0.004834471796123278,0.00787931058163224,-0.0037054054841062687,-0.015792365750415267,0.006097230482983866,-0.0010200221203972614,-0.010572961912312146
-0.013135995957743942,-0.0030908804101688514,-0.0030142782563513685,-0.004227822450283744,0.0015355894564984896,0.0016997537295228506,0.006019988652238497,0.008267645450004298,0.001564246490656806,-0.0048363189293970064,-0.012870919467131968,0.00703567819934324,0.04696887225251103,0.0009446571840324197,-0.013033321720954803,0.010082329843613439,-0.0024900226727125364,-0.011182153153775822
0.03102158140452291,0.009143243611776016,0.0026307586028786927,0.0006498793828717326,-1.847737189358468e-05,0.003014114818312333,0.004821918467895157,0.007833685096295088,0.0018928590103994421,-0.0025604051149200613,-0.00202338269175555,0.0026579181106858147,0.03965733374160661,-0.0024627226401506513,-0.019484156803307055,0.005018643211487542,-0.0034943167375899777,-0.014235305887907848
-0.007258422343177176,-0.0009337768313332289,-0.0034257180843098598,-0.0021561256432648477,-0.0027106273207725172,-0.0024575010838776418,0.0057724518693048526,0.0016860384105143475,0.002925586547823945,0.0012095044789838638,0.00484864223197917,-0.004678450392421384,0.02694164107962831,0.0037145588775576665,-0.00930407596465422,0.014629606053290632,-0.0006805220444944318,-0.01227090759244942
-0.01168028634325332,-0.005720358531406342,-0.004502103435986014,-0.003905647213359298,-0.004798374652582064,-0.0016294649626535504,0.004122792344761586,0.0023189645402137355,0.0016679260810997366,-0.0046803534955320155,-0.0038571130903080762,-0.007379955182579293,-0.01882360018381497,0.004008758120641411,0.01684480042413531,-0.0028298743921762095,0.00023326811227112235,-0.001139388629418349
0.037876360599864045,0.012331683577133379,0.005154336339201389,-0.0031763028415923273,0.00239521760705063,0.004161688249088405,0.005292232524721518,0.0038290903305650136,0.0014726185284799963,0.0007447870871065946,-0.0021446744219811935,0.005643703657181673,0.04346427881452281,-0.002622262850172463,-0.01625446711635511,0.0023101307535244374,-0.0007397628742868057,-0.0052653441201353235
0.0524763569826263,0.016027701582141098,0.016606648041358824,0.0078095542247745816,-0.005854939109413628,-0.0033234690346833685,0.006526378203708725,0.009251200192007708,0.00720332425875934,-0.007710487669070858,-0.002143050590539095,-0.00017922458282933703,0.031875564326820524,-0.011312126334957599,0.0006312615646529287,-0.007805247485680261,0.008871992238976665,0.03718465814144481
-0.008035030692038186,-0.00043248796733943464,-0.002239517871814942,0.0011571839039591085,0.005082436760150026,0.001629389729511001,0.005445020645856505,0.0002390165636661395,0.0,0.0011258093703793344,-0.0009493386826704718,0.0014595257319843784,0.033135219927033326,0.004221179906784211,-0.006038903121087227,0.013899448401593248,0.0029844431373113457,-0.010398531170105536
0.03858936190504144,0.012333686265029321,0.004506203251492698,-0.006521587218082041,0.0031922383126305547,0.004192084016213282,0.005240844665030035,0.0071524301146975,0.00019578278708557063,-0.002421849908569656,-0.0024972837494767796,0.0017530804275838862,0.03499974979420113,-0.003468405787904655,-0.020324942993945567,-0.0005246017713541494,-0.0003085805363316787,-0.004076627461844964
-0.02825441430862319,-0.0076405669069447915,-0.0063087816204694495,-0.00038681729148489467,0.006955112089410294,0.010037271751783232,-0.012345627444861944,-0.009741049062319354,-0.007643446130125192,-0.00560293782437442,-0.0003340425439123755,-0.004680094500369906,-0.0017724707843737566,-0.003016305658621359,-0.010049756465025962,-0.03336367462583938,-0.02620752953017105,-0.018915428148863628
0.02443779203853209,0.008578086493471993,0.002619826113995228,0.0017761563868761135,0.001023914484104552,0.0019954021803864387,0.010958817552380444,0.00967248938337676,0.0013946036155211736,-0.0041765090849944075,0.0006384105291692884,0.008530033294696449,0.02099854526590584,0.0032210276267930237,0.012015315401927937,0.006821613104181489,0.004231558638739928,0.006894020763029168
-0.013974762339501262,-0.00826312599670821,-0.004104901460808722,0.001412875204874793,0.00030578449841283756,-0.000744747874216609,-0.006105923108967711,-0.012552816609827776,-0.007438084458973709,-0.0006169848286155333,-0.0014081089910621554,0.0051623963157614505,-0.059374116794615885,-0.011584077289799297,0.010565619820507166,0.004982191037421983,-9.176937541025843e-05,-0.007885174697205136
-0.027315978578085442,-0.008437533990181972,-0.007125345106832972,-0.010726553302457854,0.0034879737598445446,0.006762387627098048,-0.005043495963723064,-0.004262516588724425,-0.015610677310630748,-0.0005390485468159853,0.0026850783587100448,-0.004828080631286914,-0.01599727962828203,-0.007793281069743603,-0.01713881835512001,-0.024154705571672184,-0.01699234750534538,-0.013522867806785466
-0.002469765028956099,0.0,-0.0017857615890820838,0.0032306189734737025,-0.0032604287694500767,-0.0018595919537739627,0.009021084727890424,0.00041512557288185287,0.002599331871155908,0.00704145542661027,0.007266274396437072,-0.004694232601488143,-0.029304509193347997,0.0018072161421884192,0.017066720950544068,-0.0011703506210564603,-0.00032778487150417353,0.0022096757291670786
-0.02309678878623089,-0.010853079283880828,-0.00679605906893293,0.003019346375927431,0.015231723873619284,0.015528087354580878,-0.02438247696607145,-0.013808600025208858,-0.014922953914342684,-0.00637963243159448,-0.009057814664082828,0.0014304000607126008,-0.0008313872519782451,-0.000599980938438457,0.00832045240591982,-0.00563846343947907,-0.016403488644431353,-0.01466802720922232
-0.009217941707029245,0.0,-0.001115986243062413,0.00028218118920138644,-0.0012359898543064802,0.0019119949458061348,0.007524624781938521,-0.0016258619725779185,0.0035063344879642353,0.0012624930121402545,0.005724197724036974,-0.0014902264514336223,0.010445030186128565,-0.004191750631978392,-0.009220138411237736,0.012106877575641882,-0.0008714025844396778,-0.008506919754762466
-0.013339685717938374,-0.002882491467747286,-0.00454974351153421,-0.004972035267283129,-0.0019696171481597235,0.0,0.006799275727691463,0.0029839857004098505,0.0007866308338575056,-0.0009607291401729928,-0.011417470526048376,0.0062122223662853995,0.006105332994113371,-0.004272976937743957,-0.003762886313671108,0.0010743271616381464,0.0009372294716599027,0.0003812188791533777
-0.02254969513683575,-0.011206020753420351,-0.007190094238447434,-0.009024332904490532,0.004084128902900345,0.009107756310748847,-0.02807622012990377,-0.01340608489771118,-0.012340226117370007,0.0019494083622737311,-0.006369912576700712,0.005244659296375697,-0.01826970472421434,0.0,0.006766829943400224,0.0005804256556479451,-0.012600190348120594,-0.011732514342087524
-0.009226980355849889,-0.0034378792831341568,-0.0013655072306637574,0.014745314543322171,0.0037711448083947055,0.002908855987970238,0.00860790163104882,0.009908144650853448,0.0028645582124905743,-0.0003105823282207174,0.009666408887106398,-5.9161065217655276e-05,0.035837459197266504,0.0016851110735908556,-0.013939525802593123,0.010154446752368353,-0.0006122110756621432,-0.009726921489294937
-0.00953402782982284,-0.00010925896627325271,-0.0017338680229863324,-0.0032148255560617662,0.009995541293884929,0.0023996773263703086,0.005112266448662587,0.0008561181575991131,0.000602759911411644,-0.010136130900444077,0.0036924144748397463,-0.009891042922276175,0.006716023634809955,0.006049527721793538,0.005315243616761629,0.009385407093416483,-0.0014699857676781036,-0.008912080638032654
-0.013113104830848134,-0.005600639531849455,-0.004093962139128094,0.00015675863135884352,0.002098082998355037,0.0010987334179013456,0.0030018669139134017,0.0009586244382326506,-0.002230985390109179,-0.008054368713765558,-0.0053571550556075565,0.0034862757018593454,-0.025361906326450075,0.0027645293662836574,0.013883875148448875,-0.004468209178778143,0.001891146180240528,0.004096391361648653
0.05510349351610566,0.01765894565924609,0.014952130979084892,-0.005350187568266951,0.002589720497922247,0.0,0.007612327149969499,0.0049087440906196225,0.005838319660044449,0.010445224251523562,0.010000676178824872,0.0036155343237986655,0.019629956126851745,0.003907238521543358,0.005306756690223525,-0.023419668449155433,0.0071796492860321534,0.04433589070215738
0.05981130611905668,0.01778472273664764,0.020189808679143502,-0.0018290542736142427,-0.004211067108942219,-0.00638116370865387,0.006880655899619787,0.008127557623714773,0.007390161172546763,0.004960117475315817,0.003989512798496532,0.002769241889399568,0.008855744471016279,0.002771203472483359,0.01474289535750967,-0.015943128347572676,0.011983243840866716,0.041801005278510106
0.055583857906293395,0.0162775101970984,0.00534914821893274,0.006888373413744886,0.000415878639912736,0.0027851597203431477,0.008564795136124627,0.007057153357087515,0.003583502161453462,0.008794232373729014,0.004608945898419153,0.0008337787132078553,0.0,0.021100285482003475,0.026889886902256365,0.0,0.006209998683459408,0.03167646910534311
0.00819312010814262,0.004671550506888088,0.001841408152525455,0.002827504189512377,0.002359302923843223,0.0009959499336104711,0.00573931216935019,0.00484587516601084,0.0009043350062428101,0.0051429842328267125,0.008596332513219613,-0.006254813131626072,0.01390286061286586,-0.001055137226222428,-0.012333062257837873,0.004782966052649199,0.0028485721200661412,-0.0012886975857391986
-0.030810760223683523,-0.012687005500220849,-0.007584214043670465,-0.00207821704623512,-0.007214767533133409,-0.00821033986828142,-0.02438575203348661,-0.01008175917478842,-0.016500544047543465,0.007293054220643198,-0.0013184532630966313,-0.0003434032484093148,0.006254304309914052,0.002261241689320557,-0.0005749847380786737,-0.01530028164097185,-0.015381507910996666,-0.009039407617957823
-0.025012331914695613,-0.013842740649444405,-0.010121796064023874,-0.003008848791657458,-0.0033368098473754394,-0.0036225518145607586,-0.03830968216014967,-0.021989666768371587,-0.021121570983171523,0.0017298116736408592,-0.004869425573648448,-0.007902719892747406,-0.026048965281800656,-0.001294083083055894,0.007564005398319149,-0.00662659798414674,-0.009804705898299373,-0.016033124794674836
0.038415153779826024,0.014128361397581364,0.005767652643627863,0.0,0.0013800428459181371,0.000927891852073445,0.005204265910717331,0.006027811105750761,0.0010088245240979837,-0.0016333463222926263,0.0006738733342868207,0.006896712775297161,0.05171562496966266,-0.0007984951106834953,-0.013572612469254862,0.0049805630775261135,-0.0017102435264765889,-0.0036610958527124593
0.034677672074380314,0.009983004658956284,0.0016550618136670448,0.0067099555395942504,-0.0038475900684402774,-0.00306746102992987,0.004896243399987961,0.007147432269760332,0.003873530694432739,0.0009828435967552383,-0.0023554203459723025,-0.00033575468357628744,0.02916067481715761,-0.0012223554105456926,0.00789061814786274,0.002691376836801945,-0.0003707273173930576,-0.005099129925226459
-0.011832705043296279,-0.0008361772700369907,-0.0033581303909361662,-0.00562752096384709,0.002827779495494277,0.004422997618944809,0.004921173605715958,-0.0002921715624625387,0.0035978867552895733,-1.0718665176056073e-05,0.00422718873573966,0.0005974818427748425,0.013332131275894298,-0.005480129962353973,0.0007999553413715624,0.011398022479876459,-0.0019676001505746243,-0.00854863892092976
-0.011069067342086616,-0.0010477374566460905,-0.001427933372778872,-0.0035568838547918886,-0.0027277098868824924,-0.008191622056798999,0.005454929789753578,0.00019521912295924568,0.0022565209863195557,0.003129458735267235,0.013798897142965583,0.0021314740611092166,0.0008162581107436282,-0.006541753701582638,-0.018973536883580503,0.009287551653638077,-0.002241664405253444,-0.00806133362203838
-0.010395239254956133,-0.004096007182881562,-0.0032862252774370658,-0.005853492284321721,-0.0016794207484450597,-0.001970290505830967,-0.00017016376990792835,0.0,0.0009768465452073183,-0.007010047607224424,-0.004384362840175592,0.0016436384616631578,-0.12821573068999828,-0.02499816045571926,0.009537195250737493,-0.015581784338743888,-0.0014379005478211981,0.004811750597439907
-0.021443237123152218,-0.006935633520728434,-0.007293054402251282,-0.005378057494193448,0.005058722488817596,0.010206745387581444,-0.028208284659465985,-0.010394769183250736,0.0011840996933352261,-0.004907521415641299,-0.013382585149913164,-0.0036946124357119933,0.016254848910064075,-0.001690450333546233,-0.013585563132198242,0.008716304526214863,-0.004127902718536971,-0.01374058427494751
0.0367920748635651,0.010708186503261271,0.0017807800987832,0.0012345523996759077,-0.0036679504962217674,-0.0015997881876429376,0.008617927370063262,0.008425008558578988,0.0017132306052195527,-0.004474873347605523,-0.007306015026126285,0.000351529388551157,0.026718796893782197,0.0034371890558602624,0.013142106925356799,0.0020903984864721345,-0.0005483897299049818,-0.00604344643508864
-0.008854890648541993,-0.0027800188725756792,-0.00413451739871885,0.0004610711839652643,-0.0011405159425116873,-0.0025771257495205745,0.0017663100396074992,0.00019168269000714524,0.0,-0.004216725899017919,-0.004070892997167348,-0.0012997279870805205,-0.12689744504565123,-0.018688008843227213,0.007899441849346609,-0.013948511024651547,-0.001566928170119212,0.0038338247314163854
0.030373339493886254,0.007222873721157849,0.005427288468068504,-0.007215918399083865,-0.003297333890005568,-0.0033563134463484245,0.00754995562396667,0.006187388019866637,0.0024926754243851253,-0.004759134951965414,-0.004932020511253919,0.0018823375350787237,0.01341513077289307,-0.008387870256884953,-0.029559922041276804,0.0014072210293480517,0.0024097974753578655,-0.0015326262432616387
0.06992763243543587,0.020951215074217527,0.017576865810124038,0.0052012510326971476,0.003925349781130815,0.004154305158212361,0.009991366282007568,0.007649996701794752,0.007263953261287814,0.01700709928525092,0.007902746752416423,0.0015218912517963405,0.03927729091459763,0.011096311532727561,0.01472741788583486,0.0031311562673768476,0.007825558078524534,0.041432242660356
0.030942943041673228,0.01018350156227435,0.006631197618032832,-0.006594089564081893,-0.004517115692109735,-0.006842000283101306,0.006619808090136028,0.007089507301118436,-0.0002215668452667416,-0.0030135119662570648,-0.0036736083675393775,0.002576774530686796,0.008938420874930767,-0.011216870690759363,-0.03307045927677816,-0.0015585208394087527,0.0,-0.002528535025390451
0.03556979600778879,0.013174884410634623,0.01024885696483977,-0.005492508750528447,0.007049103499541515,0.0029190006418154018,0.006600810731285066,0.004556253158916742,0.0016843277003344512,-0.011841039625239231,0.005071909937007324,0.010757189148123836,-0.01786787395257315,-0.003389187552272568,0.008589989362539456,-0.002917302052098308,0.003834847342081395,0.021415382142485354
-0.023014684366926382,-0.010492186091916563,-0.0079534930256674,0.0004511637694750462,-0.006146095771576015,-0.004980992192364997,-0.043223503575692955,-0.019619524898585018,-0.01326750705233913,-0.008397020046181598,-0.003370546686682898,-0.005793616096837123,-0.029687836133027775,0.0011372396871059426,-0.00702766267755097,-0.006614992034704698,-0.011568482054890467,-0.016254739966649057
0.06956297101410736,0.021307827454823333,0.019500322021829754,0.004665022855875734,0.0036516550657444773,0.0027272237648490708,0.01002520671640721,0.007939255382459187,0.005471499439550181,0.010254709869780413,0.007177014697854501,0.007240501545354982,0.035412439969703384,0.011220401258790496,0.01567742471134795,0.0012746294062677148,0.008685006229974644,0.04157751675202562
-0.019928570637004143,-0.0073828345490802765,-0.002815160160899188,-0.005694935489577756,-0.0004346520210627545,-0.001936344150197686,0.0007190512440712795,-0.0017956005834430823,-0.00019310379185119586,-0.010371149484124759,-0.012450686825844071,-0.0013111974224854527,0.017181374831505197,-0.0013699112597112969,-0.013886247252276062,0.006016044071869522,-0.004892813915451736,-0.01432156438251972
0.0194088264007495,0.005307683783696608,0.00031267423179602306,-0.004874193519370647,-0.008406113869015795,-0.013145300671052644,0.004425495498552413,0.006415884657634915,-0.0009884769094867783,-0.009214360438904237,-0.008736587100548844,-0.0005972012294262657,0.005785541423987605,-0.012098419312246131,-0.025265567615883888,-0.0013477816057815592,-0.002832293504570562,-0.005237907319318211
-0.015353478696906392,-0.004267440210458473,-0.0026582979335008534,-0.005138430638660314,0.0005912346811295443,0.0023581094987978972,0.0031879253127074228,0.005336294258070785,0.0005641038489743797,-0.006920024695325989,-0.005228794953293158,0.0041433252176152615,0.03385415406951763,0.001379285593370696,-0.01339297668351814,0.009842128941661902,-0.002420348998017256,-0.010664198770216831
0.058642688861740885,0.01746427167457128,0.01889902833931895,0.009146703836001285,-0.004284277972621635,-0.011838549293227288,0.007979917367376254,0.009606685838036463,0.009484081774840744,0.0047213908084689105,0.004689265316953668,0.0020603766793214945,0.020058114849450574,0.007051174782149184,0.03512401880496254,-0.010879811566208717,0.012827691633315505,0.045518768718358305
-0.0065927802601008735,-0.0009512733532684633,-0.002078036314253484,-0.004367100504912697,0.01353208321746382,0.004587594683221678,0.004687188383674079,0.0,0.0,-0.0002858973232392287,0.0035437421141059186,-0.007630304709982507,0.0028917106755853923,0.0033276198829558967,0.009055752477653908,0.009216342022338838,0.0,-0.00864042453326731
-0.015777588295215573,-0.0050812548248615344,-0.0044182625557687896,-0.0033842832650146358,-0.002993821705527043,-0.0038604220891793528,0.004692278213456203,0.003422460194167582,0.002248139105612204,0.009218823811995309,0.008812272145057086,-0.003334018882462783,0.01712313022848185,-0.0029121292291455123,0.005246851200430316,0.010924551767212392,-0.0008634624635788405,-0.010030373267585036
-0.013764552737106903,-0.004675893680128356,-0.001560209341064882,-0.006532717486777025,-0.003028277632520095,0.0011612345566788464,0.006035893488411426,0.003206815943835258,0.00168583962011769,-0.004407731616249806,-0.005423781259163365,0.0,-0.018963069199732428,0.005175144532009387,0.018675510452521613,-0.0009908805013925388,0.0007226363877519443,0.0016808516462092152
-0.01123288263970021,0.0,-0.002450999478960498,-0.008117848353767559,-0.0012465712937083301,0.0035185744678809584,0.0033821040868823025,0.0032566324936194576,-0.0067544691088076226,0.0069690105099329165,0.00853482820570677,0.012106940170893175,0.021373921951063198,0.002602667877238475,-0.013495006484659665,-0.007937166986156203,-0.0020146025131650798,-0.0015629557606960769
-0.01119855775392238,-0.00015714568372353005,-0.003212077679293659,-0.005663555552365937,-0.0028097438965191505,-0.0008049106911970342,0.006382166110448245,0.003496716027375775,0.0031272376978939867,0.01156760897609721,0.012432424661067,0.0009183248025144861,0.006294552459745965,0.0020691009526623535,0.0057510612982915,0.008016868240359805,0.0004520053366632108,-0.010877157921039847
-0.01041982216544643,-0.0028292005628516035,-0.004013832237100047,-0.00363485093509099,-0.0060434624637201876,-0.0034728389268388346,0.005863539176336106,-0.0005080753752511511,0.003495673539326494,0.0001505858451742971,-0.0023932817310681354,0.003005051725334986,-0.009317618455943774,0.0020323981881155036,0.01917194347559305,0.0050205805828166085,-0.0003461261256563846,-0.005220552298497345
0.019161852016415185,0.004244986161489383,0.0018231697038499103,0.0012945241846601613,0.0,0.0017196974169109956,0.0032088401416123956,0.007492132893816171,0.0005637371768253513,-0.007379109102798353,0.0017850305013114678,0.002851295111863297,-0.012559585834834961,0.0101743660422839,0.019537973509818153,0.00026072416984462794,0.0023566349323378547,0.00786416045929305
-0.01540515485488404,-0.01023709900078966,-0.0023772585563496935,-0.0016432639513350087,-0.003394396055529924,-0.009825442069455381,-0.0002507647286792128,0.0,0.0,-0.0037457288324027303,-0.0020137149777602415,-0.004034156233598252,-0.12495057712035793,-0.01437823813630567,-0.005238941469286206,-0.001765339599933102,0.0,-0.0073435955380546925
-0.020261173373193785,-0.005893896451121153,-0.0022394865447674206,-0.0037888056171378344,-0.0010977706816079486,0.0010931380639967135,-0.013745087336721905,-0.004196501278088278,0.0016634288846628118,-0.010516270842891747,-0.01562275066479668,0.0006482444961219294,-0.0011376414043853748,-0.00021579364325531957,-0.018007632615859796,0.004805779275450534,-0.0010754195502420828,-0.015277570198294996
-0.012561051464120856,-0.0045947858401210176,-0.003750592631203796,-0.003662330449964168,-0.0016275647881201045,0.0013240310920028166,0.008036431384290135,0.006420085735609374,0.0015514659247410016,0.0008043124943324343,-0.009036363182966646,0.006497858011519055,0.02221302527372503,-0.0030902614699352174,-0.021431602484190206,-0.0010445874277378556,-0.001965938350959907,-0.004793872537176832
-0.029706429973062345,-0.009895015497806305,-0.010517786713853951,-0.002693353944205739,-0.002750226669716734,-0.0023335318933871943,-0.03132179512274356,-0.01007909240477848,-0.012819105806482349,-0.013896755430690312,-0.006488067184976485,-0.006843927709336321,0.02609542578638468,-0.002795790465522142,-0.005653037450319318,-0.020760852614486527,-0.028706215623277367,-0.018877405656900714
0.016052857892336084,0.0035719410393517097,0.0023573192665906654,-9.779624654576072e-05,0.0019007220995400343,0.0009203572800611311,0.010200312605730724,0.008199276078183907,0.002697715559622604,0.0041227834629198505,0.004059807027319438,-0.004469888231791992,0.03052653930744376,0.00044259546510475056,-0.016206086708332606,0.0035028094149941115,-0.0001845704142399351,-0.009633231127789271
-0.02470892583629849,-0.00818924172339291,-0.008719324170999196,0.0006075088204509245,-0.0003541461180712207,-0.0027627300188325073,-0.03629819933886486,-0.02660244926094354,0.00048805003825242577,-0.0023822860186966935,-0.0011777445567552123,-0.007327962094898924,0.005922122383587896,0.005037505334718122,0.011082368398052628,-0.00675726756545211,-0.010962793885564185,-0.012693678588537413
-0.010056186015235807,-0.0018760148957721304,-0.002074280989323198,0.0048706725392115655,5.849631315708312e-05,-0.0015161916717351186,0.002179632497071626,0.001944569539850208,0.0014474992307873498,-9.517558870614785e-06,-0.003939944814166146,0.0069513454848359225,-0.04979253279983541,0.004224116596674148,0.01791848711141636,0.001705911144701932,0.0018949926351671071,0.004263062133294845
-0.03364497257760462,-0.013094226069604297,-0.009602609427170882,0.001004293593713084,-0.00512681274255598,-0.003007538938741085,-0.0382955744438431,-0.013625093140675023,-0.015251392109575435,-0.00588270238998947,-0.0015464332594835796,-0.003907653049425927,-0.025414806949017814,-0.0005638361543191667,0.002648082436953879,-0.0077211652348296075,-0.012928665666861164,-0.011673643387560245
0.061643605310523084,0.018130686042805426,0.016751538416831125,-0.00457890594698202,0.0,-0.0006496255422717831,0.007988391175759217,0.008412856425932896,0.006383748718495831,0.008761776285035258,0.005393680838947175,0.0026346495121832778,0.025502968789095404,0.005060812304305849,0.008421327407902683,-0.023516034111471823,0.008522222668315371,0.046257200950544336
-0.01452510055155582,-0.003093410835121584,-0.005345602576828204,0.005357293759387464,0.0033669116503341518,0.00531672460892627,0.006236854955978154,-0.00032563991756842393,0.004697350561365892,0.0013209740247828428,0.00846547244087171,-0.0015656820410575663,0.011409063996596887,0.0017802483421681863,0.01835719348701449,0.010264218324694289,-0.0009735933495958979,-0.010660472486640406
-0.007865357511605262,-0.0002003093270531421,-0.002704383452536236,0.0068391393450665475,0.007507614535326237,0.002095610871734759,0.005957254281196382,0.002701001735213836,0.004584967558565761,0.0018366295877873752,0.009616363949416156,-0.0011339977407978463,0.026524353176872136,-0.0009733144339955745,-0.0023282259223467027,0.01615882858682507,0.00024173926446198436,-0.011551264039699527
-0.017810276258039385,-0.005210608980186631,-0.004469488576648693,-0.004052511663486419,-0.000821853626604296,0.000376405398692328,0.0030344977338242736,-0.0028214605615015766,0.0007289641852291972,-0.0021501078925924935,-0.003127269572700174,-0.00396889927066635,0.002246419599064561,-0.004881787863939108,-0.006258676860050793,0.004748853096614442,-0.0038863657554090774,-0.015134107900507732
0.048096798462887745,0.015342097330133793,0.014819199572288158,-0.01591019232450965,-0.005149045720377899,-0.008412930566627118,0.004867944175545098,0.006470877845708414,0.0039039983739773423,0.008848087198206886,0.00572736996833778,0.0034269436666746838,-0.01359087777418473,0.0029492797872645664,0.012520569062014418,-0.018757695583098793,0.0092600328614044,0.035984507959546885
0.02953822840402295,0.00940284184210798,0.003337971047963047,0.0038762493711355056,0.00021582429661883693,0.000763510927472242,0.003645676444421641,0.004041063733711482,0.0014255701220529512,0.012063014376609794,-0.005435968957466624,-0.0014596448169279463,-0.06927913502056335,0.00896499232094324,0.03196650495419309,-0.008970972046077212,0.00294254052185566,0.022332216684982625
-0.016987637054256145,-0.006266994310109198,-0.003456744055352812,-0.006403469412827383,-0.004545314476436839,-0.006825586701780974,-0.008310349280653615,-0.0022498495938374817,0.00407883540227918,-0.005706808108197182,0.004798621369951925,-0.003717210612036802,-0.0002512751293458638,0.000727992904497327,-0.004911487620979092,0.00780952876933716,0.0013467186808974302,-0.008556134821364504
-0.02445106059827074,-0.013151801455069367,-0.007425421000493794,0.0019385237297970617,0.0,-0.0027264927732802047,-0.02611986930221966,-0.014548653909834307,-0.01365524983096343,-0.003401235074207808,-0.003158478837773194,-0.006453532703912134,-0.052793013409154675,-0.006062140440878645,0.002320551354431557,0.0038357799415939886,-0.004958163687308917,-0.012321849177466815
0.049025333752741596,0.020062151180699574,0.009206381084369025,0.010037279875474465,0.0021730939737894194,-0.00047086842602653175,0.0077887750956821215,0.006607372757640059,0.004831444598383505,0.003541540386424267,-0.007889261031155441,0.0019041347082897433,0.04321132316523629,0.0,-0.017709291202266105,-0.007335568001895346,0.009286083865943163,0.030735981396542267
-0.018097853245264212,-0.006407401440301495,-0.003634513849169073,-0.0012104204110750065,-0.008323231968546703,-0.018034189019013512,0.0021158476343047837,-0.0013907168868330033,-0.0013849099189655976,-0.0033960718722340433,-0.005499945177257244,-0.005939307131975925,-0.1563257880948613,-0.030848775910501936,0.0028243077647071477,-0.007873557641277989,-0.0036641803570704986,-0.0011996418153452093
0.03836336062341533,0.01109097582467713,0.012217940517004488,-0.013875024310863002,0.0023012504636876468,0.0006145705551757809,0.005004370084843734,0.006142325200668898,0.003698277829411983,0.003942046987455141,0.0021033966342018894,0.005760981421571996,-0.041882903653993046,-0.0004794946605314381,0.006856539757267015,-0.021491133556246222,0.0072669550050219614,0.026945187730490486
-0.017639257563363615,-0.006738188737974583,-0.006102449600297049,0.0060298253978155825,0.013919205588851813,0.011725994671305756,-0.025262459132001508,-0.014334536089802239,-0.011266985127986743,0.0,-0.005185868827852913,-0.0067933282279044145,-0.008650464305915423,0.0010681155366074296,0.006786891512143773,0.0009370417101836774,-0.005761808980897028,-0.008943433387577637
-0.023061273014573738,-0.008563058744211273,-0.006226650621085937,-0.005471700786682635,0.0,0.0,0.0,0.0015068547961210462,-0.0013443922336335815,-0.014377534394782697,-0.01605690858598439,0.001565857269418,-0.0076209676172973055,0.0013192456456375178,0.0019712473290694464,-0.003403528460896264,0.0,-0.003280957584269356
-0.017056309199338513,-0.004992138302176639,-0.005674579569377004,-0.0024976111077907636,-0.00584292707522481,-0.0033543258528839852,-0.009817058792492431,-0.00398009975966746,0.001315763875451873,-0.004234935323420907,-0.017247557449674305,-0.002229171810021172,-0.006471307535578644,-0.001285289931735398,0.004196694311935452,0.005337070101904788,-0.007424308083244191,-0.016596575220090073
-0.013390524098252185,-0.002887408973197385,-0.0018627036597760828,0.0005475244680046064,0.0006880801911060501,0.002832622559471324,0.007590647951532612,0.004971798791917651,0.002400535845855494,0.0,0.006860147934138936,-0.0028834156936277363,-0.006219802280972787,0.005470245192343807,0.0226812181168261,0.002643223021166919,-0.00011352267050365992,0.0009245349406875707
-0.0182343595034952,-0.003929857175315832,-0.00583858392001264,0.001938439218827162,-0.0013302146329416645,0.0021405406179157128,-0.008071132129153853,-0.0017852783779018712,0.001328733500895418,-0.002463693239418117,-0.0012735452390330783,0.0016733772278628325,0.03124377469564869,0.0014005164348739176,-0.012677617681339043,0.011010635115022935,-0.021991099111686004,-0.018554080546758805
-0.007542092178415375,-0.0018730351242075686,-0.0010399340163144795,0.01542514423661084,0.015533935865485987,0.006013494621080797,0.007570704701396997,0.0028283469543194098,-0.000620216891593817,0.010823222489506153,0.007195185800163803,-0.009599536759202092,0.004840991917426203,0.0018379948566233277,-0.01039550783867194,0.003165834450054582,0.001004907875771123,-0.004628562506185985
-0.024775394703441332,-0.011839611402347027,-0.007673146643949302,0.004374060840654034,0.0046791165538262805,-0.001114824375922075,-0.028823466954798493,-0.011682242519824946,-0.013928300664831542,-0.0029659866949898438,-0.006706233975340851,0.003247568760457399,0.0023851149195991054,-0.0031030581685288295,-0.005667275999416963,-0.005839720835794273,-0.01685240781618432,-0.004257728860082494
-0.015706517349984128,-0.0010492938011990372,0.0,-0.003827845547251243,-0.007303497476722524,-0.010640394800713474,0.0026826382787067207,0.00440045725953183,-0.0031143723867859507,-0.005768799020226654,-0.003193298603956855,-0.010245044889710689,0.0018051001499613175,-0.003452639110646247,-0.024548877018139834,-0.0015310620448403906,-0.002458378668609811,-0.007844195626739756
-0.017443675837063178,-0.007569083755302557,-0.0065810723963619314,0.006444001011044276,-0.0013588469134665387,0.006987528627639471,-0.02624921239409349,-0.01351145790600055,-0.008823187608879948,-0.004753042818809839,-0.0033113276015001533,-0.001082065253068052,-0.05810723524750255,-0.006745882624940503,0.0065094955688449465,0.012509588022052284,-0.001592078736173922,-0.009066041939900862
-0.03481619945244127,-0.009579412801700223,-0.007359727351571533,-0.002104896767335333,0.009320574330206177,0.007200289079382289,-0.020829073604887133,-0.008942877909247969,-0.012789391185534085,-0.007082926059868914,-0.0016623710990739575,0.0014573373368841278,0.018348376720275804,0.00046211710536735656,0.006855726453586686,-0.022447755818961,-0.015575481723643446,-0.013638588486983766
-0.015302771477633243,-0.003036034622237938,-0.0014494896490498928,0.000993821342327366,0.0,0.0006168260021297484,0.0047770556126857325,0.0020211463516219027,0.0028880432701928545,-0.005651244857362855,-0.014293385660104399,0.004346042430071578,0.04683340016310042,0.005632863560123446,-0.006952036179889032,0.022434477428660303,0.000510844843364091,-0.008168009868321849
0.021490661459152946,0.0039651119476899555,0.0028864896317576144,-0.014108148835636988,-0.005438678396705514,-0.0010855070895011123,0.002266246761703294,0.0011610805018944087,-0.00042661572348248056,-0.007462818263365089,-0.015151043937555248,-0.002674181284093453,0.016607761229668058,-0.005419541145133638,-0.037507080893110605,-0.011555701138177958,0.001401798706976102,0.007829453820212162
-0.0138075335020893,-0.00423112163654565,-0.0033359472691951836,-0.0047914441418105335,-0.0009692382898011426,0.00012107245133620061,0.0041911706527123374,-0.0005244527174454262,0.0022551305594905235,-0.0014321330982165136,0.005588467972307317,0.005345832853291742,0.007357898349899732,0.004013327241938529,0.006231795708398922,0.007674583229497302,-0.002450519297716879,-0.011083967016073065
-0.01016240594900337,-0.0037892632676231742,-0.0023474972142770276,-0.00014633988122323755,-0.00014628011610546453,0.0,0.006587534410682485,0.004978666617116332,0.0018875749550690062,-0.004993840163879741,0.0018503572400307108,-0.00245925793671888,0.03877017956035873,0.0037129471476478096,-0.010448670365114258,0.014666648416088257,0.0021253993000602254,-0.010073563601645533
-0.02196839626536276,-0.008306918368691093,-0.0045988986768918825,-0.0023287207659955533,0.004859925844333144,0.01155541782071452,-0.01121914066993433,-0.004776743501084059,-0.017065258689382867,0.011902395000505802,-0.0021692274470609136,0.001807977904442475,0.008581155901171514,0.0021977563956893137,0.0015821041930371416,-0.0069165696899813455,-0.004031277762820732,-0.0062687469370425325
-0.024135230716453966,-0.010446946701448193,-0.010313121982669515,-0.004819562437538726,0.003193977321806578,0.0,-0.019980094518069487,-0.01723842551102697,-0.024731733521461467,0.0030252699104352065,-0.0005150005426420786,-0.001054543688325173,0.006305248513982905,-0.0038765189402911785,-0.0037957303255741503,-0.003270271687852965,-0.016480796065346554,-0.007908889758391546
-0.02137139661741004,-0.006070994166707834,-0.004301472750643879,0.005779126586274799,0.006077547390045731,0.0008824590081575767,0.0019934861398352537,-0.003515392084593082,-0.0003412746453745643,-0.003275848693799556,-0.002817465169965556,0.0014908092487294744,0.008315568937336001,0.0028344778199962625,0.01107647401038612,0.006754851819266381,-0.0026625834390804322,-0.013326923677035373
-0.023929196949494285,-0.012212221732036078,-0.006636861528486626,0.002008892610158334,-0.003794769416054832,-0.005372169624538699,-0.023193468717394663,-0.005053369855178008,0.0023719886083673905,-0.008165610104672101,0.00412196348790795,-0.0018220355776344204,0.007721141135610326,0.0004287173209234802,0.007388774942827901,0.006271286739636382,-0.004668142126781536,-0.01487675809988001
-0.026596630718748775,-0.007265567834116295,-0.005111049266243314,-0.0027742633795065684,0.0,0.0004120664053716877,0.003984705095196595,0.0011238283668038287,-0.00023343949711461577,-0.006582004046872378,-0.0004812843937236697,-0.0050917948930649225,0.0035411694853529642,-0.00013255496723485217,0.004444135153498284,-0.00033719478261312906,-0.00033581611516515157,-0.0040656671888189624
0.031753565217535765,0.008799573566758588,0.003996732123907107,0.00015729237469824545,0.001025083855154651,0.0024472241464687456,0.010071966483811602,0.007764928014690689,0.003996954716239815,-0.0051289348745175815,-0.003109881016074101,0.0010337328909511348,0.02003415477448215,-0.005861053381519274,-0.023608170727025875,0.00023128797617460415,0.0039757899120589305,0.000579905145512434
-0.00855526679312629,-0.004121252369273644,-0.0033682630694265346,-0.003054795085864185,-0.00636636378966786,-0.005596630332148382,0.00624263369557589,0.0,0.003278732647399508,-0.00835630784488767,-0.006061648752177395,0.0022020800951957254,-0.020820040531511628,0.0022220735046884835,0.022496731880394766,0.001582559267587207,0.0,0.0005655777263710825
-0.01786872839607073,-0.00682191773206031,-0.003103344308483092,-0.0022051286728330213,-0.0018544147313038035,0.0013217077697725752,0.0050361302949609955,0.0009901135969405891,0.0027128825979404842,0.0034280682370315973,-0.00398072803530402,0.0017642173673828828,0.006506134182554109,-0.003837361784488739,-0.008236903899886369,0.007156486462781396,-0.0018971282470221901,-0.01320258423528859
-0.015987831619760695,-0.004677850308766077,-0.002394417174657165,0.003724764422681789,-0.004006732860546732,-0.0027524886808095103,-0.02567796889992931,-0.008788687201897632,-0.012270787387799863,-0.013813395021293346,-0.0030752287063623295,0.0004425659434801323,-0.024587471866737393,-0.000935163617432617,0.009330289653126081,0.011149105896741488,-0.0015513826722939764,-0.009514201615869411
-0.020049910984981104,-0.006433613578939817,-0.003995132818120958,-0.004971582053081493,-0.0005513220001860067,0.0011131500560913941,0.004257430381374665,0.0013809788223498175,0.002430019308632098,-0.0015704944487657001,-0.0026848955333802224,0.004066408526322794,0.009853097120415306,-0.004594568145685182,-0.009028323422359921,0.009031190121255627,-0.000878850969568458,-0.009458470362229406
-0.023680846976959404,-0.006387520477497464,-0.005467486221029836,-0.005510740796582748,-0.0005493139608058357,-0.0006547867254214887,-0.015021930208975125,-0.005914734286507762,-0.006264072972619216,0.015045624811299762,0.0022286700870824687,-0.004709271099957612,0.01576912345627867,-0.00024351734126079643,-0.0076940827930587034,-0.0178824414425149,-0.014016395149656444,-0.0035813883393844698
0.05885693212481299,0.018415682800489896,0.01888309845508261,0.006285359921779011,-0.0015843686384198305,-0.007950317073481988,0.007545647915972422,0.010112015736212074,0.008613249102474867,-0.007557693338184295,0.006909307278066544,0.004199644364656439,0.034508587432703595,-0.005581380357777473,0.007339632148258734,-0.007003866347400839,0.01090538346120372,0.04005675500729969
-0.016954198657165104,-0.007365526678795826,-0.006350558518249918,-0.005548639007932845,-0.0003260743328115516,-0.000667161744981583,-0.022957378949954907,-0.017916982096778607,-0.012042690569442922,0.0,0.0009977729054669805,0.004002343778035262,-0.053895637034734475,-0.007218249642932976,0.009626572493824507,0.005283025028300999,-0.0037969199129577226,-0.010112697116074348
-0.012998605257390605,0.0,-0.0034145101961980335,-0.00422471015853349,-0.0028886128986644,0.00107282920045964,0.0044243591639208345,-0.0022301032610048863,0.0033778204040732615,0.009460565021515398,0.0058361478094598645,-0.0035054388712057434,0.009789293824999955,0.0004809681931638036,0.006578597533591309,0.012034214977946212,-0.00014253655414337183,-0.01045357369214896
0.04371624528485677,0.013814945992088152,0.00661631905001082,-0.0006339025822450241,0.0016800851354185626,0.0038958663858306296,0.0077174176989219315,0.007346575848835568,0.00038525777630818686,0.0019186775212598135,0.0035670364143764958,0.006957216610261,0.04884127476896378,0.0003978340388469596,-0.01707191446684647,0.0009763175398124916,-0.002006692023482204,-0.0037301431912135363
-0.019224944476740082,-0.007843039675653364,-0.005336399440778423,-0.0045825653521040215,-0.003371227273636386,0.0007393792198965602,0.002624542054210754,0.001481198319895606,-0.00027894704580824867,-0.002559033932938332,-0.00013941875556560735,-0.004760628103189948,0.004163482023079232,-0.001834553323234102,0.00198310299975909,0.005214795581689163,-0.0037637976624100514,-0.013649006421902386
-0.0038016404023745107,0.0008016788527192304,-0.0023690722867572953,-0.0015550991319702675,4.56012540039129e-06,-0.0019798288696006405,0.0035361165535243953,0.0031240384796702293,0.0021806563730483405,-0.005205174834923435,0.0005254686042289324,-0.007283997763422361,-0.02146701876048614,0.00140630668518747,0.006307952164020443,0.0005454353935624172,-0.0011193824473599708,-0.008061290077830324
0.06545489036707149,0.01907909943914788,0.015923620021233723,0.0053334381426897205,0.0004691856730819206,0.0006523333638174196,0.008323819794845096,0.008857627264112771,0.007988581424036753,0.010443217013681887,0.01154555244030847,0.0015841427056928245,0.029176752125321708,0.005810284303559338,-0.005575007333355943,-0.01832288906455202,0.012980198058900109,0.0498307808259415
-0.018120615771819892,-0.006620109605640106,-0.002219831507099959,-0.006217034870385865,-0.0042306314478486986,-0.0001159413130513331,0.005362413693576166,0.0029248105328024587,0.002539574540534304,0.004553628163152573,-0.00030317504822314584,-0.002994525181741608,0.004117164120578655,0.0007487568113378608,0.0050666280042221635,-0.0017725195375872854,-0.0013038508681201132,-0.003517233381544433
-0.007994000764755888,-0.0029502843218146167,0.003706697827824013,0.010020971256257062,0.01590652874005956,0.009539619949701887,0.00958959690473494,0.003696960388796286,-0.0019364427694868766,0.007004385910938504,0.012794547005904289,-5.6802284311019324e-05,0.023140339419354998,0.0006815611513211375,0.013658444447365862,0.019283664007428314,0.0015942728074320896,-0.0073661150010175536
0.03860371033390022,0.011946207503828079,0.0070139170740328135,-0.0014663772068606,0.0014252327798613383,0.0037782600915981547,0.006080175778841249,0.005642465808517457,-0.00018272753092243851,-0.0014616394290078564,-0.002078253182425621,0.007753555802740727,0.03053905465271388,-0.0057113777138274825,-0.020796441996404107,0.0,-0.0018303492097114247,-0.0037710194947913195
-0.027753865045021354,-0.015007773360337087,-0.011424619143142115,-0.004321178881257999,-0.00227233891558688,-0.002566389849433183,-0.029221253456184416,-0.014629863731257613,-0.02169695325012787,0.009510907679645176,-0.0036491735632399897,-0.0031058120746592518,-0.0034585007573269904,0.0,-0.0031621425742362616,-0.00812817256611029,-0.021699387002651144,-0.017899602759106792
-0.017300115119731743,-0.007688854141545485,-0.00644382180863463,-0.007506867653166064,-0.003133878588166427,-3.97137395389318e-05,0.00422322083429631,-0.007068786961352635,-0.002041177395068154,-6.804099361920473e-05,-0.0013386340581545795,0.0034019686283445027,0.005391204845722031,-0.007514265673855152,-0.008394917641394658,0.00974704404656617,0.002176350406014932,-0.018961924612959563
-0.018278779817376762,-0.005142440713943909,-0.003538794584725852,0.004359673675536374,0.0005899123364567787,0.002190692724766921,0.005760496521244803,0.00454134981839773,0.0021456972989754453,-0.003370639631422809,0.013280856487006385,-0.004197321248089374,0.014089054001586485,-0.0011381799632051036,-0.0006903825438967356,0.010439882719880937,-0.002579581789195732,-0.011859715248548112
-0.01932961760131524,-0.0032383943939783134,-0.004442651399183718,-0.005037910263135693,-0.004815086626198285,-0.001033540958649098,0.005257550513168311,-0.004054052269212596,0.0024393860390976877,-0.005076828785303211,0.000677013914110986,0.003799086067193743,0.006690209589607477,-0.00046805009406521424,0.01214518523440012,0.006683318879779555,-0.0039260749440374965,-0.01333986295425586
0.034748276600721856,0.00935750427680858,0.004395579277796867,-0.0076916191283332574,0.002228778176425079,0.004401736799127154,0.007534754201225422,0.004788549867789193,0.002038926167022913,0.007790106436686953,0.00027770326017279766,-0.010850073478301215,-0.004348187502397345,0.011873322416656461,0.012127274200767455,-0.004265208151310663,0.0033497970636833917,0.023741905760559068
-0.034491878428255955,-0.008762231520746276,-0.005870281783209742,-0.011408463983316117,0.0,-0.0007632401208537304,-0.014845608685877048,-0.0047956191734799015,0.0,-0.010293616791090492,-0.0077270994083252515,0.0,-0.042034041518883354,-0.00857665912180583,-0.018356995501945167,-0.06424069020253283,-0.037325823088664827,-0.020789012668382734
-0.011800559413844284,-0.0009397872540523437,-0.0022917748837995534,-0.0006274931435621698,-0.001549730976718447,-0.0008428423229091188,0.005193211801776588,-0.0005469573229702643,0.003963120036370608,0.0037681901491637654,0.005950924761829626,0.0008479288876725279,0.024213552253898242,-0.002173561298084694,-0.0008149669459592862,0.014659159540722319,-0.001334350491521329,-0.008773816491123167
-0.023354276310647484,-0.0035413402033649057,-0.008403674938511706,-0.003583412084705213,0.0017143733384900606,0.005808003152699831,-0.015786965553324133,-0.008553275108188903,-0.01288984231523887,-0.0003337885516422156,-0.004289870066422091,0.0008045509048160836,0.019257468634836888,0.0032170920551104066,-0.0006392808078014803,-0.017901964847255508,-0.019778347345328583,-0.01613523011330302
0.040108115369972004,0.012538609539785191,0.006944565747922496,-0.008746104109375973,0.002058264337641457,-0.00221727595028288,0.006281986294439789,0.006483658164048667,0.0004876960698263345,0.006358143298529346,0.006905239588641949,0.006537901465225486,-0.03959809023795141,0.006658496336593305,0.037314628539252825,-0.002617814521678537,0.00415582456310251,0.02562200413529106
-0.016053262835651082,-0.005632899026960362,-0.003209442863937512,-0.0012091091759791725,-0.0016209830059429188,0.00021574316618517666,0.006227449603128155,0.0026490888050001273,0.001983452566131982,-0.0019555992763193738,0.0009122284042270424,0.0019800755730616927,0.007360294561051218,0.0009831332905981256,0.016117393108442173,0.004347815131947191,-0.00034584369695000045,-0.0010756341054664297
-0.005916419375371935,0.0006350596200107943,-0.0016693579386495763,-0.0048438964905957605,-0.0020757528775455733,-0.0016839129020621226,0.004015329506111805,0.003812159039646248,0.0021288438309074076,0.009449036571111171,0.008504590822743083,-0.004742297207804993,-0.0014669516733106787,0.0032295299290577575,-0.004296626522266723,0.007619014290512157,0.00024716648491266205,-0.007223506383650002
-0.01402940275323083,-0.00176407781242352,-0.0035401140728972395,-0.0013123384331490012,0.0034831278671248194,0.00755421317022308,0.005606195200462051,-0.0010668887607813884,0.0029392115134282163,0.000154386155411704,0.0031601251631339293,-0.0038341719662073914,0.011151417029241495,0.0015598925581469362,0.01936363875835395,0.011442784915081092,-0.000802795657706306,-0.009879787604031888
-0.016412943057042814,-0.005189852086634678,-0.0007304919346612029,0.002998057704503213,-0.0007886863970759867,-0.00522174383443669,0.0039310800306181955,0.0011265314205266951,0.0,-0.0009996075093674658,-0.016368672879709962,0.0035275145430042707,-0.001579227256119884,-0.007358939861067138,-0.020529008493182895,0.003207554148275476,-0.004511581848924839,-0.01476836572445367
0.01423528487158989,0.005126014565204805,0.006796307798529277,-0.0043005513086491615,0.006343860651324587,0.007266705194939415,0.0022762060858902513,0.00122668971827855,0.0063535447249627635,-0.008663690372154108,-0.011605005059308195,-0.0056802967637396475,0.004511173630665179,-0.004654398150859086,-0.033062575224523605,-0.009176588115958497,0.0037388166864530522,0.006329193176246271
-0.01886948944382371,-0.008935249204880234,-0.004075416347815116,-0.012123909411685611,-0.00042346220838527994,-0.0026056694622148854,-0.009667299833916879,-0.008469419995285912,-0.011085466961782552,-0.0009332292322581006,0.0004174381590274516,-0.0014480615547430118,-0.09963499824619326,-0.018084229093995468,0.0032200632372534656,-0.003198784794109102,-0.0010584565384919233,-0.009496811814251854
0.04521033346937761,0.014132622756232012,0.006959630746925553,0.0020457042047047403,0.002042562359720757,0.0017188906031418455,0.004780831176576719,0.006813145040278972,0.00019163151050984322,0.00912542486034603,0.009889736498687239,-0.0007793157314623234,-0.036487386875030024,0.01383336896829575,0.0406624677014928,-0.0029532664292414596,0.005292268578643503,0.02547302841908157
0.05741778541775723,0.017528343288921795,0.012812901228530215,0.0049917277661313715,0.004951169244684187,0.004488100456130998,0.007806758862258524,0.007347599759676409,0.002682649937203688,0.009688086258210217,0.013503024556292603,0.008170532022654421,0.007604073238648609,0.0017049097656959438,0.018563454307550815,-0.008566181187983041,0.006128857689522855,0.03610251607534379
-0.006040498246576288,0.0002582747816939459,-0.001876330015750948,-0.0066080751537787264,-0.004330785360464274,-5.3817446273743684e-05,0.005076304124272697,0.00464986157674424,0.0022502296165461655,-0.0024872290734062204,-0.0015650492182693234,-0.006644616948067592,-0.015232365725970863,0.002708759559797609,0.013600053387704836,-0.0007091195096696882,-0.00018016620290283667,-0.0004432062349025573
0.027449890670727117,0.008757321157474705,0.004467866165689495,-0.0004252274446232111,0.0,-0.006207903743011848,0.007267687926850665,0.006883423275730048,-0.0004802897433712171,-0.004458971315080833,-0.00461391569459434,0.003069790846081196,0.007964197864764324,-0.011792696945256548,-0.027350684487825214,-0.0009229858869109235,0.0,-0.0028756041967099785
-0.016025833143805773,-0.006259461067212024,-0.005200466133139165,-0.010950844795868933,-0.004428704355717762,-0.0038965980312412204,-0.03120200419011933,-0.012749141285640114,-0.013643272102545869,0.0008467073020503799,-0.000980788669137134,0.0007488154521468147,-0.02299442067886817,-0.0014007869751811685,0.00630261452941963,0.01118005869796965,0.0,-0.008901656872885966
0.010016844218101124,0.004624032150044707,0.005097205184511138,-0.0030156611070735395,0.0039528554258847805,0.002879313643395293,0.0021937946543646248,0.002720514516442747,0.00206451892610365,-0.010359848590948907,-0.010682425875261433,-0.001466215464566724,0.006497375705000691,-0.0034367791160321987,-0.030126131820891133,-0.011565090221408615,0.0011902834761655782,-0.0018963252656397228
-0.008691870397262325,-0.0006867429016094668,-0.0014826004022723371,0.008926857796783864,0.01054401585615663,0.0048908954879343025,0.005948196433813925,-0.0021149740892776343,-0.0015871998773509905,0.0011487283257743675,0.0010441445556983932,0.0011518811304237308,0.03177202701007916,0.0025235392999749993,0.008015069337570457,0.0187054128701757,0.0030244090222188154,-0.008139255079157248
0.006934620875191361,0.0012258849142095796,0.0005812615482135884,0.02895750623237506,0.02543506414769939,0.009389886357366158,0.006253357605124575,0.0,0.009385390629323838,0.01719823313614163,0.011190980967828258,0.0069493039785371085,0.017802511274801435,0.00866946965090469,-2.205379690122955e-05,0.015011430124984137,0.004236771319956417,-0.002953021047188642
0.029256024268873936,0.008275674323170078,0.009609494415846152,-0.008730076630334847,0.0019155471186735407,-0.0029761723303528323,0.004062998907576324,0.00331621937168336,0.0011184590794934281,-0.007052882411750926,0.00043788816994273257,0.0,-0.02619815518505423,0.00546222273582497,0.00877888113422187,-0.02230387619933635,0.0073965167892456945,0.02573006374535051
-0.013147029681954466,-0.0013380707155446468,-0.0028987919726646562,0.0030434403948631484,0.0009661560877992655,0.0021294873673559627,0.005123126551177647,0.0012420879404899522,0.0018921263010670398,-0.0008801972675147978,0.011161131739165714,-0.0018208772091223638,0.020641282638573108,-0.0021354243269055724,0.00369009764934383,0.009616400661862045,-0.002683382980449804,-0.01143643604551823
0.04179593230900073,0.012742886035086748,0.011820022273166047,0.005540820324901669,-0.007326223062989621,-0.00328800599797243,0.004912027004831356,0.006143771994553027,0.00793168636412299,-0.011789878377735473,0.0,-0.007209267574245567,0.018079875640188793,-0.010292875107801093,0.00879456632531282,-0.013016976611458335,-0.0005661919981428138,0.02223441389868505
-0.009526466472710058,-0.0025777844977486063,-0.003869150887211,-0.0004773509502891261,-0.001993514755232959,-0.002761553754973466,0.001109257950063055,0.0021804478305009916,0.0001250082936610963,-0.003002700825160344,0.0022058048513217995,-0.004287634018898278,-0.09479474937287401,-0.0020756263116344584,-0.00023542684325939024,-0.007096527000996861,-0.001834722802972461,-0.008778083404124115
-0.00535167159726591,-0.0016675558143352809,-0.001631906482411598,0.0071206040765852555,0.0020885932787130267,-0.0034164162371998963,0.0063571868256853195,0.0028797727747927973,0.0019923889513973132,-0.0020160918208682044,0.001958491948040896,-0.004833730894935194,-0.1065399448655879,0.0011071652099265612,0.0005042762169859689,-0.0009042019582055893,0.0007819883837554231,-0.0060957167965639825
0.05701376998323861,0.016493053226422007,0.019745825147623745,0.005830051241136417,0.005344476116274283,0.006185968457603391,0.006142128331978428,0.006995346530360177,0.008557207793539868,-0.006437884256673004,0.004419293276495361,0.003240502073504385,0.010855092052545765,0.005132591948676139,0.016859379996437367,-0.007886637987211311,0.013022573575395345,0.04180738947972021
-0.014844869608399317,-0.00015006073216993916,-0.002855748966755038,-0.002679592981567384,-0.00665064088483527,0.0003907114788753424,0.004972693577401171,-0.0023579136747226837,0.0,0.002669822828395959,0.000728186943553879,0.001997139063166985,0.007506959131338771,0.0023178762182449316,0.0068656729557246676,0.011659242961893546,-0.0011523865649889647,-0.010751842807588516
0.0657393239193399,0.02092034751611949,0.020619970768074477,0.004624569315236765,0.0018672043307016552,0.0035067638310008003,0.008299007360596074,0.009507296749717084,0.010567579975431451,0.000458951650336362,0.005233229630949611,0.006514417782454462,0.03381974027557978,0.009158882374212094,0.01676098222457562,-0.004214371552026066,0.01107879037666536,0.044997492946902834
-0.01339068741710416,-0.0010555304953215733,-0.003276756901062382,-0.003120834922227076,-0.0009273060648320389,0.0021559897043712324,-0.005722276348066048,-0.0023136928348480752,0.0007588409981430098,-0.005581165389246191,0.005973403349085345,-0.0023575761187155015,0.005572892086484854,-0.001823169838958155,-0.016298625045891628,0.008315855876731507,0.0012509105230533591,-0.014287593082795924
0.05529367932287269,0.01633835716586905,0.012271099839141103,0.004780435046570685,-0.004710396758755719,-0.0025858968630171793,0.006929472846703668,0.005553232607633427,0.006648816093914481,0.0068558379184377564,-0.004143124357350404,0.0011132224993119317,0.039383695556890926,0.002508320260818563,0.006679816856415798,-0.0009584870934725626,0.0040494833069473005,0.030186040913729284
0.04389186455400983,0.01373083913324672,0.00805995220784998,-0.00519608949934765,0.003385994524166821,0.0018201529791193342,0.007170647967351613,0.006764026383974883,0.0009570985619785262,0.0014558156471418502,0.00487931210524168,0.002969945807880299,0.04444165823837683,-0.0014839904748810912,-0.018705511801836338,0.0006408640165341226,-0.0020131641687371102,-0.004982663029423129
-0.012116413682906219,-0.0009393218700635856,-0.003331221278897734,0.0002691978312594285,0.0005773171901189362,0.0017084127103995416,0.004724535272809546,-0.0028109792979954355,0.0009495000193904263,0.002271108058086056,-0.0002356842140057237,-0.0033539333228641663,0.006888416670707537,0.0012669823002054244,0.014266784744549926,0.008296597821460383,-0.0029931800597822063,-0.011833408113698573
0.03727545092470824,0.010682427558818472,0.004901422017895177,9.81402168528355e-05,0.000380283110969773,0.0025835200986749247,0.007235391460532228,0.007630562360183971,0.0039837607078584665,-0.0015699815724541405,-0.005135886094882536,-0.0009858968160772954,0.027488653803460897,-0.006909413091174514,-0.027414315960015555,-0.0011209138204441675,-0.001988287807188889,-0.004946797873798592
-0.011474340790729875,-0.00029277956610676033,-0.0031339699290451654,-0.003574537645518772,-0.0016223786655805415,-0.002106110837680938,0.005099577962284874,-0.002642390500943785,0.003468670608550521,-0.0011515295005949683,0.005136767093784483,0.0050325304259832525,-0.0014902650509597897,-0.004420752201286055,-0.004351158273908923,0.008232836843263817,-0.0008259950985759605,-0.011377607609589413
-0.018153301532723404,-0.0056206062995420945,-0.004963912388712031,-0.004697887715259211,-0.0014421076681925917,-0.0008264915027323841,0.0019226023858292033,0.0019783725329096296,0.0014389896929909512,-0.012831988627865384,-0.012633226406960602,0.006640691164533727,-0.011436077024177368,0.005604593554850174,0.014370599439114336,-0.002656658721722364,0.001641577029888016,0.004578309270328325
0.05561090936663616,0.01647038048342402,0.007032453888719773,0.00548422987334254,-0.0006235199735433882,-0.00014317368624369557,0.007387732317629247,0.008862877343393534,0.004864725077064783,0.012164439168618958,0.00423020518005692,-0.00606186084583319,-0.0036230450142570574,0.018662188466853597,0.0346778413490507,-0.0033785426959407356,0.004971436551228086,0.032782531048989816
-0.021755210512253056,-0.006506230491918562,-0.006529476538759429,-0.0009663037697835503,-0.0018944258441729162,-0.0025521351326935906,-0.010232670595806494,-0.004640159748796689,-0.013706344227160779,-0.006580040179474669,0.004721168929262866,-0.001080989580072058,0.021062983278369463,-0.00258622101110844,-0.004459854374486999,-0.0212103965955451,-0.016461555498481974,0.0014682051089831283
-0.0073555366588374796,0.0,-0.0017718921693206527,0.0015008287616201218,-0.0015882021052050718,0.0020993303893155715,0.005041946018906365,0.004373211600774486,0.0020613766821732256,-0.0015189287476774355,0.009885848893046693,-0.0038542003134872556,0.022265246387889036,0.0012400255967867655,-0.006460139606261203,0.008917682404588503,0.0,-0.008252230912129871
-0.015027747348117708,0.001289342158058904,0.0011526028720324462,0.0012122488996316777,0.0020307009848575495,0.0005442910979381794,0.002505269063539722,0.0014646195127619944,-0.0012644627563319249,0.006120098445447853,-0.004455604531006387,0.010354717758670003,-0.06820601301083368,0.0005507502363880625,0.014125332976700539,-0.005002344374766444,0.0015413327630959977,0.009392881240019864
-0.020308073187205778,-0.006209903519365468,-0.0052019639785974995,0.002013480520091974,-0.004494750645353967,-0.004546446852592135,0.00037126062492945486,-0.008445488472768966,0.00046328378245405754,-0.008898948229254095,-0.0262851986724526,0.0021198601842357567,-0.006926220729997611,-0.003437957330119467,-0.019163366572117646,0.004036092071745401,-0.00604335736369146,-0.016126052751279138
-0.025315950717644285,-0.0059597556505763035,-0.00569605821784612,0.0004683999676261579,-0.003592489987757041,-0.0021777170242389516,-0.006861720120179765,-0.012154488726038394,0.001671607985327671,-0.006506462028997149,-0.019363591961549315,0.0015503620175864562,-3.705290084475442e-05,-0.0022021398914877925,0.007134703566764049,0.005747520533336689,-0.005022745033145445,-0.017813012659366745
-0.021650023047323587,-0.00443661537050425,-0.004561052128659847,-0.0037006489333703133,0.0,0.006768343680272757,-0.014421280105377406,-0.0038765241900168388,0.0012652574292694896,-0.00301914575436946,-0.0055965944361117854,-0.003691376113408749,0.021756831835747923,-0.0007037908531084776,-0.013500740340175637,0.0026347527938743267,-0.034131324311264775,-0.021348599693715026
-0.03261490141533232,-0.011702118516054672,-0.009123637854730736,-0.002375127069195238,-0.0031473429411928234,-0.0003135069481028515,-0.034094539240440334,-0.018935906419020654,-0.017005621447342956,0.0020768057778295366,-0.0016262430001668768,0.007910903242463902,-0.02327600726103544,-1.6612300741634246e-05,0.004237167880845922,-0.003414131650201405,-0.01678830960022355,-0.0154886313737157
-0.00480876180730322,-0.000486187342995511,0.0006467156867222625,0.02841369431742814,0.014037737417730518,0.0064491944155049465,-0.008036324974452466,2.318065089615541e-05,-0.009961945331802077,0.0,0.005013204021788117,0.008164827252779817,0.011301902873492753,0.004618875537290498,-0.007835249225210866,0.01039916362067244,0.0,-0.005941367914490542
-0.01805968036097863,-0.007595034606584506,-0.006275308619148937,0.0005578406775364593,0.0,0.0012767429466719175,-0.011742901967146564,-0.013866587518813681,-0.013638406175933452,0.003109485033217007,0.0005295570347100101,0.0001003474889103047,-0.004565049127420595,0.0032779626414595675,0.008259129751485149,0.00725266883982226,-0.003274678450747891,-0.007664577533580241
-0.01996091790381655,-0.005347283610134442,-0.0039478578326862124,0.0011350197898795417,0.014024435550329268,0.008967725920327602,-0.021511010111600993,-0.008781221897800479,-0.006701539868560242,-0.006172967868790623,-0.005610740866884796,0.0007205275504496085,0.009943317013079687,-1.2560023573581104e-05,-0.012238002949487618,0.006064073344349043,-0.004781652475100351,-0.011702696068409839
-0.004898834101831662,-0.0001436041288906242,-0.0016683666343004957,-0.002377896018724312,0.0026428900405712995,0.004229324478838193,0.004865733922764953,0.001199127356980048,0.003797843726672461,0.006491656442717655,0.009374541895450563,-0.0018126659726593745,0.02598215230906462,0.005020847964786923,-0.006149862798022173,0.01829763489102496,0.0018033147622306405,-0.011005062335386437
0.04281189005230606,0.011958139636560007,0.011572979558895061,-0.007523758519600453,0.0,0.0018174793022697026,0.0074463493205223245,0.007553736025984024,0.0042370168259430446,0.009129369717873329,0.005000031134166282,0.0,0.019979536208206528,-0.0005353932001941124,-0.03427452644722529,-0.0059432703274540965,0.010319198345020727,0.03251447908075571
0.062366662867645195,0.019784841372982472,0.010559363105523176,0.0015887341012563816,0.0025860358597969333,0.0015599980019197846,0.007874087453092364,0.011134575957172372,0.006402182606471239,0.010642508184332778,0.006665778679488324,0.0009311921645202192,0.03672922085268082,0.009717300547268312,0.01847645479200157,0.003982196824742842,0.005561197528860676,0.041175417644081086
0.06887540160624889,0.01885329876486018,0.01706041029397558,0.0005023458224249226,0.005401192934460154,0.003181248059052808,0.010198406510231881,0.009773263652073339,0.002499202507470045,0.008806619288724317,0.009143698346317009,0.0055534653480804495,0.028959334073643584,0.008677315715343657,0.02130443137190367,0.0017633233032851542,0.007347375877503765,0.0418762698828776
-0.010069107313725088,-0.005858536551855261,-0.00209761977449626,-0.0017750909141916204,-0.0019985977429929267,-0.0016425842877075714,0.005315837900592096,-0.010027998188029205,-0.0048775422726888736,0.002805753633655048,0.00039926848059422694,-0.0008235576697645315,-0.015488170024963475,0.0034459150466828736,0.004430596738435838,0.006385178638571238,-0.0010576891017964982,-0.011539518543514649
0.05952901831205866,0.018309719778691926,0.019732771578183903,0.00133162066917384,-2.683290823679034e-05,-0.003552382730600203,0.007161992047244373,0.008226642721113975,0.007886010217071688,-0.007686954716281994,0.004017645102024318,0.003312743375606384,0.02765355053110924,0.007156280713505314,0.024980370450584075,-0.004061044231503591,0.012881406716085286,0.04570002161306064
-0.01256490562506795,-0.0041849955994997514,-0.0046724894044459404,-0.006445334575079102,-0.002329541894467323,0.0013108493773780138,0.005019634211490821,0.00842991271603707,0.0014600862852566494,-0.0062318785664178394,-0.005856632840698374,0.006469485093195635,0.007171928026010382,-0.005482164898365409,-0.02446478204217901,-0.0010601183695175174,0.0,-0.0030057217031128694
-0.015198777182002642,-0.007106012265446515,-0.0035896907832393466,-0.009003486215441565,-0.001770203455529038,0.001522725482966896,0.005027506087988865,-0.004622396277894816,0.004548005092255228,0.005928983618695382,-0.002319927103559242,-0.000994838656356963,-0.003170496987406334,0.001039324596821327,0.008204769665612888,0.012277139412989782,-0.00023789120270277295,-0.007892926933143519
0.03338794665860901,0.010159216987293575,0.009152178823659922,-0.0020604075299475283,-0.00041341725484278177,0.00024079795279835302,0.0066088627995970995,0.007019533386327466,0.0024809313218549373,-0.004334073155467142,-0.0037533184129593107,-0.0016098614827484987,0.02395180744157757,-0.005076842254863872,-0.034462480908317675,-0.008362076580722383,0.0006205864136617871,0.002489483055887705
0.0431629459841819,0.012546589945340358,0.013788249781818567,-0.0086401341138394,0.0,-0.006888004459777262,0.004365946883089626,0.006302430819893475,0.002975801629302365,-0.007601267004668338,0.004299645289806099,0.00628556751306887,-0.011411091540922735,0.006596419489257185,0.019296262393048096,-0.017510978748281055,0.008900695573949152,0.036478128074290794
0.0074505373885951935,0.0006682414115702232,-0.004737069401472907,0.0025487986190478257,-0.002792488757195853,-0.0001729451756068566,0.0023375816534537868,0.004682322332392261,-0.00041560527703401497,0.0017721159331193293,-0.0009707397964423331,0.006538187191776454,-0.11119810517882146,-0.012210396842973094,0.014921735406282968,-0.017276277002937587,0.001460081956533766,0.013464163843130997
-0.014322135208893428,-0.0029485861759124877,-0.0026697043767533097,-0.002827507983227684,-0.0015246670956585637,0.0004542788519699509,0.008551937507147618,0.00659483617941145,0.001937791149815169,0.005291428275076715,0.014108367308586786,-0.0037734286315061678,0.026001501935344232,0.0014016977496026368,-0.0022638097410817223,0.008939294205350246,-0.0010945854023769006,-0.010337123816456621
0.04837661945459187,0.014359469872249184,0.013114032432757486,-0.011141816391402876,-0.0028122154581147786,-1.9557023689677643e-05,0.005066196707797416,0.00593792575865711,0.0031451946909483064,0.007065079192973848,0.007847620616156785,0.003763578508758241,-0.011446014924136768,0.005714092396817711,0.01582439834509828,-0.021160289937636086,0.0075631766864465615,0.037543050595177
-0.00857858049600808,-0.0007820129124769546,-0.0009156715496188848,0.0006483693781890743,0.010069972281001364,0.006824341246811533,0.004876670856621829,0.0001545228600679779,0.0020648848851110967,-0.0013672975871404606,0.002251704380629795,0.001756820457275199,0.026577442914806293,0.0014231799372878455,0.007506692298234636,0.017540869415728928,0.0025216123066269516,-0.00738585694262027
-0.01873163085132025,-0.004926553416969284,-0.0033078483141488367,-0.00578712780633201,-0.003129167385587928,-0.0009769287798339652,0.004406240860929593,0.0009209151048902595,0.0012071399625417124,0.005966152204742805,0.004290928736833477,-0.004500566426648632,0.004560040789328773,0.0005641268243585087,0.002384618025582351,0.0010250370641450583,-0.0017583448836069628,-0.009379591947319802
-0.014253974108348782,-0.0012180825021212165,-0.002668499500123483,0.0007801744972795009,0.00172152150266774,0.0,-0.0035554459702535584,-0.0014536119281945736,-0.0017385607308948278,0.00810993047581465,0.007236826953267698,0.024835689644162343,0.028026429635647606,-0.0008014686596300951,0.009803035221766192,-0.006200979658842727,-0.011501591279726464,-0.01046949103193999
-0.01700388804764105,-0.004904599712026743,-0.005174152878776789,-0.0026740605493784774,-0.0009233432202893199,0.0,-0.020606012853430885,-0.01448626215904655,-0.0002529872534371235,0.00886380070183561,0.005167976950951116,0.0056449732354292535,0.004891054290800369,0.004690500628042958,0.009493574301214433,0.005617242870026997,-0.0013939583816806403,-0.004023416543976477
-0.014281246977241884,-0.004887802684317318,-0.0027900128140091883,-1.5486733012866707e-05,-0.000425245716194311,0.00040520963115760634,0.0057646355931245796,0.004818163699219762,0.0012884756402014401,-0.005546864122353547,-0.003318588751171674,-0.0020042022238182015,0.04251126795888086,0.0033799778009673607,-0.011080729591372258,0.012089432813127618,-0.0014132046802383328,-0.009946405484352796
-0.023730885530929172,-0.01171885732500161,-0.008454013252653509,-0.008938606903232772,-0.0069005032567489525,-0.0026494324741313294,-0.023531977513092824,-0.018763006714508302,-0.008700439830395517,-0.003660226508149486,-0.0024334492016392425,0.002963281614774412,0.0010764049938955366,0.0017689756436290434,0.007523107699157092,-0.006351738716803666,-0.002880994914827324,-0.016962337233211666
-0.00479901525448701,0.00093877001208349,-0.004996510904063844,0.0005185090879908427,0.004683627335398079,0.0023067161666333372,0.006625268606210972,0.0034309907260138806,0.0035084658499204093,0.007127358044160723,0.008634952840522007,-0.0017995178524942734,-0.013734926710396842,0.0007269059688423706,0.01950149395931095,0.006965269611591908,0.0006709870115577802,0.0028352691676763186
-0.01952060837769014,-0.007608762767797854,-0.0059093436153146335,-0.003426380770724971,0.001584059827171812,0.015007425913913273,-0.027916441562263625,-0.011910243025532211,-0.009203246861579629,-0.009747071718174278,-0.004174507753066064,0.0028118572805394602,0.010842735532572714,-0.0003617220221536642,-0.006319083502400894,-0.0010356195770945995,-0.019163208963162096,-0.015906235200839725
-0.010354674833703312,-0.00045854550729825834,-0.0016021451289448662,0.006421451525952026,0.0007398012027271509,-0.004461825858985547,0.002788976773962293,0.0037550540411923124,0.0015244820144378925,-0.00048713445411628956,0.013796045666691724,-0.002034569603067772,-0.0003293985836616436,0.0006012995757965569,-0.0024352619317935813,0.009497553596208588,-0.00029368709868070943,-0.009728211597035855
0.03278119728586063,0.012504083992977755,0.01274765726984377,0.0,0.009938307129400947,0.01049681385989831,0.005794307479715278,0.0036874593518574717,0.004363692010982548,0.02749513343513984,-0.0038277693638770825,0.006361195534434296,-0.080125488689916,0.007768336260701572,0.01308543054126605,-0.009241586255958948,0.005269841648650784,0.019503023576981096
-0.009469946724568218,-0.002668266058724871,-0.002852817514424946,-0.005761512209640033,-0.0036609359110231633,0.00013247010238961202,0.0032592870331271946,0.0031922240126874618,0.0017121301874003254,0.0018444865838164292,-0.0033581269470451336,-0.0013761964477829595,-0.021009908876523736,0.002161591291047516,0.00565072352129213,-0.0013756288484899966,-0.0012722013858328344,-0.007327717444554703
0.051093674783640936,0.01436695145658963,0.01071012743891493,0.005507568589201317,-0.0031214183815491607,-0.0007739978868468791,0.005353261106421332,0.00850598853403298,0.0015684149603377967,-0.00627539077427968,0.006839956859217538,0.00514626578990591,0.017258429897924216,0.006978503673875472,0.025762907302117534,-0.005927419696809824,0.009144223849563204,0.0359379155605066
-0.009739255267197364,-0.004966979214582735,0.0036004373930685154,-0.0021914784267611774,0.01476638115394476,0.008763492065261542,0.007917717541495057,0.0013932869169548776,-0.002142602403847843,0.006442579653875136,0.010962111491932502,-0.0008232388290934447,0.021581019491279062,-0.003077855091473889,0.009764431023128494,0.01951091215245025,0.001391924647561307,-0.012430647444634846
0.03584780800564391,0.011490556363342069,0.008467323751069414,-0.0037549959262335826,0.00029168683349576913,0.00042161204832654445,0.008246546634815808,0.007948930830714036,0.0,-0.0016388584247196203,-0.003080574079719744,0.005804744173265466,0.023864368232978026,-0.006690327746658073,-0.0294983303761909,-0.0007862779360676428,-0.0009775353033802904,-0.0027652257025169227
-0.013459564754887122,-0.002046075980332049,-0.004675747290900605,0.010286544715466056,-0.000985324381823822,-0.0010083673355579515,0.00314241262688477,-0.0016890553701398507,0.004542143801459734,-0.0019715024124074693,0.007369633097510124,-0.002915464109736699,0.02498256943487687,-0.003967162928303636,-0.0012385028852883906,0.016977750038282016,0.0014486821443258071,-0.01015086872753794
0.05820875424849283,0.017842888495093412,0.019037683414864687,0.0031584965030269792,0.0058017512733838485,0.009231949597178706,0.0053484350820069484,0.009723149118275765,0.004900519623708285,0.0028747194898425927,0.01078727817624593,0.005340800980151877,0.007502792433148742,0.01746437094284691,0.02103799965665279,-0.01852322650816429,0.013150880254232226,0.045083567253100754
0.031432946185394384,0.007782630128924683,0.00820347238261014,-0.006355506189729355,-0.0015078534590897818,-0.0013955641697148023,0.00494442173780265,0.004937172436461504,0.0025750491912803855,-0.007177335193776483,-0.0021603761571975665,0.005272801967860567,0.016244281130606452,-0.008567765578224753,-0.039042954988855606,-0.010165984831738034,0.003955802703810755,0.011749336323632713
-0.01681062692582413,-0.003956494222041854,-0.0035858744199425345,0.007936256245289122,-0.0006823976147318867,0.0021945506022177,0.004195893774358753,0.002290270807369656,0.0013538768157250567,-0.004844935965457231,0.0107320119248559,-0.004747641326312864,0.002290091005314334,-0.0036472050474108094,0.005479101623966093,0.006754835836821028,-0.0015261833650836647,-0.011763503132537066
-0.0027672516335903773,0.0030217036162399785,-0.0006594234784364512,0.0005736837885978169,0.001823509795144695,0.001584105825413495,0.009595996210276968,0.006213813183825385,-0.002344048758602254,-0.0010583700697842134,0.0020517585270880775,-0.0019482904746933715,-0.0025875090420395966,0.0046036936683602385,0.0051962204225925205,0.0024758219413957222,0.001987607086990906,0.009403229115903421
-0.014898795481563955,-0.006671199186986479,-0.00526308889269548,-0.003702309541875551,-0.0017024036246229253,0.003179150198387037,0.0024141998016575824,-0.0010759220902018826,0.004335510971644496,-9.279084970699344e-05,0.007794803463038829,-0.0041315999458549765,-0.012952108744917005,0.0034893301640934837,0.016979015195765234,0.006891779116693741,-0.0013701216716366467,-0.011070112841804654
-0.032925660820519384,-0.010738314784485328,-0.00904937106170332,-0.00157018231677798,-0.002462092424397096,-0.0015108267795153768,-0.019765484293451464,-0.009129383774647538,-0.013329905014067505,-0.0030400894648362807,-0.005949474648171496,0.00606140203498094,0.019206956703803187,-0.0034053974564128365,-0.00762076102676031,-0.02191970808982099,-0.018241097582868973,-0.007572581045720506
-0.020915227161899936,-0.009673269668241804,-0.010461874889804126,-0.010197590908881206,-0.0025293981320898907,-0.0034453563520897776,-0.03750733768281395,-0.023683223390230105,-0.01275235820686056,-0.0018123181943175866,-0.0027662827523098413,0.00022648141896853952,-0.02225765782176875,-0.0030930425611128205,0.005056196510564316,0.0033664303649282865,-0.0062259586169551035,-0.011462357221595804
-0.020154570704603664,-0.007285807122952853,-0.007992868220684889,-0.0014913294226473037,-0.0050889134690378654,-0.0015390150765500056,-0.032513227154512055,-0.013959150760843822,-0.013265534573582536,-0.009697244048361623,-0.005618077789982871,0.0,-0.0014455101481274028,-0.003981230254355289,-0.007555934994262761,-0.005673146023996944,-0.02116384424450554,-0.0029389446261595398
-0.02707998595232859,-0.009315771376227407,-0.008506828519393113,-0.0006134434557745317,-0.002845806607231691,-0.0037071396604378666,-0.02340708158069565,-0.013090079968422295,-0.013355747640634238,-0.012566648048459247,-0.008788997952631543,-0.005545776452073821,0.009938589721031408,-0.0052681273737758124,-0.010890604346696984,-0.026641198929855208,-0.015614557925422339,-0.004389378186941129
0.054879712834391255,0.016152511391279514,0.013210326869678974,-0.010798331104378753,0.00143716787180015,0.0014942695671048745,0.0071354340602660755,0.00815786601127732,0.003057110546543731,-0.0068050865719760855,0.0044891522620528635,0.009798622154129173,0.025544031935971417,0.006327222541474734,0.021348918158462217,0.00024521369719153864,0.005995652184789105,0.03600001645770512
-0.01649319688856368,-0.005450606285034178,-0.0013613884592717127,-0.004577617109154896,0.0032854050217729605,0.0,-0.015438075024357859,-0.0075960723911846165,-0.00021026986007082453,0.012263286415329326,0.006929370805066521,0.01461724035469578,0.015707916156421177,-0.0015691154743432904,-0.009859045581423167,0.0028218461036530838,-0.015703748726805813,-0.013248272654078415
-0.003538510927263268,0.005250251306832075,0.0012282334055857672,-0.002857411420547962,0.002036673396905726,0.0015968965963930291,0.006817684775172887,0.006808294182919429,-0.00034679215538985133,-0.004988112481700023,-0.00477570648099649,0.010589161172867989,-0.014980617175520173,0.003923391470050026,0.008988027358704588,-0.0006922346521532324,0.004036201622284056,0.007039231069766089
-0.011400412879872512,-0.0026311967224036067,-0.0005205559258565533,-0.00017015171037355588,0.00029909177991415195,-0.0014763601335607386,0.008174968957728504,0.005549844250314422,0.0011818433273310554,-0.0030652891423309523,0.0,-0.0041982369019313215,0.042109135097596305,0.005866624408067438,-0.007700159377324712,0.018593863456903992,0.00015797084761404938,-0.0069528973069834035
-0.019141449031848536,-0.006235837746404555,-0.006105654717466422,0.009564668016520277,-0.0015588610616345349,0.0013897533312609365,-0.031812519426072,-0.009245839603900675,-0.006959748107899297,0.00036960799389936845,-0.0015837406285840135,0.0029456040745608567,0.009632275705212126,0.0012598714168769948,-0.008788740039806243,-0.013351036371700877,-0.014334799720431758,-0.00863844092750296
0.03366550522887032,0.009735996419866829,0.004028621051342657,-0.0012646897536135768,0.0018164348024231707,0.003053235166620855,0.007599272231514388,0.0067817931714394,0.002329977063716426,-0.0006181487697121408,-0.003621672952507057,-0.0009710237329967899,0.02474095652595088,-0.007662755225879897,-0.02838701812085318,-0.0008408333910494597,-0.0017432140784811733,-0.0036934806689313815
-0.014374169448365384,-0.002609990038131968,-0.0026045177350090694,-0.0038576039712808334,0.008035380545511221,0.00012799959236515766,0.006601507874693285,-0.0002996973736306653,0.006826847769562022,0.00231663471143694,0.005028770039310859,0.008161524360110417,0.006402025834664246,0.0033808082293801905,0.005323592106163217,0.008816380691192921,-0.0006957335519567453,-0.009638418995952268
-0.014162645091525438,-0.0009116109812912612,-0.0033681313014659858,-0.005679155444467277,-0.004202966971256416,0.0014785090306496053,0.004971086748942565,-0.003909741669649178,-0.00017338149825851535,-0.0029273823312816636,0.0034307346256139083,-0.00429303660566242,0.0061955578988567355,0.0014158055534831003,0.0047344299977504665,0.00974766869610741,-0.0019043421918902323,-0.011866122723971312
-0.014087590174317153,-0.0044851020321401295,-0.001089129213501961,-0.007250831712801381,0.0062401781286534185,0.0013214694212269457,0.004348642106828729,0.0001411909447192184,0.002465621662679851,-0.0020661802953446024,0.0010431659489965577,-0.008917092057175797,0.0016440338540769522,0.001164367773157787,-0.002970412753392465,-0.00017296358682759622,-0.0007546947939649692,-0.008806187430358908
-0.022991147741789057,-0.012261310351309894,-0.005201683462438329,-0.007524211185764692,-0.007863256678272458,0.0,-0.013191924253245278,-0.006279111136778469,-0.01141760532097709,0.000610062587746494,-0.00592372979368329,0.002128922323543311,0.0018057913406932871,-0.0009598926437978422,0.013586589195192643,0.0055776983552879265,-0.004102822750883015,-0.013063487526305637
-0.02199307523827205,-0.007016702693960706,-0.004805312800254748,0.0007329930739301807,-0.0012563846290280353,-0.0009068656423765344,0.002231468890361588,-0.004989679863051018,0.002872300306901425,-0.005919573538056356,-0.01622929932057715,0.0020646500772578797,0.00697366151671733,-0.0042707454708721376,-0.003663067718799285,0.008761369677441783,-0.0050551841910275045,-0.016744133485906032
-0.004463680972163805,-0.003928572534573115,-0.0034523733639535152,2.4101535469444303e-05,-0.005242360946208034,9.267630953524962e-05,0.01075801850639897,0.008362042237207006,0.001200231845202067,-0.00026731602430848857,-0.003577823872293853,0.0005812935257327928,-0.00700982180994497,0.0028037805945208528,0.007667034553283483,0.00019264474206483225,0.0025810662893147062,0.005189423773519803
-0.023598622441084665,-0.007322783462150979,-0.003485188756447194,0.0013015813625555878,0.00830381416826976,0.004411376823502056,-0.021300141214164712,-0.016524290538297747,-0.006488885837465446,-0.008061935546364411,-0.00445070193372297,-0.0025352077367886226,0.010477124106597804,0.0007000799440991666,0.007799995039893983,-0.0023304886331528053,-0.021259183369304643,-0.014116980500654228
-0.002310104467581609,0.002420134831518531,0.00016692643283159285,0.019134664183174853,0.019139848841945646,0.004745289685308089,0.007735250055582511,0.005316600200339902,0.005283436347920615,0.00858259921728175,0.005229579645375761,0.008395589010496498,0.010677350325491356,0.00726309752788304,0.005535700442308535,0.01126825670385873,0.0020823390302608506,-0.005920868233930496
-0.01494476967734462,-0.005288343846378719,-0.003488176892037999,0.0011603368804334066,0.010195542603667451,0.012173142607422084,-0.015014869131265509,-0.010638307133518767,-0.009555894157882671,0.0020524668072373735,0.0022316893513510748,0.017915026442425663,-0.012750865197757581,0.0020416462373019618,-0.003339336085770557,0.0015635376633272948,0.0,-0.004957897402905604
0.04218035370228075,0.012136589923906003,0.011499720134179062,0.0014802303278768699,0.005534880849996706,0.0037250388516632876,0.003968127963200831,0.005686672759331306,0.003131965920469979,0.003631824334351862,-0.00015058556097143674,0.010360753269373496,-0.012798222342544853,0.005170902161045253,-0.0020493107156521265,-0.017982638491925204,0.006583189590364936,0.02948029889600763
0.03985538230726852,0.011980388175472343,0.007561445653210557,-0.00611357521465443,0.000651771988295281,0.003501212485504873,0.007852041816460526,0.006937719599896301,0.0030302892903190733,0.0032873472882896802,0.005178233715238389,0.0010734033469923352,0.03524040030590408,-0.004089476451936505,-0.0219455411343072,0.0007515785137050568,-0.0009668944513642598,-0.003208651297275697
0.053915063657918046,0.015901823890858237,0.01421967321075828,-0.0037725467996167893,0.0034040547536710337,0.0023813265765490403,0.007196579843239342,0.006666341876903856,0.0027565428191314903,0.008983916008854958,0.0012221162283622793,0.006605917439788372,0.007277571755910022,0.0016339367435025762,0.01649327981837182,-0.006308965792354027,0.010519532247989523,0.03478741689807832
0.05377549431299593,0.01760308203171758,0.018069616801403794,0.002845632567980102,-0.0007941413072402043,-0.001751465339981703,0.006296203102281552,0.007277269428321396,0.004737718352204789,0.009915121926422415,0.008910606211533617,0.001023079327375675,-0.005858500062182608,0.0011711564398101857,0.010425972751309279,-0.02223984198208909,0.008073157799459453,0.039795696488587204
-0.01674395874225097,-0.004427364160201298,-0.002395497363703994,0.0014605266435033602,-0.0025966440474130127,-0.0016980549594127784,-0.020791401827310048,-0.0109699855832122,-0.009742172078332481,-0.005970108956024603,-0.007999349925703891,0.0015750671981581185,0.001057770363538123,0.004177836738067659,0.015366951636529323,-0.0005372779654698722,-0.0072669732700250235,-0.006943694967208092
-0.008193647613533311,0.0005711123052007651,0.002741443355994403,-0.007701753619973441,0.0035803729594987613,0.005099726297774048,-0.0018234886833943034,-0.0029148834540771414,-0.0017945750323145272,-0.01801274277527718,-0.012172509523301497,0.0035219275480836134,-0.07223225706936327,0.0003604980705200317,-0.013572349913750663,-0.027445124699090193,-0.0011193178601711664,0.012702084914234663
-0.01116939722873955,-0.0005470549629214606,-0.004192127835600771,-0.0024932562788818986,-0.0011894004677069276,0.0023115263034049743,0.004140729627123715,-0.0044173130385184245,-0.006013950649168307,0.0014581359731175593,-0.00201786743132414,-0.004130954821848463,0.005068857249460554,-0.008240370623095473,-0.010294625208226488,0.006565930363223898,-0.002961563878336098,-0.020411896439859703
-0.019090894120703437,-0.00958372475634551,-0.004707364300137086,-0.012656343198273565,-0.0013035112389394418,-0.002742907396439118,-0.023123020615151757,-0.017930562736584017,-0.01089711599034659,0.0,-0.002391724198915502,-0.0011819221272877365,-0.06416897744915447,-0.010685557703054701,0.007721342131676034,0.012795665769925496,-0.0003066330053936515,-0.00977366335937166
-0.0058929407782120045,-0.0010601020818352058,-0.002134049785864132,-0.0013438295891371455,-0.0018512665623561543,-0.0042391438607222425,0.005636055272173978,0.0038544993681980735,0.003244919530250265,-0.00507176841519485,-0.0013582022465883604,0.009427433048657818,-0.0787392597761722,-0.0020369800583573375,0.013289530267768628,-0.0002651400244995225,-0.0004508300671286677,0.004420186042329771
-0.014601258455530971,-0.006536389045021865,-0.005502571752125479,0.008734927480461101,0.008061345258560402,0.0005102450114602857,-0.032169461682656615,-0.009416680913879495,-0.01435247363273818,-0.01681270122918811,-0.002713701374447267,0.0040417270313821444,-0.013451192568345765,0.0015341796918962583,0.0023293908999128306,0.013418925342817621,0.0024439755449652168,-0.01233487344198654
-0.025719064089089534,-0.013302958215956359,-0.010370802861798218,-0.0021286028402159526,-0.0025164016142515807,-0.003433784780119974,-0.032237420381424145,-0.020836380642673426,-0.01897611423618208,0.007166553879147983,-0.007207164276958946,0.0018246851320951698,-0.015729050975743678,0.0004787357821373115,0.005930937470944201,-0.005795725452393526,-0.008969310533792423,-0.015017982984539574
-0.00996713978143331,-0.003728680685920573,-0.004463294156353674,-0.005879831164546155,-0.004204561280561127,-0.000404065131921087,0.005880028474914254,0.0054753873493253846,0.004718750533246911,0.0045069143997305446,0.006638144206420243,-0.002066850831072746,-0.016347699121142815,0.004159216426842338,0.0172947537930459,0.010285025012788905,0.0,-0.0034454989739840965
0.04500299266866061,0.011201898241784978,0.004559996427931838,-0.01216457735318452,0.0030334500373133586,0.0025605652951443698,0.006808459662675989,0.007210899251114029,0.0008141247023189013,0.0033115199198471986,0.0009741161625772699,0.00011992664724772134,-0.013245043934202868,0.008653442228532919,0.01930108118882651,0.00031469793986264345,0.003488860727407263,0.02198748027183378
-0.02372139189891925,-0.012000144356710422,-0.01037957403138364,-0.002445468344261066,-0.004622409658829552,-0.006180083686383362,-0.04640077294581073,-0.027821452916559318,-0.00407036489182452,-0.0047140844778307,-0.0022851349981705465,-0.005005168130864582,-0.019682983210044667,0.001266459930296693,0.007354040690259051,-0.008611651087226729,-0.013478122181451004,-0.013670176835433118
0.027543116664836755,0.008015062935197279,0.0017396672735871977,0.001057022207323693,0.0003263630984851009,0.00172783390805161,0.0092428838160254,0.010642673984820031,0.001286378716277808,-0.009570039017101439,-0.001060591585822404,-0.0007262730277899003,0.023900151582483594,0.005001517106065088,0.009356460286257383,0.006015556023836049,0.0034777125013531643,0.006581567218688841
0.02503789150465767,0.008365665116491772,0.00018994952284565994,0.001152190726187365,-0.0007074456576228789,-0.0011743592014175485,0.010313680107270885,0.009919683829277489,0.0017152947802429642,-0.00326458266696287,-0.0013229086329188333,0.006983698276720214,0.019587972614796317,0.0020646813880928687,0.007650352496392422,0.005888570197027971,0.004861158994689133,0.007134172389165611
0.020643314034125174,0.004999940774773244,-0.0021886689666535696,0.0017550678155776364,-0.001389624547071334,0.0029361322022142715,0.0114516549119817,0.008156614045823291,0.0028146420091620284,0.0,-0.0014191114746637627,-0.0027788756706284704,0.029970412287231036,-5.242612960893422e-05,-0.01621364213174144,0.003890852640585544,0.0010110872157519464,0.0004700514534499989
-0.01027326800498967,0.0005180919856481048,-0.002435565603602936,-0.00032251011130727376,-0.0012104233750139018,0.0020840112231968666,0.00630660685652438,0.004141144181913453,0.0025112109327013014,0.009829169384297468,0.016734893434854802,-0.0012326975453313454,0.007477729614295546,0.001955815241250623,0.005060663832012384,0.00921381478536517,-0.000961679258023467,-0.010521349733656482
-0.013364080056084419,-0.0038305720658945433,-0.002260532891491437,0.002443099120730744,0.0,0.005021574482887474,-0.02474803694849038,-0.010440204564150122,-0.009249202133257455,-0.006539459702492162,-0.006684926664532731,-0.002809554058464887,-0.020713975282360016,-0.0008030699988517072,0.01017544554660073,0.013033878430558274,-0.0013764899685402387,-0.010203140095915025
0.06445249154023973,0.02010694975805797,0.0195079800185161,0.006846206408147757,0.0019886365310908993,0.002013735227394239,0.010046510603655643,0.008587846177754918,0.00405745913271189,-0.00914060501654898,0.004110695803745534,0.008224143001171958,0.03181815946501143,0.007986442062796662,0.015920826672605286,0.0014590845280010281,0.008028661265216262,0.04206161782329995
-0.014271743776718346,-0.003172954668548181,-0.0034334773765714918,-0.00213901286881849,-0.002945487358421442,-0.00019289121702209546,0.005876054545103432,-0.0006024963116522043,0.0011242363007895688,-0.003941771088184652,-0.00012355673686360196,-0.0014456397363214232,-0.0014012083987718985,0.0027811700931845065,0.009671514655144774,0.0040066655634119226,-0.00024071568033240862,-0.00975657161387005
-0.02564993591159539,-0.006549574524278643,-0.00545754906676299,-0.00032580506801065475,-0.002672042914179985,-0.0014611129560793675,0.00268179894391682,0.0014300433277679159,0.0017576001112836897,-0.002264751403869494,-0.0029108340408536756,0.00439064025208951,0.006900444737176894,0.004209491105863074,0.00716002745011646,0.003326287216985969,0.0026280608564034163,0.0018927328126163278
0.044703915565910926,0.013545128021190456,0.0063923908969717985,-0.007294347258100835,0.0018563378639643935,0.0005771548687841515,0.005839225075260514,0.007867943169092397,0.002109456268776826,0.007648160880615523,0.008788646279485736,0.004987411377397026,-0.029742737761775072,0.009516127010743756,0.036329458265666824,-0.001717866481059375,0.005095333362227375,0.029727143770807887
0.05041894680159784,0.019364093061957202,0.01097487039184137,-0.0030277428996841613,0.0006168670387380599,-0.0027049691409185158,0.006414789283675109,0.0057124412570429715,0.004943505454679853,0.007109791969968413,0.007369682479379268,0.003671654087516199,0.013736955684902538,-0.006962528687761708,-0.023811848368103485,-0.013054773235783277,0.008670328699237461,0.026232681437061686
-0.02534318985788607,-0.005203440654433054,-0.006621448014156825,0.00046690238327731033,0.0,0.0011485788369173815,-0.021421859113391447,-0.006408754958746575,0.0005168207332303186,-0.004343875778833718,-0.009747373824828782,0.005405671870124858,0.011672170353583934,-0.0010353790445454577,-0.009094483667776616,-0.004539512733729857,-0.015855807931872405,-0.00020160386761555738
-0.022547603851825478,-0.007189805431195241,-0.004214934706919491,-0.0028653197412817745,-0.00530493556254483,-0.0076482035800711605,0.003509443765621371,0.0037553969072288743,-0.0037376327919938068,0.005796267356330429,-0.0016590776433176018,-0.009348089108673442,-0.003592491341528879,-0.007016249748587088,-0.023523497593715928,-0.0019578802181514456,-0.0011695753607973214,-0.008741952323271032
-0.020650000233682044,-0.010015054268637207,-0.00689848476744351,-0.004893503635174172,0.0003357811824356131,-0.0014660975467684478,-0.02779768544956898,-0.013298120792902862,-0.010199277284278746,-0.0009974102554691211,-0.004277869408244207,-0.00362353667267537,-0.056672991426519485,-0.00798662207935797,0.005503475653735143,0.008699944282709704,-0.0011148742688038397,-0.010443224243020494
-0.022588668966918912,-0.009961221203628213,-0.0049725326320541954,-0.005228580491714473,-0.004740482797262281,-0.0016297356264017796,0.0031950430863935822,-0.00995619100816657,0.005403981169898489,0.0018797372178675272,-0.0046827831894827735,-0.0016469573669135277,-0.0020960924656529094,-0.008463318487746231,-0.0049655704702512606,0.004799947681745408,-0.0014304604621960906,-0.02155526403963577
-0.021850710013062997,-0.007606580808563572,-0.003975465313654198,-0.0015468338745407441,-0.0036147363097083565,-0.0004164270690427834,0.004688630958750565,0.0020326060109355625,0.0013703065923819048,-0.005401147141384997,-0.010176477405539409,0.004144937584352579,0.0073774035535050155,0.0005964104454200369,0.004189883980691688,0.00689255734753885,-0.0015850022779699876,-0.0008436599260459171
0.052471850727066956,0.015683785315150155,0.01611715917691633,0.005331566617480036,-0.0004959877728117567,-0.0014616391808269318,0.005267696409672352,0.007701022424860854,0.008198486553775438,-0.00917899110524407,0.004958936174616818,-0.004682975468179923,0.02931757636904012,0.004278319832160708,0.008568454430917213,-0.016216272012701326,0.004281203240755788,0.02302134179354834
0.046306224744712604,0.014563386945718097,0.011267386964534101,0.007349307943710082,-0.002893448435798146,-0.001524592928745051,0.003972200988042323,0.004730868765809697,0.003857218575486104,-0.006366666268712211,-0.0006907597290561752,0.005329014194745984,-0.004547933549099847,0.021375853453398246,0.027546722177022608,-0.010330039960972268,0.009589447882704692,0.0399888757437214
-0.009289672679622975,-0.002237904144671543,-0.00113112348672646,0.006757487225689116,0.000816921097470159,0.0013484263091535892,0.008198537463136141,0.007086825460364498,0.0028074305221088675,-0.005544702410114051,-9.220455091581064e-06,-0.004406750877673716,0.04223110755902245,0.003181549327043214,-0.008889083364814093,0.01801245967509452,0.003135055346020085,-0.006766125970319753
-0.022275672883256138,-0.009373528294183062,-0.005602065387142287,-0.004746249097816495,-0.003373637225740535,-0.004592724096060026,0.00261189092872013,-0.008633093887824477,-0.00102267311045485,-0.009818095003002557,-0.02842544171602678,0.002661205626220267,0.010511570405108615,-0.003393470396479578,-0.015592727039080293,0.004758277392572067,-0.005630468785947428,-0.01520953171041979
0.0553779533587378,0.016200476153354054,0.01227979377315432,0.008265281417580605,-0.002916084092916977,-0.0037232944889520653,0.008686923650234959,0.0013422250484168411,0.006282695180929464,-0.0056792410489907375,-0.007598888528269932,0.002408699668144787,0.03503600291441057,0.00531606517470505,0.017812977785915625,-0.019924006373350397,0.009534834898076303,0.04086518662161187
0.06804080539517975,0.020880586983163328,0.021837409132729985,0.009267839634636376,-0.0026728143869560795,-0.005390961291312745,0.010510828308543668,0.011677690069171956,0.010818249220257344,0.005676039085080804,0.007447515594029399,0.001592518429100918,0.03912043710674913,-2.4394263757692994e-05,0.017345498451330616,-0.008944500405171054,0.014719624283660752,0.048488050892230766
0.06809443287657338,0.022466295281244216,0.021452599848650118,0.005532673890668428,-0.0029955633854098244,0.0,0.009234299011659553,0.008991816482117315,0.009703571985753879,0.008045542298640202,0.010432913232301123,0.0036614735701076965,0.03621708092338344,0.0072350045481017556,0.02286589133523385,-0.003339097622609973,0.010692839145932736,0.04720646610858267
-0.010189335317351268,-0.002391336264027478,-0.002509614969993914,0.002532825902673748,-0.0019570920607924003,0.001239182247908792,0.007966013263098051,0.009888375481645124,0.0022263593149258135,-0.000969109330566451,0.003249068182015739,-0.0005044876726850849,0.040975154490863176,0.005389360900861152,-0.011475227898328166,0.012252548549292416,0.0,-0.009134816845863716
-0.01997470074105503,-0.005782372090790275,-0.005005424707562998,-0.005914307129669956,-0.0016242637378288103,0.0005127213834865862,0.0032893394002378317,0.0034352294567678763,7.341874849893855e-05,-0.008516827742627365,-0.02135806049439169,-0.0010411460564776994,0.020407092068431616,-0.000742260337039547,-0.016239966521616755,0.006148230924977266,-0.0045585651949099845,-0.01576181136903964
-0.030601930942444105,-0.009815411758862858,-0.008932624819363372,0.0055348150490779294,0.00580288372036193,0.005280486839300106,-0.03236150892168609,-0.015284689717444703,-0.01741215365670324,0.00641720095175415,-0.0019077687281553852,-0.002873077299739882,-0.00330555361377187,0.0040103457889370505,0.008132062445768138,-0.0016284809265378294,-0.01851336865195692,-0.014264138509639854
-0.009903521900075844,-0.00011144355827853601,-0.004230348590630649,0.0024501878367664243,0.003921401345179348,0.004304632421219149,0.008080059900867315,0.0046178355943859595,0.004541364978230994,0.007976738249015234,0.012563378107286177,-0.003076154424061473,0.013542262826765636,0.002376295994361211,0.01753793690375723,0.012318716404722449,-0.00026930964954054794,-0.009722592655697637
-0.021299617645882826,-0.006023200999213796,-0.0030480144860518103,-0.000676278541186112,-0.002853977352502326,0.00024659638110204345,0.004197104196371335,0.003264521259533609,0.0014490103854171625,-0.006141784600795398,0.002125780823156086,-0.0023289578983634205,0.0039513456251555465,-0.003972737850813254,-0.002896691818596866,-0.0012538791561649805,-0.003279389362772303,-0.008267281275977173
-0.015130249718880509,-0.00445850332302542,-0.0026418629093636265,-0.00418433346075469,-0.0003509873575115985,-0.0012387582435650938,0.006882234765184799,0.004106523015370787,0.0023752254795441465,0.0016770418772670762,0.004125878381364547,0.00483629290166471,0.021267148328926382,0.0013210961373787552,-0.01515596294184543,0.007110214584531244,-0.0014619491182729224,-0.010896471598582588
0.04360685884634502,0.013108942403065777,0.009599613705536797,-0.006549844952523539,0.005078065276945034,0.004590795087068892,0.007751553167862158,0.004943332184549172,0.002641848540737776,-0.0081278119278179,0.0036064448644179342,0.00036939529850160257,0.018651367734915842,0.005775205119636899,0.017655912653563897,-0.002235489811201504,0.002530009345803114,0.024605400805397193
-0.024143888792777568,-0.01142810532767418,-0.008121937128400565,0.0012640072529376501,0.008683677865643058,0.00921505869971688,-0.02837329919475642,-0.017558555243409983,-0.012479334191918557,-0.0024750933089288133,0.0006161831680899006,-0.000809644947473042,-0.052232030168508595,-0.00411231992626845,0.006203256111620549,0.004599818027641433,-0.007578245047024674,-0.014174508944945236
-0.015853152689618247,-0.0026828960631483166,-0.005247944542485676,-0.007609597177281069,-0.008646035979012711,-0.002557097417574259,0.004126412206618813,-0.0019726352408067326,0.0036499094509550934,0.005457508280199872,0.0,-0.0004478855949286004,-0.008899663645063257,-0.0012058464087753408,0.007650924730939528,0.006836953054462245,-0.001926678441400859,-0.012041633101243909
-0.01154357451806216,-0.0038493541073356475,-0.0013649123438822745,0.004545726210744245,-0.00013933125863894256,-0.001391579715119348,0.004774539917888091,0.0008055542820944528,0.001680317810101783,-0.004206176099112925,-0.00701130080967551,0.006576563515562408,-0.022667344008331355,0.006131476996238998,0.018657891100650074,0.0008406174603047126,0.0025022772587910895,0.004190941974386908
0.04631478936674089,0.011719642119084156,0.0029237466225098614,-0.0013433544931362935,0.00470161835219041,0.002860146277966809,0.006376096448201608,0.00672995788218057,0.0007098359450228852,0.005146938561820288,-0.0008720364032866498,0.008586229467287276,-0.01203567080418209,0.005598437179610373,0.005538219966657295,-0.004758801107043836,0.005300770862599988,0.024472788066256634
-0.020959717616999562,-0.005360822458216676,-0.004209361002968498,-0.0053261629996220715,-0.0020777238045590124,-1.8810060304025026e-05,0.007742614011589931,0.005267290809877983,0.0004659252683270921,0.00276411738880855,0.0005689713845419867,-0.004237667615453364,0.004297495991321543,-0.0002848193038026299,-0.0025532291587838573,-0.002211923958977962,-0.0010633324935641535,-0.005604539736918983
-0.02623600159618788,-0.009222446558593935,-0.005391267387419208,-0.0013364199817364967,0.0031220743690215528,0.002947671041774671,0.0032605928951948563,-0.01789013078903431,-0.02078180720631791,-0.0035082390247485667,-0.00985003189171336,-0.01289132370248256,0.003230025924715386,-0.006284692118073795,0.015614820273350222,0.0015016779190040828,-0.004812427931814721,-0.015237419523913567
0.057834496472913936,0.016872717783499306,0.016881350308991405,0.006672711173480012,0.0014220780214441828,0.0036013559040939088,0.007315300534664162,0.010411842276819936,0.005401308055114597,0.007264850216465044,0.00704495857933923,0.0004653431893629474,-0.003578203798399201,0.016705188544358315,0.01632026471697722,-0.01639718685111586,0.014581061688557643,0.040576362090022106
0.022015538106404976,0.009770671468757078,0.008324566068506678,-0.0033162162290833533,0.007706879239610226,0.010884661587395265,0.001982496183570919,0.007832404881256338,0.0055780878365708384,-0.009249780460092972,-0.00911758601950195,0.0002802005664572809,0.003281959857847478,0.002752955968894684,-0.017701520438952623,-0.02075289533732576,0.0065859343999583615,0.02261558614050862
-0.004968437516434866,-0.002424709385309135,-0.0028386882399691954,0.0014822111538982108,-0.0012956409406843497,-0.0003105305511077782,0.004898083966888793,0.0,0.0029186252859879558,-0.002586580122796644,-0.002818982616931656,0.003552264670509311,-0.04168925596814508,0.0023818459454501306,0.014342918307027337,0.0013565803769202901,0.00029392176361992147,-0.0024630606160569585
-0.022236443814321983,-0.008148405080830414,-0.0039009032677636006,-0.002378203307611887,-0.00821578177027588,-0.016522695357658015,-0.0018244161009314582,-0.0002354566801696161,5.758515780784157e-05,-0.0022150585612423935,-0.004385244767383543,-0.004446375642936539,-0.15303243446910983,-0.03124669690301133,0.0014666627478543879,-0.005941544658059551,-0.003527238967429118,-0.0031158816477778184
-0.02296761161703303,-0.004655958115248969,-0.0052995991105513575,0.0007213672047104841,0.011811745579196392,0.01599366609907597,-0.016614368235784757,-0.009369609312829345,-0.010045763951297443,-0.008379407857566152,-0.0070740382697363794,-0.006809177637007336,0.00951603254128141,0.0003213213221002611,-0.002033231519325857,-0.02215948016594657,-0.01688841359014595,-0.011080144126406344
-0.014454540060635783,-0.00525501369873276,-0.005157895686074238,0.0021281422565070976,-0.0012585971309710998,-0.0007133968525968988,0.004905555938324652,0.002820561847141262,-0.0010529672594662611,-0.0052327577483905815,-0.008429532677187684,0.003488644318564223,0.004221745732910988,-0.0013811218255693053,-0.006585907218028697,0.002465646629946628,0.001784581364261154,0.0011202146073295421
-0.011326764825974125,-0.001403501769982151,-0.002120559916375561,-0.002506639139726463,-0.002847901700887452,-0.00013958940118449737,0.0010657800234737903,-0.003519132889980219,0.003465910679130395,-0.0016353809023980114,0.0034071934873127325,-0.0007642637952886179,-0.0038383234237276583,-0.007020317056299141,-0.022706326332589753,0.008319171723981741,-0.0025985465761766548,-0.014033254897766363
0.029802590892700112,0.009029682095663159,0.00861142424701591,0.003165649190395737,0.0060748265609917385,0.0025512482789795806,0.004431867115346764,0.002478961546228158,0.002662875204932729,-0.009072789409424067,0.00143117733735076,0.00385945136882886,-0.02294829758722075,-0.000930498405092679,0.0,-0.012647459955650336,0.0026459312957728643,0.01974900190669082
-0.014467697070901089,-0.0075217463246807755,-0.005874050347456506,0.010408504067957281,-0.003502415200212769,0.006303727693876993,-0.01014009760934068,-0.016961290255575807,-0.006453798809623311,-0.00017445593474652306,-0.015383067874392411,0.0018114057463654205,-0.002537709681405789,-0.00036788378474673493,-0.007943566831357178,-0.0007025578490473099,-0.004092983848208605,-0.012304833563152845
-0.011775987640943359,-0.0003892152929794896,-0.003233389389216973,-0.0011849210720857994,0.0025266624564549826,0.003342655120326656,0.004587072507691065,0.002581901637789576,0.0012540352252914928,0.000989271598694871,0.011209696976131629,0.00047465003347318675,0.009399324163696626,9.730515695078058e-05,0.007728180811808804,0.009285072255997421,-0.0013215737533507472,-0.010732304303216006
0.05460656926320168,0.016171945450972232,0.010749466292079634,-0.0005652478749144464,-0.0003915194556374266,-0.0006764665526851863,0.007691750546242161,0.008578759146258054,0.0038880049522106337,0.006807650707346166,0.006530020669323714,0.003104412193746168,0.023253084937074838,-0.00279448047224469,-0.010786303249168735,-0.02660235794506683,0.007573212318556534,0.03582277344268725
-0.020017396366207606,-0.009031021205809989,-0.005254896217265746,0.004455030169068783,-0.0009272952797750785,0.0042187449385742565,-0.017566899806066794,-0.012071952121071887,-0.008990998923862386,-0.0019117115931156995,-0.0030676472010607602,-0.0021451870703756335,-0.05796161833326697,-0.008296636544496623,0.00891421598964283,0.004828733332106491,-0.003950243291894133,-0.007681060067869533
-0.017352836703234065,-0.005217617723579695,-0.0020191579878893447,0.0038573588313923573,-0.0019666545759030015,0.00017462818170503394,0.002499430201352315,0.00505460827922789,0.0014059194884395204,-0.0033409986734042325,0.001283775091322785,0.0032791332176828163,0.014338184591032529,-0.002449178781043507,0.0,0.008563545379492787,0.0004422445107692637,-0.005437531712628653
-0.010442181262201778,-0.0027365011755195222,-0.0022345795809539815,-0.004486170154805775,-0.004556933729054429,-0.0025961820013975603,0.004398813094574775,-0.00016121812863660368,0.0025553410479185173,0.0038345491465287167,0.0007284236697418635,-0.0020688972632096924,-0.008978189531948157,-0.0012530220019240632,-0.006118092833844767,0.0004175511702058618,-0.0011819051403085766,-0.009901238652355662
-0.021832766141199694,-0.008265577525254942,-0.004683017499883169,-0.004688205737860901,-0.0017795440078039184,-0.004120250350206815,-0.01649708012571183,-0.0055700842168190014,-0.003612991710225184,0.0072244654040882995,0.0004804908895868771,-0.0036144623859454663,0.018550276454878716,0.0002129268479379201,-0.007414843866363618,-0.012589499802311834,-0.01937090371138678,-0.009647231917302684
0.03308809990733755,0.009020838654278858,0.0019184251633685063,-0.0026891581223565334,-0.003457417354787481,-0.004292243193076301,0.004326972311175399,0.0059496292005757016,0.00040802869167792235,-0.0081444914748102,-0.007807523178387331,-0.0014140804055960089,0.017636058877514574,-0.009138457808808792,-0.028496808292502934,-0.00022699197664892952,-0.0017156836803624937,-0.005079281455212008
-0.016255582319595153,-0.0052295477657170126,-0.0024788194396305014,-0.002731326472465827,-0.0013254508717184116,-0.0004436435652905223,0.003938308073016009,0.002668320033244046,0.0033539812952061423,-0.0029973119290390674,-0.003965317368254915,0.0036555852504015405,-0.0026488219042793077,0.005636124819316638,0.01650044655729731,0.0051955658969742935,0.0029687768900536773,0.00491012554970959
0.02466854288543741,0.007131091851876044,0.003739599334032546,-0.005797081111961679,-0.004222220687211119,-0.004614785756095272,0.005503263680619588,0.007436862281965486,0.0,-0.00825203439910147,-0.008488191171102728,0.0023579857744266586,0.005163580937773288,-0.012640564186855933,-0.02356673063383,-0.00186522970534446,-0.0019602322454353657,-0.003366729977571991
0.004306211493793127,0.0,0.0,-0.019362920544657075,-0.0028642101900986728,0.0,-0.004938531249516349,-0.0002373426693262492,0.002313654923158368,-0.019278542152889717,-0.01327121620013975,-0.0078010195471532075,-0.13217944194774178,-0.005817337742336716,0.008071315588385345,-0.03942533453674497,-0.0049623291695131124,0.009353795670114656
0.04864959232059723,0.01453549295729553,0.017801577829410848,0.007292716004945649,0.0024463202160308305,0.003851442908248874,0.004994094810084575,0.008450336894475304,0.0022006171360913597,-0.007832418511027655,0.0045512555957493575,-0.0022413456243611804,-0.006780373999050244,0.015123253637965678,0.020219311926684976,-0.01737756936655015,0.014152941194330597,0.042772386717094824
-0.015087633951014753,-0.004492003570983729,-0.0027843996697937863,-0.00040233985659442363,-8.403148677536727e-05,0.0009514667335693522,0.004121193404483267,0.0067618620027274316,0.0010323992595464321,-0.004585336141049178,-0.00802067111474734,-0.00012189400723254915,0.04855520202796045,0.001385031610016498,-0.015554884109355538,0.010813593121348325,-0.0021710512751800435,-0.011182560358169225
0.042762806452001416,0.014004937086061228,0.00820305233111156,0.005778753371690549,-0.005970790330817603,-0.004809230132788076,0.004172302040807169,0.004281558837381451,0.006838776577899924,-0.010264456162962617,-0.002562006465949512,-0.003341557010755405,0.012262680439537169,0.0025661040661212405,0.01563809097376051,-0.016284015296871863,0.0020729864651403873,0.022888515474791496
0.027919218944990717,0.008579502504548142,0.0033670570775174336,0.00012268875991049605,0.0006360854190383164,0.0020252966977855973,0.009169144148196447,0.006600874232344085,0.003133124742947046,-0.002626054002857761,-0.004480632931421892,-0.0008357807123618955,0.019470714843743457,-0.002796744642986398,-0.025372501946034156,-0.0010353865209887883,0.002292181611680167,-0.0015290314103510935
-0.004226695785720706,0.0,-0.0002455320382641631,-0.007735586457438034,-0.0036444884783425383,-0.003482893335506674,0.0028157695011948565,0.0026027462458240043,0.0016527905308686903,-0.007899450495052198,-0.0027718281510572327,-0.004501798374305871,-0.13433173985939095,-0.02096226268079748,0.00818123053951376,-0.018750939747806013,-0.003467638808209832,0.007840170270702412
-0.014954108064985462,-0.0044238710872193865,-0.0037532156808601355,-0.0023267919465192488,-0.0021383100496251543,0.0,0.00497150284893072,-0.001493828432102184,0.003686552322637816,0.0021791052314183447,-0.0129901053110991,0.006757911962945843,0.00010537799821542883,0.003519846614521169,0.005557326173765001,0.004269357142784505,-0.0005408708741633647,-0.015205215707210822
-0.01639198941303738,-0.004397915744109647,-0.004608840182032873,0.0004386408764074347,-0.005065494963343891,-0.0007995846138817371,-0.017677592922728674,-0.007988040205417624,-0.003778847063210315,-0.011833297170378365,-0.0056422735958036345,0.0015285493895015555,-0.03321341632020015,-0.003095190120168,0.01585195575391427,-0.0030134721359085844,-0.0018320225592816607,-0.003911275270231732
0.04103035131743499,0.014299726710310587,0.0062337280626102816,-0.0020302438980394177,0.0008410448925629192,0.003142214827538377,0.0057015544612311645,0.008576867883060876,0.002551093030497872,0.0005906518738272886,0.0015465695433801083,0.0027705202057137705,0.05474578654777808,0.0004249497252032236,-0.013370452492777275,0.007953231318121753,-0.0017474441343407524,-0.007767790815284004
-0.008372316489571404,-0.0009253809038345125,-0.0030078594748129445,0.0026123242302588277,0.0,0.0009172640359322823,0.0022166030089458316,-0.001018393709730609,0.0018203317258947964,-0.00696393479679903,0.005447389017967454,-0.005402598986478694,0.028566022354545504,0.003792168827101025,-0.011343768185701614,0.01631073084383159,0.0019327377558599835,-0.007810563507067415
-0.01078016978526158,0.0,-0.0009829568496480283,-0.0012398972403939103,0.0018252972452998991,0.0002852200151771219,0.007625094723471696,0.006079700338566362,0.0041274359999413325,-0.0011252073360706932,0.0013326475496442563,0.002130806928268863,0.047146977261502264,0.007809345740225548,-0.008643729703482692,0.022068121640029102,0.0026511159237857297,-0.010308994644778219
0.029839652065188172,0.009507252460661246,0.008917674419413726,0.005249748937499751,0.007387532840313464,0.008253958108375101,0.004712953776471718,0.0044554959733195685,0.0008809660922714833,-0.009197569939711322,-0.009745140515324895,0.0005318948548788492,-0.01283651070788041,-0.0016663914001343258,0.005102889002667672,-0.0052049192311938615,0.0021773221354803576,0.0161314279784016
-0.006272400657554011,-0.005557463334613224,-0.0029200658976538795,0.015271714860510826,0.0024676815737597335,-0.002997221673204097,0.0016894780530353926,-0.002352369124035349,0.004837505325417145,0.01913464829754701,0.012894235088758832,-0.00809617729856446,0.0070072407369797,-0.005110749188805106,0.001459013410767381,0.0075883217925885515,0.0011264662070015218,-0.005410336636651969
0.04035636140268153,0.012199922736653839,0.010581285317836234,-0.0021824426937381404,0.0011481435965693173,0.003773030731345359,0.00969761979063393,0.007949094915648615,0.004822109702051053,0.0018201703419766112,0.002798659664572703,0.0010054040113685102,0.0322004283164623,-0.005614481274797654,-0.027065168423636578,-0.0018844523499961315,0.0012125608418530993,-0.0021225635810411814
-0.002845372077815956,0.000848770103174421,0.00023401466036179335,0.026794092621795284,0.016257748771800445,0.0013693080141748452,0.006651315209873996,0.0030398203253643404,0.00840016062373958,0.01605860700816279,0.016259445323191762,-0.0008150332961104664,0.01755555431550685,0.009056925148836974,0.0034551959413007954,0.012427875842950867,0.0011792164256139385,-0.006114982806837671
0.033437374521076486,0.009817774697116996,0.0036627766807117343,-0.0014196594236163033,-0.0034347517624430273,-7.738958218344273e-05,0.007143961536386393,0.008244214172111465,0.0003489424723303227,-0.005981648916453398,-0.005142404084216324,0.0014065206596124414,0.007788396213228593,-0.007459610128113416,-0.029119404456989968,-0.002325960324007175,0.00012940100393531693,-0.005213458521927856
-0.013157040934356698,-0.004572822438005019,-0.0040427420073893125,-0.0010828910508429736,-0.0036657158389264578,0.001765651278228667,0.0039989143558714045,-0.006406769959164038,-0.013338047191456455,0.0030042395469568,-0.008245407720571973,-0.0013534426919242892,-0.015540426648437418,0.0034852153024097048,0.016810571770196348,0.010393297226982113,0.0001827097494810612,-0.008199114377288874
-0.007824036197767746,0.0002190217455374712,-0.0019424653228723278,0.0007450753238410598,0.0005816031064442859,0.000850887014677783,0.0046980699180999815,-0.0005081840872955066,0.004019635128009068,-0.004619045552522258,0.0016102020309394177,0.0001882441022595364,0.0300682693178209,0.005500835562040344,-0.004904913146308143,0.01968747311938474,0.0044117231445403885,-0.007483740350718915
-0.03941240750894959,-0.018648221822353855,-0.013667002394570412,-0.0015481252682047076,-0.004421539048655914,-0.005368919186251666,-0.04770009247566554,-0.0260974997520824,-0.019706472055120407,0.0,-0.005166278933199546,-0.00944366821339545,-0.011606474990951176,-0.0018525927339304957,0.0,-0.013425703017784228,-0.02863176405824141,-0.017232047355431712
-0.011903371617034824,-0.005344176657652154,-0.004593724942073111,0.0010546093261908597,0.0016205662914936746,-0.000759384973089892,0.002529974991107303,0.0005132996890588443,-0.002573540226127822,-0.007283417855373376,-0.005937409533388813,-0.0025927789518294902,-0.03217793043340457,0.001186062369769731,-0.004381016512670966,-0.00548794898504984,-0.0007825999885086244,-0.0035696706714610366
-0.010642972631068452,-0.003886622302258828,-0.003324116070469134,-0.0028502499124507365,-0.0007672604294285386,-0.0014425252794749005,0.0034920790334967795,0.0015022914607050665,-0.0007236897843524507,-0.002161398484067209,-0.0035957717934165384,-0.002199838155480661,-0.03514931870621014,0.000804976614585117,0.0014258820231162486,-0.007719018452070757,0.0,-0.0002682210686035802
-0.01308615256367607,-0.0023861684644250667,-0.0010408182893286585,0.0,0.0022590621889435297,0.002527313105392536,0.007884613184561918,0.003769791816781081,0.0027329202915451676,-0.0035191488478965773,-0.001481268115377961,0.0007476689735626187,0.04394248902970195,0.006910891459915752,-0.008717744739329512,0.021594673836207445,0.0034118143412724357,-0.008918718161995368
0.039381916923073065,0.012671383683636855,0.008485060622182763,0.0007695732624120277,0.0009669583673066417,0.002948945685955131,0.010195615639688044,0.008224769802893151,0.004748369149625854,-0.008289947825535339,0.0,0.0010771247436768972,0.036992891155793586,-0.004387749294013217,-0.024957362412034,0.0006871766024972855,-0.0006136958371682704,-0.00044228478429569895
0.03587309882117959,0.011964132856563826,0.009714957957898226,-0.0017187627639653742,-0.002469449605700101,0.0,0.0056808335305161325,0.007004008013660135,0.00045709429470690814,-0.005414032932921023,-0.005896126439570547,0.0015368862614567192,0.013557946519467358,-0.012160855867613014,-0.03387159808594503,-0.002052950624714682,-0.0002760926231583722,-0.003405343408696318
0.045522221684715855,0.01433218388190926,0.016773620663982997,-0.001312779141336444,0.004159123085225677,-0.000629619680604051,0.004671380213063678,0.00656261126814545,0.002364502353548159,0.005356911966247683,0.007435730838961992,0.006223562076724483,-0.011932639132820128,0.0017677163505228008,0.004448817346976285,-0.020766083328235083,0.006475940117937994,0.03534280134987973
-0.022282638281212595,-0.007842120008710905,-0.0063039965318237735,-0.0023680525529208435,-0.00423003585766767,-0.002438301653396473,0.0032954492368153674,-0.005301443015845653,0.0013237131019241128,-0.007435012086486416,-0.017849886992590918,0.0031983180701284785,0.0,-0.0006182902521721858,0.00342871339169954,0.0036255653352420623,-0.006103915480027141,-0.017108431820288136
-0.020913680857675202,-0.010208614032444005,-0.004413984563020145,0.004349522734417134,0.003323454580969944,-0.0003243726578771922,-0.019436527245215506,-0.0012385121051312973,0.004309371862130282,-0.003481589337473419,0.007154077854218586,-0.00257577397791191,0.005451921719750255,0.0015395626789800327,0.011478157103993721,0.00522379201382764,0.0021996175109406783,-0.014329720744658651
-0.02089575953345295,-0.007243004923847037,-0.005835727481975909,-0.007613854964094072,-0.0033609287978022735,0.0005397823919662023,-0.021683626440014897,-0.0068768194845015545,-0.0075960718310448105,-0.0026693236968086654,-0.0016962881646955888,0.00018538732244991748,-0.007729449580491711,-0.0006996672783844746,0.01307398382100663,0.0114442041914035,-0.002534519778471916,-0.010570046993902182
-0.018521981327430416,-0.008948613730712214,-0.006366168861699393,0.002640760371002286,0.0,-0.00200097711182719,-0.013923253445955115,-0.01335246110634144,-0.010556926042203953,0.0,-0.004111136206622896,0.0,-0.06430602460047419,-0.009037449723737365,0.008719475976126797,0.005787548141296352,-0.0016399282525830442,-0.008411786294482804
-0.011818973118087855,-0.007268651088619082,-0.0028321780933034005,-0.003782926638687338,-0.0050699334872317025,0.000505058492824885,-0.000942674364330074,-0.005704882935526888,-0.010553360952964077,0.012121603530369368,0.005410448072839539,0.0016222331329557788,0.003048402451419495,-0.00018190949410402786,-0.003421550541653302,0.01072883951767543,0.00011559347119099253,-0.01639341218340576
-0.019092857900230388,-0.005126692818213049,-0.00534688192577289,-0.0020517004659014824,-0.002173212335996224,0.0019536767429588924,0.002287187388990999,-0.0023255294879165247,-0.0007340347936771728,-0.005526497482961191,-0.0007255973702812486,-0.005010391259090856,0.005847367213050077,-0.00026269332544663084,0.015309191477744457,0.00732147030042398,-0.003774874116285101,-0.013265058564052207
0.03136676888037264,0.00825788589088233,0.007847576052463735,-0.010170917661226617,0.0003014583663492217,0.0006369920793242853,0.0049130465488977145,0.005207603716558322,0.0029614987284977993,-0.006764094835384959,-0.00029954543991536316,0.00514939522236836,0.02446025368812959,-0.005723101163554192,-0.03902121039830123,-0.0036621285626014435,0.0015294330653903205,0.012124551957852552
-0.017957692059393317,-0.006751414324329701,-0.0017751494338934446,-0.00452729634610541,-0.0020567529029034085,0.0018980211938411558,0.0027343941390027254,0.002479741065504107,0.0005137109720818405,-0.005076863282283201,0.004700979510931628,-0.005308889163548922,0.010220308657311146,-0.004096284587672803,-0.006177198187053897,0.00889524033842077,-0.0023094384175824357,-0.01218368472171456
-0.007307181889130934,-0.0006998276208841747,-0.0016917044159106608,-0.004104999635207052,-0.002519676331810045,-0.001951528993819928,0.005466241722413791,-0.0009514440395117792,0.004359439821848278,0.012776615432857227,0.012065916780506253,-0.0033488245280559603,0.0015494139792593974,-0.0024720070109097024,-0.016018320888661147,0.011996055185562345,0.0003752923004784766,-0.007629960617761914
-0.020341727037221254,-0.0073705276009413505,-0.005083443727046161,-0.005680667039242556,0.005482719309337557,0.0033074400563814525,0.002856457408073998,-0.0033666752005989827,0.0010519324879216488,-0.004748397862250044,-0.004232091136437503,-0.0018981885028284207,0.006578132084103974,0.0010830263247550295,0.013873425780573077,0.006906050786358794,-0.003778890412274453,-0.012881052015568393
-0.011799957813150672,-0.003940017206445981,-0.0024431058329010317,0.006649729213788126,0.0011618346117421947,0.0006167272965260309,-0.009589565082268778,-0.000964337251806462,-0.001870995354393722,-0.004881060998920363,0.0,0.001897807697631375,0.043076749992490976,0.006584495862424915,-0.009589114224914708,0.02544808603983853,0.006930891254181993,-0.008953612048647586
-0.0229173481235261,-0.011094854033819487,-0.006588395791490286,0.0037421563727378826,0.008245641552006104,0.012724351135974931,-0.031820379775446106,-0.019121929803300675,-0.013476230636901745,-0.003464369111158999,-0.0005169765002754371,-0.0013066289808779964,-0.03158934670770439,-0.0015722520744850834,0.005834792241265472,0.0007494950202216863,-0.008160131409080932,-0.01395976859454405
0.02155086317330971,0.003462285942341321,-0.006216412516728182,-0.00418169662309297,-0.0038889458287547887,-0.001815561877682621,0.005342931303993679,0.008099459921648596,0.0011910057228453434,-0.0047251478692272655,-0.0025297426844361074,-0.0002612412901613292,0.016350011095772787,0.0017002406493158734,-0.002212762314900098,0.0031338106784433244,0.000493821044021806,-0.0037530864312479706
-0.014485630039591118,-0.006328098177337143,-0.0042669748475832785,-0.006001738237313052,-0.0018434056252061737,0.000575625396070122,0.0022053215630360285,-0.002678258651735463,0.004216840778613476,0.0022855317224521462,0.004049130977842835,-0.003754893715195724,-0.02075600089508041,0.0023295294342284795,0.01697958984875195,0.00846796147987997,-0.0013630024936123195,-0.009906030274139499
-0.006210041348619255,-0.0010894036099158416,-0.001862429106524534,0.005569139578576648,0.007333410242349892,-0.00032446402100706144,0.0017099214765328922,0.0,-0.0018388402505961463,0.009828686841115507,0.0,0.01003469649873824,-0.006177610331207466,0.005813139091601767,0.007213575398394826,0.014080697227114372,0.0,-0.004512816081259162
-0.011706155822276356,-0.0027188956290251738,-0.00176427574872163,-0.002758714473460345,0.0,0.002128528537682819,0.007253629323529524,0.007555420584655471,0.0019107239221955927,-0.004600891390919843,-0.0014265522755203964,-0.002574607379772995,0.04606989470664235,0.002844417276237668,-0.011749677119783853,0.012357476079532538,-0.000688985351651714,-0.009002320028812363
-0.024197119403928526,-0.007468638459140151,-0.005249146498727672,0.007068978433606903,0.012133949598518184,0.005395519619083003,-0.010063945636691435,-0.004111992644416281,-0.010602909097394614,0.0011449174080852794,-0.0018079131198612036,-0.0030629203602331456,0.016241756790495197,-0.005384857805421983,-0.014605001304422098,-0.02170534417588477,-0.01629915653915407,-0.011612286133806105
-0.019285075243274056,-0.005985673302045504,-0.005306321943095875,-0.0018714085851960459,-0.0019918078629278324,0.0010796751919845285,0.005115249089656764,0.003154387593718277,0.0026908009347111784,-0.004488132074376193,-0.001366473954733205,0.004910863539579407,0.00488402437860602,0.0004405310791080637,0.008773876610558524,0.0021993527416545736,0.0012226142641251425,0.002278033322858998
-0.018338108435491267,-0.005785190088785575,-0.003859540198209886,-0.0006100894938091402,-0.003870637526874032,-0.0017339261271889477,0.003185894223517522,0.0013106335841420787,0.0022133703518801896,-0.011047395212618136,-0.0021438203414565027,0.0016471872301638607,-0.02147892366530865,0.006712794946077332,0.028246294946778033,-0.0027256100540332773,0.0011048265801865019,0.004645223885865007
0.03222096286521531,0.009224687527008344,0.0025107820300810705,-0.0001618197514462899,-0.0024849890823796495,-0.0007171274251391988,0.005688072901732589,0.007433864378602063,0.0012540799655884499,-0.0021489124005668113,-0.003929900650405958,0.0,0.024942639646305734,-0.008042084664343297,-0.02906661461756952,0.0004638735277157621,-0.0004479045747859687,-0.004714831455369224
-0.01048767877248623,-0.0009356840502672522,-0.0029441143541564067,1.8228885793668425e-05,0.0035191295417245907,0.00466869676178677,0.00449298856804496,-0.007538500609198687,0.0030216861077893586,0.0023731158155081374,-0.011328771152032539,0.002303442791895409,0.03198012474093752,0.0055912436960910495,-0.008285596199007149,0.01856675216264711,0.0022986238187316117,-0.009200870848618058
0.060032295638742524,0.01857507363212829,0.014585661071854111,-0.007586296334185365,0.0007528235499480227,0.0,0.007589695348573601,0.007246798586878921,0.004794461562078886,0.009312001640546075,0.009797720365336054,0.002303987862615698,0.025409185298487718,0.004779403735276905,0.00912934517491646,-0.02332187240456241,0.007601044779822772,0.04482865504800182
-0.01622121172829106,-0.001950473322109218,-0.002964508112510354,-0.0008049405800920402,-0.0068645899635115405,-0.001535593053786265,-0.014337203113150695,-0.0022126919668851155,0.0023251495414451134,-0.005456655493259017,0.0,-0.001669304337784226,-0.005207445648397437,0.0013668304035006397,0.008169222106107916,0.009672915635625714,-0.003392599057142543,-0.009953646737436213
-0.010342417661137897,0.0009702661764180054,-0.0016582917447825623,0.0014218948884964554,0.0011088875791602593,0.000672883503713343,0.0017658145967773783,0.0,-0.003116464577554184,0.006913448397643229,0.005426249806428068,0.026345485755327625,0.02643321595034277,0.0021829801074785167,-0.009636915236466087,-0.004196424272297321,-0.005812644087546935,-0.002102332579595384
-0.005425194963231196,-0.004468778191550004,-0.00317165176646408,0.011347481926683148,0.008509638838239847,-0.001251392535421362,-0.007468113961055041,-0.000531595520903332,-0.006526900918273417,0.0016312663665598805,0.0038816117025420984,0.010167720765253716,-0.019995493207781274,0.0025039995500820765,0.0065863355450251,0.013370215248721163,-0.0003324626396493614,-0.006834936894879179
0.07075261301150178,0.019491516311998407,0.022691068641834754,0.007451015943800557,0.0012397071252210087,0.003295530038760273,0.0075250856282396165,0.012733278407913872,0.013594098425423385,0.012542374276474791,0.012239188389943628,0.007667940410219942,0.03405152494295475,0.007359923348526636,0.02780953444367358,-0.005058029272076094,0.013583925762560763,0.054973140774944806
-0.02410674835957098,-0.008269776334640846,-0.009868274306058194,-0.0029606110221522294,-0.004382293168137753,-0.0017127769379099301,-0.025366260716499743,-0.017604587417243023,-0.0026494700139815743,-0.0046270945599928195,-0.009839661315509469,0.0016977298927188132,-0.004146990081958897,-0.006277631574781168,-0.014655242840992885,-0.0029337118516738025,-0.005885190370379752,-0.012386639024689061
0.05132864132230145,0.014351129390867298,0.008594345027996225,-0.008882982215395054,0.0027382935137110903,0.0029288109284655965,0.008792520070602692,0.0068877982812720505,0.0027149522420270122,0.002802244275690897,0.0033041487015743045,0.005683817057364548,0.02232885827127283,0.0030288145561533425,0.016722263668878395,0.0011192537676607522,0.005943831364525909,0.03226134451098028
0.02371228706987288,0.005506618708353327,0.004402317121397067,-0.010351325751466552,-0.005126735292905712,-0.0029568593874846204,0.0048316757583813305,0.0043710118003968765,0.0004544266730919581,-0.003281739541675401,-0.0113578854518139,-0.001676054024967446,0.015047879475301729,-0.003952282556442728,-0.030142642922386553,-0.008630613757645273,0.0015095009794100715,-0.0023729729593239823
-0.020029261151175894,-0.010146551991705716,-0.004579503815320835,0.0016084689251110262,-0.0017466192478841377,-0.00585248772709689,-0.012425243779105635,-0.009191539478285186,-0.008640390127491227,0.0020497994094960366,-0.003234168480452569,0.0,-0.07416807158505029,-0.012284518662738811,0.007080861058210063,0.007245198761333027,0.0,-0.008019859985049449
-0.009736093649723452,-0.0009146632450231543,-0.001461102287386831,-0.005882450154700322,-0.004720869030851167,-0.0008987093353079626,0.005900258186019627,0.0034268067146217677,0.003806625743575786,0.0016393975261443398,0.008771639860279448,0.003291201244153044,0.013415539354961693,-0.003622822955537869,-0.0029228300125197213,0.010116971467973909,-0.002917196603291922,-0.011698148404467756
0.05189109680411186,0.014914914247985033,0.006728140676523637,-0.003378417229281128,0.0,0.0002266401233429145,0.007084756192762918,0.007628857343870653,0.002334877599728645,0.004878495819651453,0.007196638715049527,0.005504430905561163,-0.008580976367773111,0.01670698486392936,0.036012675712445076,-0.0030817999843193414,0.0034316193381947885,0.032688894693857384
0.007270825825111895,0.0034972300389299175,0.003649902503421174,-0.015037281420044946,-0.0012740418773459475,0.0016540495707991917,-0.0009198599575114011,-0.00017824079611580338,-0.001516322615359498,-0.021095776039499622,-0.011981715417668383,-0.0011188211902217094,-0.15572589908057582,-0.012643469577991989,0.00808989348032598,-0.03355033358277111,-0.003293029690706634,0.008130561523217561
-0.01700562755565665,-0.007027235822724455,-0.004715849698992036,-0.0030863839008406575,-0.002664973854347503,-0.0013193475828111108,0.0028129720482984607,0.0020304634147318566,-0.000878231891969403,-0.005652277182517694,-0.021679261226463565,0.0021473885384235276,0.022123463831199945,-0.0017685672365267508,-0.022027616350317514,-0.0005329905917597472,-0.007284883135471232,-0.01199788427135133
0.035080536247067605,0.010592366433134045,0.00915441967742054,-0.004673501424726543,0.009942433770148291,0.00687663321734272,0.005640173207513243,0.005242015418056247,0.0,-0.01038037091165705,0.002195921748470099,0.013042667222820279,-0.013774713724256142,-0.0017125014358551527,0.004186167917879874,-0.01363027714301365,0.0033913540886828584,0.020140250131442446
0.05998325618107468,0.017856717021347036,0.013445053771049644,0.005391973136056437,0.0,0.0,0.008557982987575274,0.007994829208674156,0.005425197352070441,-0.00795605230936389,0.007843988015395072,0.0026227596413089635,0.039600840869941485,0.005536445741073548,0.02552725736265521,0.0014993535539231237,0.0073240123753408135,0.04093595850181139
-0.013397964529947,-0.005541398653721294,-0.002506244149780195,0.004506072500113868,-0.00042531688117691585,-0.004217993480179489,0.00401592333973256,0.002547590098735211,0.00124340555038234,-0.011602965387732641,0.006276548334307824,0.00256282606364561,-0.004116758728431221,-0.0013050301873234241,-0.024925454040744418,0.004188214338387103,-0.003113044884751492,-0.01141872301712487
0.050178212023247924,0.015552044788992312,0.011708477566367089,-0.0018255241407759755,0.0035302677333058714,0.006349934277728586,0.008095173878238854,0.007167870559846055,0.002316552509124608,0.006109771984817622,0.0016308762436759742,0.004067838841322089,0.019966126370535884,0.00647128095816899,0.01881006035483463,0.0007695384813334079,0.006002415717287119,0.030888802528210857
-0.011219664658687421,-0.0020325276394008614,-0.0029929086437433705,-0.004384802012180476,-0.004356838825017079,-0.0009796242994200347,0.004802400595537354,-0.0009525414399121993,0.00424822388822182,0.009166243207121432,0.007342998820042723,-0.002860637601577029,-0.004920859864611451,-0.005288615781551738,-0.001244440564578638,0.00875654627303987,1.2656867308196259e-05,-0.005991313639477768
0.02490182314914884,0.0062690491400400426,0.0019075974226886766,-0.009081150498244627,-0.005554009890450028,-0.004489058135731642,0.004954663226961316,0.004398424939626711,0.0008595622078147823,-0.002630782505154589,0.0007688880893896487,-0.0037126724562844614,0.02202738219943213,-0.0018347180798875084,-0.02695647853524224,0.0029281892325612965,0.002472241363408031,-0.00834429065748872
-0.008428176749209112,-0.0034343509879838003,-0.0022498627376192435,0.005461779686665167,0.0003354140659994698,-0.005577524135080539,0.005787477921240931,0.0029006344760030807,0.0019319686459341359,0.0006746019403969398,0.01346971214834692,0.002669537698175662,-0.002287079148640967,-0.00018164792291132387,-0.019287797567548687,0.005525263530106964,-0.0018235840556209788,-0.009719791547091051
-0.015408322762468956,-0.005984902220471047,-0.0027482144032727773,-0.002985132012521535,-0.005982932674011262,-0.003047980279781169,0.004761689695382415,0.002615785730510315,0.003447376621641837,-0.006756278822389461,-0.003632199218821539,-0.0020302601639689975,-0.003959404071621083,0.005870712357495197,0.019463676513128553,0.003534186674158438,0.002932843110476372,0.0035488362868792457
-0.031818672036816695,-0.011188672753982493,-0.009331667229128699,0.0011401661152226068,-0.006289460254679147,-0.00513063867831954,-0.0243560318590247,-0.013152122193096224,-0.009185695701974646,-0.0032909418229636837,0.0,-0.009081347992557642,0.0031647243824482964,0.0005585582864722681,-0.008458463191517553,-0.020852711393180193,-0.012736824424468999,-0.007344312465861147
-0.028329385609700886,-0.010818992902062561,-0.007480795563742997,-0.00281916320870156,-0.0027108290533837016,-0.002914650578582655,-0.03239760085506491,-0.015840717020373752,-0.015506596514388075,0.0022310282148508406,-0.002186103369049452,-0.006964283356059453,0.0017131484908513577,0.003980360693566231,0.003279719033991354,-0.002739220627508176,-0.0077710320372136365,-0.011929052783564487
-0.012970055806225341,-0.002277257504386635,-0.003997691258464264,0.0015850956392914092,-0.00023551045580480338,0.0016212086905828345,0.0068673807150185975,-0.0023464146266858987,0.0029395026827985513,-0.000932664251006766,-0.012096404578921858,0.002375938714639852,0.039435479081255775,0.004422065283343542,-0.00880100152088493,0.022837685732754343,0.0030435522625993556,-0.009961016832950732
-0.014557532129101316,-0.0021502364626600637,-0.004769517130614905,0.00986552211373241,0.0023818260429738286,0.0006969137587592825,-0.004881959572668542,-0.008978397158549938,0.0010877321390078416,-0.004659848574594457,-0.007563497053976711,0.0054615615972760595,0.0417763849136902,0.0038674826162796425,-0.009173783812159433,0.021697757962669796,0.006229314262250012,-0.010748111408887304
0.061452799088163916,0.01639909062731212,0.018809775038185605,0.004293069958681646,-0.0022990666721543146,-0.0007603663251000892,0.007734026096667839,0.008458328734086142,0.006784170697816259,0.010576537054970744,0.006948852078460396,0.0,0.021131201931891063,0.0019218079809347965,0.0037039227202291026,-0.02514895258110666,0.009746873787993209,0.04108662238908867
0.03468630636546276,0.009167566501360212,0.0039342458141408175,-0.0031816981246734015,0.0015236986835175002,0.0030412287159357607,0.0076308577225353905,0.007251189036742314,0.0007741970877251972,-0.005624165253199999,-0.004858949124561152,0.001717502232569899,0.025437337676970883,-0.006043538716934273,-0.024587746120098116,-0.00032973051423161045,0.0001286524501357331,-0.002761068652371468
-0.01736615989245028,-0.0061285501264379235,-0.00241349260011706,0.0037074365555049573,0.003479935956593724,0.004471875379931344,0.0062962115970609505,0.0,0.005172344995455506,0.005524987759820819,0.014199773696975764,-0.0005097551043613533,0.013555140858879176,0.0027615597902408834,0.013091375137581828,0.013181759534487445,-0.0024666697523243533,-0.010600791920876075
0.02424999539391231,0.011766197424185141,-0.0005757850640898612,0.0017250666113649384,-0.003490238178565852,0.0,0.0122479985538778,0.008698355763068226,0.0012941582812740762,-0.0036568099840006444,0.0012536746671513003,0.005852966921935697,0.020840205235942592,0.005353533749304399,0.01927899316793645,0.00560873301782874,0.0034437060797651037,0.004017940524389668
0.06777510245332248,0.021551178293972018,0.013437631202489336,-0.0015012882099091833,0.0005993361723098835,0.005058658581511944,0.009955682939594614,0.00897965261206427,0.004519822857757338,0.01025501468922336,0.004865713514170667,0.008093757257523787,0.03138834302656355,0.009016101405826277,0.022946796971742664,0.002171471838672944,0.008000758452756464,0.044023420932595175
0.06467220443070966,0.021778297089592003,0.017334159939766055,0.0010202966360396374,0.0021704221386015976,0.0025931341027022412,0.007509275211385675,0.008930276154809557,0.00836392579278462,0.011508567214833723,0.007312744672489153,0.0014473992882985357,0.02743237541192789,0.0,-0.00525769579940492,-0.019992011358254576,0.009037110409083003,0.04733323969562578
0.06051955064705668,0.019339273301449862,0.019491793225940707,0.006454615773745157,-0.0027581292947384916,-0.0026795775056841814,0.007363062144378515,0.009378818029881743,0.009088747177638514,0.011343314159888726,0.008429438870657665,0.0031050708532678406,0.030424873948770945,-0.008086624511789764,-0.0008046897471780241,-0.012904372885724602,0.010303909583779119,0.04501875400794711
-0.008793714600783773,-0.0032232841450695825,-0.003551183791153341,-0.0020866718147956125,-0.0008987352916202987,-0.004029061334061803,0.0024250380408710054,0.001975857741698706,0.00147147560267576,-0.004292963419828824,-0.0010246759887809274,0.00883105632049744,-0.0984967542538697,-0.008068453618437627,0.011952115225061686,-0.005909831904858258,-0.001873174700002232,0.003138795762762145
-0.009484764082592747,-0.002488621126963435,-0.00513630054078517,-0.0035731123263042634,-0.002262714185859832,-0.00021296432314815442,0.004568704586187498,0.005058512942198445,0.00023121584447576577,-0.004146216701695635,-0.01684797135239044,0.0038985395687134335,0.026160594165841253,-0.00033044964055728627,-0.019738155314308038,0.002948513588469714,-0.004740515447994312,-0.004322412069123871
0.031698969465223804,0.010180721612785788,0.006291774915648343,0.0008634162777727412,0.00839870800048383,0.008615180389463753,0.0032885259215053382,0.002112723532105964,0.002500066101651622,0.02501650066902152,0.012590337365621271,0.005076168601078883,-0.05417691328022935,0.00028426960000033796,0.000392878920350207,-0.021942538927316714,0.0009365764169928641,0.02020976512915528
-0.009935221257291245,-0.0021001149845382965,-0.0008040114609401457,-0.0024593303763491246,0.0013639193146345937,0.0004249049219353697,0.007443069255634946,0.004974828223740912,0.003119759429916728,-0.004920673201457986,-0.0011202285290595041,-0.0007146251069708509,0.04421747969635722,0.004259549102634563,-0.01049105686096805,0.020230687846603125,0.0021460921215840545,-0.008767711757839386
0.057992838940934995,0.016390857874594253,0.015404013994600159,-0.0071329207495886985,-0.0017552371773846942,-0.002803840020772055,0.00733703094779544,0.008347685635416754,0.006356726756461179,0.010281008613810363,0.008479458714990376,0.0035766851868020196,0.018755504583514403,0.004680132595204104,0.00825400605389848,-0.022605015660197146,0.00761026150479598,0.04282757878537813
0.045595320885259215,0.014385863121469758,0.012849747744914219,0.0038602224662276376,0.0019729154742730583,0.0029640063213428143,0.0037069308759221115,0.0036077376393979,0.004554811761462057,0.007852730216917687,0.0038562857992356955,0.0014835519667442316,-0.00984837569088604,0.0037380722513431857,0.012936117487907742,-0.028212196116860086,0.00476369015294658,0.035189442395113874
-0.01770511266257517,-0.00502640958087052,-0.0032288711397940725,0.009347293882031074,0.0013153195847498788,0.002873763961433141,0.006321002724436349,0.002646885919114105,0.0036363623072576375,0.0017587583276645214,0.01013019242914426,0.0,0.010283043105104264,0.0001815443004458239,0.006131608260411622,0.010233473431709604,-0.00117559102941257,-0.011458736567343468
-0.03007905775333324,-0.008695679744165945,-0.01091647068189781,-0.0016904005867830617,-0.00016424788350662798,-0.0009699196870108745,-0.03869783186286701,-0.014416028776904644,-0.0010004992603833182,-0.0072048739724170936,-0.008334607876966415,-0.004975635050228578,0.014549177925338764,-0.0035901022794235897,-0.01289255371414784,-0.007105236156860263,-0.01874882982149937,-0.015047024282484334
-0.03453300278524426,-0.007795265789296534,-0.005436461959643234,-0.011797415489258683,-0.0004924755306423031,-0.00225583915362203,0.0,-0.003829905372658142,-0.0008957338828283273,-0.009352346896074996,-0.00811934980830657,-0.0050498427623235954,-0.040412399050853205,-0.005828637534782353,-0.01693399414862523,-0.06117538155668266,-0.041123557351420405,-0.02219433173527735
-0.015845583110195696,-0.004864525767370472,-0.004181026094606107,0.004733600250495151,0.0020178891388639235,0.0020837467853272386,0.006979319936804499,-0.0016855319437043936,0.004453446977855401,0.005665697928637105,0.01205397882665431,-0.0023888580018403918,0.010892971254409706,0.0021153943702259073,0.015090900781643407,0.009247214009419743,-0.0013731675537436187,-0.01048125521376559
0.05453387107725672,0.021249677502964807,0.01472469480284382,0.0008034498082497296,0.0022639029909057107,0.001697084886361098,0.01142571816089265,0.007732913395648126,0.006815554352621971,0.009902156839197068,0.014319869880684849,0.0043018377843137634,0.013537237072543529,0.003969046995733873,-0.011336472348204505,-0.020262210346719982,0.008682091616345984,0.04301467825648378
0.07126125517028764,0.02023618430635353,0.021270241180501467,0.0039360181194058475,-0.0020300557052464223,0.0003644199452508403,0.009831620755981959,0.009134491192509305,0.010096350176301363,0.012324548033298187,0.009976734677826626,0.0038299718065110937,0.035981414283193326,0.0031331234282597907,0.01676790535418461,-0.0019519027376277438,0.012224347791654615,0.043712142407017374
-0.011099519396574765,-0.006818386196753938,-0.002647072018882128,0.007945298640763147,-0.004631201126292369,-0.002171233758105789,-0.011115133076830225,-0.0004396913420710219,0.0006751740663470768,0.004050704492996899,0.011061577060062121,-0.0021214225514470763,0.008744320437251627,-0.004291148499756788,-0.007293070049590303,0.011346551760269689,0.0005567702771277608,-0.012893875364495686
-0.01014505752958536,-0.0029909025628098895,-0.0015712203391348655,0.0021977667356625308,0.0006007225043479508,-0.0002627785323729224,0.006234748709698157,0.005725494346302188,0.0006900879052428314,0.010215511103311098,0.015792598680555905,-0.003280359788693891,0.007092157477114156,-0.0014972742607066553,-0.01183794805398898,0.00552695636534543,-0.0018614581496664716,-0.008454202847417668
-0.016257571337532542,-0.006660905755010438,-0.004883261926555788,0.0009475661377373141,0.003980023541746955,0.0003402512248028717,0.0034476472521465197,0.002860028039888802,0.0019706937430238125,-0.005641917659721842,-0.0023280989164060724,-0.0003388800835976335,0.006462267267664831,0.0011197620482733147,-0.00811546141413969,0.0005034060735848015,0.00020728885060437738,-0.008664932958277256
-0.01585510245109519,-0.006839253610515039,-0.005848366685812601,-0.0023791893698277143,0.0012361000598787172,-0.003697604400662985,0.00421894446757158,-0.0020974262858741255,0.0032835533996659148,0.013683269663216258,0.0062859711411558895,-0.0033879750232960817,0.008364219555208673,0.004213836791226014,0.018578505806195824,0.012017499574930058,-0.0003515470053553603,-0.01053344000742791
-0.014883962480385768,-0.005332728197180037,-0.0023560874282925765,-0.0057294092252578735,0.003392977559869533,-0.0007425958028648872,0.004109106288592458,0.001975103222116371,0.0024717703555041807,-0.004821050776101128,-0.0008308974561920683,-0.008445967823511216,0.002395894946781337,0.00016691458655512223,-0.00234950935479809,0.0030701275422446283,-0.001406589438469152,-0.008442884157892499
-0.020634931279764394,-0.005293444731907605,-0.00345703302670707,-0.0005052979261845824,-0.0011384964602046542,-0.0012994787782583982,-0.012181391833827975,-0.003742841630719509,-0.0074723891608351085,-0.0008366501959230173,-0.005110669778525021,0.0009417715512812271,0.033210943690601936,0.006995921232197953,-0.008808805018984678,0.013651119256831141,-0.01544644532263284,-0.009972029477464214
-0.015502275399190362,-0.005985899334940445,-0.0035606485875517473,-0.004087695586344926,-0.0019062482449875822,0.0027249994137693067,0.004623136484561424,0.006079192659641198,0.0007940789288137912,-0.009106203621352562,-0.00434735404846503,-0.005855907064508084,0.01870001913955816,-0.0024715506522477583,-0.020661634445758713,0.0014390254421736504,-0.0042528270806066635,-0.013331023150239714
0.046027913878374946,0.013446706789359195,0.00865374669726634,0.005648635788940288,0.007482462941262184,0.007839703389062026,0.008176911275649477,0.006486132146163508,0.002438932056439005,-0.009396179139870026,0.00227143744755575,0.0,0.011685490372286831,0.002709440657635929,0.015411841735322169,-0.0005352158856801002,0.004887116911466282,0.02696530638838493
0.014261585794498906,0.003074209079502966,0.0014928441347544035,-0.014009891005080575,-0.006553963699439133,-0.005351678026937293,0.0013282375920149524,0.001870188635931138,-0.001803175550040997,-0.009610582921154472,-0.013515434316180144,-0.001211344543329111,0.02511353688141259,-0.005193395247827304,-0.03171269408916229,-0.011918078569907179,0.00017857136503455752,-0.0033220429378555405
0.03240849573143019,0.010706285334877995,0.012087919027041387,0.004087537732394188,-0.005414966612672802,-0.0041413351525512775,0.0037044025062061585,0.00602654223608856,0.0038698127187223714,-0.010642865791238172,-0.0016155931332008948,-0.0029252996643769043,-0.025248430271476035,-0.0025141082002548107,-0.009981173649538246,-0.025716180242955237,0.008067792517757426,0.024682173622586297
0.0232399344808829,0.004723360256503356,-0.005400536824841579,-0.00458642298235613,-0.005223031487037803,-0.001623562592977803,0.006271586757873172,0.006268537178431571,0.0010203171279378905,-0.005189562911565554,-0.004300548424514779,-0.0011979794628412055,0.01078733228310652,0.0004249525313406452,0.006221673368070904,0.0024450049926680534,-0.00013258535387271735,-0.002383399728443647
-0.002429899533601552,0.0016907111845636878,-0.0005111190024842014,-0.0024890737690752523,0.010747371335615345,0.0018569721528772234,0.0070710974779995325,0.005386214325840586,0.0025262750353646254,0.0018203800279953408,0.002474882820391971,-0.00627746286706542,-0.020177862660433712,0.002479101381459706,0.0071897509947955966,0.0027330317880850043,0.0,-0.006749494829610507
-0.020531972098795467,-0.007898913607740568,-0.0066536229059773865,0.0005253106020141893,0.0009519013183656646,0.00024529622712241554,0.0015282336407816306,0.0018785320019465126,-0.0008236333394160148,-0.003948971666334121,-0.007575039360315206,-0.0024074384104059406,-0.005622050070217329,0.0030484372944974015,0.007807011686098977,-0.0030326242779315864,-0.00017800379279107477,0.0008998414936507229
-0.02447526693795404,-0.006205819728375236,-0.0053643043929534244,0.0028456193960986744,0.0026342405746570645,0.0014415757456628482,-0.029944996958774627,-0.020410819585459792,-0.013977578523220208,-0.006366511605641208,-0.00664735269158927,-0.004315435766038429,-0.006080869410803898,0.0004190685221224269,0.005410418117663975,-0.0004321078374097596,-0.005543245938429326,-0.00579424051008505
0.059011042042661374,0.01648404652988116,0.012666717346807951,0.007196731042807511,0.0,0.0003357343636935898,0.0067110837710345995,0.0064031321396906165,0.003938645106998959,0.014264566510498043,0.006827166857166494,-0.00332806473306735,-0.005803809681054454,0.022394915788427866,0.02976981900133547,-0.0058315242315293316,0.011859010197561179,0.04463520861122455
-0.0014013156703208355,0.00822385899305703,-0.0015816486294266067,0.0025427552308747,0.00043216150791743773,-0.0011608001323716475,0.007873201368078795,0.009340921522275092,0.00034435769521443056,-0.004200921532732643,-0.005038937936611878,0.00886656663016264,0.0,0.0031644851673807584,0.016170640243955137,0.004090572340052545,0.004900693637758082,0.00793673950677641
0.030059902931019854,0.0059637978155398196,0.004965547835231479,-0.00869408398595176,-0.0009993949015614993,-0.0019086208486787774,0.00616587407806357,0.0065769061633267675,0.0017753185040730397,-0.001422541082419779,-0.009001523520960656,-0.001342338085728952,0.01710235501050058,-0.007220199273077593,-0.029090387875711696,0.0016369300893019107,0.003184059622745468,0.0011771571529433644
-0.02418100437757034,-0.010898056144444782,-0.002658441473965428,-0.004721530813184132,-0.001719112931591825,-0.0018918657820805526,0.003020002513332767,-0.0033928133496341664,-0.0022559220892769552,0.009290952026795727,-0.002891812228006759,-0.0026049148904499567,0.018732499932419003,-0.0009793018443307354,-0.009216908763383281,0.0005132645618481919,-0.024610588601765432,-0.016853528916933765
-0.011211695495324397,-0.0024999969954318767,-0.002304416128662961,-0.0028604875430838276,0.0,0.00020834253936624666,0.00532366715338047,0.001477003223297606,0.0023120014789171895,0.00048366072065745343,0.003672653777794946,-0.003455555452448799,0.0315924663549041,0.003259548156503617,-0.009483424460397597,0.015721927124717122,-0.001824105694925237,-0.008023614029407568
-0.018227039152314776,-0.006051023352818521,-0.004344887121425369,-0.005138573085149471,-0.00046395195554153895,-0.00031908736475887866,0.002857025084089368,-0.002320892611621457,0.0024588349954061312,0.00039599262465775777,-0.01769546804893323,0.0054486257030357055,0.002920961888655325,0.003408694560205013,0.0012589116438905144,0.003100796569216164,-0.0048211194092633285,-0.01720882075550237
0.01950505097254393,0.007028946966913661,0.007295243483722042,0.004483021542003006,0.009142303299714693,0.011377004260921683,0.0018063514504812115,-0.0015195062335104051,-0.00032373100871911366,-0.005561004894598957,-0.007886115266354472,0.005043301417122061,-0.013940313173445915,0.0,-0.005638367417789098,-0.0205707919498779,0.0010957249119278704,0.023120670366801627
0.0664852613149061,0.020866515823219897,0.02238433561956075,0.005082367395738206,0.0,0.0035040168442862147,0.010501803647236019,0.009520659493920437,0.011340809381651752,0.0039512271991785745,0.00918342080852982,0.0031074263220650777,0.03571106284310772,0.006163968482508536,0.025325379707120954,-0.004724564062143281,0.012230718150215739,0.047913601264334804
-0.026019402021161625,-0.009028532674191079,-0.007047882782038836,-0.006053241405750703,-0.0006463747273997074,-0.0016901153660320556,-0.016719710949150063,-0.009990734925418942,-0.004593967547055291,-0.004557091463489426,-0.002962489702872273,0.0013808200980195372,0.0020084733037397285,0.00028390221852608736,0.010755808428788262,0.010613755181101947,-0.0021785578292334204,-0.015835690766098254
-0.021603020630353013,-0.004889551797802097,-0.0020016483687837396,-0.004644448135275687,0.0010288369941968926,0.002095495761185168,-0.021715625178276035,-0.0049526456375226,-0.003739441406636873,-0.00791797656041133,-0.006427080789462999,-0.0028858758674155916,0.012008714644753681,-0.0019440230399249505,0.008211768037819313,0.0031075287095738446,-0.005151302212436916,-0.013792856917244266
-0.019996042517675134,-0.005714403404181802,-0.004739732906129881,-0.0023683538368711216,-0.0017551958400114209,0.0004177731836006739,0.00040252755551333386,-0.009412073680312282,0.0016663581662642625,-0.009815126063356681,-0.022219773740691402,0.0017339908918996868,0.0045049666069801085,-0.004178389645189739,0.002597677794261894,0.006774607665063848,-0.0034117348409781877,-0.015368974237108313
-0.02142254921182902,-0.009642608673153738,-0.005557186986312792,-0.003765484067883984,-0.006936783183142104,-0.008979915018962,-0.021572197369000037,-0.015078673154535928,-0.008050716020685886,-0.003960639199110952,-0.006716426174520859,-0.0045040745039835114,-0.08660457403838351,-0.010967996416220262,-0.0009735121440507198,0.008070396143228718,-0.002964171475627742,-0.008619929610499955
-0.007885589147816901,-0.0025637769013168383,-0.0004478576869154734,0.0012102988177153191,0.0017055920463615168,0.0005648849439658108,0.003773870121638706,0.0024404621676935804,0.0019668398129056392,-0.005359961780479423,-0.0049302006717614165,0.0020190934684478296,-0.051160961195753356,0.0011037838356650928,0.014418035496349978,-0.0016685947138360656,0.0018805156554163641,0.0038265034830172254
-0.033462492620917744,-0.015191444619387743,-0.009870252201915529,-0.0033455549376216393,0.002763850661279194,-0.004969986670548576,-0.035037112121143375,-0.018777684470881423,-0.023046916337083733,0.006313178757472842,-0.0026719028513210383,-0.008695034381046508,0.0045472829883077106,0.0011302365078724747,0.010340453752651454,-0.007628910584044148,-0.02277316448265403,-0.01614614738264747
0.051477636668023546,0.016002379377190214,0.015701009608807794,0.004499336117483847,-0.0007028073153648251,-0.002453817279218742,0.004257962836609366,0.005327803667734919,0.0031424983327759093,-0.004968092363893829,0.0028222212121322135,0.008772102464825546,-0.00264122156452292,0.012969409708530222,0.01808929063367863,-0.008966642574528587,0.010378812215557566,0.036929191132560046
-0.010807890992003705,0.0,-0.0036071565360305037,-0.006045507996165623,-0.002457830090945832,0.0022444715747180492,0.004559420630168518,0.0038261759811899746,0.005185846545149454,0.007668072540511813,0.011628042787620094,-0.0020607148397931725,0.006564804577469048,-0.005251922510323879,0.005771513048569908,0.011563804499646845,-0.0019770423432530124,-0.010265938252712388
-0.01488804060027326,-0.004627738362294676,-0.0024031571545695216,-0.0036224353872080363,0.0005542337685187253,0.0010439850793265877,0.004566655786628381,0.00663586787239205,0.001655585787428189,-0.005167846719923765,-0.005227327770114664,0.003165219083020368,0.03823024808106971,0.001621815197295944,-0.015870423655712656,0.010915068805055385,-0.0022944317152425848,-0.010250712264220115
-0.01866535145594391,-0.007418812346173054,-0.0037563906775012422,-0.005656862465082631,-0.0018544059984010347,0.0009224194606268564,0.0031164846191535406,-0.00025794009196998416,0.0009420522768723638,0.0,-0.0011298716230128797,0.0035269316022452663,0.00264905698406204,-0.006579640790664577,-0.020391989754542893,0.004925844393056892,-0.0038500743110797594,-0.014081058900631556
-0.012515709038181487,-0.003688220606192824,-0.0027718001032653095,0.0043803185518725895,-0.0006546327408007686,-0.004947852735742109,0.0013336158684227057,0.00100242190305519,0.0016167146359183492,-0.009044376940552889,0.002539876305099033,-0.005199166974070295,-0.007226637218161849,-0.005550167522052319,-0.025387726791300164,0.0027160496071629726,-0.002593865539990587,-0.009881995120618756
0.012116599659923412,0.003937274410743145,0.0017663605883681654,0.0003577208136109718,0.0009789455285897119,0.0010717822810722892,0.008571956992259364,0.0043507135352822985,-0.000542255363029384,0.0,-0.002914258213410381,0.002226993274390469,-0.012802435151313485,0.0033184056621200623,0.0034340724559329605,-0.0038034211629181555,0.0019963165633452877,0.0009166510338675729
0.048719807162366166,0.01537686397617672,0.016755347890667623,-0.013743570415305488,0.0002139037436575231,0.001156278198395213,0.00492713446611097,0.005922492063526073,0.002359450799836647,0.0037699563032135342,0.005783625972284202,0.005113080845426151,-0.011737083207713788,0.005308968473666805,0.013830365676171876,-0.020907544104232522,0.00826744193065603,0.037904678099594774
-0.013582532301733433,-0.004911761248706102,-0.002604897212417341,0.007747232892527893,0.0014330838135775846,-0.0029129988365699713,0.0031203715429284034,0.0005766686024591264,0.0021174851243398597,-0.007760815697768377,-0.013317923691776217,-0.0028364330952822996,0.0029357264666585617,-0.005046161469773248,-0.008706140550894274,0.004568461240509697,-0.005084266115248183,-0.014587616606765205
-0.03579588714044123,-0.015321562260927674,-0.00963841896158814,0.0,-0.0011058552897549492,-0.002610636355417848,-0.03213031345109389,-0.01375047782912025,-0.014365612876782896,0.001087501356421776,-0.008069981190281779,-0.00033662362297174063,0.0022265060206581215,0.002129194554355645,0.00974293784722569,-0.008850760301755753,-0.021652814708578726,-0.016175517479843415
0.047963375228462286,0.012960292564583321,0.013336267386272454,-0.00841652772531644,0.002657887002101767,0.003047187269379475,0.005891644698616989,0.006939345574433565,0.0022581709746113394,0.0036917884242234156,0.004713731153468291,0.010799736342244596,-0.006658826368245388,0.01189643719599622,0.015493574242591377,-0.011166020296413443,0.011525093173768125,0.032168962481794516
-0.020128528745505834,-0.005362059524034738,-0.004996952886924094,-0.005407562926028809,-0.00019424801070298185,0.0013814358060221998,0.0010082770173576493,-0.0013459225087089706,-3.487369863729864e-05,-0.011348315058088988,-0.021183767866064417,0.0038668030547639506,0.011470700185725569,-0.004247984139264752,-0.02219836815529288,0.0008573802793028528,-0.000844019029092315,-0.002971743773375668
0.0450941284985605,0.014741180210302303,0.009534861553660658,-0.003656082728809925,0.0017338111775296392,0.0036448983833045493,0.007954087295586552,0.008147224185800333,0.002476184077346459,0.002111595336218359,0.00201607497966936,0.0026148382217265824,0.04945153962706733,-0.00026686017589764357,-0.020410425611633136,0.0003647117740970554,-0.002403689498935437,-0.004835995005721516
0.058568740587678136,0.023913988938683153,0.014581539744415107,0.001150445930961526,-0.0026700373396917085,0.0012800205314007086,0.00852048359906095,0.008438459763703544,0.00692877473426023,0.008942596799323856,0.012803625805231362,0.0031907256798249057,0.0437515873066118,-0.0012208050877710334,-0.017235604159398798,-0.010792992055993622,0.009156421451876704,0.028990246712593287
0.012554731841578898,0.005306540747877458,0.004566505856501987,0.0009054850063316148,0.008164020125009785,0.008310773864793612,0.0009451040006377357,0.0008107905196122321,0.0028284999388764175,-0.009571368227723238,-0.011290749371500276,0.0006653602371389137,0.008742792330422935,-0.004041804405381451,-0.027957609461594944,-0.008119809696748588,0.0046370685276936364,0.006893282907809217
-0.007958892912783143,-0.005951956189242098,-0.004959113020670305,-0.0003496043051425955,0.007299612200751227,0.00040058153806574133,-0.027311362465422994,-0.013428024178905732,-0.004600240762173353,-0.00048359237687719165,-0.0028687972430906576,-0.004678005899812401,-0.010359009502914218,0.0011948985662553796,0.005584855939477917,0.006054918798365826,0.003738975257921939,-0.009498350100781788
0.05324781259278894,0.01441521289139456,0.006190054026487113,0.003128778422415737,0.0009758090793136365,0.003359490282216961,0.006636428068403847,0.00768929681466827,-0.000913731079814433,0.01006298626841781,0.005591225054696623,0.005198835324572225,-0.0063249003666560775,0.015387753400117792,0.03024462702616884,-0.008127852110007555,0.008672133757504717,0.03816876145186118
-0.011850865754256335,-0.004393206594915142,-0.0023224115757462427,-0.0016847166286961589,-0.00011894121355625539,0.0005099431559002706,0.0036499173314761928,0.00032436190932459827,0.0015656379298167014,-0.006434753832070352,-0.0056446615200459824,0.004316665925084462,-0.01472978814291392,0.0060684526893944515,0.022362492617055963,0.004358597847571377,0.003341107764124667,0.004909478431416156
-0.021107542552504632,-0.007943995282303797,-0.00590003559796705,-0.0017357327814747005,0.005798234871535599,0.001488137408748744,0.0024700715864305126,-0.00637936624074896,0.0014995724583910482,-0.00404573112341815,-0.013175979201001935,0.0022090359470428233,0.002032697088576507,-0.0024097649291828474,0.006992413138187676,0.004406726830260334,-0.005369899375667168,-0.01673158764776283
-0.024279788283942835,-0.0061731031973568445,-0.006209638408311034,-0.008616048936000126,-0.0021055758618431135,0.002540129401781674,0.004438879119587534,-0.002576627039667201,0.0021235726626632214,0.01106174242831546,-0.006313809125491701,-0.003490961207524455,-0.010359180281559847,-0.004215900773900485,-0.014437450113638532,-0.02777267947489235,-0.03377069018962841,-0.019615523674015894
-0.01730299213920285,-0.0066718067206963765,-0.0024684092789512817,-0.004650478284676094,-0.0035472792951365523,-0.004304499004753536,0.002748209925128551,-0.0027210074388896548,0.002958077903338962,0.0020205701381045614,0.002045510808117904,-0.005218842734028115,0.0311770076182304,-0.0011822050026114507,-0.008850864682324615,0.01601349673315838,0.0011351411848758335,-0.01765656798338384
0.024191809202432413,0.0059079871728153505,-0.0008084762416636755,-0.003080415928965462,-0.0018667387150554699,0.0012004706821077255,0.011311663759038285,0.007329648329322778,0.001085380034351113,-0.0021877089719706277,-0.006518330954324285,-0.0025858419005213725,-0.00556648692945756,0.00683571439219877,0.008010098194654829,0.0016795961097855478,0.003265806689739255,0.005701476952189664
0.045001454085727206,0.013497856021861375,0.0037253019702883205,0.0017724511732666486,0.0010011946312905638,0.0026650042029997237,0.0069360440132763025,0.008387921536045366,0.0007974739214810104,0.0,0.001059700217519176,0.002431290015245503,0.019871349632452365,0.002944379311397266,0.01969231164561561,0.002884153118789461,0.0009642871726682869,0.0015729294356433
-0.016534435515500417,-0.005242637707296134,-0.0033858626613753554,-0.003621128223333738,-0.0036255381310565196,-0.002195682784554586,0.003605289316400156,0.0030609105237724204,-0.0001174129213429255,0.0029666793619249512,-0.0007370594583439339,-0.007707799353865076,-0.005542643871972154,0.0025409369893008384,0.007730023681412759,-0.0010172653972930171,-0.0008558996925629893,-0.004017533419471867
0.027703217500156842,0.007990880965277381,0.006277214881189264,-0.008486775548515934,-0.005398551881526031,-0.005588885598117048,0.006121712673518677,0.005419690979400009,0.002139507006012235,0.0005753084834735005,-0.003327873635144563,0.0054032877238868226,0.020455110491881028,-0.004442603645555295,-0.029645308135288144,-0.008566461627287903,0.0007080995338550325,-0.002812979783780426
0.020732541540727012,0.0064135459839307065,-0.0007919401421300243,0.005880822819969238,-0.0027113689589926223,-0.0010760387110295986,0.0036993395511818595,0.00311577688160186,0.0,0.006160786184052015,-0.0008395263985287751,-0.0011077923575560829,-0.08857475706181332,0.0014497185761766299,0.02883783976806772,-0.009212164613751014,0.003018146489356207,0.016421838086496457
-0.008117560542932724,-0.007970100375225896,-0.0037079816146006347,0.0008076563617521611,-0.001780228131577397,-0.0031028019416045388,-0.006887469515412145,-0.001284778674422985,0.003982722350542167,0.0,-0.0016673428779121087,-0.0003125190383167377,-0.014165910670105994,0.0008160848086213417,0.004077717078558773,0.011890863570433395,-0.0023699717996936384,-0.01129813000620956
-0.010460899006701885,-0.003336077058547191,-0.0040940816889723786,-0.0011268800288093564,-0.0009654250078425102,-0.004665863230692131,0.001631960969483605,-0.00032107307778581474,-0.001260145640180014,-0.00487888397644437,-0.0003223210209991232,-0.0038350000822288013,-0.12083686003083621,-0.023285566708582294,0.008404088979924021,-0.01318121925872235,-0.0019485156258208047,0.0028228017754663715
-0.016369823075705447,-0.00802830341292974,-0.005278568383541431,-0.005200691614573308,0.004646179566655246,0.0067626118445088396,-0.022168838718632358,-0.011842107668995653,-0.0016023476342984337,-0.0004403302886080829,0.004550543992454295,0.0075089531152300795,-0.002268124359851474,0.0018676804858085369,0.006004940486170448,0.0056887764965619595,-0.0023979446257655,-0.005207890473710702
0.0019772158022799686,0.0,0.0,-0.012335084181674236,0.002356061160962821,0.004878792511947,-0.00178769797067615,0.0,0.0,-0.01549380300190386,0.0016418931518128062,0.007251258159032497,-0.08542307276154937,-0.003698069293206285,-0.008792476097267504,-0.028505579776587877,0.0021104114140146624,0.012408706696355465
-0.009265177026088629,-0.002319791460500119,-0.0036435079723004396,-0.004860960145811292,0.0002287150950427354,-0.0018474467967047917,0.002621325191923645,0.000967108573210674,0.0002526149147796541,-0.0026019973248099016,-0.0035719523247852297,0.008309953974291748,-0.11377890288941842,-0.006741707384415367,0.007159264160525775,-0.009403052762509873,-0.001799137081444563,0.0016655174225990443
0.052483909128162004,0.014365733301544562,0.014022014555957843,0.002613715466295592,-0.003496532917176091,-0.0015570169228487107,0.007052755687981418,0.007565380129010283,0.004951529220552397,0.0018066767858884991,0.005789989419871838,0.0,0.022741070286337657,-0.010435379159544116,-0.008662279800476699,-0.03387286503613944,0.007002144562806558,0.03221870983938553
-0.007469952947198638,-0.0029141603773241093,-0.003230905846610672,-0.0016123047783223015,0.006141199547726086,0.0022379897670997263,-0.01767959211108741,-0.015088925255825348,-0.002344511902033814,0.00020661160577940135,-0.0015393220877412226,-0.0030133445806279184,-0.004602241250401512,0.004811697137615252,0.0123227634320261,0.014035143182589978,-0.0013113490981520983,-0.0014420619180958959
-0.016247596124225487,-0.005141963462091145,-0.0010693918282144972,0.0034663970038681163,-0.003389628211734564,-0.0020463070325118333,-0.01869940132834355,-0.009661906231737316,-0.007956668135279673,-0.002535214621291025,-0.0009754497888904224,0.005280281037628177,-0.028337990503354615,-0.000578159187217759,0.004471387057856347,0.01146684929844155,-0.0002442371437802896,-0.013197537933343856
-0.011116550757049065,-0.004569294693912015,-0.005102002022868191,0.009087798724225795,0.004539868057137813,-0.002051888976521072,-0.0160208253711174,-0.004763297723618534,-0.00222075030522264,-0.003646565027448221,-0.009245231587986161,0.003936553542579638,-0.038240897405120475,0.001279630940305572,0.007774893925528243,0.011395438832554837,-0.0010683571761635282,-0.010442025347940927
0.008136551831528931,0.007214057824326372,0.0011989494746517265,-0.0008736135312502432,-0.0006082105222718848,-0.0006155591763890019,0.01223301958735796,0.007682820692876685,0.0002920170406940368,-0.002496405251188582,-0.004608285456505373,-0.005447261283686185,0.010709317858128448,0.002026622576380662,0.005872836003790993,0.004575084921108126,0.002308336429835127,0.008624979137538555
0.03765757105481618,0.01233220990993083,0.008553459236242901,-0.006710819013011946,0.0006703658084167031,0.0016700796997162982,0.008147960319670291,0.008125383424667208,0.0028916131229357006,0.00037727463040650383,-0.001025251934755098,0.005049573210482053,0.010261253880581942,-0.01043126567908393,-0.03601916854475573,-0.006729256762516232,0.0007694454585068142,0.0019310145633401957
-0.01311675936899622,-0.00151472296985296,-0.004667897480879132,0.00027492599839267195,0.00021704097952977513,0.0018964498146529353,0.006103097808102275,0.0006008040433355268,0.004713182627444776,0.0033285743849232456,0.01200689272934702,-0.0027549189674556575,0.014277172915769508,-0.003366087149000172,0.005711280371561957,0.00915362515152093,-0.0008072649207204833,-0.010180520817099768
-0.0022729426050907002,-0.0028117821378583763,-0.001607961785999215,0.000823791319188867,0.0035316492364778173,0.0,-0.0018707748421289724,-0.00881267155572567,-0.0029392190323812113,0.005710624901860256,0.0034254095284234724,-0.003266129151660984,-0.01762894331506434,0.00290126457225266,0.009411350219996539,0.017977338241950424,0.000839228849338442,-0.007505118674775758
0.031164716040379514,0.007997093760048014,0.003267893400785381,-0.00020328590314385787,0.0007281065812782781,0.0019755414446716696,0.009025230978841173,0.007795385927761691,0.0030360160043379704,-0.007887211028752344,-0.004316906497206995,-0.0011470710464587196,0.015144757973942968,-0.008802164189661163,-0.0297567258465831,-0.0008187016386806827,-0.0005235858629352937,-0.002227820883335771
0.05421876677847971,0.01560259072536853,0.017328426574031743,0.008859851495135415,-0.0026506626184265624,0.00048261705010714724,0.00638422751361254,0.008440159024600009,0.004633159816220556,-0.0055775900206184725,0.004556028718194627,0.002732664287153971,-0.005186774149960045,0.01766297877550311,0.030267526548696997,-0.014380291127656455,0.012600433723977442,0.04067929201589443
-0.012937276601331999,-0.0051107222382583434,-0.0010828717562795592,0.0018527971316420282,-0.0007618275538355077,0.004551419671763916,-0.01137694887422492,-0.0054605357192531664,-0.0028973170555156896,-0.002810856813317989,0.0009638339778303228,0.007546225445762709,-0.08273723896696111,-0.012247500260096451,0.010415574253439128,0.0003498718167581058,-0.00033860596249729596,-0.007083474656709374
-0.015157402301243565,-0.0007392721052685942,-0.003849685209179531,-0.0054354746164377065,-0.0032429308006169996,-0.0012137423911460549,0.00418673528916339,-0.0013462521123175613,0.00021791395135105035,0.0013132914621142632,0.006284533148327423,-0.0046929009168040214,0.0062262990194366045,0.0,0.006193616529286883,0.009810606593704996,-0.0026214748500524524,-0.011998844674495843
0.029314557630335584,0.005291841084789312,0.003469585680016377,-0.0060656710052631145,-0.000515059312963845,-0.0020710030098631915,0.005280777019776853,0.004881259555896772,0.0005032346236685241,0.0032483147057469925,0.007747420249607483,-0.00810428242831463,0.02300404575924996,-0.0015637183066464558,-0.01963721275479979,0.003773789499797218,0.0028213821761713747,0.0013668587578534244
-0.017169029951976604,-0.006044389428432527,-0.005619366295881855,-0.0022493452672338074,-0.0032740699379641075,-0.002387780776192433,0.00547098748430208,0.0015641263623890577,0.002977354230094145,-0.005987743276621534,-0.0034744493300692095,0.006952839579486823,0.008822826770409754,0.004531235371672381,0.02327646326056452,0.0036045773695652125,0.00023862605675250735,0.0005953957983711386
-0.011871965015292705,-0.0017779964786013615,-0.0020670154694574466,0.013452336653039635,-0.003013727208543601,-0.0013195766060179336,0.005509187084676523,-0.0015370474473485316,0.005160469534084912,0.0008690328312355702,0.0060301055626028775,0.006572230598298165,0.00584172504012189,0.002547664607279858,0.0,0.0077872125170179605,-0.0023054977381547284,-0.010274587839054793
-0.028903194580933256,-0.006686028643308327,-0.008383360184486127,-0.0012180877491153824,-0.0015739738317462405,-0.001332131445631406,-0.02659086268256015,-0.01179186756497895,-0.01045462088962419,-0.0011172474431769038,-0.008421640203154154,-0.002093910675036685,0.0138291239188641,-0.0012799785926419008,-0.009309444791964933,-0.004489337104180941,-0.017732766438462805,-0.0032331482936724387
-0.004711351415861504,0.0008127005019523181,-0.0012757918778135264,-0.0031354564161599646,0.004959110124238089,0.0,0.004529838977373186,0.0040420616478233735,0.00239036177481958,0.00310061164856581,0.009706185658479307,-0.007780787419746328,0.004005098570192567,-0.0005397786254631021,-0.01861756596390667,0.004194913772165827,0.0006603925111239337,-0.007186380980061302
-0.01767627823980338,-0.00710356494270411,-0.005868270053438196,-0.002343151445703049,0.0023004651738469696,0.004359572073515289,0.003454757135072793,0.0029863636811350777,-0.0013978550190137551,-0.0036836187759589725,0.0001237927126950284,0.004530312085480757,-0.0010146117515497923,-0.00034496011389998385,-0.00040181983936190163,-0.0007943499056045758,-0.0008125279465536589,-0.0017599973609808174
-0.00595314752743472,-0.000611638296030582,-0.0021758159708565603,0.009560576064130228,-0.0014591669956837952,-0.00011326567758800985,0.0049997808477798625,0.001641991219118968,0.003834065845752923,-0.0012127568542015597,0.0017349688492938767,-0.0031285117140507092,-0.022551914474435265,0.0024303932356206748,0.0094425856770741,0.0018907313545819947,-7.602293653493069e-05,-0.00578017432395465
-0.0145757969975198,-0.004564974901414603,-0.00429915609228141,-0.003040024591467259,-0.0021955057884746527,-0.00019224701430750846,0.005592406582282016,-0.0029514997974444887,0.0030158930674214143,0.00016339672921233318,0.0008871728511838217,0.0037170960022811267,0.0067640741261970755,0.0005643475739347908,0.01615899433485889,0.0074690033115516535,-0.0038588466999499244,-0.012685588058287012
-0.012365911750205552,-0.0054864452450898655,-0.003991438220913889,0.004303238848042326,0.004558198573842491,0.008121439576733624,-0.025157198899061272,-0.016027825364513724,-0.009104437350936712,-0.00041135125284143265,-0.0032945395960517626,0.0031844228342587824,-0.06383988667678815,-0.007299022443964661,0.0049564030489068316,0.00988940966835824,-0.0007179854461653618,-0.007849662404571314
0.059056041722013904,0.019642891742834696,0.016790905175647512,0.011987550039601507,-0.002041575515824459,0.0,0.007152201289838542,0.0077144819918577336,0.004969272845385668,0.010304180240726515,0.005832619637569329,0.000781483191829468,0.0,0.01315899923829067,0.02631948119794243,-0.014486597220734112,0.013476957472728611,0.04170856900581235
0.029348684076831805,0.007498687825269392,0.005327976016270805,-0.0008491917839427363,0.0010662392951911262,0.0017217630308332514,0.008305770201005107,0.007517993070619799,0.0019299471658505286,-0.008216753325770935,-0.004099077670963705,0.0015451946732232343,0.014941011349687906,-0.01094537680873534,-0.03183568443106512,-0.0001673057484245471,0.0010073485819663405,-0.0022896956567964553
-0.026841587885718034,-0.008543847940802162,-0.009758953578774062,0.0006686602406278842,0.00022642848499394307,-0.0016795689805394014,-0.01877086632518448,-0.009842865314712517,-0.014972905152603475,0.009711468175633252,0.005752907542701193,0.00424259143209721,0.01627319834669,-0.004302691101429994,-0.0021095987655056197,-0.014817656620893837,-0.01899760904001621,-0.01049809521875962
-0.016239852899956796,-0.005533078684292019,-0.0030116676337744617,0.0023040902502387576,-0.00014446367037198682,0.0008529114662442668,0.004849765107858436,0.0021073472442009827,0.001020977472361717,-0.0019562129154495856,0.0071099497026300956,-0.0027631319092823203,0.009949514578395876,-0.004676664012413403,-0.006169868121046304,0.007825073658957453,-0.0023734152364660106,-0.012482202700920056
-0.026573377087484605,-0.013645535862490114,-0.011080246677025996,0.0046141873938552016,-0.0037332541527766807,-0.005797842931798156,-0.04380840737985015,-0.02335083648965768,-0.018675517084053045,0.005033525075575722,-0.004209715921095473,0.008337749356481372,-0.01668430595175427,-8.526049101009495e-05,0.006380445149780674,-0.009703804759641861,-0.01582153589747033,-0.016353905653533923
0.044270397882680335,0.013335137276675717,0.004376162770359353,0.002863732588799008,0.003257422468988676,0.001860132472916457,0.01053081793922924,0.007715810437915908,0.0017191010613949924,-0.004258140210079681,-0.0027098359788716,0.0003835633874254258,0.02323902357864394,0.005341343342080399,0.013210714176233606,0.0036747948482815135,0.0028127082054689723,0.00021575780637192454
-0.016927744777695965,-0.006423637119582161,-0.003336647736231933,-0.0047898375581388875,-0.0009984968502354595,-0.004986131557919774,0.0032581713098915727,0.0005870554149572406,0.0013015399190852886,-0.007566660885324743,-0.0007256530187139912,0.006148197038489974,-0.007841721484798954,-0.008727249703483143,-0.026311303212667145,0.004387377731763154,-0.0036207594490578997,-0.011585727024709128
0.027135451120428054,0.006879257558965681,0.003932423885011167,-0.008285477765623233,-0.004134539012845938,-0.0008090036720454453,0.005626685652775229,0.004584993460461111,0.0005714733041482904,-0.005737343942592646,-0.006403997723544996,-0.0018405248888073542,0.01744437200222631,-0.0025684899918277976,-0.02984034492271966,-0.0035205628301038347,0.0012730960477589975,-0.0009651841312008748
-0.011494463417154837,-0.003154559997676303,-0.0008562392823787468,0.020493293041609614,0.011155604165060094,-0.0016193012257267603,0.007032940442289261,0.004525257430055265,-0.001257757419911784,0.010733124395149743,0.0070322810571703505,-0.00550832654040588,-0.0014108200020740659,-0.0054968532261093625,-0.012076503839545016,0.003788415530921342,0.0009271784663475223,-0.009560585437781342
0.02637580948773922,0.007975075622891762,0.005046917741001063,-0.0035132097637557624,-0.007971397778847528,-0.011605613515822944,0.004003655035149912,0.0042409728049075,0.001313644313891136,-0.0008643070225134163,0.0035803342474017468,0.0006904000587492124,-0.053247457989629716,0.004062509464071115,0.012114940227479975,-0.018233524308215048,0.004479247592679387,0.017877360043430584
-0.010397224762023158,-0.0036979444442200382,0.00021451738727532333,-0.0038819916786985115,0.004193629496112596,0.002748326200681009,0.004936332134591459,0.0032854904178756307,0.00215284060278058,0.0006867563527217906,0.002919606234232824,0.010133611922204753,0.0014113298443688108,0.0032351638945779895,0.0016288434365952869,0.0029848543107662243,0.00046348993397023284,-0.0063254874509822805
-0.027419723508601473,-0.008740980545750565,-0.00895948608038141,-0.007000993993045148,-0.004224490593819397,-0.0011503892184437452,-0.030921069747033132,-0.009299320723288334,-0.0047489956268204825,-0.009885806483801145,-0.0019606222715217525,-0.0031864935910636944,-0.0008702372042571928,0.0011427108427937973,0.008724546711579935,0.010550712256360024,-0.003944173673925448,-0.012641801071160488
-0.028555046874204276,-0.011772452571934454,-0.01099104846376365,0.008106936969622383,-0.005948585194657341,0.0008572351184878718,-0.02835289616650386,-0.012174979806422683,-0.012516452450849886,-0.009784510982509593,-0.0016624640797002067,-0.009609583185801912,0.0018409381338916554,-0.0011940885512837674,-0.011685780493669338,-0.01931351426274412,-0.013747524050097886,-0.007719712863731992
0.06505440197841326,0.021156913884866596,0.01659446451827338,0.004597970684311921,-0.0009860117936245348,6.102460869596305e-05,0.008261346093755676,0.00568638975135517,0.006888874960966461,0.012950654530577234,0.011224369708477172,-2.695425442991664e-05,0.02421544427760734,0.007752605732234623,0.008381741112237759,-0.023195394690038926,0.008327832685693959,0.05085017337405212
-0.01487691140909859,-0.0037907196424201896,-0.0027232445991208255,-0.004709517369492283,-0.004475747817691894,-0.000798883550028094,0.007822086231784249,0.00381870353508346,0.0033180991718892204,0.005794330625733589,0.0018373498326386566,0.0,-0.006997718494286654,0.004119239883618825,0.01516297710676325,0.0005969746429894883,-0.0004089251068854814,-0.0015793479628292808
-0.01833696459628737,-0.0063328534420770775,-0.005258516517272899,0.007682669717877848,0.00486513355903147,0.011198127027966673,-0.018106741447132438,-0.008444927626983052,-0.0008872473578004032,-0.00695051767575342,-0.004914270030913543,-0.004168977613721143,0.013342292865697195,-0.0023032434786593565,-0.010951939918943106,-0.014541007519418567,-0.009336494189288877,-0.004142586593031197
-0.014705248735678496,-0.004782724581129598,-0.0029333043354573475,0.0028674745138877102,-0.0005109519379656648,0.0005933132940436271,-0.011350061377093202,-0.001556402445702482,0.0006708966532163457,-0.010028204843464523,-0.007920295075506203,0.0010811316625108543,-0.021954370057956,0.005637282393758309,0.012455049012204594,0.001763451902253907,0.0009870152658392859,-0.001627851994920687
-0.011206274588115238,-0.002189855066177924,-0.0019418031726421393,0.001941470774262747,0.0,0.0013423320673488282,0.008040203539042175,0.007537578977249221,0.002314613149623734,-0.0014523707793843074,0.0038319123166790123,0.0026928229980102084,0.02849007442895144,0.003170118389407893,-0.01147684860220826,0.010906984545998142,-0.0011401262505931244,-0.009139431848971619
-0.0074289086066555285,-0.002804148051407471,-0.003581310505697701,-0.0007739789512778538,0.001586078862743084,-0.000423665821547714,0.004898258794693064,0.007598575789804164,0.0006722005989832972,-0.000965691362868039,-0.00987223444474876,0.0034383183875506215,0.04044073533284234,-0.0016108007355842163,-0.015946686554940012,0.008667325697995647,-0.00030534091655781286,-0.002839590292754688
-0.021191897996952227,-0.0026097521185978424,-0.004683857637682689,0.002229222221077149,-0.0022308813414681737,-0.0007243030690104343,0.004797867060684338,-0.004537397498054013,0.0020123024071453453,-0.009225599630538248,-0.0009678384194574056,-0.0012733163386973556,0.006114238571825979,-0.000688470924603007,0.00745389326992904,0.008041738251119038,-0.004221335212349422,-0.01421246389313732
0.06816630050556469,0.021984515803786856,0.018363761911074163,0.005638890786707708,-0.0020060069506026095,0.0015096220120534157,0.008299860333888886,0.005469164738369901,0.006223622778512201,0.008025329941836513,0.006314282104529187,0.0011638757489950602,0.03445079618629308,0.007744663480156886,0.016323124606079074,-0.016468731807379504,0.012744982404190723,0.05651026183858138
0.04779472834451212,0.014784576175250428,0.009038451547931774,0.005050766204780431,-0.0029841610587896354,-0.004550040135819468,0.004248422945275341,0.0030707849149293363,0.003970364362926369,0.0012632330564389341,-0.0005220752064957041,0.0020773394858626675,0.027941470625236765,-0.007726672639273543,-0.009101798728147908,-0.030362552153889038,0.006645029649543245,0.03409653936185986
-0.007529110296261552,0.0008469854127190597,-0.002351622714457462,0.00034607045617483946,-0.0006861120017511248,0.0009377685725090168,0.005570592170911013,0.0001940968465044354,0.004835930847041222,0.006442044236030448,0.007600688611220374,-0.00045033168165347037,0.026914504023244537,0.0008528268154093797,-0.006818483250846777,0.017217449076701304,0.0019962988646995638,-0.012835922512369667
-0.008097162985319711,-0.00024821841187940133,-0.002137241849305612,0.001646132824492719,8.452452979641329e-05,0.001951784097275396,0.0062555286288167025,0.0007238697474825317,0.0031896499691489865,0.0002852671423250956,0.006634784284388509,-0.0030835609203818393,0.028063717805205012,0.0012008965685935305,-0.00959075303748967,0.01591874437177044,0.00017173871733389405,-0.010563901696623919
-0.0066332434104163784,-0.0003316543779707626,-0.002854788713012396,0.0018771113605514664,-8.468514548465439e-05,0.001817666064735334,0.004907610557889601,0.0031465928343002185,0.003072342097308727,0.0026866566891916507,0.009050631194519225,-0.0015049187768117992,0.02539257161442038,0.00013983301806991553,-0.007044656455298445,0.01688767388575376,0.0018086713979067264,-0.013452895823734004
-0.008988562635284613,-0.0004018403693053878,-0.002061387365998917,-0.0027892901407395227,-0.0008056542641899612,0.0019740918561591096,0.005541690716326474,-0.0014830996606721406,0.0014700588846973499,0.0006067427194296614,0.005443580899519691,-0.0031089057304617774,0.02706713894702696,0.0013342225473220166,-0.005488672273660025,0.010051458489149808,-0.002297764029726544,-0.010742643825411579
0.02303727287517208,0.008525291622529246,0.010233770359994994,0.006399691808577164,0.01562132307072839,0.0152108101099286,0.0025673804094394717,0.004086162007910565,0.0019080118190951123,-0.005244082385630337,-0.006841855691529646,-0.0004055352886426874,0.008556872721391539,0.006192496712293791,-0.02043530191927021,-0.005189191731322708,0.010652512626427807,0.02141007342032683
-0.01529486791724113,-0.00661356190227728,-0.0030761810091022987,0.0,-0.0015891413786722382,-0.003449264506520934,0.0003877591382251818,0.0,0.0011721084933497905,-0.0022154414021570423,-0.000523185927396552,-0.0006818202111672362,-0.10646983675563206,-0.017152220213152304,0.014097733662272516,-0.0024447843458448187,-0.0015964389988774583,-0.0029789842589066085
-0.01741605298034869,-0.004258641417723221,-0.003045761455919829,-0.001668821750376484,0.0030854271803784214,0.003409963832248855,-0.015767701665474018,-0.00782736860992615,-0.007933214062159832,-0.0025861416808898997,-0.0006666203891327618,-0.004220207951723179,0.0022959212901885544,-0.0004839480311547952,0.008502824942061657,0.0008144605952986948,-0.00265279234690193,-0.009463172979777966
-0.010118838190486404,-0.000399729153626828,-0.004374460216879356,-0.0023157490844422732,-2.5425782474008075e-06,0.0011306292509530454,-0.0008589477078159227,0.0,0.0024391985738672728,-0.0038815966898459483,0.0040614672368199855,-0.0005718353910915654,0.02890043599077326,0.007074890148046288,-0.00206884407399023,0.016402973866595116,0.004753013459674098,-0.006734011956350962
0.05875077300679269,0.016868492054187157,0.012983552494638997,-0.011400312120550562,0.0025769997848707664,-0.0010144166044709173,0.007632566553917871,0.007816055200190658,0.002754266630726961,0.00733932898231167,0.006895641902125243,0.0075880928776014284,-0.008391852236575898,0.013520466621676365,0.020980682772834682,-0.006083548344516769,0.006885920727936872,0.03804749659272788
-0.013646940620925214,-0.0058076270903555435,-0.004237243066690273,0.0002701573609712972,-0.001155812752152888,-0.0007685488220033922,0.005360651707223101,0.0003063452126818463,0.0021374034661198553,-0.004195718457367106,-0.0009435010879378373,0.0037009041243934145,-0.004910257689136487,0.007970375240665932,0.026968188397098407,0.005876585498762336,0.003528258092596474,0.005539103300813017
-0.022037671526346087,-0.011903577562668124,-0.007112184161269439,-0.003942372077384137,0.0013395718124973336,-0.005217875761336873,-0.02561738588499382,-0.020097208945621448,-0.012421528458520318,-0.0018101522508291292,-0.00030684640944255706,0.0014434946168459023,-0.054586258194301907,-0.01062014612888237,0.0009914734036642135,0.0023630105892197177,-0.0015487722097478117,-0.009403967921121026
-0.008994825419619578,-0.0034522258528924222,-0.001405572238098469,0.010521219817962597,0.004780526281668503,-0.0032427895147184903,0.004588889133513727,0.00024785223481838903,0.0013114334642483141,-0.0032504820712236917,0.0047374636349442655,-0.00988579107751858,0.007307701997479878,0.0014559384131318425,-0.017617926348443648,0.0016792979503333976,0.0003441839007192449,-0.006954797253657432
-0.014280936872274925,-0.0031463489745676082,-0.002851402751767774,0.005140472793202832,-6.087765726123176e-05,-0.0017980246345211113,0.00041454926026046596,-0.0021082925525879644,0.0,-0.007065992560506666,-0.020875153904876934,-0.0029954335622765513,0.004453491641006152,-0.0041601281469185545,-0.01576750153768912,0.0018485632975417342,-0.004672920565955552,-0.01185351619543104
-0.03588694896167912,-0.01041319294284792,-0.0054643504546169255,-0.015293357400016569,-0.003873988802233659,-0.001110547268550755,-0.007100326100086166,-0.006567130063414854,-0.013782224422221524,0.007489112527416594,-0.004834305505935472,-0.006253671527030757,-0.04063478886477442,-0.006909906898139117,-0.015733325008350084,-0.05596031934682233,-0.031248307641924582,-0.016790120515383755
-0.015777719871391403,-0.006363405936524837,-0.0036304598643976194,-0.0043240414043083444,-0.002708272135581028,0.002667964199615489,-0.015211407712621652,-0.0007588223075847791,0.004228673604999556,-0.00475091996659359,0.008492020398634004,-0.0030199634069448,0.007617521827257072,-0.002931346208733669,-0.007633517598447073,0.010229061406761742,0.00044737247403461996,-0.014915548540568209
-0.015139038285134099,-0.005080192902442282,-0.003708100206738084,0.008666575022181728,0.005936358010542726,0.002239377731207565,0.005980731877572749,0.0018524959501644012,0.0011820625478975015,0.00032133479675480276,-0.002245070732221663,-0.0030867044018359283,0.008358145582641413,0.0008137570042468576,0.01831390264512583,0.005462586274957781,0.0,-0.0036177159161259118
0.05394087831731846,0.01907389129531695,0.016432936338092646,0.01197762295983083,-0.000983148004822308,-0.0020894024168624753,0.007986737111010266,0.009138836886867029,0.008081040955882177,-0.006954540880829861,-0.006220100881580657,0.0026191342403604516,0.033153948390928195,-0.0059982538086180495,0.014136158211042379,-0.008971080169351163,0.009187680209829876,0.03713183509685733
0.04183419321960447,0.012619394888271405,0.004189198539980715,-0.005969226746404439,0.0015241085454844587,0.001399149293902784,0.005777138865166482,0.007364038724106987,0.0013451056343137396,0.001452387633655166,0.0006061142644270048,0.006271548829121134,0.053198304489698485,0.0,-0.012225636040730067,0.00826854633081801,-0.002011244352127417,-0.004636117326636685
0.04125509848845238,0.010339115530022694,0.007058724926551102,-0.006729479918371113,-0.005493543668355627,-0.0042588159403623566,0.007108512296958376,0.005965807191109601,0.0013496651933641443,-0.0032669809654159586,0.006186140498316971,0.0060998939984008415,0.04131488501592957,-0.004637040153408356,-0.026917569123333804,-0.0002217990556881814,-0.0028112074951640678,-0.012702772441853
-0.018224905217775523,-0.007408248408628475,-0.0046665179596389605,-0.0006346666388018688,-0.001549552216740052,-0.00011718030205748994,-0.011291581062454365,-0.010181119665185749,-0.007632296786877154,0.0012817464166807178,0.0009544074092042551,0.001045175992645023,0.012492225304724314,0.0004629097525661637,-0.006815964781711011,0.0007489082027924886,-0.020043051396621207,-0.01670954184585316
-0.010261353120733062,-0.0039080922524840234,-0.0025790810234432643,0.0047182902420330386,-0.00037193289702868284,-0.0007401587771152789,0.005205422568450261,0.003911897584267699,0.0030114427329990014,-0.004842929789210969,-0.006982867809977585,0.00712149987061326,-0.012602839838813896,0.0022790796705266375,0.014092576657008856,0.0031814077737674813,0.0027155372324704843,0.005543265677605498
0.05599951663364513,0.014027284181170574,0.008557278335347846,0.0013852261111708813,-0.0042079754658785745,0.000655323906499764,0.006805370681201819,0.00798858204139676,0.0031713425286041506,0.0017794974618655205,0.00482103609982033,-0.00026549321351327054,0.035121848468286206,-0.0010299513606413916,-0.023421291804547488,0.006334551627817432,-0.003567929699452828,-0.007796517502819927
0.05142194639563397,0.015022020514439908,0.007919357994507773,0.0,-0.0027746925808255006,0.0008275000648404633,0.007182177425115245,0.006767019436839485,0.003199441891863562,0.0024320614942981585,0.004224574286064539,0.0003113717564921886,0.032111450250309995,-0.004696592086992675,-0.02116547777520637,-0.0002222208685676665,-0.004342056723719525,-0.005587676169624717
-0.024967840343917726,-0.01020785816532368,-0.005623494452142811,-0.002117552406750695,0.0030826349311236317,-0.0025003647374316966,-0.03303470432956514,-0.012908216745219525,-0.0015761085099340868,-0.00812628336658141,-0.005316874686061043,-0.006059700810765971,0.021085730238041948,-0.002192534512143142,-0.012403093620156699,-0.004189907178321008,-0.025475551426156127,-0.013550909566567765
-0.012437237277881317,-0.003907461098705752,-0.0004828700969435139,0.015154168594265102,0.0013004988464067444,0.0,0.005694524962913544,0.0018824656980623625,0.003841169055243712,0.010435181667631275,0.00573178855510892,-0.00353883061336851,0.004446177729098645,0.0050198607188321346,0.005765685787671863,0.0004634322008029449,0.0,-0.004885973676864011
0.022456920587528382,0.0028549908703989872,-0.005782592498803226,-0.00297468273382087,-0.006181186123366883,-0.005117071380507812,0.006192244372707094,0.005751609697587269,0.001416332339573855,-0.00047743468994952497,-0.004929485482559577,-0.0029458924217916735,0.014283842823816496,0.0,0.00039895167863453755,0.0036623083775429548,0.0004667885349056203,-0.0017280068581061736
-0.020506141775989414,-0.005595507050612332,-0.004609454902159246,-0.002549448620643493,-0.0008889896483301314,-0.0005828445325679854,0.00566196407072447,0.00248909174512597,0.0002907210798931117,-0.004908424200516139,-0.0021923626133551906,-0.0048789899329252815,0.007443860746243705,0.00017400039043509246,-0.0007137771305953583,0.0005686403696757682,0.0004325132917719498,-0.003048667492059228
0.06181128650667917,0.018930245041244995,0.013767241558230904,-0.003742752357860164,0.003887558049028166,0.005013933457350531,0.007413367919476234,0.007396977855756364,0.004304312830929684,0.011704623533855672,0.007082775399734806,0.010009706985190088,0.030182750217584393,0.006046245078689504,0.015285450663492456,0.0005631839099816422,0.007669148911943437,0.03764812181484023
0.032381167597473094,0.010807890587847256,0.004396067107478536,0.0002932892743300676,0.0017649412816422717,0.003238137235330184,0.007537917969011793,0.007191778639299094,0.0018211914133229184,0.0015072243818235118,-0.0026729492690311034,-0.0010296526015392273,0.04234758603353526,-0.0028634840495863796,-0.02179480176277158,0.002304823248202719,-0.0025951538939018763,-0.005969116853235798
-0.020133711738274995,-0.005588420928113488,-0.0044621875948005155,-0.0020716708966488895,0.009359572080180194,0.013941079785316066,-0.00378091023401733,-0.0033459565218951675,-0.01657688952845413,0.006819240556004061,0.006610127401641869,0.019174974464206133,0.01235641669899785,-0.00041467217349879556,0.00825925344064262,-0.004837215305437477,-0.0028792910001601505,-0.006359246768719516
-0.023031029203754834,-0.003685808034431582,-0.005916180519768543,-0.005115628447795019,-0.0007900460331716356,-0.002318622831481443,-0.026493863854248213,-0.01448278154190303,-0.012726172836901833,-0.003989048378777115,-0.0003576201815734123,0.002094946442970057,-0.0037494762195148593,-0.0023107888031335317,0.004837068456791271,0.001350041992058679,-0.005551888154233643,-0.001891922256838624
-0.016270475343122624,-0.0012288092661020317,-0.0015737938232142507,-0.0033122454599955834,-0.0018371980309804666,-0.002236556431248831,-0.014568245591239794,-0.004694336735763477,0.00195968935308246,-0.006536628344588443,-0.0007693375231341406,-0.0021831485070113897,-0.0014376728263321822,-0.0009670916500557001,-0.016077310772215674,0.010218775012311075,-0.002987363727818366,-0.016037191539376577
-0.008514356200562533,-0.0026222872395488418,0.004967810898310421,0.015289519903965544,0.013273363476850538,0.00795578688380767,0.007421618708177324,0.001739570422670537,0.0054017074508091595,0.007021766445901431,0.014714564089365837,0.009889532355582794,0.025649705915459006,0.0004373578241685121,0.009140433383432008,0.023317070325087057,-0.0002424266998378582,-0.008914045072549809
-0.01994649137293689,-0.00708035081296924,-0.004206210974208131,-0.0044176442478207,-0.001620092280124523,0.0,0.004449724362445789,0.0018549937482041441,0.000316986650712989,-0.0013784657629581402,0.003950522935115303,-0.003018019991419138,0.00576077148680697,0.00024082490048893493,0.0019529861420879199,0.008035215028427408,-0.0028149129110656207,-0.013021026078734486
-0.012856962755453376,-0.0036823865599053046,-0.0006395891109274223,-0.0035683484952792545,-0.0014470167331834438,0.0010762769472291954,0.007270786996287998,0.00799731084879936,0.0029988836552648185,0.0022451397486370987,0.010975227560515081,-0.0009735108204852559,0.02859805058110311,0.0033305803672059784,-0.011900347215564615,0.012355889076915979,-0.0006610862715059222,-0.00995925760324931
-0.01229144271605393,-0.002977450568998287,-0.00379023135051632,0.002046254829315409,-0.0014316397473853799,-0.0017455705350777108,0.0010369853299138632,0.0025110493910904777,0.00036216299636588397,-0.005266791151374047,0.0002645090013796141,0.0005579877785666354,-0.12129045755797215,-0.019849243095608034,0.013835092784153279,-0.0131812075755825,-0.0004280840664989579,0.006536388951892985
-0.0186277289434275,-0.002475352251573639,-0.0032276048747355425,0.0038654241808623174,-0.0033458477779406528,0.0,0.002881119619119338,-0.007352336164424467,0.004012216343660426,-0.00440063033323847,-0.017662127009622546,0.003894047319683046,0.002589106628529947,-0.0004856004159192581,-0.0031895032374461628,0.007574685222960107,-0.0024931591045628844,-0.015061690969042266
-0.024136752259238673,-0.012717143738463998,-0.008026293092673213,-0.004372117881890897,-0.006222914780508996,-0.005755763453642564,-0.03477155815278972,-0.02096609561982744,-0.017595153272293097,0.00249444107347354,-0.006791272074924576,-0.007214942854594528,-0.028045389698332358,0.0,0.004770494520352536,-0.0064054716581037775,-0.009780966551043706,-0.017306189557304535
0.032204039778061896,0.01015439326069257,0.005465318961135624,-0.0017644283790072197,-0.0007482110113280541,-0.003029112304374269,0.007114193341875754,0.007264580714217867,0.0036822339803005235,-0.005713724853838579,-0.0031472091740378,-0.0002883655169644093,0.047246479678845356,-0.003494542929941866,-0.021249337410472066,0.0008178243833258659,-0.0005717326795336355,-0.0025402516288193233
-0.017627306637573805,-0.005231859524589847,-0.00424712753911931,0.0004749744596164872,-0.003249345661969655,0.0030284598332211005,0.003421285807582226,-0.00648455485672064,0.001891013649325256,-0.004163005928066,-0.01092743930182169,0.0014894413183420166,-0.008910755294154278,0.00015770427270826877,0.017719743494205225,0.003597708005839463,-0.004200652735539012,-0.012383116562238054
0.025662448030384838,0.007638087576762015,0.0008093409032685987,-0.0009140366561001394,-0.004396989530108726,-0.0032411217702556713,0.0030491821490031823,0.0073360979014014125,-0.000759197419318877,-0.006709611548643657,-0.004862848967068604,-0.0012189762089300114,0.008370621168535985,-0.011883755573782044,-0.02572037888057046,-0.002664837040670571,-0.0026234865754433834,-0.00746138883185705
-0.017579111979516157,-0.005381945099397317,-0.004871415288113872,-0.001647527491793121,-0.0005204689230571597,0.0008250164407819982,0.003021492717770173,-0.0030839134875714526,0.0005882853858723441,-0.004733232733950102,-0.012950296080750975,-0.0035720612767434325,0.03678409918467419,0.0012556079803520519,-0.013565935122496205,0.012808914467854298,0.0008620715712707021,-0.01173193931432052
-0.008808187728768901,-0.001337645122061999,-0.003261432332568286,-0.00313738062154354,-0.008170474940361484,-0.0037436464471775283,0.00506876160115276,-0.0023745010697709405,0.003845194291805797,-0.001516438963124007,0.0028118812619577467,0.004470931031698325,0.003535384898907289,0.0021059165247940613,0.00643423367962842,0.009427413798425106,-0.002922395953400083,-0.010244908330596278
-0.025752305709084496,-0.011405646837809924,-0.008197529954500871,0.0007739362893953777,-0.001830118876489642,-0.0018076122944833215,-0.027366466423224642,-0.017345827603736097,-0.011066343013256569,0.0026172326814047557,-0.0050673647696902815,0.002832033380995575,-0.053567317101864506,-0.0032499427097074265,0.01210764978583296,0.002794770913550367,-0.008351252774241348,-0.007465182307611368
-0.0156294137970096,-0.004595402212669965,-0.0019219542693259461,0.006638106729767126,0.005304425266409176,0.006140614114198035,0.007232707168610758,0.0012438750169635644,-0.0027623778328057886,0.010028837460232304,0.011933954870573056,0.0015976061370145803,0.009032355036545777,0.0022844637594591423,0.019939297588975797,0.010199320485180664,-0.0007913633465994203,-0.009546640311012947
0.022069455363183332,0.005714182771066381,0.0030143926582862626,-0.0067632603055628494,0.0002066878923241611,0.002791110712455001,0.007394539986632537,0.0040405692258422,0.0012583141953017886,-0.0045197382216773906,-0.007710359895300327,0.0010371429924510374,0.004270101729339936,0.00038240298507792494,-0.018648257310882512,0.0017406832774769683,0.0014221348358508684,0.0024073473784724693
-0.013143033179477563,-0.002905748810228436,0.0012202387835054329,0.012228425911273651,0.0043736186654851775,0.004159903792118837,0.0059884575445475355,-0.0002489838791255035,0.00481534217630934,0.003796876792797763,0.013400453266926807,0.0016048475768432639,0.027293614920404226,-0.001451371287456608,-0.005924859620886746,0.021890484264601245,0.0018411309834585692,-0.013142979596961812
-0.01249098725448067,-0.0013326194809080163,-0.0030515050291030476,-0.004462023309604372,-0.002709698383552786,-0.00036119416602190744,0.005616996545725519,-0.0004935480929338339,0.0011122989839699442,-0.005788352382373126,0.0032043454166472427,-0.0021632839054025344,0.004749633149695062,0.0017960952559878483,0.003989486607714973,0.009582782778503933,-0.002080103872255185,-0.011961927169864422
-0.02493423098739843,-0.005945691799333032,-0.005262315674593654,-0.002182064050899883,0.0022247133141221494,-0.001180293576098332,-0.028349346035335104,-0.020416098605564037,-0.011477984230158448,-0.007785779537878209,-0.005239611641111626,0.0012387443595436101,0.004669953756491785,-0.00020641467332099372,-0.00024206684240803624,0.0030656164380695487,-0.004713095686471432,-0.008311175010010621
-0.012180570432918987,-0.001457073193572013,-0.0023382667822433073,0.001096252893246414,0.0015868321454913016,0.0018553471432642215,0.004242466099065236,0.006574516282256682,0.0018429133373238059,-0.00543825182341933,-0.01212874111562368,0.0028815270185897955,0.0495577387138288,0.0012473814844152274,-0.012154166002096498,0.010168629725218498,-0.00163432091925888,-0.009023575708507502
0.019768010505941135,0.003106663585906022,0.002681506223690207,0.0020749384968072005,0.0005184542645448988,0.0014327127538021228,0.004235868886974755,0.004260975524164432,0.000850073634212279,0.0,-0.0009171601835021382,-0.0008032050213026203,-0.014469795662316313,0.010794216432250878,0.024238448330870507,-0.001587453873466212,0.0032089226993522488,0.012901627571032762
-0.02570925606101711,-0.011168130088642472,-0.005603916549559313,-0.0015033095745076788,-0.0037511432168788406,-0.004485492679809176,-0.016360687956591027,-0.00450025325174482,0.0013574525389323214,-0.010542785452539507,-0.00621992292950655,-0.0013522169056106093,0.017101862504445668,-0.0011582414294151416,-0.013818121861451685,-0.00894544465884018,-0.03183153827959781,-0.02318212023669511
-0.019756575933260193,-0.007020801058068798,-0.0023118274654307606,0.004690690724554135,0.0141193823718439,0.008902475398232856,-0.0152500381341623,-0.016338379284364223,-0.000648581023656617,-0.005635461648005403,-0.006418308441397726,-0.00192076400772324,0.018802079735402648,-0.0013837112992436916,0.009821917343879284,0.010412167805345937,-0.0036258404312521173,-0.00730574849304709
-0.020215186335091985,-0.005305104700761805,-0.0041581796561284004,-0.003598431318877645,-0.001717815358603999,-0.0010321301375570671,0.003121032512187801,0.0032576613515300115,-0.0009257829895748135,-0.0009268767196015133,-0.0057879655571395185,-0.006660837654875089,-0.004708039660255821,0.0047716958068147325,0.013136523034997467,-0.0017404825440571208,-0.0011037370277066556,0.0026200325829944388
0.041463862516480605,0.014734769579766452,0.008741699811729526,-0.004886547331086332,0.002224401940128911,0.0027294901001937055,0.0064355439208685795,0.007154326842921831,0.00036032428094793785,0.001796333389434406,0.0021237718541312206,0.0053040959007592545,0.03686888181100201,-0.0009653764271135432,-0.023518752807920703,-0.0006819909023946137,-0.0016626206568024797,-0.006143211240528329
0.03193890974020142,0.009402320767919638,0.007622233987968245,0.004979804176035544,0.007860012866424853,0.008966084266180797,0.0016577563705454889,0.003673443128996862,0.0015086978308863717,0.005803359883095472,0.0068138046797293055,0.005417149741065249,-0.031025710572267374,-0.001915079147793328,-0.0057142389699352545,-0.0186126035962581,0.002436567268858102,0.025517696311968527
-0.007854177693090825,-0.0003591979023374253,-0.004606441428526915,0.0007213815531857992,0.0006455153100484127,0.0009444313839152044,0.007281969126458374,0.004334798462011566,0.003989082377414536,0.006433237114584773,0.012727091480262999,-0.001897086369565472,-0.0076312079808191265,0.002444162391658636,0.018221612189142946,0.009128729636431644,-0.0014865004239434797,-0.00864489501489242
0.06627406751435569,0.0227148665541754,0.01744717527784791,0.0033264653606086244,0.0,0.0019338135685137865,0.011428631827525532,0.008520953157581343,0.008120899307681525,0.013531779689733521,0.010000324806234792,0.003075932273322657,0.028157246673897404,0.009305536512114906,0.006869363850654327,-0.022051871777875185,0.007862481373490658,0.05034903009028091
0.02797882615658214,0.008897696914954508,0.0066001085978686065,-0.006436918360820881,0.0006673490150270021,-0.0007075281688130431,0.006157782088328123,0.0035510228531940493,0.0028718001795945106,-0.0032370415424151215,-0.0020755534138832002,0.0003318337358667554,0.02018770214673075,-0.00890907338508305,-0.033375072129818995,-0.003985829048325508,0.0022708608673411785,0.013049020829522563
-0.013052242102706205,-0.0041011157007069315,-0.004140207412755511,-0.0011444149645724946,-0.0031732524106576304,-0.0037750476121620885,0.0029445460108152364,0.004793465815007888,-0.0003000109134737721,-0.005974196323099064,-0.006575729400035767,0.004173733020779225,0.006298423369225802,-0.001045153867988647,0.001043921898892551,0.0015301300409276152,0.0008705065428731936,0.0005818956219404946
-0.02236732140724131,-0.005962935050069028,-0.0024149816599667137,0.0,-0.0018204413322801434,-0.001322853828370009,-0.01714444306313669,-0.0051247887006816645,0.002281573460397114,-0.010624222073235106,-0.017113200892746906,0.00021453420034241277,-0.0003151158621924563,-0.0034343247775918168,-0.008072647859562986,0.005064713216922712,-0.003906690229731694,-0.012662761129703978
0.022123912637083725,0.006095773017324381,0.002021573566197719,3.5534148912180075e-05,0.0011165168598130481,0.001157717460834266,0.006897380312627662,0.004656399552704692,0.0021613545050941656,0.004203720349297658,0.005562533022547343,0.00191986177882027,0.023547211255371476,0.0017807986937515544,-0.012142561595535024,0.004945195422968196,0.0035308521206241453,0.0011286854080448383
-0.0030798623460747947,-0.0044539056293102786,-0.0041481143531970025,0.013490443583654243,0.0029579157791658137,-0.0010064202467475448,0.0,-0.0060259014943222534,0.003670382489467142,0.0007066638645514421,0.0009591966574966709,-0.004917955835771647,-0.031866303351753944,0.0,0.004597152059598026,0.012844749347262565,-0.0023964554016430197,-0.008817959393795677
0.03641963736715552,0.01145943538296299,0.006547868788163502,-0.0031173169240189336,0.0006955336539120121,-0.00020643892224483492,0.006703564735037417,0.006647076957550035,0.001769021352615534,-0.0044432090313876755,-0.003755114168387689,0.0017186809213264756,0.009783153378725588,-0.010734059578444323,-0.037235962675621626,-0.0016964101776710296,0.000630651970431584,0.0006381246203190881
-0.019672996457431896,-0.006692966336986422,-0.0034786090507981887,-0.005112707704439689,-0.004079662079543412,-0.00017521268853767238,0.0044781663792748784,0.004921742489909306,0.00025091633828461246,-0.002243664777998998,0.0013820733052671691,-0.0078660026533058,-0.009185930322167638,0.00041442255090623373,0.007501242115471682,-0.0011092877336917576,-0.0010972520000966555,-0.003607434898382146
-0.012753046834539677,-0.0020725397300591446,-0.003046982050841314,0.0014863682528825067,0.003842056919011037,0.0,0.007297737408732604,0.005460419569378234,0.0028670661484631725,-0.004027802075515025,-0.0015385560300438853,-0.0035361248731582916,0.041280966544545966,0.0050825077253578285,-0.008857810474982915,0.02147889994490868,0.001064433700912631,-0.007448498405885608
-0.02026944853181679,-0.009551137096562303,-0.0064060422402410985,0.006519401240319028,-0.0015161536657217918,0.006945135900550988,-0.023952829793423485,-0.011366239293326466,-0.013069283201661817,0.004925779777458801,-0.0022282227617910337,0.0035435671986196638,-0.026721444423849185,0.0003507489783130502,0.004040473271780981,-0.001982557593634796,-0.012799043349801332,-0.012916587590816458
-0.01099386875975805,-0.005445398615124117,-0.0008865077726824103,0.0,-0.0009438252380288868,0.0012181319338219632,-0.010629216076170789,-0.008263128056830736,-0.003887060028323808,0.01163981558867314,0.009779122421502692,0.007822967462944518,0.01001626515817794,0.0012950242804905532,-0.005223056079048728,0.004444591143625848,-0.0020657965663682777,0.003954949777024637
-0.01124478637350335,-0.003522611242558949,-0.0018571128624429582,0.0016808359260070379,-0.0019535763976632823,0.0016115200403641272,0.006371865922507897,0.004504431230872588,0.00261780315805529,-9.518067291393685e-05,0.0013727774244391326,0.0016096555347195041,0.04022694870014801,0.005789146978392421,-0.01043329235004775,0.015317232283824358,0.0015085941087706835,-0.008685403093431035
-0.01954401411087798,-0.005490624817953912,-0.003512002994622369,-0.006065773550296558,-0.0015000487495682572,0.0003345302727226153,0.004336409232078887,0.0022896218282458846,0.0007432480179523449,-0.003351731695038988,0.00768319039692366,-0.0018907034169502036,0.0030685909269068485,0.00030644638964264913,-0.0005528913127557523,0.0073550217947383175,-0.0018010015973806718,-0.01435488784254968
-0.010980180720349737,-0.002353089359543144,-0.0008810876365029062,0.0012172248321848963,-0.001525039009381847,-0.002887102086134144,0.001990914307670543,0.001022033089803778,-0.0015683545611921276,-0.008106465116689986,-0.0046808678776121115,-0.0013641157690257079,-0.13273917486792566,-0.014249912716613479,0.00616411792821373,-0.014038913289726267,-0.0015058211873395216,0.00525677112142231
-0.014044330438969188,-0.005219085413953233,-0.0018221072495183351,0.007040151553791317,-0.0007618658083795342,-0.0016634699765987438,0.004385674440637726,0.001855353744530578,0.0025899818653117948,-0.007678925647766666,0.0008259606320610196,-0.002081701078353273,-0.007776814894021694,0.0009827218324407817,-0.0023083199677005886,-0.0013616566380237657,-0.0006694557893961798,-0.006283220624432345
0.0063536275998906456,0.006567334804295101,-0.000228111652791434,-0.0006388627931463805,-0.00228525182646333,-0.0029110637597171583,0.003354726685066014,0.0037638614950739144,-0.0002920919206500545,-0.008740398547044472,-0.005157972154474995,0.0023243738763424992,-0.03412615088655942,0.002779740935795632,0.010653793950456915,-0.010221149661609185,0.000384763571571288,-0.00210174089721471
-0.020493603081606835,-0.005595935255419696,-0.005506516918198219,0.00010361110498247324,-0.0019568701260645905,-0.0025122747160267896,0.0013124296856721236,-0.0008425300065169063,0.0010474115139470145,-0.0038206721901011672,-0.011504412179556894,0.0008696350488942111,0.0062572601136224055,0.003719681524318005,0.022254123543570262,0.002072765548319202,0.0008607623422244862,0.0016896213602472527
0.04793266211765938,0.014639559107349194,0.00918068892601687,0.0022291925777121304,-0.0006314178138590509,0.0025502000896398423,0.005445449664403763,0.005420418836165817,0.0032033404345403645,-0.008111871070156432,-0.003282119174171927,0.000507016995584917,0.027807733354013642,0.003635906902459415,-0.006626708092043381,-0.029390033486616042,0.007908602183384711,0.031219633726380064
-0.0170770078501989,-0.004985350177515622,-0.003875700612377418,-0.007575897836513641,-0.003012843593125312,-0.0024786387389023326,0.006598776632094607,0.003819030884892327,-0.0005591230862941606,0.006960746087158677,0.004652883747280164,-0.009498271589189517,0.002023580593860053,-0.0009187713691545454,-0.01111656329986994,-0.002443177583913645,-0.0012411471001831274,-0.006503561785811837
-0.00922831274389349,-0.0014531949945828517,-0.002164349567585732,-0.005786786102542054,-0.0003739207297801356,-0.0017417166616621636,0.003403691615413461,-0.0009322763661420748,0.0007753553428249624,-0.00764677583295614,0.006835521363565759,-0.0005892575337433725,0.012723882624166108,0.0009985270210575666,-0.016851887472794258,0.01021483858997037,-0.0002728851013335711,-0.008636488959380883
0.005749537629433013,0.0015432799247235372,0.0015842060212728408,0.006147636129115426,0.007775040524620228,0.00710696436430529,0.004496388361552165,0.0018599149818846008,-0.0011598924273106077,-0.003840795238585517,-0.0028585496759926097,-0.0027791536738469374,-0.0072565029085196854,-0.0009447265502381723,-0.014899242897444232,-0.0034108514323726697,0.0016588222346148758,-0.0035129650387683868
-0.016351314200814357,-0.008374034706886123,-0.005773410847643301,0.004410366822101307,0.003144680980147323,-0.0010847530833791694,-0.035777285029104974,-0.01760959228436102,-0.001722992499235085,-0.01215909507282122,-0.003304786898025387,-0.005810446359343811,-0.01333333988837404,0.0005512017863259671,0.0038653944213805818,0.009804569785120454,-0.004724943518434331,-0.011306789007060294
-0.012664097232229285,-0.003852839027535165,-0.004327579952900663,0.0070973020076879135,-0.0004201408891665684,-0.0020004385990196856,0.0018414234641445646,-0.002959067025706771,-0.0005836578464755037,-0.0013720222856671224,0.004039836960586704,0.005072886117822301,0.02848745493779194,-0.003192494490659729,-0.00938660599673491,0.018589349984417827,0.003377259724761744,-0.012481593724391535
-0.015112184441986745,-0.003879842959444294,-0.0037002924600399376,-0.001791051758634342,0.0007043979367716555,0.0008899954822641691,0.005354155677750245,0.00018476041052892253,0.002273419217321641,-0.007159948701290739,-0.0009691484953348898,0.0027259630115269253,0.02843136891841231,0.0029179653116480977,-0.01148563509594083,0.011418634584876436,-0.0032209934362630024,-0.008811723388805252
-0.018691392493566623,-0.005621534198003556,-0.0027569137093647472,-0.0063945353114383974,-0.0018661577110785981,-0.0005564154147057993,0.004385138499962326,0.003122374215194892,0.001793785256558845,-0.007109569568182589,-0.0009434223191686135,-0.00574706095367351,0.0034574262937215982,-0.00028144089553877545,0.00634974813359777,0.00299809115771375,-0.0009721256506958152,-0.002359804643551365
-0.020470791225312212,-0.006820629094770837,-0.004280659851853274,-0.000493387288091055,0.01650320580843095,0.012222621924892334,-0.011958261778370158,-0.02015449059487733,-0.000803566926809711,-0.00517100794238188,-0.006232509138251801,-0.002917506537719697,0.011989368406929005,0.0,0.014610027225360723,0.004791676699611451,-0.004712426859397423,-0.008589924929243431
-0.010062934325826,-0.0036680781161537103,-0.0016358152204845842,0.014198651303202064,0.0,-0.0004796378735795393,0.004743717367509731,0.0031511640003053063,0.002954986608143065,-0.001207829503457294,0.00768383745886453,0.006526881537566968,-0.0012180446478037607,-0.005506968622330555,-0.014902358293114629,0.008329834799069232,-0.0024034018431637145,-0.01043481271380236
-0.023965890447132387,-0.007489992805956748,-0.005390047874700209,-0.0042023832556302276,-0.002437023802094071,-0.0017038501760360974,0.0010603815587692106,-0.004550339330732633,-0.0017533203699442855,-0.006828592208003769,-0.004528919045286596,0.0006684459972881163,0.003741757182327747,-0.003923486998426398,0.007459997156899459,0.005733479662532091,-0.005708268219848978,-0.01340959966593172
-0.02881984860659789,-0.011080679523504831,-0.008578857786939321,-0.003415848931127587,0.01030998445374622,0.014901984197250556,-0.017121513391705902,-0.009636399096008719,-0.016700358385416208,-0.009532412977441422,0.005339046936576299,0.002097979629851834,0.00501256390015489,-0.001447975447752746,0.009975111606213767,-0.02024369914834956,-0.014355865654953925,-0.009716894375599028
-0.012951426548344034,-0.0007172011194358574,-0.004066283825483875,-0.003496922459824261,-0.004608528907477941,-0.0016663409693583413,0.0038808046903537783,0.003799619831962445,0.0030052554193748045,0.008521372995017576,0.005917417702476123,-0.004081676887097508,-0.0031181593494683645,-0.00040063101123929414,0.0052036045516674935,0.008188314705593456,-0.001393322960071658,-0.011464415149459012
-0.006943658885576787,-0.005091966927114846,-0.004734125454126624,0.01929453680388584,0.018228918353664754,0.006109670806016979,-0.0011430428802215254,5.495098682244497e-05,-0.014167297201885963,0.006160288011892344,0.0027292084992562773,0.0021449209538647106,0.012678457717702114,0.004888519572937199,0.005369801106049819,0.004210842572721334,-0.0004711730941738373,-0.005024167638746413
-0.022425644407681865,-0.007006211944638579,-0.005247171357646415,-0.007797091434612276,-0.0025813517663656306,-0.0007924829956824993,0.0013018951542257964,0.001437660500509569,0.0,-0.005680075006755279,-0.01982618518365128,0.002572686674490093,0.0009344090730295827,-0.004904672975217849,-0.008478126350470483,0.0009219738454085505,-0.007609065628966946,-0.013180912151884785
-0.021223797982049205,-0.006451278818681798,-0.004543439342772342,-0.010398571380095098,-0.005992397409247995,-0.005337175669951605,0.0029634375890670527,0.002165792590258764,-0.0004075216089102674,-0.004745438787385271,-0.0037118945748603346,-0.009061824420992062,-0.0012497427723488414,-0.006621546320132357,-0.0263996410395534,-0.0044048582875663225,-0.00245897746618818,-0.008907103483216647
0.010365548122947234,0.0033630201242199976,0.0010397218394210006,-0.004057966267310501,0.002965925490796541,0.0057938949493193765,0.0029811134480449285,0.0033253890525349766,0.0,0.0018806988600061727,-0.003927643166353654,-0.0012749608752426497,-0.08495850116310172,0.003743726484875801,0.009888377117952742,-0.010933609596854047,0.0,0.007151970934485691
-0.01218130026454067,-0.003829056016795551,-0.0007862185932098235,0.0030948291703138506,-0.0022898097701731204,0.010794517078333682,-0.0031422638669958546,-0.006235266531461075,0.002977371044882544,0.0011402167904832072,0.001968122394682717,0.006714940843450517,-0.08309256815122278,-0.01332328907298192,0.01231323499421398,0.001600351031667386,-2.7653716522334888e-05,-0.005597791693199988
-0.023232314126243717,-0.009288767691891568,-0.006547749041278445,0.004010846075776515,-0.0030563308771740486,-0.005173892117814478,-0.021245166356938756,-0.013114738969258525,-0.008199920120609095,-0.0034227211153113335,-0.004453892855366107,-0.003955721348456994,-0.06839152282506336,-0.008112715651448579,0.0058152933745413225,0.002208085118126307,-0.00624112078728728,-0.012742037394635752
0.038440284312286285,0.011874325722342424,0.004577146239028264,0.00283759566585981,0.0032145279250737607,0.0067829521404854055,0.006573380414113377,0.008460062296997152,0.0007525724149829587,-0.0019071576374903281,-0.0023194407937938226,0.004327950679475163,0.036155856699674055,-0.002278388728863945,-0.019415187758584463,0.0033996187093644093,0.0008029291267176914,-0.002938247542403502
0.04602924375562999,0.012886308451094468,0.004678972478988218,0.003705214004119807,0.0022652177706047115,0.002675543835856717,0.006797898771239049,0.008623135302065033,0.001075702944384843,-0.0015425198414697851,-0.0009761668465204861,0.0028220457448282516,0.022537329451179956,0.0046360135039966235,0.011328075361582356,0.0024300819693160573,0.0014964373090983654,-0.0014612184306340148
-0.023900532520558605,-0.007413098816392185,-0.005600212336382312,0.003337880070562797,-0.0014221642278719137,-0.000851108343465957,-0.00021136746307126158,0.001128896996940984,-0.0005646884295377933,-0.018019079488444865,-0.019398932383497682,0.004001093593308391,-0.0008783072588672198,0.0016520737186925438,0.011897815641141932,0.0013993918745455873,0.00035659040657525534,0.000990852374033735
-0.009025323834202138,-0.0005395091015720678,-0.0019859512423835582,0.003907070055466738,0.0002962952328287246,0.0008511929743536505,0.005080454894695,-0.0009052921080163675,0.003337589791477185,-0.007836520957894744,0.0034015324435620123,-0.00030857715398421593,0.032416790790028106,0.006970276232161453,-0.012006410817950218,0.01790661130642016,0.004989984279849153,-0.012843121924064484
0.03086869777231564,0.009844797802039538,0.0075213402417255645,-0.006653114026666063,0.0022614432181716506,0.003283355197176126,0.007499336122010921,0.006448325158094856,0.003410374355280514,0.005724776480060802,0.0011234304864168822,0.005065087646846319,0.009922323556608666,-0.00907549216189003,-0.03926856383179898,-0.008055106170605201,0.0021060796719538557,-0.0007644865629716988
-0.01756291422870836,-0.005960139392674049,-0.003405304049228983,0.0018777207400150603,-0.0008453283243406288,0.0009177707803100712,0.005507268647703176,0.0054542056154364225,0.001537854666063899,-0.0048541674914914295,0.01371391178434879,-0.0020297433310028103,0.017221043006250207,-0.003039523569742171,-0.0029027930533128705,0.01000050121660065,-0.0014359726426994323,-0.011885562297601009
-0.022630010492696605,-0.010348166717733634,-0.005590502504116365,-0.0032720622153158277,-0.005286227208459747,-0.0011465847272775565,0.005976824059087561,-0.002720038475732165,0.005047240067629329,0.006566375137577529,0.007098889538685395,-0.001966331473044092,0.006354738020665257,-0.0005094245810829767,0.0065659233510770585,0.0077384600126363945,-0.002813632171618416,-0.014783655724766925
0.011129735101101119,0.0017215992786179842,-0.0006801993234337954,-0.015658542170861392,-0.014945717963259735,-0.013930005954795118,0.004370833805189979,0.00325488284452589,0.00042790152528264194,-0.003611556724764837,-0.009007385785227542,-0.0010628835513497898,0.013194743013607006,-0.010693040130325137,-0.03741281868046734,0.005845154741983045,-0.0028115474001252027,-0.013268782262107842
-0.006152768002924779,-0.0020583598188570005,-0.0030068700277457927,-0.004994746343977211,-0.003552378523678505,-0.0017584208218238075,0.0061460792501791565,0.0038295393494517547,0.0027746448718215444,0.010487089858475605,0.011589747137697969,-0.005560051809476893,0.0007956393444109656,-0.0008151054988352321,-0.009010826073915651,0.006714469867127491,-0.0003155050053981796,-0.010533223122486628
-0.012393895465539656,-0.0012122384885029601,-0.0029687752033415284,-0.0011562224110885262,-0.006392227652723038,-0.001582380248704071,0.0040218302607897835,-0.0006327627228008579,0.0056190065461293,0.00302055719116641,0.005997795923319698,0.0034508490106677442,-0.004509906735546778,0.001742292920791757,0.005259794991232633,0.007688193966135477,-0.002063229259134044,-0.010710452674846865
-0.014770871852833685,-0.002847631016337715,-0.0031403896536058257,-0.0045097458130494514,-0.0022793426943501466,0.0,0.002243486829479621,-0.0036960650090711866,0.0023349850676388107,-0.0011824492865898188,-0.0150408577913959,0.003309933561330785,-0.0015410295460929375,-0.0032202225385411236,-0.01834872578547344,0.002681403764567411,-0.0013273577474902287,-0.021353241460382456
-0.011362108107904913,-8.663145273142022e-05,-0.0016165998747599357,-0.002148158419688531,-0.0030605550300932902,-0.0057487236725253885,-0.003107535431646574,-0.0005303774034346597,0.0034071423218436673,-0.0037513114142644004,0.0077036530141797194,-0.0024167192319679755,-0.0026458317594574665,-0.0003411776752539705,-0.005162770928163625,0.012733680190381317,-0.0021560164333293036,-0.007884045714303057
0.06506502400968034,0.0174686358506473,0.021749015644240213,0.010320654534720685,-0.0014403781328207578,-0.005995455685443571,0.012474963749745101,0.008755497821031959,0.011065934221142455,0.0043191791691123,0.005285830552535372,0.002023513737455697,0.035885289604844134,0.004610050188538866,0.02763468265888209,-0.004606009496605839,0.014112516869182428,0.050635679283019985
-0.01690740879421867,-0.0030972165446317645,-0.004172087589901906,-0.0035028196874424774,0.0005153343767824296,0.0002312788081823611,0.004478475350169579,-0.005231963780370092,0.0023747247859486147,-0.005227777623085562,-0.01645465221326881,0.003794248821814146,0.044595138120490485,0.00515509449441134,-0.008979201085151349,0.02289275514181968,0.0035965685925945356,-0.010137336446662974
-0.014151310380393028,-0.004451548931988242,-0.001255718471019246,-0.0038356874693920772,0.0029714485074183966,0.0017247972461415496,0.005491448084497738,0.0034737980214871503,0.0016644903579519168,-0.0018692236379846995,-0.0010477895041964159,0.00863704477291814,0.00048232108056240036,0.005695558618373562,0.014045383206259846,0.004894006335859783,0.0015319799218639959,0.0024889287139736246
0.017825932247548106,0.004147325751448578,0.002134097094285872,-0.001035587846722157,0.0008846006847288327,0.00325086639849321,0.0059005558352107565,0.005049376116223333,-0.0018176000688072192,-0.004710698918043426,-0.00713445932098248,0.0049303932223491555,-0.006330979986769699,-0.0004348032442447033,-0.0005137915563121477,0.001861133921404159,0.0017583038841181206,-0.0007679994544922755
0.040153352486731846,0.012478272264356556,0.0057859854609285215,-0.0016650604405951746,0.00430522666140515,0.004869106487017803,0.007577686241996571,0.007542338681330878,0.0012594996289795077,0.0025583204602549975,0.0,0.011791601250628675,0.044463740628337765,-0.0017929533111762598,-0.01364301132636778,0.003671780494959548,0.0,-0.0015838809031611667
-0.018998503068533856,-0.006397579948811936,-0.0038747265093315606,0.005336602118282009,-0.0007107444311565095,0.0016162995283176933,0.006597308718892194,0.00026675843892385464,0.002563892085051702,-0.00696558702260374,-0.000774216920473308,-0.004291950034472481,0.01047137703124211,0.003533638006651718,0.02190767693177454,0.004170233549672037,0.000407463626306394,0.0032145626675498685
0.001483908470117127,0.0039431695946925745,0.0006692369092619919,0.02291657222360125,0.018782893338071278,0.004499821947794165,0.006999816777303829,0.004573684315926675,0.005359903895844821,0.012740659556606948,0.012862266295836934,0.009888295190744016,0.01000067912314666,0.011005630013998416,-0.008634341752032048,0.009647063426747439,0.0020734504834434998,-0.007009509570495037
0.02481431026226095,0.006216333171744166,7.23478838282003e-05,-0.006557676464120078,-0.002402641739276443,-0.0015790880531935027,0.0006711782625032995,0.0037627470335412395,-0.0016961568045607135,0.01209102002566118,0.0013862580284851004,0.004644248126984145,-0.11146795689416963,-0.004632119287205622,0.011575244533278236,-0.018245540783194826,0.0006856253869248824,0.014294189277847619
0.05321122112554846,0.013961979913117512,0.012828359610721837,-0.005083115130344999,0.004212562979396281,0.0035557501431121466,0.0060372393590203376,0.006015838166907994,0.00486643028714234,0.009252743828170755,0.0026608457146067932,0.008872428001906553,-0.008705922312340231,0.010114701952380421,0.007691072892101878,-0.01815197032414308,0.00804718069304995,0.03298091148276011
-0.01539057442192461,-0.004438762165254838,-0.004547274447473446,0.0035275729965325493,-0.0010915550279937917,-0.002000368479595984,-0.004521569204048896,-0.013395486368896297,-0.004232039832502671,-0.0046100457878797746,-0.006291590726947346,0.002766068043349773,-0.07905319970557079,-0.0018585101855707106,0.007057974665621389,0.010149840370582816,-0.0014877505024380679,-0.009728771588355015
0.0361779975990305,0.011474506185067838,0.007392965175182032,-0.006756859627106376,0.001132708433642917,-0.0019505730509821128,0.005884186601307586,0.006564445918354929,0.0012960924945291075,-0.0008559283646973666,-0.0037144254336004216,0.0029968823378129046,0.03293277464973124,-0.007543846363012062,-0.025239235758647467,-0.0005858122664065674,-0.002217328603079547,-0.005259733832558108
-0.01665266163518155,-0.0054969096596377874,-0.003001494827333426,-0.0016180235382540142,0.0010739381313748,0.0047782259604044865,0.001716389608632651,-0.0008493651836948292,0.0022695137824839794,0.0014747958179908995,0.002239572024408753,-0.0015832079377696563,0.021495658749443466,0.003635945359541056,-0.013147970449265032,0.010730782478242528,-0.03306517398062453,-0.02204950917492831
-0.006121263246397296,-0.003558996687918421,-0.005152896015685542,0.013688259351993966,0.002942234487544519,-0.0014098613228188859,-0.004807574306237882,-0.010509669256390592,-0.01214106381379694,0.0006415991636872569,0.0006367630152100992,0.004955159024435007,-0.026948010340734616,0.00039778955504744904,0.006209893803712084,0.01235771908121359,-0.0012693363827187432,-0.008952824694697326
-0.013675401672414439,-0.0007728868248662319,-0.0009955354267673392,0.0009258267148654045,0.0004301370828064615,0.0019296758674125628,0.007401754886271343,0.0056353780538335885,0.002506144167909391,-0.0058747154397604485,-0.003674644123235979,0.0012490104355187773,0.05320320452374678,0.0063764550618277205,-0.01063070886115766,0.022467388017529972,0.0034887290976350132,-0.009090545675013328
-0.03540965469535781,-0.015641871249674345,-0.011827979146345766,-0.002939297150554562,-0.005410597561241056,-0.0057098956242174785,-0.032542177099984436,-0.0196851632927715,-0.02601466332726412,0.005830398216980198,-0.006071939151204533,0.00065682385876511,0.00343626144641309,-0.005339950219281707,-0.0023898865632009975,-0.010805790605125598,-0.01675521650930615,-0.01186623538251283
-0.01877743853174514,-0.008241421080432602,-0.004321994506232012,-0.004830657042900463,0.010166797382487982,0.009652040037376092,-0.026601677437666164,-0.013122477112280637,-0.011614627560519933,-0.0010178740753105711,-0.006201871957367677,0.009752989146419793,-0.056161879861313865,-0.003059741938016813,0.0003689661267920761,0.006628728886565132,-0.007467439196214245,-0.0077750696235867195
-0.020704734510055937,-0.006956126637605695,-0.002517846173498931,-0.004901514311838881,-0.0016050836971418718,0.0010655617908173847,0.004748532542852934,0.0028397583556695276,0.0019027871403051314,-0.006193434756987818,-0.0027579541497535207,-0.0020474684858586916,0.005642389847710025,-0.004184584009563882,0.004130713451373397,0.006650693178763682,-0.0016984239912035749,-0.0011547635030799697
0.0389864630967499,0.011973590997440327,0.009236547349383487,-0.001003048773618161,-0.002338147761914414,0.0,0.00987803101190126,0.008661733275794926,0.005079500800286434,0.0015968291874879346,0.0019835462600129787,0.0,0.04652165571733888,-0.00486447445517582,-0.02764253480891928,0.0010211217076883515,-0.0004976598083920904,-0.0025797720790311784
-0.012713139158334132,-0.002784591293916057,-0.0028454986407628613,-0.006337631516289902,-0.00468715288975416,-0.0011431965718440328,0.003352043689276653,-0.0006451982113924235,-0.0024841675901501837,0.0014475845098791454,0.0023872847872693967,0.0047665057424947956,-0.011102529622333716,0.0017728924822969377,0.017376074710266372,0.007623424625730513,-0.00035834635137158314,-0.003471552652264235
-0.008358254200127408,-2.5805714386045614e-05,-0.0008757509147808513,0.01580638047603575,0.004259812860112154,0.0007808821798615037,0.0058780495860574575,0.0008528795745543874,0.002727765096268441,0.0014616546724686452,0.0077481346731598675,-0.005756502791058973,0.008976348622430115,0.0050580669479088165,0.006710025515808044,0.006753978899036898,0.0,-0.009226226777900498
-0.01724231288162625,-0.005670552270776812,-0.004176800993391845,-0.0002346176766029101,-0.0013334029693353945,-0.001972840522816723,-0.001959504055358726,-0.00031739072361886824,7.132549286174744e-05,-0.004743740027746504,-0.0036055328166342657,0.0016222481006795749,-0.12471576748595639,-0.023125777590184696,0.015232192801110269,-0.006765266400537189,-0.0019134759521703187,0.0005130439255850439
-0.019397170587037788,-0.00861633350902158,-0.0070643331495868975,-0.003380000313657675,-0.004765811519261062,-0.0017417619507747444,0.0016359363943927161,0.0,-0.0002854977380995457,-0.000716416113368909,-0.0014970148139025127,-0.0026980661194839664,0.0036780292979247584,-0.0005028135558396047,0.007266419071305885,0.002688658459975191,-0.0031844139317170413,-0.013618633601923363
-0.009313329364926036,-0.0008695850395866597,-0.0032082102399743307,0.0045419189412482025,0.008269202046970335,0.004281441276584705,0.005192118281165706,0.0,-0.009434730492303544,0.0006332751030873687,8.562509384428484e-05,-0.0038286692870296173,0.033913251676821056,0.006433832427456923,-0.0036731605704057022,0.017627065585176977,0.003142368921912065,-0.011028603061746578
-0.005814283564111336,0.0035058590679981506,0.0,0.01836540358508561,0.01868023884972284,0.007337036577778967,0.006105142149031892,0.0006957353981860424,0.008997943529363913,0.0008120292230594402,0.010466199957039289,0.008929510220624963,0.015415330096935268,0.00983550870157358,0.002327320520571374,0.009761511897963352,4.1541044493365204e-05,-0.006923259263969167
-0.013480494917202787,-0.0032561793798808083,-0.0021356989413799446,0.0003118750016288803,6.580474386617777e-05,0.001634701177413552,-0.00771702947425323,-0.002452544552531888,0.0017754181958451085,-0.005101136986512144,-0.007688292599473752,0.0027051081900145227,0.040662423552574004,0.004638075320801745,-0.011534187710021043,0.021308329548916507,0.004373785881799852,-0.009192730279928625
-0.011548451822114282,-0.0014396895111997157,-0.004605522714153753,-0.001897731009056615,-0.003323135438563604,0.0006852067062867376,0.006426211202408357,-0.001447124204118679,0.0033599687802832157,0.0005283589977659684,0.0011743989282251364,-0.0018140198576233788,3.052935363090752e-05,0.0032643141355949037,0.020049839683536477,0.011775432175927051,-0.002390950184145253,-0.004738294375857415
-0.00895312422425705,-0.00409450617291859,-0.002529307645628807,0.007010288481018685,0.009984919307742673,0.001480029216819987,0.0027176069961187183,-0.005485214718733038,-0.0010223696445833244,0.005740808988915926,-0.01222606869144167,0.0054397547986678365,-0.0066322773459711,0.0038195445184334687,0.006005439172975205,0.010464070002087609,0.0,-0.011336703157023793
-0.03047863746003891,-0.011438096103840351,-0.010178528111740512,-0.0016942356345944186,-0.0027547194648811675,-0.004026817162990165,-0.04051141097501795,-0.018012411199295492,-0.01398905532359212,-0.006212470002958059,-0.006412383296981216,-0.008510365512986316,0.0007939620963049196,8.078779549959141e-05,0.007670645035519323,-0.008817446678223087,-0.024494526816089806,-0.016893385606276207
-0.014166483567220872,-0.004168736577140049,-0.004667781825967661,-0.0027542965080088323,-0.006327924960374351,-0.005036787172122818,0.006547900941500069,-6.390377059332758e-05,0.0036438178137267246,-0.004660722230963798,-0.0031838264247225126,0.006578435165910871,-0.007300437957197859,0.002026642790400937,0.01741297387890922,0.0024471235295964303,-0.0010679589443555076,-0.004079552775137241
0.05601100726808606,0.017455747963045373,0.012953841207861862,0.00851338677201877,0.0011939872115144916,-0.0019598433869017456,0.007071821970752697,0.008998017535105207,0.006443853508174376,0.003718443981631944,0.00045462821324121434,0.0019496472511662765,0.042251079833386745,-0.0038918984464602047,-0.006075954686084326,-0.016662229023089937,0.008404691269361511,0.03564568087804737
-0.016761790307763605,-0.002034033425913832,-0.004154901089035856,-0.006660531214125412,-0.00543846106549321,-0.004358958823623583,0.0030891028797844374,-0.003730606004101168,-0.001223170751392591,-0.0033451518828668124,0.0006827339272180262,-0.006622129536073874,0.0032265857157797277,-0.0001516779149784954,0.005611508499429487,0.010663254292624892,-0.0015959235207055828,-0.010970299315781314
-0.017417108609322014,-0.005539014842343254,-0.003425745455941029,0.010677061206145519,0.0005357944167364479,0.0018229750122277042,0.005632129685381522,0.0032020941479409975,0.000965133429525526,-0.003240663931864041,0.006901861608401516,-0.004091661392452824,0.0269774258487169,-0.002506470209113939,-0.0024235396980697385,0.010111740742856923,-0.0010092352296336776,-0.010390736185895578
0.05040757974476,0.016713124892639087,0.01220635919523069,0.005964333366664936,0.0,0.000788245973365699,0.005716737726925451,0.00768882065829014,0.004736194189873068,-0.007686583910129351,0.00858243793989751,0.004932999841047023,0.0,0.015981917536073236,0.02355133646125845,-0.0087050566021259,0.012468792813897478,0.0430702450418915
-0.02474571981646089,-0.010088222832583834,-0.007526077664082458,0.012609608334864394,-0.004064247532922872,-0.0016560331700116626,-0.02662182821910209,-0.01113875273541472,-0.014980595271265506,0.01353367689935265,0.0020814243402020433,0.0032185249204996313,0.005736562127456967,-0.0010754015552330216,-0.008371410573835811,-0.014221140337170228,-0.01616363587678973,-0.012914966472774222
-0.007623461156262725,0.0,-0.0026325262888404134,0.0035168571849729237,0.007030612523793336,0.0030359161824020805,-0.0017509690397696264,-0.0005625300719927976,0.0,-0.004136665046982345,-0.0007423686538783705,0.0019730761438923675,0.03838261634761414,0.007837664101446054,-0.005878208657790071,0.02016625911989569,0.004858285839781803,-0.010249020438844847
-0.014280709552943688,-0.0015751663970599548,-0.0034032842828843972,-0.0021712782797784864,-0.0014512472899314854,0.0013744782177546701,0.0056566318866027995,-0.0033938161300266275,0.00036292580546632076,-0.0027614008481864783,0.0008967645596370239,-0.004380813999307165,0.006234980148294711,-0.0034495257321882217,-0.0016928101081600487,0.011989112448278525,-0.002152879032720152,-0.012401323899062261
0.053507017907099566,0.01847206697693103,0.011901189546167212,0.0,0.0,0.001074442924264065,0.009432872917808742,0.008296983657960324,0.005708571952636588,0.004838871373352572,0.00955888658129307,0.0007803188617998778,0.02096822613851308,-0.004785086653824026,-0.021671006400825314,-0.016601854708352168,0.009292790875696257,0.033881749675780407
0.045102132019095464,0.013903631545359951,0.0071474596271155445,0.00849733839884068,-0.006281129895257882,-0.005329224687395608,0.00831505905854934,0.00655898982507668,0.004144244215258141,-0.0051577697299516586,-0.00864451370427154,-0.003271754743224734,0.03549399241969199,0.003948842390048145,0.021453518268524797,-0.002051982302271569,0.0034582096898594767,0.025259395418170738
-0.007222671589582764,7.501195510678258e-05,-0.002495734185795326,0.002380535850641918,0.0019905154725430394,0.0019063816011109073,0.007014744463408861,0.0008181669662874046,0.004694577075304241,0.0,0.0014800496886235755,-0.0016915343865158625,0.033554128527406336,0.0061123626681068586,-0.007289981556268248,0.01963171842676048,0.005005149060891797,-0.009847910055565276
0.01586201144364038,0.007245229212393941,0.006994133451671333,-0.00419177340021391,0.005530846214231378,0.007588933327374986,0.003966313167620513,0.0032676468439817924,0.004011801000823269,0.01778140503676184,-0.006646395544764719,-0.0041683320785211855,-0.0703611061482952,-0.00028598360119143877,-0.004219599121960363,-0.015342621445264968,0.0028881961575755568,0.013071745530562066
0.03184885393904633,0.01057265600667667,0.004152306084910505,-0.0008327581294493984,-0.0014679564531812446,0.0006624060984670807,0.004607000614874967,0.006718905145234886,0.0019569974095248717,0.0009556034537511043,-0.0020714603358840547,-1.1685740135846617e-05,0.045694933349159327,-0.004380251545310847,-0.020781994384104385,0.0021044329261921584,-0.0028488476859008546,-0.006797335400301599
-0.0016639742982554678,-0.0016260804986760059,-0.0012572284259648695,0.024541020511533933,0.01856651227854093,0.006543550548194352,0.008123607029706017,0.0041727806109201696,0.003898629673404207,0.012919634946413494,0.008005676708127575,-0.0016247291422292205,0.017791917456547394,0.005036435610207926,-0.012747611842473042,0.007733553864694396,0.0028530539040799658,-0.004530156691317219
-0.016898906537987063,-0.006278969459454276,-0.0016792727003736008,0.00324298286185031,0.006111701087888229,0.0043657975718823395,-0.007060962538381018,-0.004432852385931912,-0.0005743222717095381,-0.0009488084108839937,0.0031439369150207037,-0.0008717750999032265,0.02290519302875726,-0.0022484001032561825,-0.000724674528307495,0.020637903659886284,0.0015271360735092372,-0.012740114737238677
0.007536974099433414,0.0072566026951462505,0.003661546647443481,0.0002712879583446125,0.0018293305923597237,0.000902331437331384,0.0019756458831098156,0.0023817731989523062,5.72026813910226e-05,-0.006272377269710985,-0.008280877856772843,0.005074667289904358,-0.033535356759599656,0.0034266821808326075,0.013035593911853173,-0.004263401654107243,0.0017242662935710732,0.009210730878368571
-0.010717254539592977,-0.0003278955907771834,-0.0030946165108202304,-0.003935138381168637,-0.0021146792848985006,-0.0010793449203693102,0.005845782033549628,0.004019444651286003,0.002688498966090842,0.012112334416329163,0.010946182633657923,-0.0013197639990250405,0.012523126810973461,-0.00149744606778697,0.001249583750859485,0.010884163201021755,0.0,-0.008637213475797066
0.05672208624923849,0.017331520276618113,0.014850052013554185,0.002302871110570808,0.0003587150254159306,0.0,0.007141582669442531,0.007650490641706539,0.0077751803788205,0.009775572741156792,0.009612544023051221,0.0003006402671376217,0.010894935641685588,0.0029494538029398586,0.006692376885261932,-0.023706133587050687,0.007927610852442625,0.043188026435539095
-0.010379282376885356,-0.0016237536736949077,-0.0020308985854519106,-0.008146808749922647,-0.0019119861242114418,-0.0020706394578004755,0.005190503287197776,-0.0017986683285470305,0.0023182900594470803,0.008558640540273693,-0.0021613750030844508,-0.0064565216078485465,-0.0008265353799957593,-0.006385125797486509,-0.017559904240833722,0.007170972025978059,-0.0005229069269857882,-0.017514940764799078
0.03203694395664572,0.010912397036594869,0.003601534452847332,-0.0024565701193061725,0.0033004559545282584,0.0017516727977043155,0.005313857486853728,0.007437955124364201,0.001003150076165047,-0.001220051967576784,-0.0016281265975697835,0.0027551201452689785,0.046760941282148874,-0.0014147285334735736,-0.01626560659116493,0.007356665764971911,-0.0030056317244066015,-0.006202661647903687
0.0514988420141979,0.016261007624443175,0.014139413992413103,0.0009259288647962453,-0.0030283124237358836,-0.0004732753642576832,0.00535934279581095,0.005895113729128794,0.003241591687909837,0.006707465161883745,0.005699388477714246,0.0005655943924398479,-0.006348430437457823,0.007216945449248681,0.015773437692674298,-0.0229514127870143,0.005540970441622686,0.03858416315833668
0.04722990174774005,0.015423593296795325,0.016510863194129775,-0.00456919893470875,0.0009792455696701293,-0.0012176794011299538,0.005996982702612812,0.0060124119303448945,0.00336162369082737,0.010204194611348154,0.0067016135145120045,0.005228512882876586,-0.010437179393693805,0.0013328738167578819,0.010333242290554868,-0.016723321996106575,0.010133214077341418,0.03663512354849058
-0.008114108094074512,-0.0005327440470702877,-0.0027312400572529656,-0.0033595078754039285,-0.00045297873384787725,-0.0003641885174131528,0.007440674073590748,-0.00028250851448599076,0.004327143096108023,-0.0022691590580529728,0.0044868243271548175,0.0034560121141475435,-0.01173139988507892,0.003157811680354465,0.008010843910904902,0.0032319637238034356,-0.0002220778081581342,-0.009150367944355317
0.05782341068061321,0.022038590978931166,0.015015687472174149,-0.001489623135359848,0.0008683021131687873,0.0026008727304714053,0.008879100842716953,0.008074020928803303,0.006327581107389766,0.008633863210570792,0.010004710137787205,0.004572544307877763,0.021890849693943355,-0.002521565005527301,-0.018367828786129744,-0.013891744945706596,0.008139677163262665,0.029195345797451533
0.047516208121350115,0.012785630722794527,0.015023642932168197,0.0002213404800290712,0.0063816904834165114,0.005375947162876474,0.005253325377785069,0.0048033802240055375,0.003960969931180559,-0.010159579831885599,0.007639830883913608,0.008673384160476416,-0.00787468329177167,0.013585289105277698,0.015117797543919587,-0.011300059372800977,0.011363435971317937,0.030307805756616152
-0.013738509363048206,-0.004806286764477133,-0.0019221109172944857,-0.00551093171299973,-0.0010823960869874194,-0.0037011615709750412,0.004468289281686564,-0.00016137618508087038,0.0024832866905981107,-0.0020533976671753564,0.0027894884844721635,-0.0025346641666660445,-0.002819648929279409,-0.00422871519283366,-0.010523903422958355,0.004442079973786849,-0.0033683149306121714,-0.013635519137951163
-0.013867131930088776,-0.004473375036460566,-0.0023957202263905648,-0.0028081101791971974,-0.0013828712106391272,0.0019083610736107595,0.005027625956039475,0.005575483848425618,0.0015055748110817592,-0.004876606219501758,0.010265957831392359,-0.0049667103939576105,0.02494951344301564,0.0025514348641608787,-0.009965094210145535,0.010559108575998987,-0.0013670603790304112,-0.008399990667420115
-0.019358693699976396,-0.006226970738311374,-0.004578142942917157,-0.003930679541110498,0.002333467204291948,0.0,0.0036972027196204207,0.0017773653129050983,0.00019791636510005898,-0.007305293958810162,-4.795940352518498e-05,-0.004442032355645741,0.0016071514772475412,0.005497385981441507,0.013103993910296022,0.002608898463731764,1.5015564616276951e-05,-0.00027995996710115587
-0.004369593615662167,0.002493245493172805,-0.0020452136554274148,0.006489282410671068,-0.0005617922520989887,0.0023566116709821754,0.009125720052903352,0.005331850449710095,0.0028450419329382882,0.004989611715374421,0.01022192748875869,-0.0010147354115526597,-0.015161478432107914,0.0014377816381897699,0.01896088821982985,0.0019048146935996104,-0.0004167732970515239,0.0013638086199652885
-0.00896279430001644,-0.002759437854859451,-0.0036169951045932273,-0.00013457211875068549,0.0,-0.008081766234503593,0.0014530349653856687,0.0017417830504385195,-0.0019151930045331,-0.005385341495916026,-0.0009209053628689876,-0.006432014296239708,-0.11327822753365258,-0.006686701890456585,0.0022633279825994336,-0.011489545002148192,-0.0019870190760063974,-0.0011525043383274203
-0.0016973664403959372,-0.0012075119300283081,-0.0038783005896942443,-0.0010827278936184621,0.0022217390476787302,0.0035633080610549812,0.007331047022892284,0.0001832672585687644,-0.014821723124722979,0.002103729406081797,-0.0031646298771200194,-0.0023747727673054902,-0.03873279141234085,-7.819708742306594e-05,0.017917397442773562,0.00046778030641991337,0.0010628380545376162,0.003776526358019165
